{"0":{"0":{"frames":[{"frame":{"h":115,"w":56,"x":119,"y":1},"rotated":false,"sx":75,"sy":46},{"frame":{"h":115,"w":56,"x":177,"y":1},"rotated":false,"sx":75,"sy":46},{"frame":{"h":115,"w":56,"x":235,"y":1},"rotated":false,"sx":75,"sy":46},{"frame":{"h":115,"w":56,"x":293,"y":1},"rotated":false,"sx":75,"sy":46},{"frame":{"h":115,"w":57,"x":1,"y":119},"rotated":false,"sx":75,"sy":46},{"frame":{"h":115,"w":57,"x":60,"y":1},"rotated":false,"sx":75,"sy":46},{"frame":{"h":116,"w":57,"x":1,"y":1},"rotated":false,"sx":75,"sy":45},{"frame":{"h":116,"w":56,"x":60,"y":118},"rotated":false,"sx":75,"sy":45},{"frame":{"h":116,"w":56,"x":118,"y":118},"rotated":false,"sx":75,"sy":45},{"frame":{"h":116,"w":56,"x":176,"y":118},"rotated":false,"sx":75,"sy":45},{"frame":{"h":116,"w":56,"x":234,"y":118},"rotated":false,"sx":75,"sy":45},{"frame":{"h":116,"w":56,"x":292,"y":118},"rotated":false,"sx":75,"sy":45}]},"1":{"frames":[{"frame":{"h":114,"w":52,"x":379,"y":1},"rotated":false,"sx":76,"sy":48},{"frame":{"h":113,"w":52,"x":596,"y":1},"rotated":false,"sx":76,"sy":49},{"frame":{"h":113,"w":53,"x":486,"y":1},"rotated":false,"sx":76,"sy":49},{"frame":{"h":113,"w":53,"x":541,"y":1},"rotated":false,"sx":76,"sy":49},{"frame":{"h":114,"w":53,"x":214,"y":1},"rotated":false,"sx":77,"sy":49},{"frame":{"h":114,"w":53,"x":269,"y":1},"rotated":false,"sx":77,"sy":49},{"frame":{"h":114,"w":53,"x":324,"y":1},"rotated":false,"sx":77,"sy":49},{"frame":{"h":115,"w":51,"x":55,"y":1},"rotated":false,"sx":78,"sy":48},{"frame":{"h":115,"w":51,"x":108,"y":1},"rotated":false,"sx":78,"sy":48},{"frame":{"h":115,"w":52,"x":1,"y":1},"rotated":false,"sx":77,"sy":48},{"frame":{"h":115,"w":51,"x":161,"y":1},"rotated":false,"sx":77,"sy":48},{"frame":{"h":114,"w":51,"x":433,"y":1},"rotated":false,"sx":77,"sy":48}]},"2":{"frames":[{"frame":{"h":115,"w":52,"x":166,"y":1},"rotated":false,"sx":76,"sy":49},{"frame":{"h":115,"w":53,"x":1,"y":1},"rotated":false,"sx":75,"sy":49},{"frame":{"h":115,"w":53,"x":56,"y":1},"rotated":false,"sx":75,"sy":49},{"frame":{"h":115,"w":52,"x":220,"y":1},"rotated":false,"sx":76,"sy":49},{"frame":{"h":115,"w":53,"x":111,"y":1},"rotated":false,"sx":76,"sy":49},{"frame":{"h":115,"w":52,"x":274,"y":1},"rotated":false,"sx":77,"sy":49},{"frame":{"h":115,"w":52,"x":328,"y":1},"rotated":false,"sx":77,"sy":49},{"frame":{"h":115,"w":52,"x":382,"y":1},"rotated":false,"sx":77,"sy":49},{"frame":{"h":115,"w":52,"x":436,"y":1},"rotated":false,"sx":77,"sy":49},{"frame":{"h":115,"w":52,"x":490,"y":1},"rotated":false,"sx":77,"sy":49},{"frame":{"h":115,"w":51,"x":598,"y":1},"rotated":false,"sx":77,"sy":49},{"frame":{"h":115,"w":52,"x":544,"y":1},"rotated":false,"sx":76,"sy":49}]},"3":{"frames":[{"frame":{"h":115,"w":57,"x":1,"y":1},"rotated":false,"sx":72,"sy":49},{"frame":{"h":115,"w":56,"x":178,"y":1},"rotated":false,"sx":72,"sy":49},{"frame":{"h":115,"w":56,"x":236,"y":1},"rotated":false,"sx":72,"sy":49},{"frame":{"h":115,"w":56,"x":294,"y":1},"rotated":false,"sx":72,"sy":49},{"frame":{"h":115,"w":57,"x":60,"y":1},"rotated":false,"sx":72,"sy":49},{"frame":{"h":114,"w":57,"x":526,"y":1},"rotated":false,"sx":72,"sy":50},{"frame":{"h":114,"w":56,"x":585,"y":1},"rotated":false,"sx":73,"sy":50},{"frame":{"h":114,"w":56,"x":643,"y":1},"rotated":false,"sx":73,"sy":50},{"frame":{"h":115,"w":56,"x":352,"y":1},"rotated":false,"sx":73,"sy":49},{"frame":{"h":115,"w":56,"x":410,"y":1},"rotated":false,"sx":73,"sy":49},{"frame":{"h":115,"w":56,"x":468,"y":1},"rotated":false,"sx":73,"sy":49},{"frame":{"h":115,"w":57,"x":119,"y":1},"rotated":false,"sx":72,"sy":49}]},"7":{"frames":[{"frame":{"h":115,"w":57,"x":1,"y":1},"rotated":false,"sx":76,"sy":46},{"frame":{"h":114,"w":56,"x":527,"y":1},"rotated":false,"sx":77,"sy":47},{"frame":{"h":114,"w":56,"x":585,"y":1},"rotated":false,"sx":77,"sy":47},{"frame":{"h":114,"w":56,"x":643,"y":1},"rotated":false,"sx":77,"sy":47},{"frame":{"h":114,"w":57,"x":468,"y":1},"rotated":false,"sx":76,"sy":47},{"frame":{"h":115,"w":57,"x":60,"y":1},"rotated":false,"sx":76,"sy":46},{"frame":{"h":115,"w":56,"x":178,"y":1},"rotated":false,"sx":76,"sy":46},{"frame":{"h":115,"w":56,"x":236,"y":1},"rotated":false,"sx":76,"sy":46},{"frame":{"h":115,"w":56,"x":294,"y":1},"rotated":false,"sx":76,"sy":46},{"frame":{"h":115,"w":56,"x":352,"y":1},"rotated":false,"sx":76,"sy":46},{"frame":{"h":115,"w":56,"x":410,"y":1},"rotated":false,"sx":76,"sy":46},{"frame":{"h":115,"w":57,"x":119,"y":1},"rotated":false,"sx":76,"sy":46}]},"sh":205,"sw":205},"1":{"0":{"frames":[{"frame":{"h":117,"w":56,"x":1,"y":245},"rotated":false,"sx":76,"sy":46},{"frame":{"h":115,"w":56,"x":1,"y":720},"rotated":false,"sx":76,"sy":46},{"frame":{"h":116,"w":56,"x":1,"y":602},"rotated":false,"sx":76,"sy":45},{"frame":{"h":117,"w":56,"x":1,"y":364},"rotated":false,"sx":76,"sy":46},{"frame":{"h":119,"w":56,"x":1,"y":124},"rotated":false,"sx":76,"sy":46},{"frame":{"h":121,"w":55,"x":1,"y":837},"rotated":false,"sx":75,"sy":45},{"frame":{"h":121,"w":56,"x":1,"y":1},"rotated":false,"sx":74,"sy":44},{"frame":{"h":117,"w":56,"x":1,"y":483},"rotated":false,"sx":74,"sy":44},{"frame":{"h":116,"w":55,"x":1,"y":960},"rotated":false,"sx":75,"sy":45},{"frame":{"h":115,"w":55,"x":1,"y":1078},"rotated":false,"sx":76,"sy":46}]},"1":{"frames":[{"frame":{"h":111,"w":56,"x":1,"y":120},"rotated":false,"sx":76,"sy":49},{"frame":{"h":112,"w":52,"x":227,"y":115},"rotated":false,"sx":79,"sy":49},{"frame":{"h":113,"w":52,"x":116,"y":117},"rotated":false,"sx":79,"sy":48},{"frame":{"h":112,"w":55,"x":225,"y":1},"rotated":false,"sx":77,"sy":49},{"frame":{"h":112,"w":56,"x":167,"y":1},"rotated":false,"sx":76,"sy":49},{"frame":{"h":114,"w":56,"x":109,"y":1},"rotated":false,"sx":76,"sy":48},{"frame":{"h":115,"w":52,"x":55,"y":1},"rotated":false,"sx":79,"sy":47},{"frame":{"h":117,"w":52,"x":1,"y":1},"rotated":false,"sx":79,"sy":46},{"frame":{"h":113,"w":55,"x":59,"y":118},"rotated":false,"sx":77,"sy":47},{"frame":{"h":112,"w":55,"x":170,"y":115},"rotated":false,"sx":77,"sy":49}]},"2":{"frames":[{"frame":{"h":114,"w":57,"x":1,"y":1},"rotated":false,"sx":76,"sy":50},{"frame":{"h":113,"w":57,"x":1,"y":117},"rotated":false,"sx":75,"sy":49},{"frame":{"h":113,"w":54,"x":57,"y":354},"rotated":false,"sx":78,"sy":49},{"frame":{"h":114,"w":54,"x":1,"y":350},"rotated":false,"sx":79,"sy":50},{"frame":{"h":114,"w":53,"x":60,"y":119},"rotated":false,"sx":80,"sy":50},{"frame":{"h":114,"w":54,"x":1,"y":466},"rotated":false,"sx":80,"sy":49},{"frame":{"h":113,"w":53,"x":57,"y":469},"rotated":false,"sx":81,"sy":48},{"frame":{"h":116,"w":53,"x":60,"y":1},"rotated":false,"sx":81,"sy":48},{"frame":{"h":117,"w":54,"x":59,"y":235},"rotated":false,"sx":80,"sy":49},{"frame":{"h":116,"w":56,"x":1,"y":232},"rotated":false,"sx":78,"sy":50}]},"3":{"frames":[{"frame":{"h":115,"w":56,"x":60,"y":240},"rotated":false,"sx":75,"sy":51},{"frame":{"h":113,"w":56,"x":1,"y":359},"rotated":false,"sx":74,"sy":50},{"frame":{"h":115,"w":56,"x":60,"y":357},"rotated":false,"sx":74,"sy":50},{"frame":{"h":118,"w":57,"x":1,"y":1},"rotated":false,"sx":74,"sy":51},{"frame":{"h":118,"w":56,"x":60,"y":1},"rotated":false,"sx":76,"sy":51},{"frame":{"h":116,"w":57,"x":1,"y":241},"rotated":false,"sx":76,"sy":51},{"frame":{"h":114,"w":56,"x":1,"y":474},"rotated":false,"sx":77,"sy":50},{"frame":{"h":114,"w":56,"x":59,"y":474},"rotated":false,"sx":77,"sy":49},{"frame":{"h":118,"w":57,"x":1,"y":121},"rotated":false,"sx":76,"sy":50},{"frame":{"h":117,"w":56,"x":60,"y":121},"rotated":false,"sx":76,"sy":51}]},"7":{"frames":[{"frame":{"h":120,"w":56,"x":1,"y":720},"rotated":false,"sx":74,"sy":46},{"frame":{"h":118,"w":56,"x":1,"y":964},"rotated":false,"sx":75,"sy":46},{"frame":{"h":117,"w":57,"x":1,"y":484},"rotated":false,"sx":74,"sy":45},{"frame":{"h":118,"w":57,"x":1,"y":124},"rotated":false,"sx":74,"sy":46},{"frame":{"h":118,"w":57,"x":1,"y":244},"rotated":false,"sx":73,"sy":47},{"frame":{"h":121,"w":57,"x":1,"y":1},"rotated":false,"sx":72,"sy":46},{"frame":{"h":120,"w":56,"x":1,"y":842},"rotated":false,"sx":72,"sy":45},{"frame":{"h":115,"w":57,"x":1,"y":603},"rotated":false,"sx":71,"sy":45},{"frame":{"h":118,"w":57,"x":1,"y":364},"rotated":false,"sx":72,"sy":45},{"frame":{"h":118,"w":56,"x":1,"y":1084},"rotated":false,"sx":73,"sy":46}]},"sh":205,"sw":205}}