{"0":{"0":{"frames":[{"frame":{"h":115,"w":42,"x":186,"y":119},"rotated":false,"sx":80,"sy":46},{"frame":{"h":115,"w":44,"x":94,"y":118},"rotated":false,"sx":79,"sy":46},{"frame":{"h":115,"w":44,"x":95,"y":1},"rotated":false,"sx":79,"sy":46},{"frame":{"h":115,"w":45,"x":1,"y":1},"rotated":false,"sx":79,"sy":46},{"frame":{"h":115,"w":45,"x":1,"y":118},"rotated":false,"sx":79,"sy":46},{"frame":{"h":115,"w":45,"x":48,"y":1},"rotated":false,"sx":79,"sy":46},{"frame":{"h":115,"w":44,"x":140,"y":118},"rotated":false,"sx":80,"sy":46},{"frame":{"h":116,"w":44,"x":48,"y":118},"rotated":false,"sx":80,"sy":45},{"frame":{"h":116,"w":43,"x":186,"y":1},"rotated":false,"sx":80,"sy":45},{"frame":{"h":115,"w":43,"x":141,"y":1},"rotated":false,"sx":80,"sy":46},{"frame":{"h":115,"w":41,"x":230,"y":119},"rotated":false,"sx":81,"sy":46},{"frame":{"h":115,"w":40,"x":231,"y":1},"rotated":false,"sx":81,"sy":46}]},"1":{"frames":[{"frame":{"h":117,"w":33,"x":172,"y":1},"rotated":false,"sx":85,"sy":47},{"frame":{"h":117,"w":33,"x":207,"y":1},"rotated":false,"sx":85,"sy":47},{"frame":{"h":117,"w":33,"x":242,"y":1},"rotated":false,"sx":85,"sy":47},{"frame":{"h":117,"w":33,"x":277,"y":1},"rotated":false,"sx":86,"sy":47},{"frame":{"h":117,"w":32,"x":382,"y":1},"rotated":false,"sx":87,"sy":47},{"frame":{"h":117,"w":33,"x":312,"y":1},"rotated":false,"sx":87,"sy":47},{"frame":{"h":117,"w":33,"x":347,"y":1},"rotated":false,"sx":87,"sy":47},{"frame":{"h":118,"w":32,"x":36,"y":1},"rotated":false,"sx":87,"sy":46},{"frame":{"h":118,"w":33,"x":1,"y":1},"rotated":false,"sx":86,"sy":46},{"frame":{"h":118,"w":32,"x":70,"y":1},"rotated":false,"sx":86,"sy":46},{"frame":{"h":118,"w":32,"x":104,"y":1},"rotated":false,"sx":86,"sy":46},{"frame":{"h":118,"w":32,"x":138,"y":1},"rotated":false,"sx":85,"sy":46}]},"2":{"frames":[{"frame":{"h":120,"w":35,"x":115,"y":1},"rotated":false,"sx":83,"sy":46},{"frame":{"h":120,"w":35,"x":152,"y":1},"rotated":false,"sx":83,"sy":46},{"frame":{"h":120,"w":35,"x":189,"y":1},"rotated":false,"sx":83,"sy":46},{"frame":{"h":119,"w":34,"x":372,"y":1},"rotated":false,"sx":84,"sy":47},{"frame":{"h":119,"w":34,"x":408,"y":1},"rotated":false,"sx":85,"sy":47},{"frame":{"h":119,"w":35,"x":298,"y":1},"rotated":false,"sx":85,"sy":47},{"frame":{"h":119,"w":35,"x":335,"y":1},"rotated":false,"sx":86,"sy":47},{"frame":{"h":120,"w":36,"x":1,"y":1},"rotated":false,"sx":86,"sy":46},{"frame":{"h":120,"w":36,"x":39,"y":1},"rotated":false,"sx":86,"sy":46},{"frame":{"h":120,"w":36,"x":77,"y":1},"rotated":false,"sx":86,"sy":46},{"frame":{"h":120,"w":34,"x":226,"y":1},"rotated":false,"sx":85,"sy":46},{"frame":{"h":120,"w":34,"x":262,"y":1},"rotated":false,"sx":84,"sy":46}]},"3":{"frames":[{"frame":{"h":120,"w":48,"x":103,"y":1},"rotated":false,"sx":78,"sy":45},{"frame":{"h":120,"w":49,"x":1,"y":1},"rotated":false,"sx":77,"sy":45},{"frame":{"h":120,"w":49,"x":52,"y":1},"rotated":false,"sx":77,"sy":45},{"frame":{"h":119,"w":50,"x":353,"y":1},"rotated":false,"sx":77,"sy":46},{"frame":{"h":119,"w":51,"x":300,"y":1},"rotated":false,"sx":77,"sy":46},{"frame":{"h":119,"w":50,"x":405,"y":1},"rotated":false,"sx":78,"sy":46},{"frame":{"h":119,"w":50,"x":457,"y":1},"rotated":false,"sx":79,"sy":46},{"frame":{"h":119,"w":50,"x":509,"y":1},"rotated":false,"sx":79,"sy":46},{"frame":{"h":119,"w":48,"x":561,"y":1},"rotated":false,"sx":80,"sy":46},{"frame":{"h":120,"w":47,"x":153,"y":1},"rotated":false,"sx":80,"sy":45},{"frame":{"h":120,"w":47,"x":202,"y":1},"rotated":false,"sx":79,"sy":45},{"frame":{"h":120,"w":47,"x":251,"y":1},"rotated":false,"sx":79,"sy":45}]},"7":{"frames":[{"frame":{"h":117,"w":48,"x":364,"y":1},"rotated":false,"sx":79,"sy":45},{"frame":{"h":117,"w":49,"x":262,"y":1},"rotated":false,"sx":79,"sy":45},{"frame":{"h":117,"w":49,"x":313,"y":1},"rotated":false,"sx":79,"sy":45},{"frame":{"h":117,"w":50,"x":210,"y":1},"rotated":false,"sx":78,"sy":45},{"frame":{"h":118,"w":51,"x":1,"y":1},"rotated":false,"sx":77,"sy":44},{"frame":{"h":118,"w":50,"x":54,"y":1},"rotated":false,"sx":77,"sy":44},{"frame":{"h":118,"w":50,"x":106,"y":1},"rotated":false,"sx":76,"sy":44},{"frame":{"h":118,"w":50,"x":158,"y":1},"rotated":false,"sx":76,"sy":44},{"frame":{"h":117,"w":48,"x":414,"y":1},"rotated":false,"sx":77,"sy":45},{"frame":{"h":117,"w":47,"x":464,"y":1},"rotated":false,"sx":78,"sy":45},{"frame":{"h":117,"w":47,"x":513,"y":1},"rotated":false,"sx":79,"sy":45},{"frame":{"h":117,"w":47,"x":562,"y":1},"rotated":false,"sx":79,"sy":45}]},"sh":205,"sw":205},"1":{"0":{"frames":[{"frame":{"h":118,"w":43,"x":343,"y":1},"rotated":false,"sx":77,"sy":45},{"frame":{"h":116,"w":39,"x":477,"y":1},"rotated":false,"sx":81,"sy":44},{"frame":{"h":118,"w":47,"x":294,"y":1},"rotated":false,"sx":77,"sy":44},{"frame":{"h":121,"w":60,"x":132,"y":1},"rotated":false,"sx":73,"sy":44},{"frame":{"h":122,"w":66,"x":1,"y":1},"rotated":false,"sx":72,"sy":45},{"frame":{"h":122,"w":61,"x":69,"y":1},"rotated":false,"sx":74,"sy":44},{"frame":{"h":120,"w":53,"x":194,"y":1},"rotated":false,"sx":76,"sy":43},{"frame":{"h":117,"w":43,"x":432,"y":1},"rotated":false,"sx":80,"sy":43},{"frame":{"h":118,"w":42,"x":388,"y":1},"rotated":false,"sx":84,"sy":44},{"frame":{"h":119,"w":43,"x":249,"y":1},"rotated":false,"sx":83,"sy":45}]},"1":{"frames":[{"frame":{"h":114,"w":52,"x":56,"y":116},"rotated":false,"sx":70,"sy":47},{"frame":{"h":115,"w":39,"x":154,"y":1},"rotated":false,"sx":80,"sy":46},{"frame":{"h":114,"w":33,"x":207,"y":117},"rotated":false,"sx":87,"sy":46},{"frame":{"h":114,"w":51,"x":154,"y":118},"rotated":false,"sx":81,"sy":46},{"frame":{"h":112,"w":60,"x":1,"y":1},"rotated":false,"sx":71,"sy":47},{"frame":{"h":113,"w":54,"x":63,"y":1},"rotated":false,"sx":70,"sy":46},{"frame":{"h":113,"w":40,"x":110,"y":120},"rotated":false,"sx":78,"sy":45},{"frame":{"h":117,"w":33,"x":119,"y":1},"rotated":false,"sx":87,"sy":44},{"frame":{"h":114,"w":45,"x":195,"y":1},"rotated":false,"sx":85,"sy":45},{"frame":{"h":114,"w":53,"x":1,"y":115},"rotated":false,"sx":77,"sy":47}]},"2":{"frames":[{"frame":{"h":118,"w":63,"x":128,"y":1},"rotated":false,"sx":70,"sy":47},{"frame":{"h":115,"w":57,"x":376,"y":1},"rotated":false,"sx":69,"sy":47},{"frame":{"h":114,"w":47,"x":480,"y":1},"rotated":false,"sx":73,"sy":46},{"frame":{"h":118,"w":45,"x":243,"y":1},"rotated":false,"sx":83,"sy":47},{"frame":{"h":118,"w":48,"x":193,"y":1},"rotated":false,"sx":78,"sy":48},{"frame":{"h":117,"w":44,"x":290,"y":1},"rotated":false,"sx":77,"sy":47},{"frame":{"h":116,"w":38,"x":336,"y":1},"rotated":false,"sx":81,"sy":45},{"frame":{"h":115,"w":43,"x":435,"y":1},"rotated":false,"sx":81,"sy":45},{"frame":{"h":121,"w":57,"x":69,"y":1},"rotated":false,"sx":75,"sy":46},{"frame":{"h":121,"w":66,"x":1,"y":1},"rotated":false,"sx":72,"sy":47}]},"3":{"frames":[{"frame":{"h":119,"w":57,"x":121,"y":1},"rotated":false,"sx":77,"sy":47},{"frame":{"h":116,"w":60,"x":65,"y":125},"rotated":false,"sx":72,"sy":46},{"frame":{"h":116,"w":62,"x":1,"y":127},"rotated":false,"sx":69,"sy":46},{"frame":{"h":124,"w":59,"x":1,"y":1},"rotated":false,"sx":69,"sy":47},{"frame":{"h":123,"w":55,"x":127,"y":122},"rotated":false,"sx":70,"sy":48},{"frame":{"h":120,"w":53,"x":241,"y":1},"rotated":false,"sx":73,"sy":47},{"frame":{"h":118,"w":53,"x":241,"y":123},"rotated":false,"sx":75,"sy":46},{"frame":{"h":115,"w":56,"x":180,"y":1},"rotated":false,"sx":76,"sy":45},{"frame":{"h":122,"w":57,"x":62,"y":1},"rotated":false,"sx":77,"sy":46},{"frame":{"h":123,"w":55,"x":184,"y":118},"rotated":false,"sx":80,"sy":47}]},"7":{"frames":[{"frame":{"h":123,"w":57,"x":124,"y":1},"rotated":false,"sx":71,"sy":44},{"frame":{"h":120,"w":60,"x":62,"y":122},"rotated":false,"sx":73,"sy":43},{"frame":{"h":119,"w":62,"x":1,"y":1},"rotated":false,"sx":74,"sy":43},{"frame":{"h":123,"w":59,"x":1,"y":122},"rotated":false,"sx":77,"sy":43},{"frame":{"h":125,"w":56,"x":124,"y":126},"rotated":false,"sx":79,"sy":44},{"frame":{"h":124,"w":53,"x":241,"y":124},"rotated":false,"sx":79,"sy":44},{"frame":{"h":121,"w":53,"x":240,"y":1},"rotated":false,"sx":77,"sy":43},{"frame":{"h":118,"w":56,"x":65,"y":1},"rotated":false,"sx":73,"sy":42},{"frame":{"h":122,"w":57,"x":182,"y":126},"rotated":false,"sx":71,"sy":43},{"frame":{"h":123,"w":55,"x":183,"y":1},"rotated":false,"sx":70,"sy":44}]},"sh":205,"sw":205}}