{"0":{"0":{"frames":[{"frame":{"h":113,"w":47,"x":103,"y":1},"rotated":false,"sx":79,"sy":48},{"frame":{"h":113,"w":48,"x":53,"y":1},"rotated":false,"sx":79,"sy":48},{"frame":{"h":113,"w":49,"x":52,"y":233},"rotated":false,"sx":78,"sy":48},{"frame":{"h":113,"w":50,"x":1,"y":118},"rotated":false,"sx":78,"sy":48},{"frame":{"h":115,"w":50,"x":1,"y":1},"rotated":false,"sx":78,"sy":47},{"frame":{"h":115,"w":49,"x":1,"y":233},"rotated":false,"sx":79,"sy":47},{"frame":{"h":115,"w":49,"x":1,"y":350},"rotated":false,"sx":79,"sy":47},{"frame":{"h":115,"w":48,"x":52,"y":348},"rotated":false,"sx":79,"sy":47},{"frame":{"h":115,"w":48,"x":102,"y":348},"rotated":false,"sx":78,"sy":47},{"frame":{"h":114,"w":47,"x":53,"y":116},"rotated":false,"sx":79,"sy":47},{"frame":{"h":114,"w":47,"x":102,"y":116},"rotated":false,"sx":79,"sy":47},{"frame":{"h":114,"w":47,"x":103,"y":232},"rotated":false,"sx":79,"sy":47}]},"1":{"frames":[{"frame":{"h":118,"w":46,"x":99,"y":1},"rotated":false,"sx":80,"sy":46},{"frame":{"h":118,"w":45,"x":243,"y":1},"rotated":false,"sx":81,"sy":46},{"frame":{"h":117,"w":46,"x":384,"y":1},"rotated":false,"sx":81,"sy":47},{"frame":{"h":117,"w":46,"x":432,"y":1},"rotated":false,"sx":81,"sy":47},{"frame":{"h":117,"w":46,"x":480,"y":1},"rotated":false,"sx":81,"sy":47},{"frame":{"h":117,"w":46,"x":528,"y":1},"rotated":false,"sx":81,"sy":47},{"frame":{"h":118,"w":47,"x":1,"y":1},"rotated":false,"sx":80,"sy":46},{"frame":{"h":118,"w":47,"x":50,"y":1},"rotated":false,"sx":80,"sy":46},{"frame":{"h":118,"w":46,"x":147,"y":1},"rotated":false,"sx":80,"sy":46},{"frame":{"h":118,"w":46,"x":195,"y":1},"rotated":false,"sx":80,"sy":46},{"frame":{"h":118,"w":45,"x":290,"y":1},"rotated":false,"sx":80,"sy":46},{"frame":{"h":118,"w":45,"x":337,"y":1},"rotated":false,"sx":80,"sy":46}]},"2":{"frames":[{"frame":{"h":119,"w":46,"x":246,"y":1},"rotated":false,"sx":80,"sy":47},{"frame":{"h":119,"w":46,"x":294,"y":1},"rotated":false,"sx":80,"sy":47},{"frame":{"h":119,"w":47,"x":1,"y":1},"rotated":false,"sx":80,"sy":47},{"frame":{"h":119,"w":47,"x":50,"y":1},"rotated":false,"sx":80,"sy":47},{"frame":{"h":118,"w":48,"x":486,"y":1},"rotated":false,"sx":80,"sy":48},{"frame":{"h":118,"w":48,"x":536,"y":1},"rotated":false,"sx":80,"sy":48},{"frame":{"h":119,"w":47,"x":99,"y":1},"rotated":false,"sx":81,"sy":47},{"frame":{"h":119,"w":47,"x":148,"y":1},"rotated":false,"sx":81,"sy":47},{"frame":{"h":119,"w":47,"x":197,"y":1},"rotated":false,"sx":81,"sy":47},{"frame":{"h":119,"w":46,"x":342,"y":1},"rotated":false,"sx":81,"sy":47},{"frame":{"h":119,"w":46,"x":390,"y":1},"rotated":false,"sx":81,"sy":47},{"frame":{"h":119,"w":46,"x":438,"y":1},"rotated":false,"sx":80,"sy":47}]},"3":{"frames":[{"frame":{"h":117,"w":48,"x":362,"y":1},"rotated":false,"sx":78,"sy":48},{"frame":{"h":117,"w":49,"x":209,"y":1},"rotated":false,"sx":77,"sy":48},{"frame":{"h":117,"w":50,"x":1,"y":1},"rotated":false,"sx":76,"sy":48},{"frame":{"h":117,"w":50,"x":53,"y":1},"rotated":false,"sx":77,"sy":48},{"frame":{"h":116,"w":51,"x":466,"y":1},"rotated":false,"sx":77,"sy":49},{"frame":{"h":116,"w":51,"x":519,"y":1},"rotated":false,"sx":77,"sy":49},{"frame":{"h":116,"w":52,"x":412,"y":1},"rotated":false,"sx":77,"sy":49},{"frame":{"h":116,"w":51,"x":572,"y":1},"rotated":false,"sx":78,"sy":49},{"frame":{"h":117,"w":50,"x":105,"y":1},"rotated":false,"sx":78,"sy":48},{"frame":{"h":117,"w":50,"x":157,"y":1},"rotated":false,"sx":78,"sy":48},{"frame":{"h":117,"w":49,"x":260,"y":1},"rotated":false,"sx":78,"sy":48},{"frame":{"h":117,"w":49,"x":311,"y":1},"rotated":false,"sx":78,"sy":48}]},"7":{"frames":[{"frame":{"h":114,"w":48,"x":575,"y":1},"rotated":false,"sx":79,"sy":48},{"frame":{"h":114,"w":49,"x":371,"y":1},"rotated":false,"sx":79,"sy":48},{"frame":{"h":114,"w":50,"x":267,"y":1},"rotated":false,"sx":78,"sy":48},{"frame":{"h":114,"w":50,"x":319,"y":1},"rotated":false,"sx":78,"sy":48},{"frame":{"h":115,"w":51,"x":55,"y":1},"rotated":false,"sx":77,"sy":47},{"frame":{"h":115,"w":52,"x":1,"y":1},"rotated":false,"sx":76,"sy":47},{"frame":{"h":115,"w":51,"x":108,"y":1},"rotated":false,"sx":76,"sy":47},{"frame":{"h":115,"w":51,"x":161,"y":1},"rotated":false,"sx":76,"sy":47},{"frame":{"h":114,"w":51,"x":214,"y":1},"rotated":false,"sx":76,"sy":48},{"frame":{"h":114,"w":49,"x":422,"y":1},"rotated":false,"sx":77,"sy":48},{"frame":{"h":114,"w":49,"x":473,"y":1},"rotated":false,"sx":78,"sy":48},{"frame":{"h":114,"w":49,"x":524,"y":1},"rotated":false,"sx":78,"sy":48}]},"sh":205,"sw":205},"1":{"0":{"frames":[{"frame":{"h":115,"w":54,"x":301,"y":1},"rotated":false,"sx":76,"sy":49},{"frame":{"h":113,"w":51,"x":517,"y":1},"rotated":false,"sx":79,"sy":48},{"frame":{"h":115,"w":53,"x":357,"y":1},"rotated":false,"sx":76,"sy":48},{"frame":{"h":118,"w":59,"x":131,"y":1},"rotated":false,"sx":73,"sy":48},{"frame":{"h":120,"w":65,"x":1,"y":1},"rotated":false,"sx":72,"sy":48},{"frame":{"h":120,"w":61,"x":68,"y":1},"rotated":false,"sx":73,"sy":48},{"frame":{"h":118,"w":53,"x":192,"y":1},"rotated":false,"sx":75,"sy":47},{"frame":{"h":114,"w":50,"x":465,"y":1},"rotated":false,"sx":76,"sy":47},{"frame":{"h":115,"w":51,"x":412,"y":1},"rotated":false,"sx":77,"sy":48},{"frame":{"h":116,"w":52,"x":247,"y":1},"rotated":false,"sx":78,"sy":49}]},"1":{"frames":[{"frame":{"h":114,"w":59,"x":107,"y":1},"rotated":false,"sx":70,"sy":48},{"frame":{"h":114,"w":52,"x":394,"y":1},"rotated":false,"sx":77,"sy":48},{"frame":{"h":115,"w":50,"x":55,"y":1},"rotated":false,"sx":79,"sy":47},{"frame":{"h":114,"w":54,"x":228,"y":1},"rotated":false,"sx":79,"sy":48},{"frame":{"h":113,"w":60,"x":501,"y":1},"rotated":false,"sx":71,"sy":48},{"frame":{"h":114,"w":58,"x":168,"y":1},"rotated":false,"sx":70,"sy":47},{"frame":{"h":114,"w":51,"x":448,"y":1},"rotated":false,"sx":78,"sy":46},{"frame":{"h":116,"w":52,"x":1,"y":1},"rotated":false,"sx":78,"sy":46},{"frame":{"h":114,"w":53,"x":284,"y":1},"rotated":false,"sx":77,"sy":47},{"frame":{"h":114,"w":53,"x":339,"y":1},"rotated":false,"sx":77,"sy":48}]},"2":{"frames":[{"frame":{"h":117,"w":63,"x":181,"y":1},"rotated":false,"sx":69,"sy":50},{"frame":{"h":115,"w":57,"x":355,"y":1},"rotated":false,"sx":69,"sy":49},{"frame":{"h":112,"w":55,"x":517,"y":1},"rotated":false,"sx":73,"sy":49},{"frame":{"h":118,"w":52,"x":127,"y":1},"rotated":false,"sx":77,"sy":49},{"frame":{"h":117,"w":52,"x":246,"y":1},"rotated":false,"sx":77,"sy":50},{"frame":{"h":116,"w":53,"x":300,"y":1},"rotated":false,"sx":76,"sy":49},{"frame":{"h":115,"w":50,"x":414,"y":1},"rotated":false,"sx":80,"sy":48},{"frame":{"h":115,"w":49,"x":466,"y":1},"rotated":false,"sx":81,"sy":47},{"frame":{"h":119,"w":57,"x":68,"y":1},"rotated":false,"sx":74,"sy":49},{"frame":{"h":119,"w":65,"x":1,"y":1},"rotated":false,"sx":72,"sy":50}]},"3":{"frames":[{"frame":{"h":117,"w":60,"x":1,"y":117},"rotated":false,"sx":74,"sy":51},{"frame":{"h":114,"w":60,"x":1,"y":236},"rotated":false,"sx":72,"sy":50},{"frame":{"h":114,"w":61,"x":1,"y":1},"rotated":false,"sx":69,"sy":50},{"frame":{"h":121,"w":59,"x":1,"y":352},"rotated":false,"sx":69,"sy":51},{"frame":{"h":120,"w":56,"x":63,"y":118},"rotated":false,"sx":71,"sy":52},{"frame":{"h":118,"w":56,"x":63,"y":240},"rotated":false,"sx":73,"sy":51},{"frame":{"h":115,"w":55,"x":64,"y":1},"rotated":false,"sx":75,"sy":50},{"frame":{"h":112,"w":56,"x":62,"y":482},"rotated":false,"sx":76,"sy":49},{"frame":{"h":120,"w":57,"x":62,"y":360},"rotated":false,"sx":77,"sy":50},{"frame":{"h":120,"w":59,"x":1,"y":475},"rotated":false,"sx":76,"sy":51}]},"7":{"frames":[{"frame":{"h":121,"w":59,"x":1,"y":239},"rotated":false,"sx":71,"sy":48},{"frame":{"h":117,"w":60,"x":1,"y":120},"rotated":false,"sx":73,"sy":47},{"frame":{"h":117,"w":61,"x":1,"y":1},"rotated":false,"sx":74,"sy":47},{"frame":{"h":119,"w":59,"x":1,"y":484},"rotated":false,"sx":77,"sy":48},{"frame":{"h":122,"w":56,"x":63,"y":121},"rotated":false,"sx":78,"sy":48},{"frame":{"h":121,"w":56,"x":62,"y":366},"rotated":false,"sx":76,"sy":48},{"frame":{"h":118,"w":55,"x":64,"y":1},"rotated":false,"sx":75,"sy":47},{"frame":{"h":114,"w":56,"x":62,"y":489},"rotated":false,"sx":73,"sy":47},{"frame":{"h":119,"w":57,"x":62,"y":245},"rotated":false,"sx":71,"sy":47},{"frame":{"h":120,"w":59,"x":1,"y":362},"rotated":false,"sx":70,"sy":48}]},"sh":205,"sw":205}}