{"0":{"0":{"frames":[{"frame":{"h":116,"w":51,"x":1,"y":362},"rotated":false,"sx":75,"sy":45},{"frame":{"h":116,"w":51,"x":54,"y":362},"rotated":false,"sx":75,"sy":45},{"frame":{"h":117,"w":51,"x":109,"y":241},"rotated":false,"sx":75,"sy":44},{"frame":{"h":117,"w":53,"x":1,"y":122},"rotated":false,"sx":74,"sy":44},{"frame":{"h":117,"w":53,"x":56,"y":122},"rotated":false,"sx":74,"sy":44},{"frame":{"h":119,"w":53,"x":1,"y":1},"rotated":false,"sx":74,"sy":43},{"frame":{"h":119,"w":53,"x":56,"y":1},"rotated":false,"sx":74,"sy":43},{"frame":{"h":119,"w":52,"x":1,"y":241},"rotated":false,"sx":74,"sy":43},{"frame":{"h":119,"w":52,"x":55,"y":241},"rotated":false,"sx":74,"sy":43},{"frame":{"h":117,"w":51,"x":109,"y":360},"rotated":false,"sx":75,"sy":44},{"frame":{"h":117,"w":50,"x":111,"y":1},"rotated":false,"sx":75,"sy":44},{"frame":{"h":117,"w":50,"x":111,"y":120},"rotated":false,"sx":75,"sy":44}]},"1":{"frames":[{"frame":{"h":120,"w":47,"x":414,"y":1},"rotated":false,"sx":76,"sy":44},{"frame":{"h":120,"w":47,"x":463,"y":1},"rotated":false,"sx":76,"sy":44},{"frame":{"h":120,"w":48,"x":314,"y":1},"rotated":false,"sx":75,"sy":44},{"frame":{"h":120,"w":50,"x":107,"y":1},"rotated":false,"sx":74,"sy":44},{"frame":{"h":120,"w":50,"x":159,"y":1},"rotated":false,"sx":74,"sy":44},{"frame":{"h":120,"w":51,"x":1,"y":1},"rotated":false,"sx":74,"sy":44},{"frame":{"h":120,"w":51,"x":54,"y":1},"rotated":false,"sx":74,"sy":44},{"frame":{"h":120,"w":50,"x":211,"y":1},"rotated":false,"sx":74,"sy":44},{"frame":{"h":120,"w":49,"x":263,"y":1},"rotated":false,"sx":75,"sy":44},{"frame":{"h":120,"w":48,"x":364,"y":1},"rotated":false,"sx":76,"sy":44},{"frame":{"h":120,"w":46,"x":512,"y":1},"rotated":false,"sx":77,"sy":44},{"frame":{"h":120,"w":46,"x":560,"y":1},"rotated":false,"sx":77,"sy":44}]},"2":{"frames":[{"frame":{"h":125,"w":48,"x":52,"y":1},"rotated":false,"sx":76,"sy":42},{"frame":{"h":125,"w":49,"x":1,"y":1},"rotated":false,"sx":75,"sy":42},{"frame":{"h":124,"w":49,"x":408,"y":1},"rotated":false,"sx":75,"sy":43},{"frame":{"h":124,"w":50,"x":252,"y":1},"rotated":false,"sx":75,"sy":43},{"frame":{"h":124,"w":49,"x":459,"y":1},"rotated":false,"sx":76,"sy":43},{"frame":{"h":124,"w":50,"x":304,"y":1},"rotated":false,"sx":76,"sy":43},{"frame":{"h":124,"w":50,"x":356,"y":1},"rotated":false,"sx":76,"sy":43},{"frame":{"h":124,"w":49,"x":510,"y":1},"rotated":false,"sx":77,"sy":43},{"frame":{"h":124,"w":49,"x":561,"y":1},"rotated":false,"sx":77,"sy":43},{"frame":{"h":125,"w":48,"x":102,"y":1},"rotated":false,"sx":77,"sy":42},{"frame":{"h":125,"w":48,"x":152,"y":1},"rotated":false,"sx":77,"sy":42},{"frame":{"h":125,"w":48,"x":202,"y":1},"rotated":false,"sx":76,"sy":42}]},"3":{"frames":[{"frame":{"h":125,"w":50,"x":213,"y":1},"rotated":false,"sx":77,"sy":42},{"frame":{"h":125,"w":51,"x":1,"y":1},"rotated":false,"sx":76,"sy":42},{"frame":{"h":125,"w":51,"x":54,"y":1},"rotated":false,"sx":76,"sy":42},{"frame":{"h":125,"w":51,"x":107,"y":1},"rotated":false,"sx":76,"sy":42},{"frame":{"h":124,"w":51,"x":533,"y":1},"rotated":false,"sx":76,"sy":43},{"frame":{"h":124,"w":52,"x":317,"y":1},"rotated":false,"sx":76,"sy":43},{"frame":{"h":124,"w":52,"x":371,"y":1},"rotated":false,"sx":76,"sy":43},{"frame":{"h":124,"w":52,"x":425,"y":1},"rotated":false,"sx":77,"sy":43},{"frame":{"h":124,"w":52,"x":479,"y":1},"rotated":false,"sx":77,"sy":43},{"frame":{"h":124,"w":51,"x":586,"y":1},"rotated":false,"sx":77,"sy":43},{"frame":{"h":125,"w":51,"x":160,"y":1},"rotated":false,"sx":77,"sy":42},{"frame":{"h":125,"w":50,"x":265,"y":1},"rotated":false,"sx":77,"sy":42}]},"7":{"frames":[{"frame":{"h":117,"w":50,"x":589,"y":1},"rotated":false,"sx":78,"sy":45},{"frame":{"h":117,"w":51,"x":271,"y":1},"rotated":false,"sx":78,"sy":45},{"frame":{"h":117,"w":51,"x":324,"y":1},"rotated":false,"sx":78,"sy":45},{"frame":{"h":117,"w":51,"x":377,"y":1},"rotated":false,"sx":78,"sy":45},{"frame":{"h":117,"w":52,"x":1,"y":1},"rotated":false,"sx":77,"sy":45},{"frame":{"h":117,"w":52,"x":55,"y":1},"rotated":false,"sx":77,"sy":45},{"frame":{"h":117,"w":52,"x":109,"y":1},"rotated":false,"sx":77,"sy":45},{"frame":{"h":117,"w":52,"x":163,"y":1},"rotated":false,"sx":76,"sy":45},{"frame":{"h":117,"w":52,"x":217,"y":1},"rotated":false,"sx":76,"sy":45},{"frame":{"h":117,"w":51,"x":430,"y":1},"rotated":false,"sx":77,"sy":45},{"frame":{"h":117,"w":51,"x":483,"y":1},"rotated":false,"sx":77,"sy":45},{"frame":{"h":117,"w":51,"x":536,"y":1},"rotated":false,"sx":77,"sy":45}]},"sh":205,"sw":205},"1":{"0":{"frames":[{"frame":{"h":119,"w":52,"x":1,"y":124},"rotated":false,"sx":76,"sy":45},{"frame":{"h":117,"w":49,"x":168,"y":1},"rotated":false,"sx":79,"sy":44},{"frame":{"h":119,"w":52,"x":55,"y":124},"rotated":false,"sx":77,"sy":45},{"frame":{"h":121,"w":60,"x":1,"y":1},"rotated":false,"sx":73,"sy":46},{"frame":{"h":123,"w":56,"x":160,"y":120},"rotated":false,"sx":71,"sy":45},{"frame":{"h":122,"w":49,"x":109,"y":121},"rotated":false,"sx":76,"sy":43},{"frame":{"h":117,"w":50,"x":116,"y":1},"rotated":false,"sx":77,"sy":44},{"frame":{"h":118,"w":51,"x":63,"y":1},"rotated":false,"sx":78,"sy":45}]},"1":{"frames":[{"frame":{"h":117,"w":55,"x":102,"y":1},"rotated":false,"sx":71,"sy":45},{"frame":{"h":118,"w":46,"x":59,"y":122},"rotated":false,"sx":79,"sy":44},{"frame":{"h":117,"w":55,"x":107,"y":120},"rotated":false,"sx":78,"sy":44},{"frame":{"h":116,"w":63,"x":159,"y":1},"rotated":false,"sx":71,"sy":45},{"frame":{"h":117,"w":55,"x":164,"y":119},"rotated":false,"sx":70,"sy":44},{"frame":{"h":120,"w":46,"x":1,"y":1},"rotated":false,"sx":79,"sy":42},{"frame":{"h":119,"w":51,"x":49,"y":1},"rotated":false,"sx":78,"sy":43},{"frame":{"h":117,"w":56,"x":1,"y":123},"rotated":false,"sx":78,"sy":45}]},"2":{"frames":[{"frame":{"h":122,"w":61,"x":160,"y":1},"rotated":false,"sx":69,"sy":44},{"frame":{"h":120,"w":54,"x":50,"y":1},"rotated":false,"sx":71,"sy":43},{"frame":{"h":123,"w":51,"x":55,"y":124},"rotated":false,"sx":78,"sy":44},{"frame":{"h":122,"w":52,"x":1,"y":123},"rotated":false,"sx":77,"sy":45},{"frame":{"h":121,"w":52,"x":106,"y":1},"rotated":false,"sx":75,"sy":43},{"frame":{"h":119,"w":47,"x":1,"y":1},"rotated":false,"sx":79,"sy":42},{"frame":{"h":127,"w":49,"x":170,"y":125},"rotated":false,"sx":78,"sy":42},{"frame":{"h":125,"w":60,"x":108,"y":125},"rotated":false,"sx":72,"sy":44}]},"3":{"frames":[{"frame":{"h":124,"w":51,"x":1,"y":131},"rotated":false,"sx":76,"sy":43},{"frame":{"h":119,"w":57,"x":107,"y":131},"rotated":false,"sx":70,"sy":43},{"frame":{"h":128,"w":54,"x":1,"y":1},"rotated":false,"sx":72,"sy":44},{"frame":{"h":128,"w":51,"x":57,"y":1},"rotated":false,"sx":77,"sy":45},{"frame":{"h":125,"w":50,"x":166,"y":130},"rotated":false,"sx":78,"sy":44},{"frame":{"h":122,"w":51,"x":54,"y":131},"rotated":false,"sx":78,"sy":42},{"frame":{"h":127,"w":52,"x":163,"y":1},"rotated":false,"sx":77,"sy":43},{"frame":{"h":128,"w":51,"x":110,"y":1},"rotated":false,"sx":76,"sy":44}]},"7":{"frames":[{"frame":{"h":125,"w":51,"x":1,"y":1},"rotated":false,"sx":78,"sy":44},{"frame":{"h":118,"w":58,"x":376,"y":1},"rotated":false,"sx":77,"sy":43},{"frame":{"h":121,"w":55,"x":212,"y":1},"rotated":false,"sx":78,"sy":44},{"frame":{"h":124,"w":51,"x":106,"y":1},"rotated":false,"sx":77,"sy":45},{"frame":{"h":125,"w":50,"x":54,"y":1},"rotated":false,"sx":77,"sy":44},{"frame":{"h":120,"w":51,"x":323,"y":1},"rotated":false,"sx":76,"sy":43},{"frame":{"h":120,"w":52,"x":269,"y":1},"rotated":false,"sx":76,"sy":43},{"frame":{"h":123,"w":51,"x":159,"y":1},"rotated":false,"sx":78,"sy":44}]},"sh":205,"sw":205}}