{"0":{"0":{"frames":[{"frame":{"h":121,"w":41,"x":181,"y":125},"rotated":false,"sx":80,"sy":40},{"frame":{"h":121,"w":42,"x":137,"y":125},"rotated":false,"sx":79,"sy":40},{"frame":{"h":121,"w":43,"x":47,"y":126},"rotated":false,"sx":79,"sy":40},{"frame":{"h":121,"w":43,"x":92,"y":126},"rotated":false,"sx":79,"sy":40},{"frame":{"h":121,"w":44,"x":1,"y":126},"rotated":false,"sx":79,"sy":40},{"frame":{"h":122,"w":44,"x":136,"y":1},"rotated":false,"sx":79,"sy":40},{"frame":{"h":123,"w":44,"x":1,"y":1},"rotated":false,"sx":79,"sy":39},{"frame":{"h":123,"w":43,"x":47,"y":1},"rotated":false,"sx":80,"sy":39},{"frame":{"h":123,"w":42,"x":92,"y":1},"rotated":false,"sx":80,"sy":39},{"frame":{"h":121,"w":41,"x":182,"y":1},"rotated":false,"sx":80,"sy":40},{"frame":{"h":121,"w":41,"x":225,"y":1},"rotated":false,"sx":80,"sy":40},{"frame":{"h":121,"w":41,"x":224,"y":124},"rotated":false,"sx":80,"sy":40}]},"1":{"frames":[{"frame":{"h":124,"w":37,"x":206,"y":1},"rotated":false,"sx":83,"sy":40},{"frame":{"h":124,"w":37,"x":245,"y":1},"rotated":false,"sx":83,"sy":40},{"frame":{"h":123,"w":37,"x":447,"y":1},"rotated":false,"sx":83,"sy":41},{"frame":{"h":123,"w":38,"x":407,"y":1},"rotated":false,"sx":83,"sy":41},{"frame":{"h":123,"w":40,"x":323,"y":1},"rotated":false,"sx":82,"sy":41},{"frame":{"h":123,"w":40,"x":365,"y":1},"rotated":false,"sx":82,"sy":41},{"frame":{"h":124,"w":40,"x":1,"y":1},"rotated":false,"sx":82,"sy":40},{"frame":{"h":124,"w":40,"x":43,"y":1},"rotated":false,"sx":82,"sy":40},{"frame":{"h":124,"w":39,"x":85,"y":1},"rotated":false,"sx":82,"sy":40},{"frame":{"h":124,"w":38,"x":126,"y":1},"rotated":false,"sx":82,"sy":40},{"frame":{"h":124,"w":38,"x":166,"y":1},"rotated":false,"sx":82,"sy":40},{"frame":{"h":124,"w":37,"x":284,"y":1},"rotated":false,"sx":83,"sy":40}]},"2":{"frames":[{"frame":{"h":126,"w":40,"x":88,"y":1},"rotated":false,"sx":81,"sy":41},{"frame":{"h":126,"w":40,"x":130,"y":1},"rotated":false,"sx":81,"sy":41},{"frame":{"h":125,"w":41,"x":341,"y":1},"rotated":false,"sx":81,"sy":42},{"frame":{"h":125,"w":40,"x":470,"y":1},"rotated":false,"sx":82,"sy":42},{"frame":{"h":125,"w":41,"x":384,"y":1},"rotated":false,"sx":82,"sy":42},{"frame":{"h":125,"w":41,"x":427,"y":1},"rotated":false,"sx":82,"sy":42},{"frame":{"h":125,"w":42,"x":297,"y":1},"rotated":false,"sx":82,"sy":42},{"frame":{"h":126,"w":42,"x":1,"y":1},"rotated":false,"sx":82,"sy":41},{"frame":{"h":126,"w":41,"x":45,"y":1},"rotated":false,"sx":83,"sy":41},{"frame":{"h":126,"w":40,"x":172,"y":1},"rotated":false,"sx":83,"sy":41},{"frame":{"h":126,"w":39,"x":256,"y":1},"rotated":false,"sx":83,"sy":41},{"frame":{"h":126,"w":40,"x":214,"y":1},"rotated":false,"sx":82,"sy":41}]},"3":{"frames":[{"frame":{"h":124,"w":47,"x":301,"y":1},"rotated":false,"sx":79,"sy":43},{"frame":{"h":124,"w":47,"x":350,"y":1},"rotated":false,"sx":78,"sy":43},{"frame":{"h":124,"w":48,"x":1,"y":1},"rotated":false,"sx":78,"sy":43},{"frame":{"h":124,"w":48,"x":51,"y":1},"rotated":false,"sx":78,"sy":43},{"frame":{"h":124,"w":48,"x":101,"y":1},"rotated":false,"sx":78,"sy":43},{"frame":{"h":124,"w":48,"x":151,"y":1},"rotated":false,"sx":79,"sy":43},{"frame":{"h":124,"w":48,"x":201,"y":1},"rotated":false,"sx":79,"sy":43},{"frame":{"h":124,"w":48,"x":251,"y":1},"rotated":false,"sx":79,"sy":43},{"frame":{"h":124,"w":47,"x":399,"y":1},"rotated":false,"sx":80,"sy":43},{"frame":{"h":124,"w":47,"x":448,"y":1},"rotated":false,"sx":80,"sy":43},{"frame":{"h":124,"w":47,"x":497,"y":1},"rotated":false,"sx":80,"sy":43},{"frame":{"h":124,"w":46,"x":546,"y":1},"rotated":false,"sx":80,"sy":43}]},"7":{"frames":[{"frame":{"h":122,"w":47,"x":448,"y":1},"rotated":false,"sx":79,"sy":40},{"frame":{"h":122,"w":48,"x":298,"y":1},"rotated":false,"sx":79,"sy":40},{"frame":{"h":122,"w":48,"x":348,"y":1},"rotated":false,"sx":79,"sy":40},{"frame":{"h":122,"w":48,"x":398,"y":1},"rotated":false,"sx":79,"sy":40},{"frame":{"h":123,"w":47,"x":151,"y":1},"rotated":false,"sx":79,"sy":39},{"frame":{"h":123,"w":48,"x":1,"y":1},"rotated":false,"sx":78,"sy":39},{"frame":{"h":123,"w":48,"x":51,"y":1},"rotated":false,"sx":78,"sy":39},{"frame":{"h":123,"w":48,"x":101,"y":1},"rotated":false,"sx":78,"sy":39},{"frame":{"h":123,"w":47,"x":200,"y":1},"rotated":false,"sx":78,"sy":39},{"frame":{"h":123,"w":47,"x":249,"y":1},"rotated":false,"sx":78,"sy":39},{"frame":{"h":122,"w":47,"x":497,"y":1},"rotated":false,"sx":78,"sy":40},{"frame":{"h":122,"w":46,"x":546,"y":1},"rotated":false,"sx":79,"sy":40}]},"sh":205,"sw":205},"1":{"0":{"frames":[{"frame":{"h":125,"w":51,"x":154,"y":129},"rotated":false,"sx":76,"sy":39},{"frame":{"h":122,"w":47,"x":49,"y":132},"rotated":false,"sx":81,"sy":39},{"frame":{"h":125,"w":54,"x":98,"y":130},"rotated":false,"sx":75,"sy":39},{"frame":{"h":127,"w":63,"x":60,"y":1},"rotated":false,"sx":73,"sy":40},{"frame":{"h":129,"w":57,"x":1,"y":1},"rotated":false,"sx":74,"sy":39},{"frame":{"h":126,"w":46,"x":125,"y":1},"rotated":false,"sx":78,"sy":38},{"frame":{"h":123,"w":46,"x":1,"y":132},"rotated":false,"sx":81,"sy":38},{"frame":{"h":124,"w":46,"x":173,"y":1},"rotated":false,"sx":83,"sy":39}]},"1":{"frames":[{"frame":{"h":121,"w":52,"x":316,"y":1},"rotated":false,"sx":71,"sy":40},{"frame":{"h":122,"w":39,"x":153,"y":1},"rotated":false,"sx":83,"sy":39},{"frame":{"h":121,"w":52,"x":370,"y":1},"rotated":false,"sx":81,"sy":40},{"frame":{"h":121,"w":63,"x":194,"y":1},"rotated":false,"sx":71,"sy":40},{"frame":{"h":122,"w":55,"x":96,"y":1},"rotated":false,"sx":70,"sy":39},{"frame":{"h":124,"w":43,"x":1,"y":1},"rotated":false,"sx":81,"sy":38},{"frame":{"h":123,"w":48,"x":46,"y":1},"rotated":false,"sx":81,"sy":38},{"frame":{"h":121,"w":55,"x":259,"y":1},"rotated":false,"sx":78,"sy":40}]},"2":{"frames":[{"frame":{"h":124,"w":62,"x":1,"y":130},"rotated":false,"sx":70,"sy":42},{"frame":{"h":122,"w":52,"x":65,"y":131},"rotated":false,"sx":71,"sy":41},{"frame":{"h":125,"w":49,"x":170,"y":127},"rotated":false,"sx":80,"sy":42},{"frame":{"h":124,"w":52,"x":120,"y":1},"rotated":false,"sx":77,"sy":43},{"frame":{"h":123,"w":49,"x":119,"y":131},"rotated":false,"sx":76,"sy":41},{"frame":{"h":121,"w":44,"x":174,"y":1},"rotated":false,"sx":82,"sy":40},{"frame":{"h":128,"w":52,"x":66,"y":1},"rotated":false,"sx":76,"sy":40},{"frame":{"h":127,"w":63,"x":1,"y":1},"rotated":false,"sx":72,"sy":42}]},"3":{"frames":[{"frame":{"h":123,"w":57,"x":1,"y":131},"rotated":false,"sx":76,"sy":44},{"frame":{"h":119,"w":60,"x":167,"y":131},"rotated":false,"sx":71,"sy":43},{"frame":{"h":128,"w":58,"x":1,"y":1},"rotated":false,"sx":69,"sy":44},{"frame":{"h":128,"w":53,"x":174,"y":1},"rotated":false,"sx":71,"sy":45},{"frame":{"h":124,"w":51,"x":114,"y":130},"rotated":false,"sx":74,"sy":44},{"frame":{"h":122,"w":52,"x":60,"y":131},"rotated":false,"sx":76,"sy":42},{"frame":{"h":127,"w":55,"x":61,"y":1},"rotated":false,"sx":77,"sy":43},{"frame":{"h":127,"w":54,"x":118,"y":1},"rotated":false,"sx":79,"sy":44}]},"7":{"frames":[{"frame":{"h":131,"w":57,"x":398,"y":1},"rotated":false,"sx":72,"sy":38},{"frame":{"h":123,"w":60,"x":1,"y":1},"rotated":false,"sx":74,"sy":38},{"frame":{"h":127,"w":58,"x":174,"y":1},"rotated":false,"sx":78,"sy":38},{"frame":{"h":130,"w":53,"x":290,"y":1},"rotated":false,"sx":81,"sy":39},{"frame":{"h":130,"w":51,"x":345,"y":1},"rotated":false,"sx":80,"sy":39},{"frame":{"h":125,"w":52,"x":63,"y":1},"rotated":false,"sx":77,"sy":38},{"frame":{"h":125,"w":55,"x":117,"y":1},"rotated":false,"sx":73,"sy":38},{"frame":{"h":128,"w":54,"x":234,"y":1},"rotated":false,"sx":72,"sy":39}]},"sh":205,"sw":205}}