{"0":{"0":{"frames":[{"frame":{"h":116,"w":45,"x":51,"y":359},"rotated":false,"sx":75,"sy":45},{"frame":{"h":116,"w":47,"x":52,"y":1},"rotated":false,"sx":74,"sy":45},{"frame":{"h":116,"w":48,"x":1,"y":358},"rotated":false,"sx":74,"sy":45},{"frame":{"h":117,"w":48,"x":1,"y":120},"rotated":false,"sx":74,"sy":45},{"frame":{"h":117,"w":49,"x":1,"y":1},"rotated":false,"sx":74,"sy":45},{"frame":{"h":117,"w":48,"x":1,"y":239},"rotated":false,"sx":75,"sy":45},{"frame":{"h":117,"w":47,"x":51,"y":120},"rotated":false,"sx":76,"sy":45},{"frame":{"h":118,"w":45,"x":51,"y":239},"rotated":false,"sx":77,"sy":44},{"frame":{"h":118,"w":43,"x":100,"y":119},"rotated":false,"sx":79,"sy":44},{"frame":{"h":117,"w":42,"x":98,"y":357},"rotated":false,"sx":79,"sy":45},{"frame":{"h":116,"w":42,"x":101,"y":1},"rotated":false,"sx":78,"sy":45},{"frame":{"h":116,"w":44,"x":98,"y":239},"rotated":false,"sx":76,"sy":45}]},"1":{"frames":[{"frame":{"h":118,"w":39,"x":43,"y":1},"rotated":false,"sx":81,"sy":46},{"frame":{"h":118,"w":40,"x":1,"y":1},"rotated":false,"sx":80,"sy":46},{"frame":{"h":117,"w":40,"x":346,"y":1},"rotated":false,"sx":80,"sy":47},{"frame":{"h":117,"w":40,"x":388,"y":1},"rotated":false,"sx":80,"sy":47},{"frame":{"h":117,"w":38,"x":430,"y":1},"rotated":false,"sx":82,"sy":47},{"frame":{"h":118,"w":37,"x":84,"y":1},"rotated":false,"sx":84,"sy":46},{"frame":{"h":118,"w":35,"x":162,"y":1},"rotated":false,"sx":86,"sy":46},{"frame":{"h":118,"w":35,"x":199,"y":1},"rotated":false,"sx":86,"sy":46},{"frame":{"h":118,"w":34,"x":310,"y":1},"rotated":false,"sx":86,"sy":46},{"frame":{"h":118,"w":35,"x":236,"y":1},"rotated":false,"sx":85,"sy":46},{"frame":{"h":118,"w":35,"x":273,"y":1},"rotated":false,"sx":85,"sy":46},{"frame":{"h":118,"w":37,"x":123,"y":1},"rotated":false,"sx":83,"sy":46}]},"2":{"frames":[{"frame":{"h":121,"w":34,"x":390,"y":1},"rotated":false,"sx":85,"sy":46},{"frame":{"h":121,"w":35,"x":316,"y":1},"rotated":false,"sx":84,"sy":46},{"frame":{"h":121,"w":36,"x":202,"y":1},"rotated":false,"sx":84,"sy":46},{"frame":{"h":121,"w":36,"x":240,"y":1},"rotated":false,"sx":85,"sy":46},{"frame":{"h":121,"w":36,"x":278,"y":1},"rotated":false,"sx":85,"sy":46},{"frame":{"h":121,"w":37,"x":163,"y":1},"rotated":false,"sx":85,"sy":46},{"frame":{"h":121,"w":38,"x":83,"y":1},"rotated":false,"sx":85,"sy":46},{"frame":{"h":121,"w":39,"x":1,"y":1},"rotated":false,"sx":85,"sy":46},{"frame":{"h":121,"w":39,"x":42,"y":1},"rotated":false,"sx":85,"sy":46},{"frame":{"h":121,"w":38,"x":123,"y":1},"rotated":false,"sx":85,"sy":46},{"frame":{"h":121,"w":35,"x":353,"y":1},"rotated":false,"sx":85,"sy":46},{"frame":{"h":121,"w":34,"x":426,"y":1},"rotated":false,"sx":85,"sy":46}]},"3":{"frames":[{"frame":{"h":122,"w":48,"x":211,"y":1},"rotated":false,"sx":79,"sy":45},{"frame":{"h":122,"w":49,"x":160,"y":1},"rotated":false,"sx":78,"sy":45},{"frame":{"h":122,"w":50,"x":108,"y":1},"rotated":false,"sx":78,"sy":45},{"frame":{"h":122,"w":51,"x":55,"y":1},"rotated":false,"sx":78,"sy":45},{"frame":{"h":122,"w":52,"x":1,"y":1},"rotated":false,"sx":78,"sy":45},{"frame":{"h":121,"w":52,"x":410,"y":1},"rotated":false,"sx":79,"sy":46},{"frame":{"h":121,"w":51,"x":464,"y":1},"rotated":false,"sx":80,"sy":46},{"frame":{"h":121,"w":51,"x":517,"y":1},"rotated":false,"sx":80,"sy":46},{"frame":{"h":121,"w":49,"x":570,"y":1},"rotated":false,"sx":81,"sy":46},{"frame":{"h":122,"w":48,"x":261,"y":1},"rotated":false,"sx":81,"sy":45},{"frame":{"h":122,"w":48,"x":311,"y":1},"rotated":false,"sx":80,"sy":45},{"frame":{"h":122,"w":47,"x":361,"y":1},"rotated":false,"sx":80,"sy":45}]},"7":{"frames":[{"frame":{"h":117,"w":48,"x":421,"y":1},"rotated":false,"sx":78,"sy":45},{"frame":{"h":117,"w":49,"x":370,"y":1},"rotated":false,"sx":78,"sy":45},{"frame":{"h":117,"w":50,"x":318,"y":1},"rotated":false,"sx":77,"sy":45},{"frame":{"h":117,"w":51,"x":265,"y":1},"rotated":false,"sx":76,"sy":45},{"frame":{"h":118,"w":51,"x":55,"y":1},"rotated":false,"sx":75,"sy":44},{"frame":{"h":118,"w":52,"x":1,"y":1},"rotated":false,"sx":74,"sy":44},{"frame":{"h":118,"w":51,"x":108,"y":1},"rotated":false,"sx":74,"sy":44},{"frame":{"h":118,"w":51,"x":161,"y":1},"rotated":false,"sx":74,"sy":44},{"frame":{"h":118,"w":49,"x":214,"y":1},"rotated":false,"sx":75,"sy":44},{"frame":{"h":117,"w":48,"x":471,"y":1},"rotated":false,"sx":76,"sy":45},{"frame":{"h":117,"w":47,"x":521,"y":1},"rotated":false,"sx":77,"sy":45},{"frame":{"h":117,"w":47,"x":570,"y":1},"rotated":false,"sx":78,"sy":45}]},"sh":205,"sw":205},"1":{"0":{"frames":[{"frame":{"h":120,"w":48,"x":229,"y":1},"rotated":false,"sx":76,"sy":44},{"frame":{"h":117,"w":50,"x":376,"y":1},"rotated":false,"sx":75,"sy":44},{"frame":{"h":120,"w":57,"x":170,"y":1},"rotated":false,"sx":72,"sy":44},{"frame":{"h":122,"w":62,"x":57,"y":1},"rotated":false,"sx":74,"sy":45},{"frame":{"h":124,"w":54,"x":1,"y":1},"rotated":false,"sx":77,"sy":44},{"frame":{"h":121,"w":47,"x":121,"y":1},"rotated":false,"sx":77,"sy":43},{"frame":{"h":118,"w":47,"x":327,"y":1},"rotated":false,"sx":80,"sy":43},{"frame":{"h":119,"w":46,"x":279,"y":1},"rotated":false,"sx":83,"sy":44}]},"1":{"frames":[{"frame":{"h":116,"w":54,"x":1,"y":117},"rotated":false,"sx":70,"sy":46},{"frame":{"h":115,"w":38,"x":172,"y":119},"rotated":false,"sx":86,"sy":46},{"frame":{"h":115,"w":56,"x":57,"y":119},"rotated":false,"sx":77,"sy":46},{"frame":{"h":114,"w":64,"x":1,"y":1},"rotated":false,"sx":70,"sy":47},{"frame":{"h":115,"w":55,"x":115,"y":121},"rotated":false,"sx":70,"sy":46},{"frame":{"h":118,"w":42,"x":125,"y":1},"rotated":false,"sx":81,"sy":44},{"frame":{"h":116,"w":42,"x":169,"y":1},"rotated":false,"sx":87,"sy":45},{"frame":{"h":116,"w":56,"x":67,"y":1},"rotated":false,"sx":77,"sy":46}]},"2":{"frames":[{"frame":{"h":119,"w":68,"x":177,"y":1},"rotated":false,"sx":70,"sy":47},{"frame":{"h":117,"w":56,"x":301,"y":1},"rotated":false,"sx":71,"sy":46},{"frame":{"h":120,"w":49,"x":126,"y":1},"rotated":false,"sx":80,"sy":47},{"frame":{"h":119,"w":52,"x":247,"y":1},"rotated":false,"sx":77,"sy":48},{"frame":{"h":117,"w":47,"x":359,"y":1},"rotated":false,"sx":75,"sy":47},{"frame":{"h":116,"w":39,"x":408,"y":1},"rotated":false,"sx":84,"sy":45},{"frame":{"h":122,"w":53,"x":71,"y":1},"rotated":false,"sx":76,"sy":46},{"frame":{"h":122,"w":68,"x":1,"y":1},"rotated":false,"sx":72,"sy":47}]},"3":{"frames":[{"frame":{"h":121,"w":60,"x":1,"y":129},"rotated":false,"sx":77,"sy":46},{"frame":{"h":116,"w":60,"x":165,"y":128},"rotated":false,"sx":71,"sy":46},{"frame":{"h":126,"w":57,"x":1,"y":1},"rotated":false,"sx":69,"sy":46},{"frame":{"h":125,"w":51,"x":115,"y":1},"rotated":false,"sx":71,"sy":48},{"frame":{"h":122,"w":49,"x":63,"y":128},"rotated":false,"sx":74,"sy":46},{"frame":{"h":119,"w":49,"x":114,"y":128},"rotated":false,"sx":76,"sy":45},{"frame":{"h":125,"w":53,"x":60,"y":1},"rotated":false,"sx":77,"sy":45},{"frame":{"h":124,"w":53,"x":168,"y":1},"rotated":false,"sx":81,"sy":47}]},"7":{"frames":[{"frame":{"h":125,"w":60,"x":1,"y":1},"rotated":false,"sx":68,"sy":44},{"frame":{"h":117,"w":60,"x":1,"y":128},"rotated":false,"sx":74,"sy":44},{"frame":{"h":121,"w":57,"x":63,"y":1},"rotated":false,"sx":79,"sy":44},{"frame":{"h":124,"w":52,"x":119,"y":124},"rotated":false,"sx":82,"sy":45},{"frame":{"h":124,"w":49,"x":173,"y":124},"rotated":false,"sx":82,"sy":45},{"frame":{"h":119,"w":49,"x":177,"y":1},"rotated":false,"sx":80,"sy":44},{"frame":{"h":121,"w":53,"x":122,"y":1},"rotated":false,"sx":75,"sy":43},{"frame":{"h":123,"w":54,"x":63,"y":124},"rotated":false,"sx":70,"sy":44}]},"sh":205,"sw":205}}