{"0":{"0":{"frames":[{"frame":{"h":116,"w":44,"x":190,"y":119},"rotated":false,"sx":80,"sy":45},{"frame":{"h":116,"w":45,"x":190,"y":1},"rotated":false,"sx":79,"sy":45},{"frame":{"h":116,"w":46,"x":1,"y":121},"rotated":false,"sx":79,"sy":45},{"frame":{"h":116,"w":46,"x":49,"y":121},"rotated":false,"sx":79,"sy":45},{"frame":{"h":117,"w":46,"x":96,"y":1},"rotated":false,"sx":79,"sy":45},{"frame":{"h":117,"w":46,"x":97,"y":120},"rotated":false,"sx":79,"sy":45},{"frame":{"h":118,"w":46,"x":1,"y":1},"rotated":false,"sx":79,"sy":44},{"frame":{"h":118,"w":45,"x":49,"y":1},"rotated":false,"sx":80,"sy":44},{"frame":{"h":117,"w":44,"x":144,"y":1},"rotated":false,"sx":80,"sy":45},{"frame":{"h":117,"w":43,"x":145,"y":120},"rotated":false,"sx":81,"sy":45},{"frame":{"h":116,"w":43,"x":237,"y":1},"rotated":false,"sx":81,"sy":45},{"frame":{"h":116,"w":44,"x":236,"y":119},"rotated":false,"sx":80,"sy":45}]},"1":{"frames":[{"frame":{"h":120,"w":37,"x":174,"y":123},"rotated":false,"sx":83,"sy":44},{"frame":{"h":120,"w":38,"x":174,"y":1},"rotated":false,"sx":82,"sy":44},{"frame":{"h":120,"w":39,"x":133,"y":124},"rotated":false,"sx":81,"sy":44},{"frame":{"h":120,"w":40,"x":91,"y":1},"rotated":false,"sx":81,"sy":44},{"frame":{"h":120,"w":42,"x":46,"y":123},"rotated":false,"sx":80,"sy":44},{"frame":{"h":120,"w":43,"x":1,"y":124},"rotated":false,"sx":79,"sy":44},{"frame":{"h":120,"w":43,"x":46,"y":1},"rotated":false,"sx":79,"sy":44},{"frame":{"h":121,"w":43,"x":1,"y":1},"rotated":false,"sx":79,"sy":43},{"frame":{"h":121,"w":41,"x":90,"y":123},"rotated":false,"sx":80,"sy":43},{"frame":{"h":121,"w":39,"x":133,"y":1},"rotated":false,"sx":82,"sy":43},{"frame":{"h":121,"w":37,"x":214,"y":1},"rotated":false,"sx":83,"sy":43},{"frame":{"h":120,"w":37,"x":213,"y":124},"rotated":false,"sx":83,"sy":44}]},"2":{"frames":[{"frame":{"h":125,"w":35,"x":192,"y":1},"rotated":false,"sx":83,"sy":42},{"frame":{"h":125,"w":36,"x":40,"y":1},"rotated":false,"sx":82,"sy":42},{"frame":{"h":125,"w":36,"x":78,"y":1},"rotated":false,"sx":82,"sy":42},{"frame":{"h":125,"w":36,"x":116,"y":1},"rotated":false,"sx":82,"sy":42},{"frame":{"h":124,"w":38,"x":337,"y":1},"rotated":false,"sx":81,"sy":43},{"frame":{"h":124,"w":38,"x":377,"y":1},"rotated":false,"sx":81,"sy":43},{"frame":{"h":124,"w":37,"x":417,"y":1},"rotated":false,"sx":82,"sy":43},{"frame":{"h":125,"w":37,"x":1,"y":1},"rotated":false,"sx":82,"sy":42},{"frame":{"h":125,"w":36,"x":154,"y":1},"rotated":false,"sx":83,"sy":42},{"frame":{"h":125,"w":34,"x":229,"y":1},"rotated":false,"sx":84,"sy":42},{"frame":{"h":125,"w":34,"x":265,"y":1},"rotated":false,"sx":84,"sy":42},{"frame":{"h":125,"w":34,"x":301,"y":1},"rotated":false,"sx":84,"sy":42}]},"3":{"frames":[{"frame":{"h":126,"w":45,"x":98,"y":1},"rotated":false,"sx":79,"sy":41},{"frame":{"h":126,"w":46,"x":50,"y":1},"rotated":false,"sx":78,"sy":41},{"frame":{"h":126,"w":47,"x":1,"y":1},"rotated":false,"sx":78,"sy":41},{"frame":{"h":125,"w":47,"x":338,"y":1},"rotated":false,"sx":78,"sy":42},{"frame":{"h":125,"w":48,"x":238,"y":1},"rotated":false,"sx":78,"sy":42},{"frame":{"h":125,"w":48,"x":288,"y":1},"rotated":false,"sx":79,"sy":42},{"frame":{"h":125,"w":47,"x":387,"y":1},"rotated":false,"sx":80,"sy":42},{"frame":{"h":125,"w":47,"x":436,"y":1},"rotated":false,"sx":80,"sy":42},{"frame":{"h":125,"w":45,"x":485,"y":1},"rotated":false,"sx":81,"sy":42},{"frame":{"h":125,"w":45,"x":532,"y":1},"rotated":false,"sx":81,"sy":42},{"frame":{"h":126,"w":45,"x":145,"y":1},"rotated":false,"sx":80,"sy":41},{"frame":{"h":126,"w":44,"x":192,"y":1},"rotated":false,"sx":80,"sy":41}]},"7":{"frames":[{"frame":{"h":117,"w":45,"x":392,"y":1},"rotated":false,"sx":81,"sy":45},{"frame":{"h":117,"w":46,"x":344,"y":1},"rotated":false,"sx":81,"sy":45},{"frame":{"h":117,"w":47,"x":246,"y":1},"rotated":false,"sx":80,"sy":45},{"frame":{"h":117,"w":47,"x":295,"y":1},"rotated":false,"sx":80,"sy":45},{"frame":{"h":118,"w":47,"x":51,"y":1},"rotated":false,"sx":79,"sy":44},{"frame":{"h":118,"w":48,"x":1,"y":1},"rotated":false,"sx":78,"sy":44},{"frame":{"h":118,"w":47,"x":100,"y":1},"rotated":false,"sx":78,"sy":44},{"frame":{"h":118,"w":47,"x":149,"y":1},"rotated":false,"sx":78,"sy":44},{"frame":{"h":118,"w":46,"x":198,"y":1},"rotated":false,"sx":78,"sy":44},{"frame":{"h":117,"w":45,"x":439,"y":1},"rotated":false,"sx":79,"sy":45},{"frame":{"h":117,"w":44,"x":486,"y":1},"rotated":false,"sx":80,"sy":45},{"frame":{"h":117,"w":44,"x":532,"y":1},"rotated":false,"sx":81,"sy":45}]},"sh":205,"sw":205},"1":{"0":{"frames":[{"frame":{"h":119,"w":50,"x":66,"y":1},"rotated":false,"sx":76,"sy":45},{"frame":{"h":117,"w":45,"x":164,"y":121},"rotated":false,"sx":81,"sy":44},{"frame":{"h":120,"w":54,"x":60,"y":125},"rotated":false,"sx":75,"sy":44},{"frame":{"h":122,"w":63,"x":1,"y":1},"rotated":false,"sx":73,"sy":45},{"frame":{"h":124,"w":57,"x":1,"y":125},"rotated":false,"sx":74,"sy":44},{"frame":{"h":121,"w":46,"x":116,"y":122},"rotated":false,"sx":78,"sy":43},{"frame":{"h":118,"w":42,"x":166,"y":1},"rotated":false,"sx":84,"sy":43},{"frame":{"h":118,"w":46,"x":118,"y":1},"rotated":false,"sx":82,"sy":45}]},"1":{"frames":[{"frame":{"h":118,"w":53,"x":206,"y":1},"rotated":false,"sx":70,"sy":44},{"frame":{"h":118,"w":38,"x":261,"y":1},"rotated":false,"sx":85,"sy":44},{"frame":{"h":117,"w":50,"x":301,"y":1},"rotated":false,"sx":83,"sy":44},{"frame":{"h":116,"w":63,"x":353,"y":1},"rotated":false,"sx":70,"sy":45},{"frame":{"h":118,"w":55,"x":149,"y":1},"rotated":false,"sx":70,"sy":43},{"frame":{"h":120,"w":40,"x":1,"y":1},"rotated":false,"sx":83,"sy":42},{"frame":{"h":119,"w":46,"x":43,"y":1},"rotated":false,"sx":83,"sy":43},{"frame":{"h":118,"w":56,"x":91,"y":1},"rotated":false,"sx":77,"sy":44}]},"2":{"frames":[{"frame":{"h":123,"w":62,"x":170,"y":1},"rotated":false,"sx":70,"sy":43},{"frame":{"h":120,"w":52,"x":336,"y":1},"rotated":false,"sx":71,"sy":43},{"frame":{"h":124,"w":49,"x":119,"y":1},"rotated":false,"sx":80,"sy":43},{"frame":{"h":123,"w":52,"x":234,"y":1},"rotated":false,"sx":77,"sy":44},{"frame":{"h":121,"w":46,"x":288,"y":1},"rotated":false,"sx":76,"sy":43},{"frame":{"h":120,"w":38,"x":390,"y":1},"rotated":false,"sx":83,"sy":41},{"frame":{"h":126,"w":51,"x":1,"y":1},"rotated":false,"sx":76,"sy":42},{"frame":{"h":125,"w":63,"x":54,"y":1},"rotated":false,"sx":72,"sy":44}]},"3":{"frames":[{"frame":{"h":124,"w":56,"x":1,"y":254},"rotated":false,"sx":77,"sy":43},{"frame":{"h":120,"w":60,"x":1,"y":1},"rotated":false,"sx":71,"sy":42},{"frame":{"h":129,"w":58,"x":1,"y":123},"rotated":false,"sx":69,"sy":43},{"frame":{"h":129,"w":52,"x":1,"y":510},"rotated":false,"sx":71,"sy":44},{"frame":{"h":125,"w":50,"x":1,"y":896},"rotated":false,"sx":74,"sy":43},{"frame":{"h":123,"w":52,"x":1,"y":771},"rotated":false,"sx":76,"sy":41},{"frame":{"h":128,"w":55,"x":1,"y":380},"rotated":false,"sx":77,"sy":42},{"frame":{"h":128,"w":52,"x":1,"y":641},"rotated":false,"sx":81,"sy":43}]},"7":{"frames":[{"frame":{"h":126,"w":56,"x":1,"y":1},"rotated":false,"sx":72,"sy":43},{"frame":{"h":118,"w":60,"x":165,"y":1},"rotated":false,"sx":74,"sy":43},{"frame":{"h":122,"w":58,"x":112,"y":128},"rotated":false,"sx":78,"sy":43},{"frame":{"h":125,"w":52,"x":59,"y":1},"rotated":false,"sx":82,"sy":44},{"frame":{"h":125,"w":50,"x":113,"y":1},"rotated":false,"sx":81,"sy":44},{"frame":{"h":120,"w":52,"x":58,"y":129},"rotated":false,"sx":77,"sy":43},{"frame":{"h":121,"w":55,"x":1,"y":129},"rotated":false,"sx":73,"sy":43},{"frame":{"h":123,"w":52,"x":172,"y":121},"rotated":false,"sx":72,"sy":44}]},"sh":205,"sw":205}}