{"0":{"0":{"frames":[{"frame":{"h":116,"w":62,"x":206,"y":1},"rotated":false,"sx":67,"sy":45},{"frame":{"h":116,"w":60,"x":269,"y":119},"rotated":false,"sx":68,"sy":45},{"frame":{"h":116,"w":59,"x":331,"y":119},"rotated":false,"sx":69,"sy":45},{"frame":{"h":116,"w":59,"x":332,"y":1},"rotated":false,"sx":69,"sy":45},{"frame":{"h":116,"w":60,"x":270,"y":1},"rotated":false,"sx":69,"sy":45},{"frame":{"h":116,"w":61,"x":206,"y":119},"rotated":false,"sx":69,"sy":45},{"frame":{"h":116,"w":64,"x":140,"y":119},"rotated":false,"sx":68,"sy":45},{"frame":{"h":117,"w":66,"x":1,"y":1},"rotated":false,"sx":67,"sy":45},{"frame":{"h":116,"w":68,"x":1,"y":120},"rotated":false,"sx":66,"sy":45},{"frame":{"h":116,"w":68,"x":69,"y":1},"rotated":false,"sx":66,"sy":45},{"frame":{"h":116,"w":67,"x":71,"y":119},"rotated":false,"sx":66,"sy":45},{"frame":{"h":116,"w":65,"x":139,"y":1},"rotated":false,"sx":66,"sy":45}]},"1":{"frames":[{"frame":{"h":120,"w":51,"x":172,"y":123},"rotated":false,"sx":69,"sy":44},{"frame":{"h":120,"w":50,"x":225,"y":123},"rotated":false,"sx":70,"sy":44},{"frame":{"h":120,"w":50,"x":226,"y":1},"rotated":false,"sx":70,"sy":44},{"frame":{"h":120,"w":50,"x":277,"y":123},"rotated":false,"sx":70,"sy":44},{"frame":{"h":120,"w":50,"x":278,"y":1},"rotated":false,"sx":70,"sy":44},{"frame":{"h":120,"w":51,"x":173,"y":1},"rotated":false,"sx":69,"sy":44},{"frame":{"h":120,"w":53,"x":118,"y":1},"rotated":false,"sx":67,"sy":44},{"frame":{"h":120,"w":54,"x":60,"y":123},"rotated":false,"sx":66,"sy":44},{"frame":{"h":121,"w":57,"x":1,"y":1},"rotated":false,"sx":65,"sy":43},{"frame":{"h":120,"w":57,"x":1,"y":124},"rotated":false,"sx":65,"sy":44},{"frame":{"h":120,"w":56,"x":60,"y":1},"rotated":false,"sx":66,"sy":44},{"frame":{"h":120,"w":54,"x":116,"y":123},"rotated":false,"sx":67,"sy":44}]},"2":{"frames":[{"frame":{"h":126,"w":49,"x":276,"y":128},"rotated":false,"sx":71,"sy":41},{"frame":{"h":125,"w":49,"x":277,"y":1},"rotated":false,"sx":71,"sy":42},{"frame":{"h":125,"w":50,"x":224,"y":128},"rotated":false,"sx":71,"sy":42},{"frame":{"h":125,"w":51,"x":224,"y":1},"rotated":false,"sx":70,"sy":42},{"frame":{"h":125,"w":52,"x":170,"y":129},"rotated":false,"sx":70,"sy":42},{"frame":{"h":125,"w":53,"x":115,"y":129},"rotated":false,"sx":69,"sy":42},{"frame":{"h":125,"w":54,"x":59,"y":1},"rotated":false,"sx":68,"sy":42},{"frame":{"h":125,"w":55,"x":1,"y":128},"rotated":false,"sx":68,"sy":42},{"frame":{"h":125,"w":56,"x":1,"y":1},"rotated":false,"sx":67,"sy":42},{"frame":{"h":125,"w":55,"x":58,"y":128},"rotated":false,"sx":67,"sy":42},{"frame":{"h":126,"w":53,"x":115,"y":1},"rotated":false,"sx":68,"sy":41},{"frame":{"h":126,"w":52,"x":170,"y":1},"rotated":false,"sx":69,"sy":41}]},"3":{"frames":[{"frame":{"h":127,"w":59,"x":66,"y":388},"rotated":false,"sx":73,"sy":40},{"frame":{"h":127,"w":57,"x":68,"y":1},"rotated":false,"sx":74,"sy":40},{"frame":{"h":127,"w":56,"x":68,"y":259},"rotated":false,"sx":74,"sy":40},{"frame":{"h":127,"w":57,"x":68,"y":130},"rotated":false,"sx":73,"sy":40},{"frame":{"h":127,"w":58,"x":1,"y":645},"rotated":false,"sx":72,"sy":40},{"frame":{"h":126,"w":60,"x":65,"y":517},"rotated":false,"sx":71,"sy":41},{"frame":{"h":126,"w":62,"x":61,"y":645},"rotated":false,"sx":70,"sy":41},{"frame":{"h":126,"w":65,"x":1,"y":259},"rotated":false,"sx":68,"sy":41},{"frame":{"h":127,"w":65,"x":1,"y":1},"rotated":false,"sx":68,"sy":40},{"frame":{"h":127,"w":65,"x":1,"y":130},"rotated":false,"sx":68,"sy":40},{"frame":{"h":127,"w":63,"x":1,"y":387},"rotated":false,"sx":70,"sy":40},{"frame":{"h":127,"w":62,"x":1,"y":516},"rotated":false,"sx":71,"sy":40}]},"7":{"frames":[{"frame":{"h":118,"w":59,"x":458,"y":1},"rotated":false,"sx":73,"sy":44},{"frame":{"h":118,"w":57,"x":519,"y":1},"rotated":false,"sx":74,"sy":44},{"frame":{"h":118,"w":56,"x":637,"y":1},"rotated":false,"sx":75,"sy":44},{"frame":{"h":118,"w":56,"x":695,"y":1},"rotated":false,"sx":75,"sy":44},{"frame":{"h":118,"w":57,"x":578,"y":1},"rotated":false,"sx":75,"sy":44},{"frame":{"h":118,"w":60,"x":396,"y":1},"rotated":false,"sx":74,"sy":44},{"frame":{"h":118,"w":62,"x":268,"y":1},"rotated":false,"sx":73,"sy":44},{"frame":{"h":118,"w":65,"x":69,"y":1},"rotated":false,"sx":72,"sy":44},{"frame":{"h":118,"w":65,"x":136,"y":1},"rotated":false,"sx":72,"sy":44},{"frame":{"h":118,"w":66,"x":1,"y":1},"rotated":false,"sx":71,"sy":44},{"frame":{"h":118,"w":63,"x":203,"y":1},"rotated":false,"sx":72,"sy":44},{"frame":{"h":118,"w":62,"x":332,"y":1},"rotated":false,"sx":72,"sy":44}]},"sh":205,"sw":205},"1":{"0":{"frames":[{"frame":{"h":120,"w":65,"x":140,"y":1},"rotated":false,"sx":66,"sy":44},{"frame":{"h":117,"w":70,"x":1,"y":123},"rotated":false,"sx":64,"sy":44},{"frame":{"h":120,"w":70,"x":1,"y":1},"rotated":false,"sx":67,"sy":44},{"frame":{"h":122,"w":65,"x":73,"y":1},"rotated":false,"sx":71,"sy":45},{"frame":{"h":124,"w":60,"x":207,"y":1},"rotated":false,"sx":71,"sy":44},{"frame":{"h":121,"w":59,"x":141,"y":123},"rotated":false,"sx":65,"sy":43},{"frame":{"h":118,"w":65,"x":202,"y":127},"rotated":false,"sx":62,"sy":43},{"frame":{"h":119,"w":66,"x":73,"y":125},"rotated":false,"sx":63,"sy":44}]},"1":{"frames":[{"frame":{"h":118,"w":61,"x":143,"y":1},"rotated":false,"sx":62,"sy":44},{"frame":{"h":119,"w":67,"x":72,"y":123},"rotated":false,"sx":59,"sy":43},{"frame":{"h":117,"w":73,"x":206,"y":1},"rotated":false,"sx":60,"sy":44},{"frame":{"h":117,"w":72,"x":207,"y":120},"rotated":false,"sx":62,"sy":44},{"frame":{"h":118,"w":64,"x":141,"y":121},"rotated":false,"sx":61,"sy":43},{"frame":{"h":120,"w":70,"x":1,"y":1},"rotated":false,"sx":59,"sy":42},{"frame":{"h":119,"w":69,"x":1,"y":123},"rotated":false,"sx":62,"sy":42},{"frame":{"h":118,"w":68,"x":73,"y":1},"rotated":false,"sx":65,"sy":44}]},"2":{"frames":[{"frame":{"h":124,"w":62,"x":210,"y":125},"rotated":false,"sx":70,"sy":42},{"frame":{"h":121,"w":59,"x":214,"y":1},"rotated":false,"sx":64,"sy":42},{"frame":{"h":125,"w":69,"x":74,"y":1},"rotated":false,"sx":60,"sy":42},{"frame":{"h":124,"w":68,"x":73,"y":130},"rotated":false,"sx":61,"sy":43},{"frame":{"h":122,"w":67,"x":145,"y":1},"rotated":false,"sx":64,"sy":42},{"frame":{"h":121,"w":70,"x":1,"y":130},"rotated":false,"sx":65,"sy":40},{"frame":{"h":127,"w":71,"x":1,"y":1},"rotated":false,"sx":67,"sy":41},{"frame":{"h":126,"w":65,"x":143,"y":128},"rotated":false,"sx":72,"sy":43}]},"3":{"frames":[{"frame":{"h":126,"w":67,"x":1,"y":130},"rotated":false,"sx":73,"sy":41},{"frame":{"h":122,"w":66,"x":69,"y":264},"rotated":false,"sx":70,"sy":40},{"frame":{"h":131,"w":62,"x":137,"y":1},"rotated":false,"sx":66,"sy":41},{"frame":{"h":130,"w":65,"x":70,"y":1},"rotated":false,"sx":63,"sy":43},{"frame":{"h":127,"w":67,"x":1,"y":1},"rotated":false,"sx":64,"sy":41},{"frame":{"h":124,"w":66,"x":1,"y":258},"rotated":false,"sx":68,"sy":40},{"frame":{"h":130,"w":62,"x":137,"y":134},"rotated":false,"sx":76,"sy":40},{"frame":{"h":129,"w":65,"x":70,"y":133},"rotated":false,"sx":76,"sy":42}]},"7":{"frames":[{"frame":{"h":126,"w":67,"x":1,"y":1},"rotated":false,"sx":65,"sy":43},{"frame":{"h":118,"w":66,"x":68,"y":383},"rotated":false,"sx":69,"sy":43},{"frame":{"h":122,"w":62,"x":70,"y":1},"rotated":false,"sx":77,"sy":43},{"frame":{"h":125,"w":65,"x":69,"y":256},"rotated":false,"sx":77,"sy":44},{"frame":{"h":125,"w":67,"x":1,"y":129},"rotated":false,"sx":74,"sy":44},{"frame":{"h":120,"w":66,"x":1,"y":256},"rotated":false,"sx":71,"sy":43},{"frame":{"h":120,"w":62,"x":70,"y":125},"rotated":false,"sx":67,"sy":43},{"frame":{"h":123,"w":65,"x":1,"y":378},"rotated":false,"sx":64,"sy":44}]},"sh":205,"sw":205}}