{"0":{"0":{"frames":[{"frame":{"h":117,"w":43,"x":477,"y":1},"rotated":false,"sx":80,"sy":44},{"frame":{"h":117,"w":45,"x":291,"y":1},"rotated":false,"sx":79,"sy":44},{"frame":{"h":117,"w":45,"x":338,"y":1},"rotated":false,"sx":79,"sy":44},{"frame":{"h":117,"w":46,"x":99,"y":1},"rotated":false,"sx":79,"sy":44},{"frame":{"h":117,"w":46,"x":147,"y":1},"rotated":false,"sx":79,"sy":44},{"frame":{"h":117,"w":47,"x":1,"y":1},"rotated":false,"sx":79,"sy":44},{"frame":{"h":117,"w":47,"x":50,"y":1},"rotated":false,"sx":79,"sy":44},{"frame":{"h":117,"w":46,"x":195,"y":1},"rotated":false,"sx":79,"sy":44},{"frame":{"h":117,"w":46,"x":243,"y":1},"rotated":false,"sx":79,"sy":44},{"frame":{"h":117,"w":44,"x":385,"y":1},"rotated":false,"sx":80,"sy":44},{"frame":{"h":117,"w":44,"x":431,"y":1},"rotated":false,"sx":80,"sy":44},{"frame":{"h":117,"w":43,"x":522,"y":1},"rotated":false,"sx":80,"sy":44}]},"1":{"frames":[{"frame":{"h":120,"w":43,"x":252,"y":1},"rotated":false,"sx":79,"sy":44},{"frame":{"h":119,"w":42,"x":536,"y":1},"rotated":false,"sx":80,"sy":45},{"frame":{"h":119,"w":43,"x":491,"y":1},"rotated":false,"sx":79,"sy":45},{"frame":{"h":119,"w":46,"x":443,"y":1},"rotated":false,"sx":77,"sy":45},{"frame":{"h":119,"w":48,"x":393,"y":1},"rotated":false,"sx":76,"sy":45},{"frame":{"h":119,"w":49,"x":342,"y":1},"rotated":false,"sx":76,"sy":45},{"frame":{"h":120,"w":50,"x":1,"y":1},"rotated":false,"sx":75,"sy":44},{"frame":{"h":120,"w":50,"x":53,"y":1},"rotated":false,"sx":75,"sy":44},{"frame":{"h":120,"w":50,"x":105,"y":1},"rotated":false,"sx":75,"sy":44},{"frame":{"h":120,"w":47,"x":157,"y":1},"rotated":false,"sx":77,"sy":44},{"frame":{"h":120,"w":44,"x":206,"y":1},"rotated":false,"sx":79,"sy":44},{"frame":{"h":120,"w":43,"x":297,"y":1},"rotated":false,"sx":79,"sy":44}]},"2":{"frames":[{"frame":{"h":122,"w":43,"x":190,"y":1},"rotated":false,"sx":79,"sy":45},{"frame":{"h":122,"w":43,"x":235,"y":1},"rotated":false,"sx":79,"sy":45},{"frame":{"h":122,"w":43,"x":235,"y":125},"rotated":false,"sx":79,"sy":45},{"frame":{"h":122,"w":44,"x":144,"y":1},"rotated":false,"sx":79,"sy":45},{"frame":{"h":122,"w":45,"x":96,"y":125},"rotated":false,"sx":79,"sy":45},{"frame":{"h":122,"w":46,"x":1,"y":1},"rotated":false,"sx":79,"sy":45},{"frame":{"h":122,"w":46,"x":1,"y":125},"rotated":false,"sx":79,"sy":45},{"frame":{"h":122,"w":46,"x":49,"y":1},"rotated":false,"sx":79,"sy":45},{"frame":{"h":122,"w":45,"x":97,"y":1},"rotated":false,"sx":79,"sy":45},{"frame":{"h":123,"w":45,"x":49,"y":125},"rotated":false,"sx":79,"sy":44},{"frame":{"h":123,"w":44,"x":143,"y":125},"rotated":false,"sx":79,"sy":44},{"frame":{"h":123,"w":44,"x":189,"y":125},"rotated":false,"sx":79,"sy":44}]},"3":{"frames":[{"frame":{"h":122,"w":45,"x":245,"y":1},"rotated":false,"sx":79,"sy":45},{"frame":{"h":122,"w":46,"x":149,"y":1},"rotated":false,"sx":78,"sy":45},{"frame":{"h":122,"w":47,"x":51,"y":1},"rotated":false,"sx":78,"sy":45},{"frame":{"h":121,"w":47,"x":542,"y":1},"rotated":false,"sx":78,"sy":46},{"frame":{"h":121,"w":48,"x":492,"y":1},"rotated":false,"sx":78,"sy":46},{"frame":{"h":121,"w":49,"x":339,"y":1},"rotated":false,"sx":78,"sy":46},{"frame":{"h":121,"w":49,"x":390,"y":1},"rotated":false,"sx":78,"sy":46},{"frame":{"h":121,"w":49,"x":441,"y":1},"rotated":false,"sx":78,"sy":46},{"frame":{"h":122,"w":48,"x":1,"y":1},"rotated":false,"sx":78,"sy":45},{"frame":{"h":122,"w":47,"x":100,"y":1},"rotated":false,"sx":79,"sy":45},{"frame":{"h":122,"w":46,"x":197,"y":1},"rotated":false,"sx":79,"sy":45},{"frame":{"h":122,"w":45,"x":292,"y":1},"rotated":false,"sx":79,"sy":45}]},"7":{"frames":[{"frame":{"h":117,"w":45,"x":500,"y":1},"rotated":false,"sx":81,"sy":44},{"frame":{"h":117,"w":47,"x":256,"y":1},"rotated":false,"sx":80,"sy":44},{"frame":{"h":117,"w":47,"x":305,"y":1},"rotated":false,"sx":80,"sy":44},{"frame":{"h":117,"w":47,"x":354,"y":1},"rotated":false,"sx":80,"sy":44},{"frame":{"h":117,"w":48,"x":206,"y":1},"rotated":false,"sx":79,"sy":44},{"frame":{"h":117,"w":49,"x":53,"y":1},"rotated":false,"sx":78,"sy":44},{"frame":{"h":117,"w":50,"x":1,"y":1},"rotated":false,"sx":78,"sy":44},{"frame":{"h":117,"w":49,"x":104,"y":1},"rotated":false,"sx":78,"sy":44},{"frame":{"h":117,"w":49,"x":155,"y":1},"rotated":false,"sx":78,"sy":44},{"frame":{"h":117,"w":47,"x":403,"y":1},"rotated":false,"sx":79,"sy":44},{"frame":{"h":117,"w":46,"x":452,"y":1},"rotated":false,"sx":80,"sy":44},{"frame":{"h":117,"w":45,"x":547,"y":1},"rotated":false,"sx":80,"sy":44}]},"sh":205,"sw":205},"1":{"0":{"frames":[{"frame":{"h":120,"w":49,"x":117,"y":122},"rotated":false,"sx":77,"sy":44},{"frame":{"h":118,"w":46,"x":171,"y":1},"rotated":false,"sx":80,"sy":43},{"frame":{"h":121,"w":54,"x":61,"y":126},"rotated":false,"sx":75,"sy":43},{"frame":{"h":123,"w":64,"x":1,"y":1},"rotated":false,"sx":72,"sy":44},{"frame":{"h":125,"w":58,"x":1,"y":126},"rotated":false,"sx":74,"sy":43},{"frame":{"h":122,"w":47,"x":168,"y":122},"rotated":false,"sx":77,"sy":42},{"frame":{"h":119,"w":48,"x":121,"y":1},"rotated":false,"sx":78,"sy":42},{"frame":{"h":119,"w":52,"x":67,"y":1},"rotated":false,"sx":76,"sy":44}]},"1":{"frames":[{"frame":{"h":117,"w":54,"x":108,"y":121},"rotated":false,"sx":71,"sy":45},{"frame":{"h":118,"w":48,"x":174,"y":1},"rotated":false,"sx":78,"sy":44},{"frame":{"h":117,"w":55,"x":65,"y":1},"rotated":false,"sx":78,"sy":44},{"frame":{"h":116,"w":62,"x":1,"y":1},"rotated":false,"sx":72,"sy":45},{"frame":{"h":117,"w":54,"x":164,"y":121},"rotated":false,"sx":71,"sy":44},{"frame":{"h":119,"w":48,"x":1,"y":119},"rotated":false,"sx":78,"sy":43},{"frame":{"h":118,"w":50,"x":122,"y":1},"rotated":false,"sx":79,"sy":43},{"frame":{"h":117,"w":55,"x":51,"y":120},"rotated":false,"sx":78,"sy":45}]},"2":{"frames":[{"frame":{"h":120,"w":63,"x":156,"y":124},"rotated":false,"sx":69,"sy":46},{"frame":{"h":118,"w":53,"x":1,"y":127},"rotated":false,"sx":70,"sy":45},{"frame":{"h":121,"w":51,"x":120,"y":1},"rotated":false,"sx":78,"sy":46},{"frame":{"h":120,"w":52,"x":173,"y":1},"rotated":false,"sx":77,"sy":47},{"frame":{"h":119,"w":51,"x":56,"y":126},"rotated":false,"sx":76,"sy":45},{"frame":{"h":117,"w":45,"x":109,"y":126},"rotated":false,"sx":81,"sy":44},{"frame":{"h":124,"w":52,"x":1,"y":1},"rotated":false,"sx":76,"sy":44},{"frame":{"h":123,"w":63,"x":55,"y":1},"rotated":false,"sx":72,"sy":46}]},"3":{"frames":[{"frame":{"h":120,"w":57,"x":1,"y":128},"rotated":false,"sx":76,"sy":47},{"frame":{"h":116,"w":61,"x":115,"y":128},"rotated":false,"sx":70,"sy":46},{"frame":{"h":125,"w":59,"x":1,"y":1},"rotated":false,"sx":69,"sy":47},{"frame":{"h":125,"w":57,"x":62,"y":1},"rotated":false,"sx":70,"sy":48},{"frame":{"h":121,"w":54,"x":178,"y":127},"rotated":false,"sx":74,"sy":47},{"frame":{"h":119,"w":53,"x":60,"y":128},"rotated":false,"sx":76,"sy":45},{"frame":{"h":124,"w":55,"x":121,"y":1},"rotated":false,"sx":77,"sy":46},{"frame":{"h":124,"w":54,"x":178,"y":1},"rotated":false,"sx":80,"sy":47}]},"7":{"frames":[{"frame":{"h":125,"w":57,"x":1,"y":243},"rotated":false,"sx":72,"sy":44},{"frame":{"h":117,"w":60,"x":1,"y":1},"rotated":false,"sx":74,"sy":43},{"frame":{"h":121,"w":59,"x":1,"y":120},"rotated":false,"sx":77,"sy":44},{"frame":{"h":123,"w":57,"x":1,"y":370},"rotated":false,"sx":78,"sy":45},{"frame":{"h":125,"w":54,"x":62,"y":123},"rotated":false,"sx":77,"sy":44},{"frame":{"h":120,"w":53,"x":63,"y":1},"rotated":false,"sx":76,"sy":43},{"frame":{"h":120,"w":55,"x":60,"y":250},"rotated":false,"sx":73,"sy":43},{"frame":{"h":123,"w":54,"x":60,"y":372},"rotated":false,"sx":71,"sy":44}]},"sh":205,"sw":205}}