{"0":{"0":{"frames":[{"frame":{"h":115,"w":40,"x":488,"y":1},"rotated":false,"sx":80,"sy":46},{"frame":{"h":115,"w":42,"x":444,"y":1},"rotated":false,"sx":79,"sy":46},{"frame":{"h":115,"w":43,"x":399,"y":1},"rotated":false,"sx":79,"sy":46},{"frame":{"h":116,"w":43,"x":139,"y":1},"rotated":false,"sx":79,"sy":45},{"frame":{"h":116,"w":44,"x":1,"y":1},"rotated":false,"sx":79,"sy":45},{"frame":{"h":116,"w":44,"x":47,"y":1},"rotated":false,"sx":79,"sy":45},{"frame":{"h":116,"w":44,"x":93,"y":1},"rotated":false,"sx":79,"sy":45},{"frame":{"h":116,"w":43,"x":184,"y":1},"rotated":false,"sx":79,"sy":45},{"frame":{"h":116,"w":43,"x":229,"y":1},"rotated":false,"sx":79,"sy":45},{"frame":{"h":116,"w":40,"x":274,"y":1},"rotated":false,"sx":81,"sy":45},{"frame":{"h":116,"w":39,"x":358,"y":1},"rotated":false,"sx":81,"sy":45},{"frame":{"h":116,"w":40,"x":316,"y":1},"rotated":false,"sx":80,"sy":45}]},"1":{"frames":[{"frame":{"h":120,"w":40,"x":230,"y":1},"rotated":false,"sx":80,"sy":44},{"frame":{"h":119,"w":41,"x":451,"y":1},"rotated":false,"sx":79,"sy":45},{"frame":{"h":119,"w":41,"x":494,"y":1},"rotated":false,"sx":79,"sy":45},{"frame":{"h":119,"w":43,"x":406,"y":1},"rotated":false,"sx":77,"sy":45},{"frame":{"h":119,"w":44,"x":314,"y":1},"rotated":false,"sx":76,"sy":45},{"frame":{"h":119,"w":44,"x":360,"y":1},"rotated":false,"sx":76,"sy":45},{"frame":{"h":120,"w":45,"x":1,"y":1},"rotated":false,"sx":75,"sy":44},{"frame":{"h":120,"w":45,"x":48,"y":1},"rotated":false,"sx":75,"sy":44},{"frame":{"h":120,"w":45,"x":95,"y":1},"rotated":false,"sx":75,"sy":44},{"frame":{"h":120,"w":43,"x":142,"y":1},"rotated":false,"sx":77,"sy":44},{"frame":{"h":120,"w":41,"x":187,"y":1},"rotated":false,"sx":79,"sy":44},{"frame":{"h":120,"w":40,"x":272,"y":1},"rotated":false,"sx":80,"sy":44}]},"2":{"frames":[{"frame":{"h":124,"w":33,"x":384,"y":1},"rotated":false,"sx":82,"sy":43},{"frame":{"h":124,"w":34,"x":312,"y":1},"rotated":false,"sx":81,"sy":43},{"frame":{"h":124,"w":35,"x":275,"y":1},"rotated":false,"sx":80,"sy":43},{"frame":{"h":124,"w":36,"x":199,"y":1},"rotated":false,"sx":80,"sy":43},{"frame":{"h":124,"w":37,"x":121,"y":1},"rotated":false,"sx":79,"sy":43},{"frame":{"h":124,"w":38,"x":1,"y":1},"rotated":false,"sx":79,"sy":43},{"frame":{"h":124,"w":38,"x":41,"y":1},"rotated":false,"sx":80,"sy":43},{"frame":{"h":124,"w":38,"x":81,"y":1},"rotated":false,"sx":80,"sy":43},{"frame":{"h":124,"w":37,"x":160,"y":1},"rotated":false,"sx":81,"sy":43},{"frame":{"h":124,"w":36,"x":237,"y":1},"rotated":false,"sx":82,"sy":43},{"frame":{"h":124,"w":34,"x":348,"y":1},"rotated":false,"sx":82,"sy":43},{"frame":{"h":124,"w":33,"x":419,"y":1},"rotated":false,"sx":82,"sy":43}]},"3":{"frames":[{"frame":{"h":125,"w":45,"x":147,"y":1},"rotated":false,"sx":79,"sy":42},{"frame":{"h":125,"w":46,"x":99,"y":1},"rotated":false,"sx":78,"sy":42},{"frame":{"h":125,"w":47,"x":1,"y":1},"rotated":false,"sx":78,"sy":42},{"frame":{"h":125,"w":47,"x":50,"y":1},"rotated":false,"sx":78,"sy":42},{"frame":{"h":124,"w":48,"x":381,"y":1},"rotated":false,"sx":78,"sy":43},{"frame":{"h":124,"w":48,"x":431,"y":1},"rotated":false,"sx":79,"sy":43},{"frame":{"h":124,"w":47,"x":481,"y":1},"rotated":false,"sx":80,"sy":43},{"frame":{"h":124,"w":47,"x":530,"y":1},"rotated":false,"sx":80,"sy":43},{"frame":{"h":125,"w":45,"x":194,"y":1},"rotated":false,"sx":81,"sy":42},{"frame":{"h":125,"w":45,"x":241,"y":1},"rotated":false,"sx":81,"sy":42},{"frame":{"h":125,"w":45,"x":288,"y":1},"rotated":false,"sx":80,"sy":42},{"frame":{"h":125,"w":44,"x":335,"y":1},"rotated":false,"sx":80,"sy":42}]},"7":{"frames":[{"frame":{"h":115,"w":45,"x":392,"y":1},"rotated":false,"sx":81,"sy":46},{"frame":{"h":115,"w":46,"x":344,"y":1},"rotated":false,"sx":81,"sy":46},{"frame":{"h":115,"w":47,"x":246,"y":1},"rotated":false,"sx":80,"sy":46},{"frame":{"h":115,"w":47,"x":295,"y":1},"rotated":false,"sx":80,"sy":46},{"frame":{"h":116,"w":47,"x":51,"y":1},"rotated":false,"sx":79,"sy":45},{"frame":{"h":116,"w":48,"x":1,"y":1},"rotated":false,"sx":78,"sy":45},{"frame":{"h":116,"w":47,"x":100,"y":1},"rotated":false,"sx":78,"sy":45},{"frame":{"h":116,"w":47,"x":149,"y":1},"rotated":false,"sx":78,"sy":45},{"frame":{"h":116,"w":46,"x":198,"y":1},"rotated":false,"sx":78,"sy":45},{"frame":{"h":115,"w":45,"x":439,"y":1},"rotated":false,"sx":79,"sy":46},{"frame":{"h":115,"w":44,"x":486,"y":1},"rotated":false,"sx":80,"sy":46},{"frame":{"h":115,"w":44,"x":532,"y":1},"rotated":false,"sx":81,"sy":46}]},"sh":205,"sw":205},"1":{"0":{"frames":[{"frame":{"h":119,"w":44,"x":229,"y":1},"rotated":false,"sx":77,"sy":45},{"frame":{"h":116,"w":39,"x":370,"y":1},"rotated":false,"sx":80,"sy":45},{"frame":{"h":119,"w":54,"x":173,"y":1},"rotated":false,"sx":75,"sy":45},{"frame":{"h":121,"w":63,"x":60,"y":1},"rotated":false,"sx":73,"sy":46},{"frame":{"h":123,"w":57,"x":1,"y":1},"rotated":false,"sx":74,"sy":45},{"frame":{"h":120,"w":46,"x":125,"y":1},"rotated":false,"sx":77,"sy":44},{"frame":{"h":117,"w":44,"x":324,"y":1},"rotated":false,"sx":82,"sy":44},{"frame":{"h":118,"w":47,"x":275,"y":1},"rotated":false,"sx":81,"sy":45}]},"1":{"frames":[{"frame":{"h":117,"w":51,"x":244,"y":1},"rotated":false,"sx":71,"sy":45},{"frame":{"h":118,"w":37,"x":92,"y":1},"rotated":false,"sx":81,"sy":44},{"frame":{"h":116,"w":53,"x":360,"y":1},"rotated":false,"sx":80,"sy":45},{"frame":{"h":116,"w":61,"x":297,"y":1},"rotated":false,"sx":72,"sy":45},{"frame":{"h":117,"w":54,"x":188,"y":1},"rotated":false,"sx":71,"sy":44},{"frame":{"h":119,"w":37,"x":1,"y":1},"rotated":false,"sx":80,"sy":43},{"frame":{"h":118,"w":50,"x":40,"y":1},"rotated":false,"sx":79,"sy":43},{"frame":{"h":117,"w":55,"x":131,"y":1},"rotated":false,"sx":78,"sy":45}]},"2":{"frames":[{"frame":{"h":122,"w":63,"x":172,"y":1},"rotated":false,"sx":69,"sy":44},{"frame":{"h":120,"w":53,"x":290,"y":1},"rotated":false,"sx":70,"sy":43},{"frame":{"h":123,"w":50,"x":120,"y":1},"rotated":false,"sx":79,"sy":44},{"frame":{"h":122,"w":51,"x":237,"y":1},"rotated":false,"sx":78,"sy":45},{"frame":{"h":120,"w":46,"x":345,"y":1},"rotated":false,"sx":76,"sy":44},{"frame":{"h":119,"w":37,"x":393,"y":1},"rotated":false,"sx":81,"sy":42},{"frame":{"h":125,"w":52,"x":66,"y":1},"rotated":false,"sx":76,"sy":43},{"frame":{"h":125,"w":63,"x":1,"y":1},"rotated":false,"sx":72,"sy":44}]},"3":{"frames":[{"frame":{"h":124,"w":57,"x":117,"y":131},"rotated":false,"sx":76,"sy":43},{"frame":{"h":119,"w":60,"x":55,"y":132},"rotated":false,"sx":71,"sy":43},{"frame":{"h":129,"w":59,"x":1,"y":1},"rotated":false,"sx":69,"sy":43},{"frame":{"h":128,"w":54,"x":119,"y":1},"rotated":false,"sx":70,"sy":45},{"frame":{"h":124,"w":50,"x":176,"y":130},"rotated":false,"sx":74,"sy":44},{"frame":{"h":122,"w":52,"x":1,"y":132},"rotated":false,"sx":76,"sy":42},{"frame":{"h":128,"w":55,"x":62,"y":1},"rotated":false,"sx":77,"sy":42},{"frame":{"h":127,"w":54,"x":175,"y":1},"rotated":false,"sx":80,"sy":44}]},"7":{"frames":[{"frame":{"h":124,"w":57,"x":1,"y":1},"rotated":false,"sx":72,"sy":45},{"frame":{"h":116,"w":60,"x":168,"y":1},"rotated":false,"sx":74,"sy":44},{"frame":{"h":120,"w":59,"x":1,"y":127},"rotated":false,"sx":77,"sy":45},{"frame":{"h":122,"w":54,"x":112,"y":1},"rotated":false,"sx":81,"sy":46},{"frame":{"h":124,"w":50,"x":60,"y":1},"rotated":false,"sx":81,"sy":45},{"frame":{"h":119,"w":52,"x":174,"y":119},"rotated":false,"sx":77,"sy":44},{"frame":{"h":119,"w":55,"x":62,"y":127},"rotated":false,"sx":73,"sy":44},{"frame":{"h":122,"w":53,"x":119,"y":125},"rotated":false,"sx":71,"sy":45}]},"sh":205,"sw":205}}