{"0":{"0":{"frames":[{"frame":{"h":112,"w":40,"x":274,"y":1},"rotated":false,"sx":80,"sy":49},{"frame":{"h":111,"w":42,"x":486,"y":1},"rotated":false,"sx":79,"sy":50},{"frame":{"h":111,"w":43,"x":441,"y":1},"rotated":false,"sx":79,"sy":50},{"frame":{"h":112,"w":43,"x":139,"y":1},"rotated":false,"sx":79,"sy":49},{"frame":{"h":112,"w":44,"x":1,"y":1},"rotated":false,"sx":79,"sy":49},{"frame":{"h":112,"w":44,"x":47,"y":1},"rotated":false,"sx":79,"sy":49},{"frame":{"h":112,"w":44,"x":93,"y":1},"rotated":false,"sx":79,"sy":49},{"frame":{"h":112,"w":43,"x":184,"y":1},"rotated":false,"sx":79,"sy":49},{"frame":{"h":112,"w":43,"x":229,"y":1},"rotated":false,"sx":79,"sy":49},{"frame":{"h":112,"w":40,"x":316,"y":1},"rotated":false,"sx":81,"sy":49},{"frame":{"h":112,"w":39,"x":400,"y":1},"rotated":false,"sx":81,"sy":49},{"frame":{"h":112,"w":40,"x":358,"y":1},"rotated":false,"sx":80,"sy":49}]},"1":{"frames":[{"frame":{"h":116,"w":40,"x":453,"y":1},"rotated":false,"sx":80,"sy":48},{"frame":{"h":116,"w":41,"x":324,"y":1},"rotated":false,"sx":79,"sy":48},{"frame":{"h":116,"w":41,"x":367,"y":1},"rotated":false,"sx":79,"sy":48},{"frame":{"h":116,"w":43,"x":234,"y":1},"rotated":false,"sx":77,"sy":48},{"frame":{"h":116,"w":44,"x":142,"y":1},"rotated":false,"sx":76,"sy":48},{"frame":{"h":116,"w":44,"x":188,"y":1},"rotated":false,"sx":76,"sy":48},{"frame":{"h":116,"w":45,"x":1,"y":1},"rotated":false,"sx":75,"sy":48},{"frame":{"h":116,"w":45,"x":48,"y":1},"rotated":false,"sx":75,"sy":48},{"frame":{"h":116,"w":45,"x":95,"y":1},"rotated":false,"sx":75,"sy":48},{"frame":{"h":116,"w":43,"x":279,"y":1},"rotated":false,"sx":77,"sy":48},{"frame":{"h":116,"w":41,"x":410,"y":1},"rotated":false,"sx":79,"sy":48},{"frame":{"h":116,"w":40,"x":495,"y":1},"rotated":false,"sx":80,"sy":48}]},"2":{"frames":[{"frame":{"h":121,"w":35,"x":155,"y":1},"rotated":false,"sx":82,"sy":46},{"frame":{"h":121,"w":36,"x":79,"y":1},"rotated":false,"sx":81,"sy":46},{"frame":{"h":121,"w":37,"x":1,"y":1},"rotated":false,"sx":80,"sy":46},{"frame":{"h":120,"w":37,"x":427,"y":1},"rotated":false,"sx":80,"sy":47},{"frame":{"h":120,"w":38,"x":307,"y":1},"rotated":false,"sx":79,"sy":47},{"frame":{"h":120,"w":39,"x":266,"y":1},"rotated":false,"sx":79,"sy":47},{"frame":{"h":120,"w":38,"x":347,"y":1},"rotated":false,"sx":80,"sy":47},{"frame":{"h":120,"w":38,"x":387,"y":1},"rotated":false,"sx":80,"sy":47},{"frame":{"h":121,"w":37,"x":40,"y":1},"rotated":false,"sx":81,"sy":46},{"frame":{"h":121,"w":36,"x":117,"y":1},"rotated":false,"sx":82,"sy":46},{"frame":{"h":121,"w":35,"x":192,"y":1},"rotated":false,"sx":82,"sy":46},{"frame":{"h":121,"w":35,"x":229,"y":1},"rotated":false,"sx":82,"sy":46}]},"3":{"frames":[{"frame":{"h":122,"w":45,"x":98,"y":1},"rotated":false,"sx":79,"sy":45},{"frame":{"h":122,"w":46,"x":50,"y":1},"rotated":false,"sx":78,"sy":45},{"frame":{"h":122,"w":47,"x":1,"y":1},"rotated":false,"sx":78,"sy":45},{"frame":{"h":121,"w":47,"x":338,"y":1},"rotated":false,"sx":78,"sy":46},{"frame":{"h":121,"w":48,"x":238,"y":1},"rotated":false,"sx":78,"sy":46},{"frame":{"h":121,"w":48,"x":288,"y":1},"rotated":false,"sx":79,"sy":46},{"frame":{"h":121,"w":47,"x":387,"y":1},"rotated":false,"sx":80,"sy":46},{"frame":{"h":121,"w":47,"x":436,"y":1},"rotated":false,"sx":80,"sy":46},{"frame":{"h":121,"w":45,"x":485,"y":1},"rotated":false,"sx":81,"sy":46},{"frame":{"h":121,"w":45,"x":532,"y":1},"rotated":false,"sx":81,"sy":46},{"frame":{"h":122,"w":45,"x":145,"y":1},"rotated":false,"sx":80,"sy":45},{"frame":{"h":122,"w":44,"x":192,"y":1},"rotated":false,"sx":80,"sy":45}]},"7":{"frames":[{"frame":{"h":112,"w":45,"x":392,"y":1},"rotated":false,"sx":81,"sy":49},{"frame":{"h":112,"w":46,"x":296,"y":1},"rotated":false,"sx":81,"sy":49},{"frame":{"h":112,"w":47,"x":51,"y":1},"rotated":false,"sx":80,"sy":49},{"frame":{"h":112,"w":47,"x":100,"y":1},"rotated":false,"sx":80,"sy":49},{"frame":{"h":112,"w":47,"x":149,"y":1},"rotated":false,"sx":79,"sy":49},{"frame":{"h":112,"w":48,"x":1,"y":1},"rotated":false,"sx":78,"sy":49},{"frame":{"h":112,"w":47,"x":198,"y":1},"rotated":false,"sx":78,"sy":49},{"frame":{"h":112,"w":47,"x":247,"y":1},"rotated":false,"sx":78,"sy":49},{"frame":{"h":112,"w":46,"x":344,"y":1},"rotated":false,"sx":78,"sy":49},{"frame":{"h":112,"w":45,"x":439,"y":1},"rotated":false,"sx":79,"sy":49},{"frame":{"h":112,"w":44,"x":486,"y":1},"rotated":false,"sx":80,"sy":49},{"frame":{"h":112,"w":44,"x":532,"y":1},"rotated":false,"sx":81,"sy":49}]},"sh":205,"sw":205},"1":{"0":{"frames":[{"frame":{"h":115,"w":44,"x":229,"y":1},"rotated":false,"sx":77,"sy":49},{"frame":{"h":112,"w":39,"x":370,"y":1},"rotated":false,"sx":80,"sy":49},{"frame":{"h":115,"w":54,"x":173,"y":1},"rotated":false,"sx":75,"sy":49},{"frame":{"h":117,"w":63,"x":60,"y":1},"rotated":false,"sx":73,"sy":50},{"frame":{"h":119,"w":57,"x":1,"y":1},"rotated":false,"sx":74,"sy":49},{"frame":{"h":116,"w":46,"x":125,"y":1},"rotated":false,"sx":77,"sy":48},{"frame":{"h":113,"w":44,"x":324,"y":1},"rotated":false,"sx":82,"sy":48},{"frame":{"h":114,"w":47,"x":275,"y":1},"rotated":false,"sx":81,"sy":49}]},"1":{"frames":[{"frame":{"h":113,"w":51,"x":299,"y":1},"rotated":false,"sx":71,"sy":49},{"frame":{"h":114,"w":37,"x":92,"y":1},"rotated":false,"sx":81,"sy":48},{"frame":{"h":113,"w":53,"x":244,"y":1},"rotated":false,"sx":80,"sy":48},{"frame":{"h":112,"w":61,"x":352,"y":1},"rotated":false,"sx":72,"sy":49},{"frame":{"h":113,"w":54,"x":188,"y":1},"rotated":false,"sx":71,"sy":48},{"frame":{"h":115,"w":37,"x":1,"y":1},"rotated":false,"sx":80,"sy":47},{"frame":{"h":114,"w":50,"x":40,"y":1},"rotated":false,"sx":79,"sy":47},{"frame":{"h":113,"w":55,"x":131,"y":1},"rotated":false,"sx":78,"sy":49}]},"2":{"frames":[{"frame":{"h":118,"w":63,"x":172,"y":1},"rotated":false,"sx":69,"sy":48},{"frame":{"h":116,"w":53,"x":338,"y":1},"rotated":false,"sx":70,"sy":47},{"frame":{"h":119,"w":50,"x":120,"y":1},"rotated":false,"sx":79,"sy":48},{"frame":{"h":118,"w":51,"x":237,"y":1},"rotated":false,"sx":78,"sy":49},{"frame":{"h":117,"w":46,"x":290,"y":1},"rotated":false,"sx":76,"sy":47},{"frame":{"h":115,"w":37,"x":393,"y":1},"rotated":false,"sx":81,"sy":46},{"frame":{"h":122,"w":52,"x":1,"y":1},"rotated":false,"sx":76,"sy":46},{"frame":{"h":121,"w":63,"x":55,"y":1},"rotated":false,"sx":72,"sy":48}]},"3":{"frames":[{"frame":{"h":120,"w":57,"x":1,"y":128},"rotated":false,"sx":76,"sy":47},{"frame":{"h":116,"w":60,"x":114,"y":128},"rotated":false,"sx":71,"sy":46},{"frame":{"h":125,"w":59,"x":1,"y":1},"rotated":false,"sx":69,"sy":47},{"frame":{"h":125,"w":54,"x":62,"y":1},"rotated":false,"sx":70,"sy":48},{"frame":{"h":121,"w":50,"x":176,"y":127},"rotated":false,"sx":74,"sy":47},{"frame":{"h":119,"w":52,"x":60,"y":128},"rotated":false,"sx":76,"sy":45},{"frame":{"h":124,"w":55,"x":118,"y":1},"rotated":false,"sx":77,"sy":46},{"frame":{"h":124,"w":54,"x":175,"y":1},"rotated":false,"sx":80,"sy":47}]},"7":{"frames":[{"frame":{"h":121,"w":57,"x":1,"y":1},"rotated":false,"sx":72,"sy":48},{"frame":{"h":112,"w":60,"x":395,"y":1},"rotated":false,"sx":74,"sy":48},{"frame":{"h":117,"w":59,"x":223,"y":1},"rotated":false,"sx":77,"sy":48},{"frame":{"h":119,"w":54,"x":112,"y":1},"rotated":false,"sx":81,"sy":49},{"frame":{"h":120,"w":50,"x":60,"y":1},"rotated":false,"sx":81,"sy":49},{"frame":{"h":115,"w":52,"x":341,"y":1},"rotated":false,"sx":77,"sy":48},{"frame":{"h":116,"w":55,"x":284,"y":1},"rotated":false,"sx":73,"sy":47},{"frame":{"h":119,"w":53,"x":168,"y":1},"rotated":false,"sx":71,"sy":48}]},"sh":205,"sw":205}}