{"0":{"0":{"frames":[{"frame":{"h":124,"w":62,"x":612,"y":1},"rotated":false,"sx":67,"sy":44},{"frame":{"h":124,"w":61,"x":740,"y":1},"rotated":false,"sx":68,"sy":44},{"frame":{"h":124,"w":63,"x":547,"y":1},"rotated":false,"sx":67,"sy":44},{"frame":{"h":124,"w":64,"x":481,"y":1},"rotated":false,"sx":67,"sy":44},{"frame":{"h":125,"w":66,"x":279,"y":1},"rotated":false,"sx":66,"sy":43},{"frame":{"h":125,"w":67,"x":141,"y":1},"rotated":false,"sx":66,"sy":43},{"frame":{"h":125,"w":68,"x":1,"y":1},"rotated":false,"sx":65,"sy":43},{"frame":{"h":125,"w":68,"x":71,"y":1},"rotated":false,"sx":65,"sy":43},{"frame":{"h":125,"w":67,"x":210,"y":1},"rotated":false,"sx":65,"sy":43},{"frame":{"h":125,"w":66,"x":347,"y":1},"rotated":false,"sx":65,"sy":43},{"frame":{"h":125,"w":64,"x":415,"y":1},"rotated":false,"sx":66,"sy":43},{"frame":{"h":124,"w":62,"x":676,"y":1},"rotated":false,"sx":67,"sy":44}]},"1":{"frames":[{"frame":{"h":123,"w":52,"x":488,"y":1},"rotated":false,"sx":73,"sy":43},{"frame":{"h":123,"w":53,"x":433,"y":1},"rotated":false,"sx":73,"sy":43},{"frame":{"h":122,"w":54,"x":661,"y":1},"rotated":false,"sx":73,"sy":44},{"frame":{"h":122,"w":56,"x":603,"y":1},"rotated":false,"sx":72,"sy":44},{"frame":{"h":122,"w":59,"x":542,"y":1},"rotated":false,"sx":71,"sy":44},{"frame":{"h":123,"w":60,"x":195,"y":1},"rotated":false,"sx":71,"sy":43},{"frame":{"h":123,"w":63,"x":1,"y":1},"rotated":false,"sx":70,"sy":43},{"frame":{"h":123,"w":63,"x":66,"y":1},"rotated":false,"sx":70,"sy":43},{"frame":{"h":123,"w":62,"x":131,"y":1},"rotated":false,"sx":70,"sy":43},{"frame":{"h":123,"w":59,"x":257,"y":1},"rotated":false,"sx":71,"sy":43},{"frame":{"h":123,"w":57,"x":318,"y":1},"rotated":false,"sx":71,"sy":43},{"frame":{"h":123,"w":54,"x":377,"y":1},"rotated":false,"sx":72,"sy":43}]},"2":{"frames":[{"frame":{"h":124,"w":63,"x":202,"y":1},"rotated":false,"sx":67,"sy":43},{"frame":{"h":123,"w":63,"x":605,"y":1},"rotated":false,"sx":67,"sy":44},{"frame":{"h":123,"w":63,"x":670,"y":1},"rotated":false,"sx":67,"sy":44},{"frame":{"h":123,"w":63,"x":735,"y":1},"rotated":false,"sx":67,"sy":44},{"frame":{"h":123,"w":65,"x":538,"y":1},"rotated":false,"sx":66,"sy":44},{"frame":{"h":123,"w":66,"x":470,"y":1},"rotated":false,"sx":66,"sy":44},{"frame":{"h":123,"w":67,"x":332,"y":1},"rotated":false,"sx":65,"sy":44},{"frame":{"h":123,"w":67,"x":401,"y":1},"rotated":false,"sx":65,"sy":44},{"frame":{"h":124,"w":66,"x":1,"y":1},"rotated":false,"sx":66,"sy":43},{"frame":{"h":124,"w":65,"x":69,"y":1},"rotated":false,"sx":66,"sy":43},{"frame":{"h":124,"w":64,"x":136,"y":1},"rotated":false,"sx":67,"sy":43},{"frame":{"h":124,"w":63,"x":267,"y":1},"rotated":false,"sx":67,"sy":43}]},"3":{"frames":[{"frame":{"h":124,"w":66,"x":422,"y":1},"rotated":false,"sx":70,"sy":43},{"frame":{"h":124,"w":66,"x":490,"y":1},"rotated":false,"sx":70,"sy":43},{"frame":{"h":124,"w":67,"x":215,"y":1},"rotated":false,"sx":69,"sy":43},{"frame":{"h":124,"w":67,"x":284,"y":1},"rotated":false,"sx":69,"sy":43},{"frame":{"h":123,"w":69,"x":703,"y":1},"rotated":false,"sx":68,"sy":44},{"frame":{"h":123,"w":69,"x":774,"y":1},"rotated":false,"sx":68,"sy":44},{"frame":{"h":123,"w":71,"x":558,"y":1},"rotated":false,"sx":67,"sy":44},{"frame":{"h":123,"w":70,"x":631,"y":1},"rotated":false,"sx":68,"sy":44},{"frame":{"h":124,"w":71,"x":1,"y":1},"rotated":false,"sx":67,"sy":43},{"frame":{"h":124,"w":69,"x":74,"y":1},"rotated":false,"sx":69,"sy":43},{"frame":{"h":124,"w":68,"x":145,"y":1},"rotated":false,"sx":69,"sy":43},{"frame":{"h":124,"w":67,"x":353,"y":1},"rotated":false,"sx":70,"sy":43}]},"7":{"frames":[{"frame":{"h":124,"w":66,"x":285,"y":127},"rotated":false,"sx":69,"sy":43},{"frame":{"h":124,"w":66,"x":353,"y":127},"rotated":false,"sx":69,"sy":43},{"frame":{"h":124,"w":66,"x":354,"y":1},"rotated":false,"sx":69,"sy":43},{"frame":{"h":124,"w":67,"x":216,"y":128},"rotated":false,"sx":69,"sy":43},{"frame":{"h":125,"w":69,"x":74,"y":1},"rotated":false,"sx":68,"sy":42},{"frame":{"h":125,"w":69,"x":145,"y":1},"rotated":false,"sx":68,"sy":42},{"frame":{"h":126,"w":71,"x":1,"y":1},"rotated":false,"sx":67,"sy":42},{"frame":{"h":125,"w":70,"x":1,"y":129},"rotated":false,"sx":67,"sy":43},{"frame":{"h":125,"w":70,"x":73,"y":129},"rotated":false,"sx":67,"sy":43},{"frame":{"h":125,"w":69,"x":145,"y":128},"rotated":false,"sx":67,"sy":43},{"frame":{"h":125,"w":67,"x":216,"y":1},"rotated":false,"sx":68,"sy":43},{"frame":{"h":124,"w":67,"x":285,"y":1},"rotated":false,"sx":68,"sy":43}]},"sh":205,"sw":205},"1":{"0":{"frames":[{"frame":{"h":125,"w":77,"x":79,"y":129},"rotated":false,"sx":60,"sy":43},{"frame":{"h":126,"w":76,"x":75,"y":1},"rotated":false,"sx":62,"sy":42},{"frame":{"h":126,"w":74,"x":153,"y":1},"rotated":false,"sx":63,"sy":43},{"frame":{"h":127,"w":72,"x":1,"y":1},"rotated":false,"sx":64,"sy":43},{"frame":{"h":125,"w":67,"x":158,"y":129},"rotated":false,"sx":65,"sy":43},{"frame":{"h":123,"w":67,"x":229,"y":1},"rotated":false,"sx":64,"sy":42},{"frame":{"h":124,"w":72,"x":227,"y":129},"rotated":false,"sx":61,"sy":41},{"frame":{"h":124,"w":76,"x":1,"y":130},"rotated":false,"sx":59,"sy":43}]},"1":{"frames":[{"frame":{"h":122,"w":74,"x":394,"y":1},"rotated":false,"sx":61,"sy":44},{"frame":{"h":123,"w":74,"x":80,"y":1},"rotated":false,"sx":61,"sy":43},{"frame":{"h":123,"w":77,"x":1,"y":1},"rotated":false,"sx":59,"sy":43},{"frame":{"h":122,"w":78,"x":156,"y":1},"rotated":false,"sx":59,"sy":44},{"frame":{"h":121,"w":74,"x":470,"y":1},"rotated":false,"sx":61,"sy":43},{"frame":{"h":121,"w":73,"x":546,"y":1},"rotated":false,"sx":61,"sy":42},{"frame":{"h":122,"w":76,"x":316,"y":1},"rotated":false,"sx":60,"sy":42},{"frame":{"h":122,"w":78,"x":236,"y":1},"rotated":false,"sx":59,"sy":44}]},"2":{"frames":[{"frame":{"h":123,"w":68,"x":225,"y":1},"rotated":false,"sx":64,"sy":44},{"frame":{"h":122,"w":67,"x":449,"y":1},"rotated":false,"sx":63,"sy":44},{"frame":{"h":123,"w":72,"x":151,"y":1},"rotated":false,"sx":59,"sy":44},{"frame":{"h":122,"w":76,"x":295,"y":1},"rotated":false,"sx":57,"sy":45},{"frame":{"h":121,"w":75,"x":518,"y":1},"rotated":false,"sx":59,"sy":44},{"frame":{"h":122,"w":74,"x":373,"y":1},"rotated":false,"sx":61,"sy":42},{"frame":{"h":125,"w":74,"x":1,"y":1},"rotated":false,"sx":62,"sy":43},{"frame":{"h":124,"w":72,"x":77,"y":1},"rotated":false,"sx":63,"sy":45}]},"3":{"frames":[{"frame":{"h":123,"w":68,"x":1,"y":131},"rotated":false,"sx":69,"sy":44},{"frame":{"h":123,"w":66,"x":140,"y":130},"rotated":false,"sx":67,"sy":44},{"frame":{"h":128,"w":68,"x":1,"y":1},"rotated":false,"sx":64,"sy":44},{"frame":{"h":127,"w":69,"x":71,"y":1},"rotated":false,"sx":63,"sy":46},{"frame":{"h":123,"w":67,"x":71,"y":130},"rotated":false,"sx":67,"sy":45},{"frame":{"h":123,"w":66,"x":208,"y":130},"rotated":false,"sx":71,"sy":43},{"frame":{"h":127,"w":67,"x":142,"y":1},"rotated":false,"sx":72,"sy":43},{"frame":{"h":126,"w":69,"x":211,"y":1},"rotated":false,"sx":71,"sy":45}]},"7":{"frames":[{"frame":{"h":127,"w":67,"x":139,"y":1},"rotated":false,"sx":69,"sy":42},{"frame":{"h":127,"w":66,"x":1,"y":129},"rotated":false,"sx":72,"sy":41},{"frame":{"h":127,"w":68,"x":69,"y":129},"rotated":false,"sx":73,"sy":42},{"frame":{"h":126,"w":68,"x":1,"y":1},"rotated":false,"sx":73,"sy":43},{"frame":{"h":127,"w":67,"x":139,"y":130},"rotated":false,"sx":71,"sy":42},{"frame":{"h":126,"w":66,"x":71,"y":1},"rotated":false,"sx":68,"sy":42},{"frame":{"h":127,"w":68,"x":1,"y":258},"rotated":false,"sx":65,"sy":41},{"frame":{"h":127,"w":69,"x":71,"y":259},"rotated":false,"sx":65,"sy":42}]},"sh":205,"sw":205}}