{"0":{"0":{"frames":[{"frame":{"h":125,"w":87,"x":475,"y":1},"rotated":false,"sx":49,"sy":39},{"frame":{"h":124,"w":87,"x":475,"y":128},"rotated":false,"sx":50,"sy":39},{"frame":{"h":123,"w":88,"x":385,"y":1},"rotated":false,"sx":50,"sy":39},{"frame":{"h":123,"w":89,"x":384,"y":126},"rotated":false,"sx":49,"sy":39},{"frame":{"h":123,"w":92,"x":197,"y":1},"rotated":false,"sx":47,"sy":39},{"frame":{"h":123,"w":94,"x":196,"y":126},"rotated":false,"sx":45,"sy":39},{"frame":{"h":123,"w":95,"x":99,"y":126},"rotated":false,"sx":43,"sy":39},{"frame":{"h":123,"w":97,"x":1,"y":1},"rotated":false,"sx":41,"sy":39},{"frame":{"h":123,"w":96,"x":1,"y":126},"rotated":false,"sx":41,"sy":39},{"frame":{"h":123,"w":95,"x":100,"y":1},"rotated":false,"sx":42,"sy":39},{"frame":{"h":123,"w":92,"x":291,"y":1},"rotated":false,"sx":44,"sy":39},{"frame":{"h":124,"w":90,"x":292,"y":126},"rotated":false,"sx":46,"sy":39}]},"1":{"frames":[{"frame":{"h":127,"w":85,"x":96,"y":1},"rotated":false,"sx":43,"sy":37},{"frame":{"h":127,"w":86,"x":95,"y":259},"rotated":false,"sx":42,"sy":37},{"frame":{"h":127,"w":87,"x":93,"y":517},"rotated":false,"sx":41,"sy":37},{"frame":{"h":127,"w":89,"x":1,"y":646},"rotated":false,"sx":40,"sy":37},{"frame":{"h":127,"w":92,"x":1,"y":259},"rotated":false,"sx":38,"sy":37},{"frame":{"h":127,"w":93,"x":1,"y":1},"rotated":false,"sx":38,"sy":37},{"frame":{"h":127,"w":93,"x":1,"y":130},"rotated":false,"sx":38,"sy":37},{"frame":{"h":127,"w":92,"x":1,"y":388},"rotated":false,"sx":39,"sy":37},{"frame":{"h":127,"w":90,"x":1,"y":517},"rotated":false,"sx":41,"sy":37},{"frame":{"h":127,"w":88,"x":92,"y":646},"rotated":false,"sx":42,"sy":37},{"frame":{"h":127,"w":85,"x":96,"y":130},"rotated":false,"sx":44,"sy":37},{"frame":{"h":127,"w":84,"x":95,"y":388},"rotated":false,"sx":44,"sy":37}]},"2":{"frames":[{"frame":{"h":130,"w":65,"x":211,"y":1},"rotated":false,"sx":55,"sy":37},{"frame":{"h":130,"w":65,"x":212,"y":265},"rotated":false,"sx":55,"sy":37},{"frame":{"h":130,"w":67,"x":143,"y":265},"rotated":false,"sx":53,"sy":37},{"frame":{"h":130,"w":68,"x":141,"y":1},"rotated":false,"sx":52,"sy":37},{"frame":{"h":130,"w":70,"x":1,"y":134},"rotated":false,"sx":51,"sy":37},{"frame":{"h":130,"w":70,"x":69,"y":1},"rotated":false,"sx":51,"sy":37},{"frame":{"h":130,"w":70,"x":1,"y":266},"rotated":false,"sx":51,"sy":37},{"frame":{"h":130,"w":69,"x":73,"y":133},"rotated":false,"sx":52,"sy":37},{"frame":{"h":130,"w":68,"x":73,"y":265},"rotated":false,"sx":53,"sy":37},{"frame":{"h":130,"w":67,"x":144,"y":133},"rotated":false,"sx":54,"sy":37},{"frame":{"h":131,"w":66,"x":1,"y":1},"rotated":false,"sx":55,"sy":36},{"frame":{"h":130,"w":64,"x":213,"y":133},"rotated":false,"sx":56,"sy":37}]},"3":{"frames":[{"frame":{"h":129,"w":56,"x":194,"y":1},"rotated":false,"sx":69,"sy":38},{"frame":{"h":129,"w":58,"x":191,"y":263},"rotated":false,"sx":68,"sy":38},{"frame":{"h":129,"w":60,"x":132,"y":1},"rotated":false,"sx":67,"sy":38},{"frame":{"h":129,"w":60,"x":130,"y":132},"rotated":false,"sx":68,"sy":38},{"frame":{"h":128,"w":62,"x":66,"y":131},"rotated":false,"sx":68,"sy":39},{"frame":{"h":128,"w":63,"x":1,"y":131},"rotated":false,"sx":69,"sy":39},{"frame":{"h":128,"w":64,"x":1,"y":1},"rotated":false,"sx":69,"sy":39},{"frame":{"h":128,"w":63,"x":67,"y":1},"rotated":false,"sx":70,"sy":39},{"frame":{"h":129,"w":62,"x":1,"y":261},"rotated":false,"sx":71,"sy":38},{"frame":{"h":129,"w":62,"x":65,"y":261},"rotated":false,"sx":71,"sy":38},{"frame":{"h":129,"w":60,"x":129,"y":263},"rotated":false,"sx":71,"sy":38},{"frame":{"h":129,"w":58,"x":192,"y":132},"rotated":false,"sx":70,"sy":38}]},"7":{"frames":[{"frame":{"h":127,"w":56,"x":61,"y":634},"rotated":false,"sx":80,"sy":41},{"frame":{"h":127,"w":58,"x":1,"y":502},"rotated":false,"sx":79,"sy":41},{"frame":{"h":126,"w":59,"x":67,"y":129},"rotated":false,"sx":78,"sy":41},{"frame":{"h":124,"w":61,"x":65,"y":383},"rotated":false,"sx":76,"sy":41},{"frame":{"h":123,"w":63,"x":61,"y":509},"rotated":false,"sx":74,"sy":41},{"frame":{"h":122,"w":64,"x":1,"y":126},"rotated":false,"sx":72,"sy":41},{"frame":{"h":123,"w":64,"x":1,"y":1},"rotated":false,"sx":71,"sy":41},{"frame":{"h":123,"w":62,"x":1,"y":377},"rotated":false,"sx":72,"sy":41},{"frame":{"h":124,"w":62,"x":65,"y":257},"rotated":false,"sx":72,"sy":41},{"frame":{"h":125,"w":62,"x":1,"y":250},"rotated":false,"sx":72,"sy":41},{"frame":{"h":126,"w":60,"x":67,"y":1},"rotated":false,"sx":74,"sy":41},{"frame":{"h":127,"w":58,"x":1,"y":631},"rotated":false,"sx":77,"sy":41}]},"sh":205,"sw":205},"1":{"0":{"frames":[{"frame":{"h":125,"w":93,"x":307,"y":1},"rotated":false,"sx":35,"sy":39},{"frame":{"h":122,"w":106,"x":1,"y":132},"rotated":false,"sx":31,"sy":39},{"frame":{"h":125,"w":114,"x":276,"y":129},"rotated":false,"sx":34,"sy":39},{"frame":{"h":127,"w":115,"x":103,"y":1},"rotated":false,"sx":39,"sy":40},{"frame":{"h":129,"w":100,"x":1,"y":1},"rotated":false,"sx":49,"sy":39},{"frame":{"h":126,"w":85,"x":220,"y":1},"rotated":false,"sx":57,"sy":38},{"frame":{"h":123,"w":80,"x":194,"y":130},"rotated":false,"sx":54,"sy":38},{"frame":{"h":124,"w":83,"x":109,"y":130},"rotated":false,"sx":46,"sy":39}]},"1":{"frames":[{"frame":{"h":124,"w":94,"x":587,"y":1},"rotated":false,"sx":29,"sy":38},{"frame":{"h":125,"w":91,"x":189,"y":1},"rotated":false,"sx":32,"sy":37},{"frame":{"h":124,"w":97,"x":488,"y":1},"rotated":false,"sx":36,"sy":37},{"frame":{"h":123,"w":104,"x":683,"y":1},"rotated":false,"sx":30,"sy":38},{"frame":{"h":124,"w":103,"x":282,"y":1},"rotated":false,"sx":28,"sy":37},{"frame":{"h":126,"w":92,"x":1,"y":1},"rotated":false,"sx":32,"sy":36},{"frame":{"h":125,"w":92,"x":95,"y":1},"rotated":false,"sx":37,"sy":36},{"frame":{"h":124,"w":99,"x":387,"y":1},"rotated":false,"sx":34,"sy":38}]},"2":{"frames":[{"frame":{"h":128,"w":86,"x":263,"y":1},"rotated":false,"sx":46,"sy":38},{"frame":{"h":126,"w":69,"x":102,"y":1},"rotated":false,"sx":54,"sy":37},{"frame":{"h":129,"w":78,"x":438,"y":1},"rotated":false,"sx":51,"sy":38},{"frame":{"h":128,"w":85,"x":351,"y":1},"rotated":false,"sx":44,"sy":39},{"frame":{"h":127,"w":88,"x":173,"y":1},"rotated":false,"sx":35,"sy":37},{"frame":{"h":125,"w":99,"x":1,"y":1},"rotated":false,"sx":26,"sy":36},{"frame":{"h":131,"w":100,"x":518,"y":1},"rotated":false,"sx":27,"sy":37},{"frame":{"h":131,"w":100,"x":620,"y":1},"rotated":false,"sx":35,"sy":38}]},"3":{"frames":[{"frame":{"h":127,"w":79,"x":1,"y":268},"rotated":false,"sx":61,"sy":40},{"frame":{"h":123,"w":90,"x":86,"y":1},"rotated":false,"sx":56,"sy":39},{"frame":{"h":132,"w":83,"x":1,"y":1},"rotated":false,"sx":55,"sy":40},{"frame":{"h":132,"w":67,"x":154,"y":126},"rotated":false,"sx":57,"sy":41},{"frame":{"h":128,"w":61,"x":157,"y":260},"rotated":false,"sx":63,"sy":40},{"frame":{"h":126,"w":73,"x":82,"y":268},"rotated":false,"sx":55,"sy":38},{"frame":{"h":131,"w":77,"x":1,"y":135},"rotated":false,"sx":55,"sy":39},{"frame":{"h":131,"w":72,"x":80,"y":135},"rotated":false,"sx":64,"sy":40}]},"7":{"frames":[{"frame":{"h":128,"w":79,"x":1,"y":124},"rotated":false,"sx":65,"sy":41},{"frame":{"h":121,"w":90,"x":1,"y":1},"rotated":false,"sx":59,"sy":40},{"frame":{"h":124,"w":83,"x":93,"y":1},"rotated":false,"sx":67,"sy":41},{"frame":{"h":127,"w":66,"x":82,"y":127},"rotated":false,"sx":82,"sy":42},{"frame":{"h":128,"w":61,"x":257,"y":1},"rotated":false,"sx":81,"sy":41},{"frame":{"h":123,"w":73,"x":224,"y":131},"rotated":false,"sx":77,"sy":40},{"frame":{"h":124,"w":77,"x":178,"y":1},"rotated":false,"sx":73,"sy":40},{"frame":{"h":126,"w":72,"x":150,"y":127},"rotated":false,"sx":69,"sy":41}]},"sh":205,"sw":205}}