{
	"level":1,
	"goals":[
	{
	"type":1,"id":1001,"num":15}]
	,
"steps":8,
"description":"dialog001",
"flag":[
	"难度，待定"]
	,
"guide":[
	{
	"desc":"[d10000]同色的3个棋子[560808]相连\n会发生奇妙的事哦[-]","icon":"npc_icon_001","pos":[
	{
	"x":3,"y":5},
	{
	"x":4,"y":5},
	{
	"x":5,"y":4},
	{
	"x":5,"y":5}]
	,"move":{
	"g1X":5,"g1Y":4,"g2X":5,"g2Y":5}},
	{
	"desc":"[560808]消除[d10000]指定颜色[560808]的棋子\n到一定数量就能通关了！[-]","icon":"npc_icon_001","pos":[
	{
	"x":5,"y":8},
	{
	"x":6,"y":8},
	{
	"x":7,"y":8},
	{
	"x":6,"y":7}]
	,"move":{
	"g1X":6,"g1Y":7,"g2X":6,"g2Y":8}}]
	,
"board":{
	
"width":9,
"height":11,
"picieDefult":"1001|200;1002|100;1003|100;1004|100;1005|100",
"entryDefult":"1001|200;1002|100;1003|100;1004|100;1005|100",
"screens":[
	{
	"id":1,"lefttop":[
	1,2]
	,"rightbottom":[
	7,8]
	,
	"goals":[
	{
	"type":1,"id":1001,"num":15}]
	}]
	,
"grid":[
	{
	"x":1,"y":2,"dir":2,"entry":true,"pieceid":1001},
	{
	"x":2,"y":2,"dir":2,"entry":true,"pieceid":0},
	{
	"x":3,"y":2,"dir":2,"entry":true,"pieceid":0},
	{
	"x":4,"y":2,"dir":2,"entry":true,"pieceid":0},
	{
	"x":5,"y":2,"dir":2,"entry":true,"pieceid":0},
	{
	"x":6,"y":2,"dir":2,"entry":true,"pieceid":0},
	{
	"x":7,"y":2,"dir":2,"entry":true,"pieceid":1001},
	{
	"x":1,"y":3,"dir":2,"pieceid":1001},
	{
	"x":2,"y":3,"dir":2,"pieceid":0},
	{
	"x":3,"y":3,"dir":2,"pieceid":0},
	{
	"x":4,"y":3,"dir":2,"pieceid":1004},
	{
	"x":5,"y":3,"dir":2,"pieceid":1004},
	{
	"x":6,"y":3,"dir":2,"pieceid":0},
	{
	"x":7,"y":3,"dir":2,"pieceid":1001},
	{
	"x":1,"y":4,"dir":2,"pieceid":0},
	{
	"x":2,"y":4,"dir":2,"pieceid":1004},
	{
	"x":3,"y":4,"dir":2,"pieceid":1002},
	{
	"x":4,"y":4,"dir":2,"pieceid":1004},
	{
	"x":5,"y":4,"dir":2,"pieceid":1001},
	{
	"x":6,"y":4,"dir":2,"pieceid":1003},
	{
	"x":7,"y":4,"dir":2,"pieceid":0},
	{
	"x":1,"y":5,"dir":2,"pieceid":1001},
	{
	"x":2,"y":5,"dir":2,"pieceid":1003},
	{
	"x":3,"y":5,"dir":2,"pieceid":1001},
	{
	"x":4,"y":5,"dir":2,"pieceid":1001},
	{
	"x":5,"y":5,"dir":2,"pieceid":1005},
	{
	"x":6,"y":5,"dir":2,"pieceid":1002},
	{
	"x":7,"y":5,"dir":2,"pieceid":1001},
	{
	"x":1,"y":6,"dir":2,"pieceid":0},
	{
	"x":2,"y":6,"dir":2,"pieceid":1003},
	{
	"x":3,"y":6,"dir":2,"pieceid":1005},
	{
	"x":4,"y":6,"dir":2,"pieceid":1003},
	{
	"x":5,"y":6,"dir":2,"pieceid":1004},
	{
	"x":6,"y":6,"dir":2,"pieceid":1002},
	{
	"x":7,"y":6,"dir":2,"pieceid":0},
	{
	"x":1,"y":7,"dir":2,"pieceid":0},
	{
	"x":2,"y":7,"dir":2,"pieceid":1001},
	{
	"x":3,"y":7,"dir":2,"pieceid":0},
	{
	"x":4,"y":7,"dir":2,"pieceid":0},
	{
	"x":5,"y":7,"dir":2,"pieceid":0},
	{
	"x":6,"y":7,"dir":2,"pieceid":1001},
	{
	"x":7,"y":7,"dir":2,"pieceid":0},
	{
	"x":1,"y":8,"dir":2,"pieceid":1001},
	{
	"x":2,"y":8,"dir":2,"pieceid":0},
	{
	"x":3,"y":8,"dir":2,"pieceid":1001},
	{
	"x":4,"y":8,"dir":2,"pieceid":0},
	{
	"x":5,"y":8,"dir":2,"pieceid":1001},
	{
	"x":6,"y":8,"dir":2,"pieceid":0},
	{
	"x":7,"y":8,"dir":2,"pieceid":1001}]
	}}