{
	"level":10,
	"goals":[
	{
	"type":2,"id":101,"num":59}]
	,
"steps":25,
"description":"dialog001",
"flag":[
	"难度，待定"]
	,
"guide":[
	"新手引导，待定"]
	,
"board":{
	
"width":9,
"height":11,
"picieDefult":"1001|100;1002|100;1003|100;1004|100;1005|100",
"entryDefult":"1001|100;1002|100;1003|100;1004|100;1005|100",
"screens":[
	{
	"id":1,"lefttop":[
	0,2]
	,"rightbottom":[
	8,9]
	,
	"goals":[
	{
	"type":2,"id":101,"num":59,"desc":"[560808]地毯中使用道具，也能扩展地毯哦[-]"}]
	}]
	,

"grid":[
	{
	"x":1,"y":2,"dir":2,"entry":true,"pieceid":1001,"floor":{"id":101,"hp":1}},
	{
	"x":2,"y":2,"dir":2,"pieceid":1002,"entry":true,"cover":[{"id":10001,"hp":1}]
	,"floor":{"id":101,"hp":1}},
	{
	"x":3,"y":2,"dir":2,"entry":true,"pieceid":0,"floor":{"id":101,"hp":1}},
	{
	"x":5,"y":2,"dir":2,"entry":true,"pieceid":0,"floor":{"id":101,"hp":1}},
	{
	"x":6,"y":2,"dir":2,"pieceid":1002,"entry":true,"cover":[{"id":10001,"hp":1}]
	,"floor":{"id":101,"hp":1}},
	{
	"x":7,"y":2,"dir":2,"entry":true,"pieceid":1001,"floor":{"id":101,"hp":1}},
	{
	"x":0,"y":3,"dir":2,"pieceid":0,"floor":{"id":101,"hp":1}},
	{
	"x":1,"y":3,"dir":2,"pieceid":0},
	{
	"x":2,"y":3,"dir":2,"pieceid":1001,"cover":[{"id":10001,"hp":1}]
	},
	{
	"x":3,"y":3,"dir":2,"pieceid":1002},
	{
	"x":5,"y":3,"dir":2,"pieceid":1002},
	{
	"x":6,"y":3,"dir":2,"pieceid":1001,"cover":[{"id":10001,"hp":1}]
	},
	{
	"x":7,"y":3,"dir":2,"pieceid":0},
	{
	"x":8,"y":3,"dir":2,"pieceid":0,"floor":{"id":101,"hp":1}},
	{
	"x":0,"y":4,"dir":2,"pieceid":0,"floor":{"id":101,"hp":1}},
	{
	"x":1,"y":4,"dir":2,"pieceid":0},
	{
	"x":2,"y":4,"dir":2,"pieceid":0,"cover":[{"id":10001,"hp":1}]
	},
	{
	"x":3,"y":4,"dir":2,"pieceid":1001,"cover":[{"id":10001,"hp":1}]
	},
	{
	"x":4,"y":4,"dir":2,"pieceid":1003,"cover":[{"id":10001,"hp":1}]
	},
	{
	"x":5,"y":4,"dir":2,"pieceid":1001,"cover":[{"id":10001,"hp":1}]
	},
	{
	"x":6,"y":4,"dir":2,"pieceid":0,"cover":[{"id":10001,"hp":1}]
	},
	{
	"x":7,"y":4,"dir":2,"pieceid":0},
	{
	"x":8,"y":4,"dir":2,"pieceid":0,"floor":{"id":101,"hp":1}},
	{
	"x":0,"y":5,"dir":2,"pieceid":0,"floor":{"id":101,"hp":1}},
	{
	"x":1,"y":5,"dir":2,"pieceid":1002},
	{
	"x":2,"y":5,"dir":2,"pieceid":1003,"floor":{"id":101}},
	{
	"x":3,"y":5,"dir":2,"pieceid":1003,"floor":{"id":101}},
	{
	"x":4,"y":5,"dir":2,"floor":{"id":101}},
	{
	"x":5,"y":5,"dir":2,"pieceid":1003,"floor":{"id":101}},
	{
	"x":6,"y":5,"dir":2,"pieceid":1003,"floor":{"id":101}},
	{
	"x":7,"y":5,"dir":2,"pieceid":1002},
	{
	"x":8,"y":5,"dir":2,"pieceid":0,"floor":{"id":101,"hp":1}},
	{
	"x":0,"y":6,"dir":2,"pieceid":0,"floor":{"id":101,"hp":1}},
	{
	"x":1,"y":6,"dir":2,"pieceid":0},
	{
	"x":2,"y":6,"dir":2,"pieceid":1002,"cover":[{"id":10001,"hp":1}]
	},
	{
	"x":3,"y":6,"dir":2,"pieceid":1001,"cover":[{"id":10001,"hp":1}]
	},
	{
	"x":4,"y":6,"dir":2,"pieceid":1004,"cover":[{"id":10001,"hp":1}]
	},
	{
	"x":5,"y":6,"dir":2,"pieceid":1001,"cover":[{"id":10001,"hp":1}]
	},
	{
	"x":6,"y":6,"dir":2,"pieceid":1002,"cover":[{"id":10001,"hp":1}]
	},
	{
	"x":7,"y":6,"dir":2,"pieceid":0},
	{
	"x":8,"y":6,"dir":2,"pieceid":0,"floor":{"id":101,"hp":1}},
	{
	"x":0,"y":7,"dir":2,"pieceid":0,"floor":{"id":101,"hp":1}},
	{
	"x":1,"y":7,"dir":2,"pieceid":1002,"cover":[{"id":10001,"hp":1}]
	},
	{
	"x":2,"y":7,"dir":2,"pieceid":1001,"cover":[{"id":10001,"hp":1}]
	},
	{
	"x":3,"y":7,"dir":2},
	{
	"x":5,"y":7,"dir":2},
	{
	"x":6,"y":7,"dir":2,"pieceid":1001,"cover":[{"id":10001,"hp":1}]
	},
	{
	"x":7,"y":7,"dir":2,"pieceid":1002,"cover":[{"id":10001,"hp":1}]
	},
	{
	"x":8,"y":7,"dir":2,"pieceid":0,"floor":{"id":101,"hp":1}},
	{
	"x":1,"y":8,"dir":2,"pieceid":1121,"floor":{"id":101}},
	{
	"x":2,"y":8,"dir":2,"pieceid":1002,"cover":[{"id":10001,"hp":1}]
	},
	{
	"x":3,"y":8,"dir":2},
	{
	"x":5,"y":8,"dir":2},
	{
	"x":6,"y":8,"dir":2,"pieceid":1002,"cover":[{"id":10001,"hp":1}]
	},
	{
	"x":7,"y":8,"dir":2,"pieceid":1121,"floor":{"id":101}},
	{
	"x":2,"y":9,"dir":2,"pieceid":1001,"cover":[{"id":10001,"hp":1}]
	,"floor":{"id":101,"hp":1}},
	{
	"x":3,"y":9,"dir":2,"floor":{"id":101,"hp":1}},
	{
	"x":5,"y":9,"dir":2,"floor":{"id":101,"hp":1}},
	{
	"x":6,"y":9,"dir":2,"pieceid":1001,"cover":[{"id":10001,"hp":1}]
	,"floor":{"id":101,"hp":1}}]
	}}