{
	"level":1001,
"steps":30,
"description":"dialog001",
"flag":[
	"难度，待定"]
	,
"guide":[
	"新手引导，待定"]
	,
"board":{
	
"width":9,
"height":11,
"picieDefult":"1001|100;1002|100;1003|100;1004|100",
"entryDefult":"1001|100;1002|100;1003|100;1004|100",
"screens":[
	{
	"id":1,"lefttop":[
	0,1]
	,"rightbottom":[
	8,9]
	,
	"goals":[
	{
	"id":10071,"num":30,"type":1},
	{
	"id":101,"num":90,"type":2}]
	}]
	,

"grid":[
	{
	"x":1,"y":1,"dir":2,"pieceid":0,"entry":true},
	{
	"x":2,"y":1,"dir":2,"pieceid":0,"entry":true,"entryicon":"rukou_qiuqiu","candidate_entry":"1001|50;1002|50;1003|50;1004|50;1005|50"},
	{
	"x":3,"y":1,"dir":2,"pieceid":0,"entry":true},
	{
	"x":4,"y":1,"dir":2,"pieceid":0,"entry":true,"entryicon":"rukou_qiuqiu","candidate_entry":"1001|50;1002|50;1003|50;1004|50;1005|50"},
	{
	"x":5,"y":1,"dir":2,"pieceid":0,"entry":true},
	{
	"x":6,"y":1,"dir":2,"pieceid":0,"entry":true,"entryicon":"rukou_qiuqiu","candidate_entry":"1001|50;1002|50;1003|50;1004|50;1005|50"},
	{
	"x":7,"y":1,"dir":2,"pieceid":0,"entry":true},
	{
	"x":1,"y":2,"dir":2,"pieceid":0},
	{
	"x":2,"y":2,"dir":2,"pieceid":0},
	{
	"x":3,"y":2,"dir":2,"pieceid":0},
	{
	"x":4,"y":2,"dir":2,"pieceid":0},
	{
	"x":5,"y":2,"dir":2,"pieceid":0},
	{
	"x":6,"y":2,"dir":2,"pieceid":0},
	{
	"x":7,"y":2,"dir":2,"pieceid":0},
	{
	"x":1,"y":3,"dir":2,"pieceid":0},
	{
	"x":2,"y":3,"dir":2,"pieceid":0,"floor":{"id":101,"hp":1}},
	{
	"x":3,"y":3,"dir":2,"pieceid":0,"floor":{"id":101,"hp":1}},
	{
	"x":4,"y":3,"dir":2,"pieceid":0,"floor":{"id":101,"hp":1},
	"cover":[{"id":10091,"hp":1}]
	},
	{
	"x":5,"y":3,"dir":2,"pieceid":0,"floor":{"id":101,"hp":1}},
	{
	"x":6,"y":3,"dir":2,"pieceid":0,"floor":{"id":101,"hp":1}},
	{
	"x":7,"y":3,"dir":2,"pieceid":0},
	{
	"x":1,"y":4,"dir":2,"pieceid":0},
	{
	"x":2,"y":4,"dir":2,"pieceid":0,"floor":{"id":101,"hp":1}},
	{
	"x":3,"y":4,"dir":2,"pieceid":0,"floor":{"id":101,"hp":1}},
	{
	"x":4,"y":4,"dir":2,"pieceid":0,"floor":{"id":101,"hp":1}},
	{
	"x":5,"y":4,"dir":2,"pieceid":0,"floor":{"id":101,"hp":1}},
	{
	"x":6,"y":4,"dir":2,"pieceid":0,"floor":{"id":101,"hp":1}},
	{
	"x":7,"y":4,"dir":2,"pieceid":0},
	{
	"x":1,"y":5,"dir":2,"pieceid":0},
	{
	"x":2,"y":5,"dir":2,"pieceid":0,"floor":{"id":101,"hp":1},
	"cover":[{"id":10091,"hp":1}]
	},
	{
	"x":3,"y":5,"dir":2,"pieceid":0,"floor":{"id":101,"hp":1}},
	{
	"x":4,"y":5,"dir":2,"pieceid":0,"floor":{"id":101,"hp":1}},
	{
	"x":5,"y":5,"dir":2,"pieceid":0,"floor":{"id":101,"hp":1}},
	{
	"x":6,"y":5,"dir":2,"pieceid":0,"floor":{"id":101,"hp":1},
	"cover":[{"id":10091,"hp":1}]
	},
	{
	"x":7,"y":5,"dir":2,"pieceid":0},
	{
	"x":1,"y":6,"dir":2,"pieceid":0},
	{
	"x":2,"y":6,"dir":2,"pieceid":0,"floor":{"id":101,"hp":1}},
	{
	"x":3,"y":6,"dir":2,"pieceid":0,"floor":{"id":101,"hp":1}},
	{
	"x":4,"y":6,"dir":2,"pieceid":0,"floor":{"id":101,"hp":1}},
	{
	"x":5,"y":6,"dir":2,"pieceid":0,"floor":{"id":101,"hp":1}},
	{
	"x":6,"y":6,"dir":2,"pieceid":0,"floor":{"id":101,"hp":1}},
	{
	"x":7,"y":6,"dir":2,"pieceid":0},
	{
	"x":1,"y":7,"dir":2,"pieceid":0},
	{
	"x":2,"y":7,"dir":2,"pieceid":0,"floor":{"id":101,"hp":1}},
	{
	"x":3,"y":7,"dir":2,"pieceid":0,"floor":{"id":101,"hp":1}},
	{
	"x":4,"y":7,"dir":2,"pieceid":0,"floor":{"id":101,"hp":1},
	"cover":[{"id":10091,"hp":1}]
	},
	{
	"x":5,"y":7,"dir":2,"pieceid":0,"floor":{"id":101,"hp":1}},
	{
	"x":6,"y":7,"dir":2,"pieceid":0,"floor":{"id":101,"hp":1}},
	{
	"x":7,"y":7,"dir":2,"pieceid":0},
	{
	"x":1,"y":8,"dir":2,"pieceid":0},
	{
	"x":2,"y":8,"dir":2,"pieceid":0},
	{
	"x":3,"y":8,"dir":2,"pieceid":0},
	{
	"x":4,"y":8,"dir":2,"pieceid":0},
	{
	"x":5,"y":8,"dir":2,"pieceid":0},
	{
	"x":6,"y":8,"dir":2,"pieceid":0},
	{
	"x":7,"y":8,"dir":2,"pieceid":0},
	{
	"x":1,"y":9,"dir":2,"pieceid":0},
	{
	"x":2,"y":9,"dir":2,"pieceid":0},
	{
	"x":3,"y":9,"dir":2,"pieceid":0},
	{
	"x":4,"y":9,"dir":2,"pieceid":0},
	{
	"x":5,"y":9,"dir":2,"pieceid":0},
	{
	"x":6,"y":9,"dir":2,"pieceid":0},
	{
	"x":7,"y":9,"dir":2,"pieceid":0},
	{
	"x":0,"y":1,"dir":2,"pieceid":0,"entry":true},
	{
	"x":0,"y":2,"dir":2,"pieceid":0},
	{
	"x":0,"y":3,"dir":2,"pieceid":0},
	{
	"x":0,"y":4,"dir":2,"pieceid":0},
	{
	"x":0,"y":5,"dir":2,"pieceid":0},
	{
	"x":0,"y":6,"dir":2,"pieceid":0},
	{
	"x":0,"y":7,"dir":2,"pieceid":0},
	{
	"x":0,"y":8,"dir":2,"pieceid":0},
	{
	"x":0,"y":9,"dir":2,"pieceid":0},
	{
	"x":8,"y":1,"dir":2,"pieceid":0,"entry":true},
	{
	"x":8,"y":2,"dir":2,"pieceid":0},
	{
	"x":8,"y":3,"dir":2,"pieceid":0},
	{
	"x":8,"y":4,"dir":2,"pieceid":0},
	{
	"x":8,"y":5,"dir":2,"pieceid":0},
	{
	"x":8,"y":6,"dir":2,"pieceid":0},
	{
	"x":8,"y":7,"dir":2,"pieceid":0},
	{
	"x":8,"y":8,"dir":2,"pieceid":0},
	{
	"x":8,"y":9,"dir":2,"pieceid":0}]
	}}