{
	"level":120,
"steps":35,
"description":"dialog001",
"flag":[
	"难度，待定"]
	,
"guide":[
	"新手引导，待定"]
	,
"board":{
	
"width":9,
"height":22,
"picieDefult":"1001|100;1002|100;1003|100;1004|100;1005|100",
"entryDefult":"1001|100;1002|100;1003|100;1004|100;1005|100",
"screens":[
	{
	"id":1,"lefttop":[
	1,1]
	,"rightbottom":[
	7,9]
	,
	"goals":[
	{
	"type":4,"id":1101,"num":30}]
	}]
	,

"grid":[
	{
	"x":1,"y":1,"dir":2,"entry":true},
	{
	"x":2,"y":1,"dir":2,"entry":true,"candidate_entry":"1001|100;1003|100;1003|100;1004|100;1005|100","pieceid":1002},
	{
	"x":3,"y":1,"dir":2,"entry":true},
	{
	"x":4,"y":1,"dir":2,"entry":true},
	{
	"x":5,"y":1,"dir":2,"entry":true},
	{
	"x":6,"y":1,"dir":2,"entry":true},
	{
	"x":7,"y":1,"dir":2,"entry":true},
	{
	"x":1,"y":2,"dir":2,"pieceid":0},
	{
	"x":2,"y":2,"dir":2,"pieceid":1101},
	{
	"x":3,"y":2,"dir":2,"pieceid":0},
	{
	"x":4,"y":2,"dir":2,"pieceid":1001},
	{
	"x":5,"y":2,"dir":2,"pieceid":0},
	{
	"x":6,"y":2,"dir":2,"pieceid":0},
	{
	"x":7,"y":2,"dir":2,"pieceid":0},
	{
	"x":1,"y":3,"dir":2,"pieceid":0},
	{
	"x":2,"y":3,"dir":2,"pieceid":1002},
	{
	"x":3,"y":3,"dir":2,"pieceid":0},
	{
	"x":4,"y":3,"dir":2,"pieceid":1005},
	{
	"x":5,"y":3,"dir":2,"pieceid":0},
	{
	"x":6,"y":3,"dir":2,"pieceid":0},
	{
	"x":7,"y":3,"dir":2,"pieceid":1105},
	{
	"x":1,"y":4,"dir":2,"pieceid":0},
	{
	"x":2,"y":4,"dir":2,"pieceid":1001},
	{
	"x":3,"y":4,"dir":2,"pieceid":0},
	{
	"x":4,"y":4,"dir":2,"pieceid":1001},
	{
	"x":5,"y":4,"dir":2,"pieceid":0},
	{
	"x":6,"y":4,"dir":2,"pieceid":1141},
	{
	"x":7,"y":4,"dir":2,"pieceid":0},
	{
	"x":1,"y":5,"dir":2,"pieceid":0},
	{
	"x":2,"y":5,"dir":2,"pieceid":1003},
	{
	"x":3,"y":5,"dir":2,"pieceid":0},
	{
	"x":4,"y":5,"dir":2,"pieceid":1141},
	{
	"x":5,"y":5,"dir":2,"pieceid":0},
	{
	"x":6,"y":5,"dir":2,"pieceid":0},
	{
	"x":7,"y":5,"dir":2,"pieceid":0},
	{
	"x":1,"y":6,"dir":2,"pieceid":1131},
	{
	"x":2,"y":6,"dir":2,"pieceid":1001},
	{
	"x":3,"y":6,"dir":2,"pieceid":1005},
	{
	"x":4,"y":6,"dir":2,"pieceid":1121},
	{
	"x":5,"y":6,"dir":2,"pieceid":0},
	{
	"x":6,"y":6,"dir":2,"pieceid":1001},
	{
	"x":7,"y":6,"dir":2,"pieceid":0},
	{
	"x":1,"y":7,"dir":2,"pieceid":1002},
	{
	"x":2,"y":7,"dir":2,"pieceid":1002},
	{
	"x":3,"y":7,"dir":2,"pieceid":1005},
	{
	"x":4,"y":7,"dir":2,"pieceid":1001},
	{
	"x":5,"y":7,"dir":2,"pieceid":0},
	{
	"x":6,"y":7,"dir":2,"pieceid":0},
	{
	"x":7,"y":7,"dir":2,"pieceid":1002},
	{
	"x":1,"y":8,"dir":2,"pieceid":0},
	{
	"x":2,"y":8,"dir":2,"pieceid":1001},
	{
	"x":3,"y":8,"dir":2,"pieceid":0},
	{
	"x":4,"y":8,"dir":2,"pieceid":1001},
	{
	"x":5,"y":8,"dir":2,"pieceid":0},
	{
	"x":6,"y":8,"dir":2,"pieceid":0},
	{
	"x":7,"y":8,"dir":2,"pieceid":0},
	{
	"x":1,"y":9,"dir":2,"pieceid":0,"exit":true},
	{
	"x":2,"y":9,"dir":2,"pieceid":1002,"exit":true},
	{
	"x":3,"y":9,"dir":2,"pieceid":0,"exit":true},
	{
	"x":4,"y":9,"dir":2,"pieceid":0,"exit":true},
	{
	"x":5,"y":9,"dir":2,"pieceid":0},
	{
	"x":6,"y":9,"dir":2,"pieceid":0,"exit":true},
	{
	"x":7,"y":9,"dir":2,"pieceid":0}]
	}}