{
	"level":116,
	"goals":[
	{
	"type":2,"id":101,"num":69}]
	,
"steps":25,
"showWindTime":10,
"description":"dialog001",
"flag":[
	"难度，待定"]
	,
"guide":[
	{
	"desc":"[560808]棋子都被冻住了，通过匹配消除来解放那些棋子吧[-]","icon":"npc_icon_001","pos":[
	{	"x":4,"y":2},
	{	"x":4,"y":3},
	{	"x":4,"y":4},
	{	"x":4,"y":5},
	{	"x":5,"y":3}]
	,"move":{
	"g1X":5,"g1Y":3,"g2X":4,"g2Y":3}}]
	,
"board":{
	
"width":9,
"height":11,
"picieDefult":"1001|100;1002|100;1003|100;1004|100;1005|100",
"entryDefult":"1001|100;1002|100;1003|100;1004|100;1005|100",
"screens":[
	{
	"id":1,"lefttop":[
	0,0]
	,"rightbottom":[
	8,10]
	,
	"goals":[
	{
	"type":2,"id":101,"num":69}]
	}]
	,

"grid":[
	{
	"x":5,"y":0,"dir":2,"pieceid":0,"entry":true},
	{
	"x":6,"y":0,"dir":2,"pieceid":0,"entry":true},
	{
	"x":7,"y":0,"dir":2,"pieceid":0,"entry":true},
	{
	"x":8,"y":0,"dir":2,"pieceid":0,"entry":true},
	{
	"x":4,"y":1,"dir":2,"pieceid":0,"entry":true},
	{
	"x":5,"y":1,"dir":2,"pieceid":0},
	{
	"x":6,"y":1,"dir":2,"pieceid":0},
	{
	"x":7,"y":1,"dir":2,"pieceid":0},
	{
	"x":8,"y":1,"dir":2,"pieceid":0},
	{
	"x":3,"y":2,"dir":2,"pieceid":0,"entry":true},
	{
	"x":4,"y":2,"dir":2,"pieceid":1001},
	{
	"x":5,"y":2,"dir":2,"pieceid":0},
	{
	"x":6,"y":2,"dir":2,"pieceid":0},
	{
	"x":7,"y":2,"dir":2,"pieceid":0},
	{
	"x":8,"y":2,"dir":2,"pieceid":0},
	{
	"x":2,"y":3,"dir":2,"pieceid":0,"entry":true,"cover":[{"id":10011,"hp":1}]
	},
	{
	"x":3,"y":3,"dir":2,"pieceid":0,"cover":[{"id":10011,"hp":1}]
	},
	{
	"x":4,"y":3,"dir":2,"pieceid":0},
	{
	"x":5,"y":3,"dir":2,"pieceid":1001},
	{
	"x":6,"y":3,"dir":2,"pieceid":0},
	{
	"x":7,"y":3,"dir":2,"pieceid":0},
	{
	"x":8,"y":3,"dir":2,"pieceid":0},
	{
	"x":1,"y":4,"dir":2,"pieceid":0,"entry":true,"cover":[{"id":10011,"hp":1}]
	},
	{
	"x":2,"y":4,"dir":2,"pieceid":0,"cover":[{"id":10011,"hp":1}]
	},
	{
	"x":3,"y":4,"dir":2,"pieceid":0,"cover":[{"id":10011,"hp":1}]
	},
	{
	"x":4,"y":4,"dir":2,"pieceid":1001,"cover":[{"id":10011,"hp":1}]
	},
	{
	"x":5,"y":4,"dir":2,"pieceid":0},
	{
	"x":6,"y":4,"dir":2,"pieceid":0},
	{
	"x":7,"y":4,"dir":2,"pieceid":0},
	{
	"x":8,"y":4,"dir":2,"pieceid":0},
	{
	"x":0,"y":5,"dir":2,"pieceid":0,"entry":true,"floor":{"id":101,"hp":1},
	"cover":[{"id":10011,"hp":1}]
	},
	{
	"x":1,"y":5,"dir":2,"pieceid":0,"cover":[{"id":10011,"hp":1}]
	},
	{
	"x":2,"y":5,"dir":2,"pieceid":0,"cover":[{"id":10011,"hp":1}]
	},
	{
	"x":3,"y":5,"dir":2,"pieceid":0,"cover":[{"id":10011,"hp":1}]
	},
	{
	"x":4,"y":5,"dir":2,"pieceid":1001,"cover":[{"id":10011,"hp":1}]
	},
	{
	"x":5,"y":5,"dir":2,"pieceid":0},
	{
	"x":6,"y":5,"dir":2,"pieceid":0},
	{
	"x":7,"y":5,"dir":2,"pieceid":0},
	{
	"x":8,"y":5,"dir":2,"pieceid":0},
	{
	"x":0,"y":6,"dir":2,"pieceid":0,"floor":{"id":101,"hp":1},
	"cover":[{"id":10011,"hp":1}]
	},
	{
	"x":1,"y":6,"dir":2,"pieceid":0,"floor":{"id":101,"hp":1},
	"cover":[{"id":10011,"hp":1}]
	},
	{
	"x":2,"y":6,"dir":2,"pieceid":0,"cover":[{"id":10011,"hp":1}]
	},
	{
	"x":3,"y":6,"dir":2,"pieceid":0,"cover":[{"id":10011,"hp":1}]
	},
	{
	"x":4,"y":6,"dir":2,"pieceid":0,"cover":[{"id":10011,"hp":1}]
	},
	{
	"x":5,"y":6,"dir":2,"pieceid":0},
	{
	"x":6,"y":6,"dir":2,"pieceid":0},
	{
	"x":7,"y":6,"dir":2,"pieceid":0},
	{
	"x":0,"y":7,"dir":2,"pieceid":0,"floor":{"id":101,"hp":1},
	"cover":[{"id":10011,"hp":1}]
	},
	{
	"x":1,"y":7,"dir":2,"pieceid":0,"floor":{"id":101,"hp":1},
	"cover":[{"id":10011,"hp":1}]
	},
	{
	"x":2,"y":7,"dir":2,"pieceid":0,"floor":{"id":101,"hp":1},
	"cover":[{"id":10011,"hp":1}]
	},
	{
	"x":3,"y":7,"dir":2,"pieceid":0,"cover":[{"id":10011,"hp":1}]
	},
	{
	"x":4,"y":7,"dir":2,"pieceid":0,"cover":[{"id":10011,"hp":1}]
	},
	{
	"x":5,"y":7,"dir":2,"pieceid":0},
	{
	"x":6,"y":7,"dir":2,"pieceid":0},
	{
	"x":0,"y":8,"dir":2,"pieceid":0,"floor":{"id":101,"hp":1},
	"cover":[{"id":10011,"hp":2}]
	},
	{
	"x":1,"y":8,"dir":2,"pieceid":0,"floor":{"id":101,"hp":1},
	"cover":[{"id":10011,"hp":1}]
	},
	{
	"x":2,"y":8,"dir":2,"pieceid":0,"floor":{"id":101,"hp":1},
	"cover":[{"id":10011,"hp":1}]
	},
	{
	"x":3,"y":8,"dir":2,"pieceid":0,"floor":{"id":101,"hp":1},
	"cover":[{"id":10011,"hp":1}]
	},
	{
	"x":4,"y":8,"dir":2,"pieceid":0,"cover":[{"id":10011,"hp":1}]
	},
	{
	"x":5,"y":8,"dir":2,"pieceid":0},
	{
	"x":0,"y":9,"dir":2,"pieceid":0,"floor":{"id":101,"hp":1},
	"cover":[{"id":10011,"hp":2}]
	},
	{
	"x":1,"y":9,"dir":2,"pieceid":0,"floor":{"id":101,"hp":1},
	"cover":[{"id":10011,"hp":2}]
	},
	{
	"x":2,"y":9,"dir":2,"pieceid":0,"floor":{"id":101,"hp":1},
	"cover":[{"id":10011,"hp":1}]
	},
	{
	"x":3,"y":9,"dir":2,"pieceid":0,"floor":{"id":101,"hp":1},
	"cover":[{"id":10011,"hp":1}]
	},
	{
	"x":4,"y":9,"dir":2,"pieceid":0,"cover":[{"id":10011,"hp":1}]
	},
	{
	"x":0,"y":10,"dir":2,"pieceid":0,"floor":{"id":101,"hp":1},
	"cover":[{"id":10011,"hp":2}]
	},
	{
	"x":1,"y":10,"dir":2,"pieceid":0,"floor":{"id":101,"hp":1},
	"cover":[{"id":10011,"hp":2}]
	},
	{
	"x":2,"y":10,"dir":2,"pieceid":0,"floor":{"id":101,"hp":1},
	"cover":[{"id":10011,"hp":2}]
	},
	{
	"x":3,"y":10,"dir":2,"pieceid":0,"floor":{"id":101,"hp":1},
	"cover":[{"id":10011,"hp":1}]
	}]
	}}