{
	"level":12,
	"goals":[
	{
	"type":1,"id":1002,"num":30},
	{
	"type":2,"id":101,"num":69}]
	,
"steps":25,
"description":"dialog001",
"flag":[
	"难度，待定"]
	,
"guide":[
	{
	"desc":"[560808]组合出强大的道具，\n快速铺上地毯吧[-]","icon":"npc_icon_001","pos":[
	{
	"x":4,"y":4},
	{
	"x":4,"y":5}]
	,"move":{
	"g1X":4,"g1Y":5,"g2X":4,"g2Y":4}}]
	,
"board":{
	
"width":9,
"height":11,
"picieDefult":"1001|100;1002|100;1003|100;1004|100;1005|100",
"entryDefult":"1001|100;1002|100;1003|100;1004|100;1005|100",
"screens":[
	{
	"id":1,"lefttop":[
	0,1]
	,"rightbottom":[
	8,9]
	,
	"goals":[
	{
	"type":2,"id":101,"num":69,"desc":"[560808]消除中包含一块地毯图标，\n就可将其它地块也铺上地毯[-]"}]
	}]
	,

"grid":[
	{
	"x":0,"y":1,"dir":2,"entry":true,"pieceid":0},
	{
	"x":1,"y":1,"dir":2,"entry":true,"pieceid":0},
	{
	"x":2,"y":1,"dir":2,"entry":true,"pieceid":0},
	{
	"x":3,"y":1,"dir":2,"entry":true,"pieceid":0,"floor":{"id":101,"hp":1}},
	{
	"x":5,"y":1,"dir":2,"entry":true,"pieceid":0,"floor":{"id":101,"hp":1}},
	{
	"x":6,"y":1,"dir":2,"entry":true,"pieceid":0},
	{
	"x":7,"y":1,"dir":2,"entry":true,"pieceid":0},
	{
	"x":8,"y":1,"dir":2,"entry":true,"pieceid":0},
	{
	"x":0,"y":2,"dir":2,"pieceid":0},
	{
	"x":1,"y":2,"dir":2,"pieceid":0},
	{
	"x":2,"y":2,"dir":2,"pieceid":0},
	{
	"x":3,"y":2,"dir":2,"pieceid":0,"floor":{"id":101,"hp":1}},
	{
	"x":5,"y":2,"dir":2,"pieceid":0,"floor":{"id":101,"hp":1}},
	{
	"x":6,"y":2,"dir":2,"pieceid":0},
	{
	"x":7,"y":2,"dir":2,"pieceid":0},
	{
	"x":8,"y":2,"dir":2,"pieceid":0},
	{
	"x":0,"y":3,"dir":2,"pieceid":0},
	{
	"x":1,"y":3,"dir":2,"pieceid":0},
	{
	"x":2,"y":3,"dir":2,"pieceid":0},
	{
	"x":6,"y":3,"dir":2,"pieceid":0},
	{
	"x":7,"y":3,"dir":2,"pieceid":0},
	{
	"x":8,"y":3,"dir":2,"pieceid":0},
	{
	"x":0,"y":4,"dir":2,"pieceid":1001,"cover":[{"id":10001,"hp":1}]
	},
	{
	"x":1,"y":4,"dir":2,"pieceid":1002,"cover":[{"id":10001,"hp":1}]
	},
	{
	"x":2,"y":4,"dir":2,"pieceid":1001,"cover":[{"id":10001,"hp":1}]
	},
	{
	"x":4,"y":4,"dir":2,"pieceid":1141,"floor":{"id":101}},
	{
	"x":6,"y":4,"dir":2,"pieceid":1001,"cover":[{"id":10001,"hp":1}]
	},
	{
	"x":7,"y":4,"dir":2,"pieceid":1002,"cover":[{"id":10001,"hp":1}]
	},
	{
	"x":8,"y":4,"dir":2,"pieceid":1001,"cover":[{"id":10001,"hp":1}]
	},
	{
	"x":0,"y":5,"dir":2},
	{
	"x":1,"y":5,"dir":2},
	{
	"x":2,"y":5,"dir":2},
	{
	"x":4,"y":5,"dir":2,"pieceid":1101,"floor":{"id":101}},
	{
	"x":6,"y":5,"dir":2},
	{
	"x":7,"y":5,"dir":2},
	{
	"x":8,"y":5,"dir":2},
	{
	"x":0,"y":6,"dir":2},
	{
	"x":1,"y":6,"dir":2},
	{
	"x":2,"y":6,"dir":2},
	{
	"x":6,"y":6,"dir":2},
	{
	"x":7,"y":6,"dir":2},
	{
	"x":8,"y":6,"dir":2},
	{
	"x":0,"y":7,"dir":2},
	{
	"x":1,"y":7,"dir":2},
	{
	"x":2,"y":7,"dir":2},
	{
	"x":3,"y":7,"dir":2,"pieceid":1002,"cover":[{"id":10001,"hp":1}]
	,"entry":true,"floor":{"id":101,"hp":1}},
	{
	"x":4,"y":7,"dir":2,"pieceid":1001,"cover":[{"id":10001,"hp":1}]
	,"entry":true,"floor":{"id":101,"hp":1}},
	{
	"x":5,"y":7,"dir":2,"pieceid":1002,"cover":[{"id":10001,"hp":1}]
	,"entry":true,"floor":{"id":101,"hp":1}},
	{
	"x":6,"y":7,"dir":2},
	{
	"x":7,"y":7,"dir":2},
	{
	"x":8,"y":7,"dir":2},
	{
	"x":0,"y":8,"dir":2},
	{
	"x":1,"y":8,"dir":2},
	{
	"x":2,"y":8,"dir":2},
	{
	"x":3,"y":8,"dir":2,"pieceid":1001,"cover":[{"id":10001,"hp":1}]
	,"floor":{"id":101,"hp":1}},
	{
	"x":4,"y":8,"dir":2,"pieceid":1002,"cover":[{"id":10001,"hp":1}]
	,"floor":{"id":101,"hp":1}},
	{
	"x":5,"y":8,"dir":2,"pieceid":1001,"cover":[{"id":10001,"hp":1}]
	,"floor":{"id":101,"hp":1}},
	{
	"x":6,"y":8,"dir":2},
	{
	"x":7,"y":8,"dir":2},
	{
	"x":8,"y":8,"dir":2},
	{
	"x":0,"y":9,"dir":2},
	{
	"x":1,"y":9,"dir":2},
	{
	"x":2,"y":9,"dir":2},
	{
	"x":3,"y":9,"dir":2,"pieceid":1002,"cover":[{"id":10001,"hp":1}]
	,"floor":{"id":101,"hp":1}},
	{
	"x":4,"y":9,"dir":2,"pieceid":1001,"cover":[{"id":10001,"hp":1}]
	,"floor":{"id":101,"hp":1}},
	{
	"x":5,"y":9,"dir":2,"pieceid":1002,"cover":[{"id":10001,"hp":1}]
	,"floor":{"id":101,"hp":1}},
	{
	"x":6,"y":9,"dir":2},
	{
	"x":7,"y":9,"dir":2},
	{
	"x":8,"y":9,"dir":2}]
	}}