{
	"level":13,
	"goals":[
	{
	"type":1,"id":1301,"num":14}]
	,
"steps":20,
"description":"dialog001",
"flag":[
	"难度，待定"]
	,
"guide":[
	{
	"desc":"[560808]在果冻旁边消除图块，\n就能够破开果冻了！[-]","icon":"npc_icon_001","pos":[
	{
	"x":3,"y":4},
	{
	"x":4,"y":4},
	{
	"x":5,"y":4},
	{
	"x":4,"y":3}]
	,"move":{
	"g1X":4,"g1Y":3,"g2X":4,"g2Y":4}}]
	,
"board":{
	
"width":9,
"height":11,
"picieDefult":"1001|100;1002|100;1003|100;1004|100;1005|100",
"entryDefult":"1001|100;1002|100;1003|100;1004|100;1005|100",
"screens":[
	{
	"id":1,"lefttop":[
	1,2]
	,"rightbottom":[
	7,9]
	,
	"goals":[
	{
	"type":1,"id":1301,"num":14,"desc":"[560808]震破那些果冻，就能收集到下面的樱桃了[-]"}]
	}]
	,

"grid":[
	{
	"x":2,"y":2,"dir":2,"pieceid":0,"entry":true},
	{
	"x":3,"y":2,"dir":2,"pieceid":0,"entry":true},
	{
	"x":5,"y":2,"dir":2,"pieceid":0,"entry":true},
	{
	"x":6,"y":2,"dir":2,"pieceid":0,"entry":true},
	{
	"x":1,"y":3,"dir":2,"pieceid":0},
	{
	"x":2,"y":3,"dir":2,"pieceid":0},
	{
	"x":3,"y":3,"dir":2,"pieceid":1002},
	{
	"x":4,"y":3,"dir":2,"pieceid":1005},
	{
	"x":5,"y":3,"dir":2,"pieceid":1001},
	{
	"x":6,"y":3,"dir":2,"pieceid":0},
	{
	"x":7,"y":3,"dir":2,"pieceid":0},
	{
	"x":1,"y":4,"dir":2,"pieceid":0},
	{
	"x":2,"y":4,"dir":2,"pieceid":1001},
	{
	"x":3,"y":4,"dir":2,"pieceid":1005},
	{
	"x":4,"y":4,"dir":2,"pieceid":1004},
	{
	"x":5,"y":4,"dir":2,"pieceid":1005},
	{
	"x":6,"y":4,"dir":2,"pieceid":1002},
	{
	"x":7,"y":4,"dir":2,"pieceid":0},
	{
	"x":1,"y":5,"dir":2,"pieceid":0},
	{
	"x":2,"y":5,"dir":2,"pieceid":0},
	{
	"x":3,"y":5,"dir":2,"pieceid":1301,"cover":[{"id":11021,"hp":1}]
	},
	{
	"x":4,"y":5,"dir":2,"pieceid":1001,"cover":[{"id":11021,"hp":1}]
	},
	{
	"x":5,"y":5,"dir":2,"pieceid":1301,"cover":[{"id":11021,"hp":1}]
	},
	{
	"x":6,"y":5,"dir":2,"pieceid":0},
	{
	"x":7,"y":5,"dir":2,"pieceid":0},
	{
	"x":1,"y":6,"dir":2,"pieceid":0},
	{
	"x":2,"y":6,"dir":2,"pieceid":1301,"cover":[{"id":11021,"hp":1}]
	},
	{
	"x":3,"y":6,"dir":2,"pieceid":1002,"cover":[{"id":11021,"hp":1}]
	},
	{
	"x":4,"y":6,"dir":2,"pieceid":1301,"cover":[{"id":11021,"hp":1}]
	},
	{
	"x":5,"y":6,"dir":2,"pieceid":1002,"cover":[{"id":11021,"hp":1}]
	},
	{
	"x":6,"y":6,"dir":2,"pieceid":1301,"cover":[{"id":11021,"hp":1}]
	},
	{
	"x":7,"y":6,"dir":2,"pieceid":0},
	{
	"x":1,"y":7,"dir":2,"pieceid":0},
	{
	"x":2,"y":7,"dir":2,"pieceid":1001,"cover":[{"id":11021,"hp":1}]
	},
	{
	"x":3,"y":7,"dir":2,"pieceid":1301,"cover":[{"id":11021,"hp":2}]
	},
	{
	"x":4,"y":7,"dir":2,"pieceid":1002,"cover":[{"id":11021,"hp":2}]
	},
	{
	"x":5,"y":7,"dir":2,"pieceid":1301,"cover":[{"id":11021,"hp":2}]
	},
	{
	"x":6,"y":7,"dir":2,"pieceid":1001,"cover":[{"id":11021,"hp":1}]
	},
	{
	"x":7,"y":7,"dir":2,"pieceid":0},
	{
	"x":1,"y":8,"dir":2,"pieceid":1001,"cover":[{"id":11021,"hp":1}]
	},
	{
	"x":2,"y":8,"dir":2,"pieceid":1301,"cover":[{"id":11021,"hp":1}]
	},
	{
	"x":3,"y":8,"dir":2,"pieceid":1002,"cover":[{"id":11021,"hp":2}]
	},
	{
	"x":4,"y":8,"dir":2,"pieceid":1301,"cover":[{"id":11021,"hp":2}]
	},
	{
	"x":5,"y":8,"dir":2,"pieceid":1002,"cover":[{"id":11021,"hp":2}]
	},
	{
	"x":6,"y":8,"dir":2,"pieceid":1301,"cover":[{"id":11021,"hp":1}]
	},
	{
	"x":7,"y":8,"dir":2,"pieceid":1001,"cover":[{"id":11021,"hp":1}]
	},
	{
	"x":1,"y":9,"dir":2,"pieceid":1301,"cover":[{"id":11021,"hp":1}]
	},
	{
	"x":2,"y":9,"dir":2,"pieceid":1001,"cover":[{"id":11021,"hp":1}]
	},
	{
	"x":3,"y":9,"dir":2,"pieceid":1301,"cover":[{"id":11021,"hp":2}]
	},
	{
	"x":4,"y":9,"dir":2,"pieceid":1001,"cover":[{"id":11021,"hp":2}]
	},
	{
	"x":5,"y":9,"dir":2,"pieceid":1301,"cover":[{"id":11021,"hp":2}]
	},
	{
	"x":6,"y":9,"dir":2,"pieceid":1001,"cover":[{"id":11021,"hp":1}]
	},
	{
	"x":7,"y":9,"dir":2,"pieceid":1301,"cover":[{"id":11021,"hp":1}]
	}]
	}}