{
	"level":141,
"steps":28,
"showWindTime":10,
"description":"dialog001",
"flag":[
	"难度，待定"]
	,
"guide":[
	{
	"desc":"[560808]普通的消除无法将蛋糕做好哦[-]","icon":"npc_icon_001","pos":[
	{
	"x":2,"y":2},
	{
	"x":3,"y":2},
	{
	"x":4,"y":2},
	{
	"x":5,"y":2},
	{
	"x":4,"y":1}]
	,"move":{
	"g1X":4,"g1Y":1,"g2X":4,"g2Y":2}},
	{
	"desc":"[560808]用道具加热蛋糕，让他们早点烤好吧[-]","icon":"npc_icon_001","pos":[
	{
	"x":4,"y":2}]
	,"move":{
	"g1X":4,"g1Y":2,"g2X":4,"g2Y":2}}]
	,
"board":{
	
"width":9,
"height":11,
"picieDefult":"1001|100;1002|100;1003|100;1004|100;1005|100;1006|100",
"entryDefult":"1001|100;1002|100;1003|100;1004|100;1005|100;1006|100",
"screens":[
	{
	"id":1,"lefttop":[
	0,0]
	,"rightbottom":[
	8,10]
	,
	"goals":[
	{
	"id":10051,"num":5,"type":1},
	{
	"id":1004,"num":50,"type":1}]
	}]
	,

"grid":[
	{
	"x":3,"y":0,"dir":2,"pieceid":0,"entry":true},
	{
	"x":4,"y":0,"dir":2,"pieceid":0,"entry":true,"cover":[{"id":10051,"hp":1}]
	},
	{
	"x":5,"y":0,"dir":2,"pieceid":1002,"entry":true},
	{
	"x":2,"y":1,"dir":2,"pieceid":0,"entry":true},
	{
	"x":3,"y":1,"dir":2,"pieceid":0},
	{
	"x":4,"y":1,"dir":2,"pieceid":1001},
	{
	"x":5,"y":1,"dir":2,"pieceid":1004},
	{
	"x":6,"y":1,"dir":2,"pieceid":1002,"entry":true},
	{
	"x":1,"y":2,"dir":2,"pieceid":0,"entry":true},
	{
	"x":2,"y":2,"dir":2,"pieceid":1001},
	{
	"x":3,"y":2,"dir":2,"pieceid":1001},
	{
	"x":4,"y":2,"dir":2,"pieceid":0},
	{
	"x":5,"y":2,"dir":2,"pieceid":1001},
	{
	"x":6,"y":2,"dir":2,"pieceid":1003},
	{
	"x":7,"y":2,"dir":2,"pieceid":0,"entry":true},
	{
	"x":1,"y":3,"dir":2,"pieceid":0},
	{
	"x":2,"y":3,"dir":2,"pieceid":0,"paddle":{
	"id":11003,"hp":1,"direction":[
	2]
	}},
	{
	"x":3,"y":3,"dir":2,"pieceid":0,"paddle":{
	"id":11003,"hp":1,"direction":[
	2]
	}},
	{
	"x":4,"y":3,"dir":2,"pieceid":0,"paddle":{
	"id":11003,"hp":1,"direction":[
	2]
	},
	"cover":[{"id":10051,"hp":4}]
	},
	{
	"x":5,"y":3,"dir":2,"pieceid":1004,"paddle":{
	"id":11003,"hp":1,"direction":[
	2]
	}},
	{
	"x":6,"y":3,"dir":2,"pieceid":1002,"paddle":{
	"id":11003,"hp":1,"direction":[
	2]
	}},
	{
	"x":7,"y":3,"dir":2,"pieceid":0},
	{
	"x":0,"y":4,"dir":2,"pieceid":0,"entry":true},
	{
	"x":1,"y":4,"dir":2,"pieceid":0,"paddle":{
	"id":11003,"hp":1,"direction":[
	1]
	}},
	{
	"x":2,"y":4,"dir":2},
	{
	"x":3,"y":4,"dir":2},
	{
	"x":4,"y":4,"dir":2},
	{
	"x":5,"y":4,"dir":2},
	{
	"x":6,"y":4,"dir":2,"paddle":{
	"id":11003,"hp":1,"direction":[
	1]
	}},
	{
	"x":7,"y":4,"dir":2,"pieceid":0},
	{
	"x":8,"y":4,"dir":2,"pieceid":0,"entry":true},
	{
	"x":0,"y":5,"dir":2,"pieceid":0,"paddle":{
	"id":11003,"hp":1,"direction":[
	2]
	}},
	{
	"x":1,"y":5,"dir":2,"pieceid":0,"cover":[{"id":10051,"hp":4}]
	,"paddle":{
	"id":11003,"hp":1,"direction":[
	1,2]
	}},
	{
	"x":2,"y":5,"dir":2},
	{
	"x":3,"y":5,"dir":2,"paddle":{
	"id":11003,"hp":1,"direction":[
	2]
	}},
	{
	"x":4,"y":5,"dir":2,"paddle":{
	"id":11003,"hp":1,"direction":[
	2]
	}},
	{
	"x":5,"y":5,"dir":2,"paddle":{
	"id":11003,"hp":1,"direction":[
	2]
	}},
	{
	"x":6,"y":5,"dir":2,"paddle":{
	"id":11003,"hp":1,"direction":[
	1]
	}},
	{
	"x":7,"y":5,"dir":2,"pieceid":0,"cover":[{"id":10051,"hp":4}]
	,"paddle":{
	"id":11003,"hp":1,"direction":[
	2]
	}},
	{
	"x":8,"y":5,"dir":2,"pieceid":0,"paddle":{
	"id":11003,"hp":1,"direction":[
	2]
	}},
	{
	"x":0,"y":6,"dir":2},
	{
	"x":1,"y":6,"dir":2,"paddle":{
	"id":11003,"hp":1,"direction":[
	1]
	}},
	{
	"x":2,"y":6,"dir":2},
	{
	"x":3,"y":6,"dir":2},
	{
	"x":4,"y":6,"dir":2},
	{
	"x":5,"y":6,"dir":2},
	{
	"x":6,"y":6,"dir":2,"paddle":{
	"id":11003,"hp":1,"direction":[
	1]
	}},
	{
	"x":7,"y":6,"dir":2},
	{
	"x":8,"y":6,"dir":2},
	{
	"x":0,"y":7,"dir":2},
	{
	"x":1,"y":7,"dir":2,"paddle":{
	"id":11003,"hp":1,"direction":[
	1]
	}},
	{
	"x":2,"y":7,"dir":2,"paddle":{
	"id":11003,"hp":1,"direction":[
	2]
	}},
	{
	"x":3,"y":7,"dir":2,"paddle":{
	"id":11003,"hp":1,"direction":[
	2]
	}},
	{
	"x":4,"y":7,"dir":2,"paddle":{
	"id":11003,"hp":1,"direction":[
	2]
	},
	"cover":[{"id":10051,"hp":4}]
	},
	{
	"x":5,"y":7,"dir":2,"paddle":{
	"id":11003,"hp":1,"direction":[
	2]
	}},
	{
	"x":6,"y":7,"dir":2,"paddle":{
	"id":11003,"hp":1,"direction":[
	1,2]
	}},
	{
	"x":7,"y":7,"dir":2},
	{
	"x":8,"y":7,"dir":2},
	{
	"x":0,"y":8,"dir":2},
	{
	"x":1,"y":8,"dir":2},
	{
	"x":2,"y":8,"dir":2},
	{
	"x":3,"y":8,"dir":2},
	{
	"x":4,"y":8,"dir":2},
	{
	"x":5,"y":8,"dir":2},
	{
	"x":6,"y":8,"dir":2},
	{
	"x":7,"y":8,"dir":2},
	{
	"x":8,"y":8,"dir":2},
	{
	"x":1,"y":9,"dir":2},
	{
	"x":2,"y":9,"dir":2},
	{
	"x":3,"y":9,"dir":2},
	{
	"x":4,"y":9,"dir":2},
	{
	"x":5,"y":9,"dir":2},
	{
	"x":6,"y":9,"dir":2},
	{
	"x":7,"y":9,"dir":2},
	{
	"x":3,"y":10,"dir":2},
	{
	"x":4,"y":10,"dir":2},
	{
	"x":5,"y":10,"dir":2}]
	}}