{
	"level":184,
"steps":30,
"showWindTime":10,
"description":"dialog001",
"flag":[
	"难度，待定"]
	,
"guide":[
	"新手引导，待定"]
	,
"board":{
	
"width":9,
"height":11,
"picieDefult":"1001|100;1002|100;1003|100;1004|100;1005|100;1006|100",
"entryDefult":"1001|100;1002|100;1003|100;1004|100;1005|100;1006|100",
"screens":[
	{
	"id":1,"lefttop":[
	0,0]
	,"rightbottom":[
	8,10]
	,
	"goals":[
	{
	"id":1301,"num":19,"type":1},
	{
	"id":1201,"num":5,"type":1}]
	}]
	,

"grid":[
	{
	"x":4,"y":0,"dir":2,"pieceid":1201,"entry":true},
	{
	"x":5,"y":0,"dir":2,"pieceid":1201,"entry":true},
	{
	"x":6,"y":0,"dir":2,"pieceid":1201,"entry":true},
	{
	"x":7,"y":0,"dir":2,"pieceid":1201,"entry":true},
	{
	"x":8,"y":0,"dir":2,"pieceid":1201,"entry":true},
	{
	"x":0,"y":1,"dir":2,"pieceid":0,"cover":[{"id":11021,"hp":2}]
	,"gatefrom":[
	4,10]
	},
	{
	"x":1,"y":1,"dir":2,"pieceid":1003,"gatefrom":[
	6,10]
	},
	{
	"x":2,"y":1,"dir":2,"pieceid":0,"cover":[{"id":11021,"hp":2}]
	,"gatefrom":[
	8,10]
	},
	{
	"x":4,"y":1,"dir":2,"pieceid":0},
	{
	"x":5,"y":1,"dir":2,"pieceid":0},
	{
	"x":6,"y":1,"dir":2,"pieceid":0,"paddle":{
	"id":11003,"hp":1,"direction":[
	2]
	}},
	{
	"x":7,"y":1,"dir":2,"pieceid":1004},
	{
	"x":8,"y":1,"dir":2,"pieceid":0},
	{
	"x":0,"y":2,"dir":2,"pieceid":1003},
	{
	"x":1,"y":2,"dir":2,"pieceid":1301,"cover":[{"id":11021,"hp":2}]
	},
	{
	"x":2,"y":2,"dir":2,"pieceid":1003},
	{
	"x":4,"y":2,"dir":2,"pieceid":0},
	{
	"x":5,"y":2,"dir":2,"pieceid":0,"paddle":{
	"id":11003,"hp":1,"direction":[
	1]
	}},
	{
	"x":6,"y":2,"dir":2,"pieceid":1004,"paddle":{
	"id":11003,"hp":1,"direction":[
	1,2]
	}},
	{
	"x":7,"y":2,"dir":2,"pieceid":0},
	{
	"x":8,"y":2,"dir":2,"pieceid":0},
	{
	"x":0,"y":3,"dir":2,"pieceid":1301,"cover":[{"id":11021,"hp":3}]
	},
	{
	"x":1,"y":3,"dir":2,"pieceid":1003},
	{
	"x":2,"y":3,"dir":2,"pieceid":1301,"cover":[{"id":11021,"hp":3}]
	},
	{
	"x":4,"y":3,"dir":2,"pieceid":0},
	{
	"x":5,"y":3,"dir":2,"pieceid":0,"paddle":{
	"id":11003,"hp":1,"direction":[
	1]
	}},
	{
	"x":6,"y":3,"dir":2,"pieceid":1004,"paddle":{
	"id":11003,"hp":1,"direction":[
	1,2]
	}},
	{
	"x":7,"y":3,"dir":2,"pieceid":1004},
	{
	"x":8,"y":3,"dir":2,"pieceid":0},
	{
	"x":0,"y":4,"dir":2,"pieceid":1003},
	{
	"x":1,"y":4,"dir":2,"pieceid":1301,"cover":[{"id":11021,"hp":2}]
	},
	{
	"x":2,"y":4,"dir":2,"pieceid":1003},
	{
	"x":4,"y":4,"dir":2,"pieceid":1003},
	{
	"x":5,"y":4,"dir":2,"pieceid":0,"paddle":{
	"id":11003,"hp":1,"direction":[
	1]
	}},
	{
	"x":6,"y":4,"dir":2,"pieceid":0,"paddle":{
	"id":11003,"hp":1,"direction":[
	1,2]
	}},
	{
	"x":7,"y":4,"dir":2,"pieceid":0},
	{
	"x":8,"y":4,"dir":2,"pieceid":0},
	{
	"x":0,"y":5,"dir":2,"pieceid":1301,"cover":[{"id":11021,"hp":2}]
	},
	{
	"x":1,"y":5,"dir":2,"pieceid":1003},
	{
	"x":2,"y":5,"dir":2,"pieceid":1301,"cover":[{"id":11021,"hp":2}]
	},
	{
	"x":4,"y":5,"dir":2,"pieceid":0},
	{
	"x":5,"y":5,"dir":2,"pieceid":1003},
	{
	"x":6,"y":5,"dir":2,"pieceid":0},
	{
	"x":7,"y":5,"dir":2,"pieceid":0},
	{
	"x":8,"y":5,"dir":2,"pieceid":0},
	{
	"x":0,"y":6,"dir":2,"pieceid":1003},
	{
	"x":1,"y":6,"dir":2,"pieceid":1301,"cover":[{"id":11021,"hp":2}]
	},
	{
	"x":2,"y":6,"dir":2,"pieceid":1003},
	{
	"x":4,"y":6,"dir":2,"pieceid":1003},
	{
	"x":5,"y":6,"dir":2,"pieceid":0,"cover":[{"id":11021,"hp":3}]
	},
	{
	"x":6,"y":6,"dir":2,"pieceid":1301,"cover":[{"id":11021,"hp":3}]
	},
	{
	"x":7,"y":6,"dir":2,"pieceid":0,"cover":[{"id":11021,"hp":3}]
	},
	{
	"x":8,"y":6,"dir":2,"pieceid":0},
	{
	"x":0,"y":7,"dir":2,"pieceid":1301,"cover":[{"id":11021,"hp":2}]
	},
	{
	"x":1,"y":7,"dir":2,"pieceid":1003},
	{
	"x":2,"y":7,"dir":2,"pieceid":1301,"cover":[{"id":11021,"hp":2}]
	},
	{
	"x":4,"y":7,"dir":2,"pieceid":1003},
	{
	"x":5,"y":7,"dir":2,"pieceid":1301,"cover":[{"id":11021,"hp":3}]
	},
	{
	"x":6,"y":7,"dir":2,"pieceid":0,"cover":[{"id":11021,"hp":3}]
	},
	{
	"x":7,"y":7,"dir":2,"pieceid":1301,"cover":[{"id":11021,"hp":3}]
	},
	{
	"x":8,"y":7,"dir":2,"pieceid":0},
	{
	"x":0,"y":8,"dir":2,"pieceid":1003},
	{
	"x":1,"y":8,"dir":2,"pieceid":1301,"cover":[{"id":11021,"hp":2}]
	},
	{
	"x":2,"y":8,"dir":2,"pieceid":1003},
	{
	"x":4,"y":8,"dir":2,"pieceid":0},
	{
	"x":5,"y":8,"dir":2,"pieceid":0,"cover":[{"id":11021,"hp":3}]
	},
	{
	"x":6,"y":8,"dir":2,"pieceid":1301,"cover":[{"id":11021,"hp":3}]
	},
	{
	"x":7,"y":8,"dir":2,"pieceid":0,"cover":[{"id":11021,"hp":3}]
	},
	{
	"x":8,"y":8,"dir":2,"pieceid":0},
	{
	"x":0,"y":9,"dir":2,"pieceid":1301,"cover":[{"id":11021,"hp":2}]
	},
	{
	"x":1,"y":9,"dir":2,"pieceid":1003},
	{
	"x":2,"y":9,"dir":2,"pieceid":1301,"cover":[{"id":11021,"hp":2}]
	},
	{
	"x":4,"y":9,"dir":2,"pieceid":0},
	{
	"x":5,"y":9,"dir":2,"pieceid":1301,"cover":[{"id":11021,"hp":3}]
	},
	{
	"x":6,"y":9,"dir":2,"pieceid":0,"cover":[{"id":11021,"hp":3}]
	},
	{
	"x":7,"y":9,"dir":2,"pieceid":1301,"cover":[{"id":11021,"hp":3}]
	},
	{
	"x":8,"y":9,"dir":2,"pieceid":0},
	{
	"x":0,"y":10,"dir":2,"pieceid":1003,"exit":true},
	{
	"x":1,"y":10,"dir":2,"pieceid":1301,"cover":[{"id":11021,"hp":2}]
	,"exit":true},
	{
	"x":2,"y":10,"dir":2,"pieceid":1003,"exit":true},
	{
	"x":4,"y":10,"dir":2,"pieceid":0,"gateto":[
	0,1]
	},
	{
	"x":5,"y":10,"dir":2,"pieceid":0,"cover":[{"id":11021,"hp":3}]
	,"exit":true},
	{
	"x":6,"y":10,"dir":2,"pieceid":0,"cover":[{"id":11021,"hp":3}]
	,"gateto":[
	1,1]
	},
	{
	"x":7,"y":10,"dir":2,"pieceid":0,"cover":[{"id":11021,"hp":3}]
	,"exit":true},
	{
	"x":8,"y":10,"dir":2,"pieceid":0,"gateto":[
	2,1]
	}]
	}}