{
	"level":197,
"steps":27,
"showWindTime":10,
"description":"dialog001",
"flag":[
	"难度，待定"]
	,
"guide":[
	"新手引导，待定"]
	,
"board":{
	
"width":9,
"height":11,
"picieDefult":"1001|100;1002|100;1003|100;1004|100;1005|100;1006|100",
"entryDefult":"1001|100;1002|100;1003|100;1004|100;1005|100;1006|100",
"screens":[
	{
	"id":1,"lefttop":[
	0,0]
	,"rightbottom":[
	8,10]
	,
	"goals":[
	{
	"id":111,"num":39,"type":3},
	{
	"id":1301,"num":15,"type":1}]
	}]
	,

"grid":[
	{
	"x":1,"y":0,"dir":2,"pieceid":0,"entry":true},
	{
	"x":2,"y":0,"dir":2,"pieceid":1004,"entry":true},
	{
	"x":3,"y":0,"dir":2,"pieceid":0,"entry":true},
	{
	"x":4,"y":0,"dir":2,"pieceid":0,"entry":true},
	{
	"x":5,"y":0,"dir":2,"pieceid":0,"entry":true},
	{
	"x":6,"y":0,"dir":2,"pieceid":0,"entry":true},
	{
	"x":7,"y":0,"dir":2,"pieceid":0,"entry":true},
	{
	"x":1,"y":1,"dir":2,"pieceid":0},
	{
	"x":2,"y":1,"dir":2,"pieceid":1004},
	{
	"x":3,"y":1,"dir":2,"pieceid":0},
	{
	"x":4,"y":1,"dir":2,"pieceid":0},
	{
	"x":5,"y":1,"dir":2,"pieceid":0},
	{
	"x":6,"y":1,"dir":2,"pieceid":0},
	{
	"x":7,"y":1,"dir":2,"pieceid":0},
	{
	"x":1,"y":2,"dir":2,"pieceid":1004,"gateto":[
	0,4]
	,"cover":[{"id":10001,"hp":1}]
	},
	{
	"x":2,"y":2,"dir":2,"pieceid":1003,"floor":{"id":111,"hp":1}},
	{
	"x":3,"y":2,"dir":2,"pieceid":0,"floor":{"id":111,"hp":1}},
	{
	"x":4,"y":2,"dir":2,"pieceid":0,"floor":{"id":111,"hp":1}},
	{
	"x":5,"y":2,"dir":2,"pieceid":0,"floor":{"id":111,"hp":1}},
	{
	"x":6,"y":2,"dir":2,"pieceid":0,"floor":{"id":111,"hp":1}},
	{
	"x":7,"y":2,"dir":2,"pieceid":0,"gateto":[
	8,4]
	,"cover":[{"id":10001,"hp":1}]
	},
	{
	"x":2,"y":3,"dir":2,"pieceid":1004,"gateto":[
	1,5]
	,"cover":[{"id":10001,"hp":1}]
	},
	{
	"x":3,"y":3,"dir":2,"pieceid":0,"floor":{"id":111,"hp":1}},
	{
	"x":4,"y":3,"dir":2,"pieceid":0,"floor":{"id":111,"hp":1}},
	{
	"x":5,"y":3,"dir":2,"pieceid":0,"floor":{"id":111,"hp":1}},
	{
	"x":6,"y":3,"dir":2,"pieceid":0,"gateto":[
	7,5]
	,"cover":[{"id":10001,"hp":1}]
	},
	{
	"x":0,"y":4,"dir":2,"floor":{"id":111,"hp":1},
	"gatefrom":[
	1,2]
	},
	{
	"x":3,"y":4,"dir":2,"pieceid":0,"gateto":[
	2,6]
	,"cover":[{"id":10001,"hp":1}]
	},
	{
	"x":4,"y":4,"dir":2,"pieceid":0,"floor":{"id":111,"hp":1}},
	{
	"x":5,"y":4,"dir":2,"pieceid":0,"gateto":[
	6,6]
	,"cover":[{"id":10001,"hp":1}]
	},
	{
	"x":8,"y":4,"dir":2,"floor":{"id":111,"hp":1},
	"gatefrom":[
	7,2]
	},
	{
	"x":0,"y":5,"dir":2,"floor":{"id":111,"hp":1}},
	{
	"x":1,"y":5,"dir":2,"floor":{"id":111,"hp":1},
	"gatefrom":[
	2,3]
	},
	{
	"x":7,"y":5,"dir":2,"floor":{"id":111,"hp":1},
	"gatefrom":[
	6,3]
	},
	{
	"x":8,"y":5,"dir":2,"floor":{"id":111,"hp":1}},
	{
	"x":0,"y":6,"dir":2,"floor":{"id":111,"hp":1}},
	{
	"x":1,"y":6,"dir":2,"floor":{"id":111,"hp":1}},
	{
	"x":2,"y":6,"dir":2,"floor":{"id":111,"hp":1},
	"gatefrom":[
	3,4]
	},
	{
	"x":3,"y":6,"dir":2,"pieceid":1301,"cover":[{"id":11021,"hp":2}]
	,"entry":true},
	{
	"x":4,"y":6,"dir":2,"pieceid":1301,"cover":[{"id":11021,"hp":2}]
	,"entry":true},
	{
	"x":5,"y":6,"dir":2,"pieceid":1301,"cover":[{"id":11021,"hp":2}]
	,"entry":true},
	{
	"x":6,"y":6,"dir":2,"floor":{"id":111,"hp":1},
	"gatefrom":[
	5,4]
	},
	{
	"x":7,"y":6,"dir":2,"floor":{"id":111,"hp":1}},
	{
	"x":8,"y":6,"dir":2,"floor":{"id":111,"hp":1}},
	{
	"x":0,"y":7,"dir":2,"floor":{"id":111,"hp":1}},
	{
	"x":1,"y":7,"dir":2,"floor":{"id":111,"hp":1}},
	{
	"x":2,"y":7,"dir":2,"floor":{"id":111,"hp":1}},
	{
	"x":3,"y":7,"dir":2,"pieceid":1301,"cover":[{"id":11021,"hp":2}]
	},
	{
	"x":4,"y":7,"dir":2,"pieceid":1301,"cover":[{"id":11021,"hp":2}]
	},
	{
	"x":5,"y":7,"dir":2,"pieceid":1301,"cover":[{"id":11021,"hp":2}]
	},
	{
	"x":6,"y":7,"dir":2,"floor":{"id":111,"hp":1}},
	{
	"x":7,"y":7,"dir":2,"floor":{"id":111,"hp":1}},
	{
	"x":8,"y":7,"dir":2,"floor":{"id":111,"hp":1}},
	{
	"x":0,"y":8,"dir":2,"floor":{"id":111,"hp":1}},
	{
	"x":1,"y":8,"dir":2,"floor":{"id":111,"hp":1}},
	{
	"x":2,"y":8,"dir":2,"floor":{"id":111,"hp":1}},
	{
	"x":3,"y":8,"dir":2,"pieceid":1301,"cover":[{"id":11021,"hp":2}]
	},
	{
	"x":4,"y":8,"dir":2,"pieceid":1301,"cover":[{"id":11021,"hp":2}]
	},
	{
	"x":5,"y":8,"dir":2,"pieceid":1301,"cover":[{"id":11021,"hp":2}]
	},
	{
	"x":6,"y":8,"dir":2,"floor":{"id":111,"hp":1}},
	{
	"x":7,"y":8,"dir":2,"floor":{"id":111,"hp":1}},
	{
	"x":8,"y":8,"dir":2,"floor":{"id":111,"hp":1}},
	{
	"x":0,"y":9,"dir":2,"floor":{"id":111,"hp":1}},
	{
	"x":1,"y":9,"dir":2,"floor":{"id":111,"hp":1}},
	{
	"x":2,"y":9,"dir":2,"floor":{"id":111,"hp":1}},
	{
	"x":3,"y":9,"dir":2,"pieceid":1301,"cover":[{"id":11021,"hp":2}]
	},
	{
	"x":4,"y":9,"dir":2,"pieceid":1301,"cover":[{"id":11021,"hp":2}]
	},
	{
	"x":5,"y":9,"dir":2,"pieceid":1301,"cover":[{"id":11021,"hp":2}]
	},
	{
	"x":6,"y":9,"dir":2,"floor":{"id":111,"hp":1}},
	{
	"x":7,"y":9,"dir":2,"floor":{"id":111,"hp":1}},
	{
	"x":8,"y":9,"dir":2,"floor":{"id":111,"hp":1}},
	{
	"x":0,"y":10,"dir":2,"pieceid":0,"cover":[{"id":11021,"hp":3}]
	},
	{
	"x":1,"y":10,"dir":2,"pieceid":0,"cover":[{"id":11021,"hp":3}]
	},
	{
	"x":2,"y":10,"dir":2,"pieceid":0,"cover":[{"id":11021,"hp":3}]
	},
	{
	"x":3,"y":10,"dir":2,"pieceid":1301,"cover":[{"id":11021,"hp":3}]
	},
	{
	"x":4,"y":10,"dir":2,"pieceid":1301,"cover":[{"id":11021,"hp":3}]
	},
	{
	"x":5,"y":10,"dir":2,"pieceid":1301,"cover":[{"id":11021,"hp":3}]
	},
	{
	"x":6,"y":10,"dir":2,"pieceid":0,"cover":[{"id":11021,"hp":3}]
	},
	{
	"x":7,"y":10,"dir":2,"pieceid":0,"cover":[{"id":11021,"hp":3}]
	},
	{
	"x":8,"y":10,"dir":2,"pieceid":0,"cover":[{"id":11021,"hp":3}]
	}]
	}}