{
	"level":2,
	"goals":[
	{
	"type":1,"id":1003,"num":16},
	{
	"type":1,"id":1005,"num":16}]
	,
"steps":15,
"description":"dialog001",
"flag":[
	"难度，待定"]
	,
"guide":[
	{"desc":"[d10000]4个相同棋子[560808]连一起，\n看看会发生什么[-]","icon":"npc_icon_001","pos":[
	{	"x":2,"y":2},
	{	"x":3,"y":2},
	{	"x":4,"y":2},
	{	"x":5,"y":2},
	{	"x":3,"y":1}]
	,"move":{
	"g1X":3,"g1Y":1,"g2X":3,"g2Y":2}},

	
	{
	"desc":"[560808]太棒了,制作了一个火箭道\n具！将它与[d10000]相邻的棋子交换[560808]\n发射火箭吧！[-]","icon":"npc_icon_001","pos":[
	{	"x":3,"y":2},	
	{	"x":4,"y":2}]
	,"move":{
	"g1X":3,"g1Y":2,"g2X":4,"g2Y":2}},
	
	{
		"descEnd":"让我们制造和使用道具，轻松的完成这一关的挑战吧！"
	}		
	
	]
	,
"board":{
	
"width":9,
"height":11,
"picieDefult":"1001|100;1002|100;1003|150;1004|100;1005|150",
"entryDefult":"1001|100;1002|100;1003|150;1004|100;1005|150",
"screens":[
	{
	"id":1,"lefttop":[
	1,1]
	,"rightbottom":[
	7,9]
	,
	"goals":[
	{
	"type":1,"id":1003,"num":15},
	{
	"type":1,"id":1005,"num":15}]
	}]
	,
"grid":[
	{
	"x":3,"y":1,"dir":2,"entry":true,"pieceid":1002},
	{
	"x":4,"y":1,"dir":2,"entry":true,"pieceid":1004},
	{
	"x":5,"y":1,"dir":2,"entry":true,"pieceid":1004},
	{
	"x":2,"y":2,"dir":2,"entry":true,"pieceid":1002},
	{
	"x":3,"y":2,"dir":2,"pieceid":1003},
	{
	"x":4,"y":2,"dir":2,"pieceid":1002},
	{
	"x":5,"y":2,"dir":2,"pieceid":1002},
	{
	"x":6,"y":2,"dir":2,"entry":true,"pieceid":1003},
	{
	"x":2,"y":3,"dir":2,"pieceid":1004},
	{
	"x":3,"y":3,"dir":2,"pieceid":1004},
	{
	"x":4,"y":3,"dir":2,"pieceid":1001},
	{
	"x":5,"y":3,"dir":2,"pieceid":1003},
	{
	"x":6,"y":3,"dir":2,"pieceid":0},
	{
	"x":1,"y":4,"dir":2,"entry":true,"pieceid":0},
	{
	"x":2,"y":4,"dir":2,"pieceid":1002},
	{
	"x":3,"y":4,"dir":2,"pieceid":1002},
	{
	"x":4,"y":4,"dir":2,"pieceid":1001},
	{
	"x":5,"y":4,"dir":2,"pieceid":0},
	{
	"x":6,"y":4,"dir":2,"pieceid":0},
	{
	"x":7,"y":4,"dir":2,"entry":true,"pieceid":0},
	{
	"x":1,"y":5,"dir":2,"pieceid":0},
	{
	"x":2,"y":5,"dir":2,"pieceid":1003},
	{
	"x":6,"y":5,"dir":2,"pieceid":0},
	{
	"x":7,"y":5,"dir":2,"pieceid":0},
	{
	"x":1,"y":6,"dir":2,"pieceid":0},
	{
	"x":2,"y":6,"dir":2,"pieceid":0},
	{
	"x":3,"y":6,"dir":2,"pieceid":0},
	{
	"x":4,"y":6,"dir":2,"pieceid":1001},
	{
	"x":5,"y":6,"dir":2,"pieceid":0},
	{
	"x":6,"y":6,"dir":2,"pieceid":0},
	{
	"x":7,"y":6,"dir":2,"pieceid":0},
	{
	"x":2,"y":7,"dir":2,"pieceid":0},
	{
	"x":3,"y":7,"dir":2,"pieceid":0},
	{
	"x":4,"y":7,"dir":2,"pieceid":1002},
	{
	"x":5,"y":7,"dir":2,"pieceid":0},
	{
	"x":6,"y":7,"dir":2,"pieceid":0},
	{
	"x":2,"y":8,"dir":2,"pieceid":0},
	{
	"x":3,"y":8,"dir":2,"pieceid":0},
	{
	"x":4,"y":8,"dir":2,"pieceid":0},
	{
	"x":5,"y":8,"dir":2,"pieceid":0},
	{
	"x":6,"y":8,"dir":2,"pieceid":0},
	{
	"x":3,"y":9,"dir":2,"pieceid":0},
	{
	"x":4,"y":9,"dir":2,"pieceid":0},
	{
	"x":5,"y":9,"dir":2,"pieceid":0},
	{
	"x":3,"y":5,"dir":2,"pieceid":1003},
	{
	"x":4,"y":5,"dir":2,"pieceid":0},
	{
	"x":5,"y":5,"dir":2,"pieceid":1001}]
	}}