{
	"level":20,
	"goals":[
	{
	"type":1,"id":1201,"num":1}]
	,
"steps":25,
"showWindTime":10,
"description":"dialog001",
"flag":[
	"难度，待定"]
	,
"guide":[
	"新手引导，待定"]
	,
"board":{
	
"width":9,
"height":11,
"picieDefult":"1001|150;1002|100;1003|100;1004|100;1005|100",
"entryDefult":"1001|150;1002|100;1003|100;1004|100;1005|100",
"screens":[
	{
	"id":1,"lefttop":[
	1,1]
	,"rightbottom":[
	7,10]
	,
	"goals":[
	{
	"type":1,"id":1001,"num":40},
	{
	"type":1,"id":1201,"num":1,"desc":"[560808]将彩球下落方向的障碍都清除吧[-]"}]
	}]
	,

"grid":[
	{
	"x":4,"y":1,"dir":2,"pieceid":1201,"entry":true},
	{
	"x":3,"y":2,"dir":2,"pieceid":0,"entry":true},
	{
	"x":4,"y":2,"dir":2,"pieceid":0},
	{
	"x":5,"y":2,"dir":2,"pieceid":1004,"entry":true},
	{
	"x":2,"y":3,"dir":2,"pieceid":0,"entry":true},
	{
	"x":3,"y":3,"dir":2,"pieceid":0},
	{
	"x":4,"y":3,"dir":2,"pieceid":1004,"cover":[{"id":10001,"hp":1}]
	},
	{
	"x":5,"y":3,"dir":2,"pieceid":1003},
	{
	"x":6,"y":3,"dir":2,"pieceid":1004,"entry":true},
	{
	"x":1,"y":4,"dir":2,"pieceid":0,"entry":true},
	{
	"x":2,"y":4,"dir":2,"pieceid":1002},
	{
	"x":3,"y":4,"dir":2,"pieceid":0},
	{
	"x":4,"y":4,"dir":2,"pieceid":1004,"cover":[{"id":10001,"hp":1}]
	},
	{
	"x":5,"y":4,"dir":2,"pieceid":1004},
	{
	"x":6,"y":4,"dir":2,"pieceid":1002},
	{
	"x":7,"y":4,"dir":2,"pieceid":0,"entry":true},
	{
	"x":1,"y":5,"dir":2,"pieceid":0},
	{
	"x":2,"y":5,"dir":2,"pieceid":1001},
	{
	"x":3,"y":5,"dir":2,"pieceid":1002,"cover":[{"id":10001,"hp":1}]
	},
	{
	"x":4,"y":5,"dir":2,"pieceid":1001},
	{
	"x":5,"y":5,"dir":2,"pieceid":1002,"cover":[{"id":10001,"hp":1}]
	},
	{
	"x":6,"y":5,"dir":2,"pieceid":0},
	{
	"x":7,"y":5,"dir":2,"pieceid":0},
	{
	"x":1,"y":6,"dir":2,"pieceid":1001},
	{
	"x":2,"y":6,"dir":2,"pieceid":0},
	{
	"x":3,"y":6,"dir":2,"pieceid":1004,"cover":[{"id":10001,"hp":1}]
	},
	{
	"x":4,"y":6,"dir":2,"pieceid":1002,"cover":[{"id":10001,"hp":1}]
	},
	{
	"x":5,"y":6,"dir":2,"pieceid":1004,"cover":[{"id":10001,"hp":1}]
	},
	{
	"x":6,"y":6,"dir":2,"pieceid":0},
	{
	"x":7,"y":6,"dir":2,"pieceid":0},
	{
	"x":1,"y":7,"dir":2,"pieceid":1001,"cover":[{"id":10001,"hp":1}]
	},
	{
	"x":2,"y":7,"dir":2,"pieceid":1001,"cover":[{"id":10001,"hp":1}]
	},
	{
	"x":3,"y":7,"dir":2,"pieceid":1003,"cover":[{"id":10001,"hp":1}]
	},
	{
	"x":4,"y":7,"dir":2,"pieceid":1004,"cover":[{"id":10001,"hp":1}]
	},
	{
	"x":5,"y":7,"dir":2,"pieceid":1003,"cover":[{"id":10001,"hp":1}]
	},
	{
	"x":6,"y":7,"dir":2,"pieceid":1001,"cover":[{"id":10001,"hp":1}]
	},
	{
	"x":7,"y":7,"dir":2,"pieceid":1001,"cover":[{"id":10001,"hp":1}]
	},
	{
	"x":1,"y":8,"dir":2},
	{
	"x":2,"y":8,"dir":2},
	{
	"x":3,"y":8,"dir":2},
	{
	"x":4,"y":8,"dir":2,"pieceid":1003,"cover":[{"id":10001,"hp":1}]
	},
	{
	"x":5,"y":8,"dir":2},
	{
	"x":6,"y":8,"dir":2},
	{
	"x":7,"y":8,"dir":2},
	{
	"x":1,"y":9,"dir":2},
	{
	"x":2,"y":9,"dir":2},
	{
	"x":3,"y":9,"dir":2,"pieceid":1003,"cover":[{"id":10001,"hp":1}]
	},
	{
	"x":4,"y":9,"dir":2,"pieceid":1121,"cover":[{"id":10001,"hp":1}]
	},
	{
	"x":5,"y":9,"dir":2,"pieceid":1003,"cover":[{"id":10001,"hp":1}]
	},
	{
	"x":6,"y":9,"dir":2},
	{
	"x":7,"y":9,"dir":2},
	{
	"x":1,"y":10,"dir":2,"exit":true},
	{
	"x":2,"y":10,"dir":2,"exit":true},
	{
	"x":3,"y":10,"dir":2,"exit":true},
	{
	"x":4,"y":10,"dir":2,"pieceid":1003,"exit":true,"cover":[{"id":10001,"hp":1}]
	},
	{
	"x":5,"y":10,"dir":2,"exit":true},
	{
	"x":6,"y":10,"dir":2,"exit":true},
	{
	"x":7,"y":10,"dir":2,"exit":true}]
	}}