{
	"level":200,
"steps":37,
"description":"dialog001",
"flag":[
	"难度，待定"]
	,
"guide":[
	"新手引导，待定"]
	,
"board":{
	
"width":9,
"height":22,
"picieDefult":"1001|100;1002|100;1003|100;1004|100;1005|100",
"entryDefult":"1001|100;1002|100;1003|100;1004|100;1005|100",
"screens":[
	{
	"id":1,"lefttop":[
	0,0]
	,"rightbottom":[
	8,10]
	,
	"goals":[
	{
	"id":111,"num":42,"type":3},
	{
	"id":11002,"num":16,"type":1}]
	},
	{
	"id":2,"lefttop":[
	0,11]
	,"rightbottom":[
	8,21]
	,
	"goals":[
	{
	"id":111,"num":46,"type":3},
	{
	"id":11002,"num":16,"type":1}]
	}]
	,

"grid":[
	{
	"x":2,"y":0,"dir":2,"pieceid":0,"entry":true},
	{
	"x":3,"y":0,"dir":2,"pieceid":0,"entry":true},
	{
	"x":4,"y":0,"dir":2,"pieceid":0,"entry":true},
	{
	"x":5,"y":0,"dir":2,"pieceid":0,"entry":true},
	{
	"x":6,"y":0,"dir":2,"pieceid":0,"entry":true},
	{
	"x":1,"y":1,"dir":2,"pieceid":0,"entry":true},
	{
	"x":2,"y":1,"dir":2,"pieceid":0},
	{
	"x":3,"y":1,"dir":2,"pieceid":0},
	{
	"x":4,"y":1,"dir":2,"pieceid":0},
	{
	"x":5,"y":1,"dir":2,"pieceid":0},
	{
	"x":6,"y":1,"dir":2,"pieceid":0},
	{
	"x":7,"y":1,"dir":2,"pieceid":0,"entry":true},
	{
	"x":0,"y":2,"dir":2,"pieceid":0,"entry":true},
	{
	"x":1,"y":2,"dir":2,"pieceid":0},
	{
	"x":2,"y":2,"dir":2,"pieceid":0},
	{
	"x":3,"y":2,"dir":2,"pieceid":0},
	{
	"x":4,"y":2,"dir":2,"pieceid":0},
	{
	"x":5,"y":2,"dir":2,"pieceid":0},
	{
	"x":6,"y":2,"dir":2,"pieceid":0},
	{
	"x":7,"y":2,"dir":2,"pieceid":0},
	{
	"x":8,"y":2,"dir":2,"pieceid":0,"entry":true},
	{
	"x":0,"y":3,"dir":2,"pieceid":0},
	{
	"x":1,"y":3,"dir":2,"pieceid":0},
	{
	"x":2,"y":3,"dir":2,"pieceid":0},
	{
	"x":3,"y":3,"dir":2,"pieceid":0},
	{
	"x":4,"y":3,"dir":2,"pieceid":0},
	{
	"x":5,"y":3,"dir":2,"pieceid":0},
	{
	"x":6,"y":3,"dir":2,"pieceid":0},
	{
	"x":7,"y":3,"dir":2,"pieceid":0},
	{
	"x":8,"y":3,"dir":2,"pieceid":0},
	{
	"x":0,"y":4,"dir":2,"pieceid":0,"floor":{"id":111,"hp":1}},
	{
	"x":1,"y":4,"dir":2,"pieceid":0,"floor":{"id":111,"hp":1}},
	{
	"x":5,"y":4,"dir":2,"cover":[{"id":11002,"hp":8,"covertype":1}]
	},
	{
	"x":6,"y":4,"dir":2,"cover":[{"id":11002,"hp":8,"covertype":1}]
	},
	{
	"x":7,"y":4,"dir":2,"pieceid":0,"floor":{"id":111,"hp":1}},
	{
	"x":8,"y":4,"dir":2,"pieceid":0,"floor":{"id":111,"hp":1}},
	{
	"x":0,"y":5,"dir":2,"pieceid":0,"floor":{"id":111,"hp":1}},
	{
	"x":1,"y":5,"dir":2,"pieceid":0,"floor":{"id":111,"hp":1}},
	{
	"x":2,"y":5,"dir":2,"cover":[{"id":11002,"hp":8,"covertype":2}]
	,"entry":true},
	{
	"x":3,"y":5,"dir":2,"cover":[{"id":11002,"hp":8,"covertype":2}]
	,"entry":true},
	{
	"x":5,"y":5,"dir":2,"cover":[{"id":11002,"hp":8,"covertype":1}]
	},
	{
	"x":6,"y":5,"dir":2,"cover":[{"id":11002,"hp":8,"covertype":1}]
	},
	{
	"x":7,"y":5,"dir":2,"pieceid":0,"floor":{"id":111,"hp":1}},
	{
	"x":8,"y":5,"dir":2,"pieceid":0,"floor":{"id":111,"hp":1}},
	{
	"x":0,"y":6,"dir":2,"pieceid":0,"floor":{"id":111,"hp":1}},
	{
	"x":1,"y":6,"dir":2,"pieceid":0,"floor":{"id":111,"hp":1}},
	{
	"x":2,"y":6,"dir":2,"cover":[{"id":11002,"hp":8,"covertype":2}]
	},
	{
	"x":3,"y":6,"dir":2,"cover":[{"id":11002,"hp":8,"covertype":2}]
	},
	{
	"x":7,"y":6,"dir":2,"pieceid":0,"floor":{"id":111,"hp":1}},
	{
	"x":8,"y":6,"dir":2,"pieceid":0,"floor":{"id":111,"hp":1}},
	{
	"x":0,"y":7,"dir":2,"pieceid":0,"floor":{"id":111,"hp":1}},
	{
	"x":1,"y":7,"dir":2,"pieceid":0,"floor":{"id":111,"hp":1},
	"paddle":{
	"id":11003,"hp":1,"direction":[
	1]
	}},
	{
	"x":2,"y":7,"dir":2,"pieceid":0,"floor":{"id":111,"hp":1},
	"cover":[{"id":11011,"hp":2}]
	},
	{
	"x":3,"y":7,"dir":2,"pieceid":0,"floor":{"id":111,"hp":1},
	"cover":[{"id":11011,"hp":2}]
	},
	{
	"x":4,"y":7,"dir":2,"pieceid":0,"entry":true,"floor":{"id":111,"hp":1},
	"cover":[{"id":11011,"hp":2}]
	},
	{
	"x":5,"y":7,"dir":2,"pieceid":0,"entry":true,"floor":{"id":111,"hp":1},
	"cover":[{"id":11011,"hp":2}]
	},
	{
	"x":6,"y":7,"dir":2,"pieceid":0,"entry":true,"floor":{"id":111,"hp":1},
	"paddle":{
	"id":11003,"hp":1,"direction":[
	1]
	},
	"cover":[{"id":11011,"hp":2}]
	},
	{
	"x":7,"y":7,"dir":2,"pieceid":0,"floor":{"id":111,"hp":1}},
	{
	"x":8,"y":7,"dir":2,"pieceid":0,"floor":{"id":111,"hp":1}},
	{
	"x":0,"y":8,"dir":2,"pieceid":0,"floor":{"id":111,"hp":1},
	"gateto":[
	0,12]
	},
	{
	"x":1,"y":8,"dir":2,"pieceid":0,"floor":{"id":111,"hp":1},
	"paddle":{
	"id":11003,"hp":1,"direction":[
	1]
	}},
	{
	"x":2,"y":8,"dir":2,"pieceid":0,"floor":{"id":111,"hp":1},
	"paddle":{
	"id":11003,"hp":1,"direction":[
	2]
	},
	"cover":[{"id":11011,"hp":2}]
	},
	{
	"x":3,"y":8,"dir":2,"pieceid":0,"floor":{"id":111,"hp":1},
	"paddle":{
	"id":11003,"hp":1,"direction":[
	2]
	},
	"cover":[{"id":11011,"hp":2}]
	},
	{
	"x":4,"y":8,"dir":2,"pieceid":0,"floor":{"id":111,"hp":1},
	"paddle":{
	"id":11003,"hp":1,"direction":[
	2]
	},
	"cover":[{"id":11011,"hp":2}]
	},
	{
	"x":5,"y":8,"dir":2,"pieceid":0,"floor":{"id":111,"hp":1},
	"paddle":{
	"id":11003,"hp":1,"direction":[
	2]
	},
	"cover":[{"id":11011,"hp":2}]
	},
	{
	"x":6,"y":8,"dir":2,"pieceid":0,"floor":{"id":111,"hp":1},
	"paddle":{
	"id":11003,"hp":1,"direction":[
	1,2]
	},
	"cover":[{"id":11011,"hp":2}]
	},
	{
	"x":7,"y":8,"dir":2,"pieceid":0,"floor":{"id":111,"hp":1}},
	{
	"x":8,"y":8,"dir":2,"pieceid":0,"floor":{"id":111,"hp":1},
	"gateto":[
	8,12]
	},
	{
	"x":1,"y":9,"dir":2,"pieceid":0,"floor":{"id":111,"hp":1},
	"paddle":{
	"id":11003,"hp":1,"direction":[
	1]
	},
	"gateto":[
	1,12]
	},
	{
	"x":2,"y":9,"dir":2,"pieceid":0,"floor":{"id":111,"hp":1}},
	{
	"x":3,"y":9,"dir":2,"pieceid":0,"floor":{"id":111,"hp":1}},
	{
	"x":4,"y":9,"dir":2,"pieceid":0,"floor":{"id":111,"hp":1}},
	{
	"x":5,"y":9,"dir":2,"pieceid":0,"floor":{"id":111,"hp":1}},
	{
	"x":6,"y":9,"dir":2,"pieceid":0,"floor":{"id":111,"hp":1},
	"paddle":{
	"id":11003,"hp":1,"direction":[
	1]
	}},
	{
	"x":7,"y":9,"dir":2,"pieceid":0,"floor":{"id":111,"hp":1},
	"gateto":[
	7,12]
	},
	{
	"x":2,"y":10,"dir":2,"pieceid":0,"floor":{"id":111,"hp":1},
	"gateto":[
	3,12]
	},
	{
	"x":3,"y":10,"dir":2,"pieceid":0,"floor":{"id":111,"hp":1}},
	{
	"x":4,"y":10,"dir":2,"pieceid":0,"floor":{"id":111,"hp":1}},
	{
	"x":5,"y":10,"dir":2,"pieceid":0,"floor":{"id":111,"hp":1}},
	{
	"x":6,"y":10,"dir":2,"pieceid":0,"floor":{"id":111,"hp":1},
	"gateto":[
	5,12]
	},
	{
	"x":0,"y":12,"dir":2,"pieceid":0,"gatefrom":[
	0,8]
	},
	{
	"x":1,"y":12,"dir":2,"pieceid":0,"gatefrom":[
	1,9]
	},
	{
	"x":3,"y":12,"dir":2,"pieceid":0,"gatefrom":[
	2,10]
	},
	{
	"x":5,"y":12,"dir":2,"pieceid":0,"gatefrom":[
	6,10]
	},
	{
	"x":7,"y":12,"dir":2,"pieceid":0,"gatefrom":[
	7,9]
	},
	{
	"x":8,"y":12,"dir":2,"pieceid":0,"gatefrom":[
	8,8]
	},
	{
	"x":0,"y":13,"dir":2,"pieceid":0,"cover":[{"id":10011,"hp":1}]
	},
	{
	"x":1,"y":13,"dir":2,"pieceid":0,"cover":[{"id":10011,"hp":1}]
	},
	{
	"x":3,"y":13,"dir":2,"pieceid":0,"cover":[{"id":10011,"hp":1}]
	},
	{
	"x":5,"y":13,"dir":2,"pieceid":0,"cover":[{"id":10011,"hp":1}]
	},
	{
	"x":7,"y":13,"dir":2,"pieceid":0,"cover":[{"id":10011,"hp":1}]
	},
	{
	"x":8,"y":13,"dir":2,"pieceid":0,"cover":[{"id":10011,"hp":1}]
	},
	{
	"x":0,"y":14,"dir":2,"pieceid":0,"cover":[{"id":10011,"hp":1}]
	},
	{
	"x":1,"y":14,"dir":2,"pieceid":0,"cover":[{"id":10011,"hp":1}]
	},
	{
	"x":2,"y":14,"dir":2,"pieceid":0,"cover":[{"id":10011,"hp":1}]
	,"entry":true},
	{
	"x":3,"y":14,"dir":2,"pieceid":0,"cover":[{"id":10011,"hp":1}]
	},
	{
	"x":4,"y":14,"dir":2,"pieceid":0,"cover":[{"id":10011,"hp":1}]
	,"entry":true},
	{
	"x":5,"y":14,"dir":2,"pieceid":0,"cover":[{"id":10011,"hp":1}]
	},
	{
	"x":6,"y":14,"dir":2,"pieceid":0,"cover":[{"id":10011,"hp":1}]
	,"entry":true},
	{
	"x":7,"y":14,"dir":2,"pieceid":0,"cover":[{"id":10011,"hp":1}]
	},
	{
	"x":8,"y":14,"dir":2,"pieceid":0,"cover":[{"id":10011,"hp":1}]
	},
	{
	"x":0,"y":15,"dir":2,"pieceid":0,"cover":[{"id":10011,"hp":2}]
	,"floor":{"id":111,"hp":1}},
	{
	"x":1,"y":15,"dir":2,"pieceid":0,"cover":[{"id":10011,"hp":2}]
	,"floor":{"id":111,"hp":1}},
	{
	"x":2,"y":15,"dir":2,"pieceid":0,"cover":[{"id":10011,"hp":2}]
	,"floor":{"id":111,"hp":1}},
	{
	"x":3,"y":15,"dir":2,"pieceid":0,"cover":[{"id":10011,"hp":2}]
	,"floor":{"id":111,"hp":1}},
	{
	"x":4,"y":15,"dir":2,"pieceid":0,"cover":[{"id":10011,"hp":2}]
	,"floor":{"id":111,"hp":1}},
	{
	"x":5,"y":15,"dir":2,"pieceid":0,"cover":[{"id":10011,"hp":2}]
	,"floor":{"id":111,"hp":1}},
	{
	"x":6,"y":15,"dir":2,"pieceid":0,"cover":[{"id":10011,"hp":2}]
	,"floor":{"id":111,"hp":1}},
	{
	"x":7,"y":15,"dir":2,"pieceid":0,"cover":[{"id":10011,"hp":2}]
	,"floor":{"id":111,"hp":1}},
	{
	"x":8,"y":15,"dir":2,"pieceid":0,"cover":[{"id":10011,"hp":2}]
	,"floor":{"id":111,"hp":1}},
	{
	"x":0,"y":16,"dir":2,"pieceid":0,"floor":{"id":111,"hp":1}},
	{
	"x":1,"y":16,"dir":2,"pieceid":0,"floor":{"id":111,"hp":1}},
	{
	"x":2,"y":16,"dir":2,"pieceid":0,"floor":{"id":111,"hp":1}},
	{
	"x":3,"y":16,"dir":2,"pieceid":0,"floor":{"id":111,"hp":1}},
	{
	"x":4,"y":16,"dir":2,"pieceid":0,"floor":{"id":111,"hp":1}},
	{
	"x":5,"y":16,"dir":2,"pieceid":0,"floor":{"id":111,"hp":1}},
	{
	"x":6,"y":16,"dir":2,"pieceid":0,"floor":{"id":111,"hp":1}},
	{
	"x":7,"y":16,"dir":2,"pieceid":0,"floor":{"id":111,"hp":1}},
	{
	"x":8,"y":16,"dir":2,"pieceid":0,"floor":{"id":111,"hp":1}},
	{
	"x":0,"y":17,"dir":2,"pieceid":0,"floor":{"id":111,"hp":1}},
	{
	"x":1,"y":17,"dir":2,"pieceid":0,"floor":{"id":111,"hp":1}},
	{
	"x":2,"y":17,"dir":2,"pieceid":0,"floor":{"id":111,"hp":1}},
	{
	"x":3,"y":17,"dir":2,"pieceid":0,"floor":{"id":111,"hp":1}},
	{
	"x":4,"y":17,"dir":2,"pieceid":0,"floor":{"id":111,"hp":1}},
	{
	"x":5,"y":17,"dir":2,"pieceid":0,"floor":{"id":111,"hp":1}},
	{
	"x":6,"y":17,"dir":2,"pieceid":0,"floor":{"id":111,"hp":1}},
	{
	"x":7,"y":17,"dir":2,"pieceid":0,"floor":{"id":111,"hp":1}},
	{
	"x":8,"y":17,"dir":2,"pieceid":0,"floor":{"id":111,"hp":1}},
	{
	"x":0,"y":18,"dir":2,"pieceid":0,"floor":{"id":111,"hp":1}},
	{
	"x":1,"y":18,"dir":2,"pieceid":0,"floor":{"id":111,"hp":1}},
	{
	"x":7,"y":18,"dir":2,"pieceid":0,"floor":{"id":111,"hp":1}},
	{
	"x":8,"y":18,"dir":2,"pieceid":0,"floor":{"id":111,"hp":1}},
	{
	"x":0,"y":19,"dir":2,"pieceid":0,"floor":{"id":111,"hp":1}},
	{
	"x":1,"y":19,"dir":2,"pieceid":0,"floor":{"id":111,"hp":1}},
	{
	"x":2,"y":19,"dir":2,"cover":[{"id":11002,"hp":8,"covertype":3}]
	,"entry":true},
	{
	"x":3,"y":19,"dir":2,"cover":[{"id":11002,"hp":8,"covertype":3}]
	,"entry":true},
	{
	"x":4,"y":19,"dir":2,"pieceid":0,"floor":{"id":111,"hp":1},
	"entry":true},
	{
	"x":5,"y":19,"dir":2,"cover":[{"id":11002,"hp":8,"covertype":4}]
	,"entry":true},
	{
	"x":6,"y":19,"dir":2,"cover":[{"id":11002,"hp":8,"covertype":4}]
	,"entry":true},
	{
	"x":7,"y":19,"dir":2,"pieceid":0,"floor":{"id":111,"hp":1}},
	{
	"x":8,"y":19,"dir":2,"pieceid":0,"floor":{"id":111,"hp":1}},
	{
	"x":1,"y":20,"dir":2,"pieceid":0,"floor":{"id":111,"hp":1}},
	{
	"x":2,"y":20,"dir":2,"cover":[{"id":11002,"hp":8,"covertype":3}]
	},
	{
	"x":3,"y":20,"dir":2,"cover":[{"id":11002,"hp":8,"covertype":3}]
	},
	{
	"x":4,"y":20,"dir":2,"pieceid":0,"floor":{"id":111,"hp":1}},
	{
	"x":5,"y":20,"dir":2,"cover":[{"id":11002,"hp":8,"covertype":4}]
	},
	{
	"x":6,"y":20,"dir":2,"cover":[{"id":11002,"hp":8,"covertype":4}]
	},
	{
	"x":7,"y":20,"dir":2,"pieceid":0,"floor":{"id":111,"hp":1}},
	{
	"x":1,"y":21,"dir":2,"pieceid":0,"floor":{"id":111,"hp":1}},
	{
	"x":2,"y":21,"dir":2,"pieceid":0,"floor":{"id":111,"hp":1}},
	{
	"x":3,"y":21,"dir":2,"pieceid":0,"floor":{"id":111,"hp":1}},
	{
	"x":4,"y":21,"dir":2,"pieceid":0,"floor":{"id":111,"hp":1}},
	{
	"x":5,"y":21,"dir":2,"pieceid":0,"floor":{"id":111,"hp":1}},
	{
	"x":6,"y":21,"dir":2,"pieceid":0,"floor":{"id":111,"hp":1}},
	{
	"x":7,"y":21,"dir":2,"pieceid":0,"floor":{"id":111,"hp":1}}]
	}}