{
	"level":2001,
	"goals":
	[
		{"type":1,"id":1001,"num":100}
	],
	"steps":20,
	"description":"dialog001",
	"flag":["难度，待定"],

	"guide":{
		"data":{"desc":"相同的3个元素相连会发生奇妙的事哦", "icon":"npc_icon_001"},
		"pos":[
			{"x":3,"y":5},
			{"x":4,"y":5},
			{"x":5,"y":4},
			{"x":5,"y":5}
		]
	},


	"board":
	{
		"width":9,
		"height":11,
		"picieDefult":"1001|100;1002|100;1003|100;1004|100;1005|100",
		"entryDefult":"1001|100;1002|100;1003|100;1004|100;1005|100",
		"screens":
		[
			{
				"id":1,
				"lefttop":[1,2], 
				"rightbottom":[7,8],
				"goals":
				[
					{"type":1,"id":1001,"num":100}
				]
			}
		],
		"grid":[
					{"x":1,"y":2,"dir":2,"entry":true,"pieceid":0,"entryicon":"chukoubing","candidate_entry":"10011|100;10061|100;11011|100;1004|100;1005|100"},
					{"x":2,"y":2,"dir":2,"entry":true,"pieceid":0},
					{"x":3,"y":2,"dir":2,"entry":true,"pieceid":0,"entryicon":"chukoubing"},
					{"x":4,"y":2,"dir":2,"entry":true,"pieceid":0,"entryicon":"chukoubing"},
					{"x":5,"y":2,"dir":2,"entry":true,"pieceid":0},
					{"x":6,"y":2,"dir":2,"entry":true,"pieceid":0},
					{"x":7,"y":2,"dir":2,"entry":true,"pieceid":0},
					
					{"x":1,"y":3,"dir":2,"pieceid":0,"cover":[{"id":10041,"hp":2}],"gift":[{"id":1121,"hp":1,"num":2,"posList":[{"x":1,"y":4},{"x":2,"y":4}]}]},
					{"x":2,"y":3,"dir":2,"pieceid":0,"paddle":{"id":11003,"hp":1,"direction":[1,2]}},
					{"x":3,"y":3,"dir":2,"pieceid":1004},
					{"x":4,"y":3,"dir":2,"pieceid":1004},
					{"x":5,"y":3,"dir":2,"pieceid":1005},
					{"x":6,"y":3,"dir":2,"pieceid":1004},
					{"x":7,"y":3,"dir":2,"pieceid":0},
					
					{"x":1,"y":4,"dir":2,"pieceid":0},
					{"x":2,"y":4,"dir":2,"pieceid":1004},
					{"x":3,"y":4,"dir":2,"pieceid":0,"paddle":{"id":11003,"hp":1,"direction":[2]}},
					{"x":4,"y":4,"dir":2,"pieceid":1004,"paddle":{"id":11003,"hp":1,"direction":[2]}},
					{"x":5,"y":4,"dir":2,"pieceid":1001,"paddle":{"id":11003,"hp":1,"direction":[1,2]}},
					{"x":6,"y":4,"dir":2,"pieceid":1003,"paddle":{"id":11003,"hp":1,"direction":[1,2]}},
					{"x":7,"y":4,"dir":2,"pieceid":0,"paddle":{"id":11003,"hp":1,"direction":[2]}},
					
					{"x":1,"y":5,"dir":2,"pieceid":0},
					{"x":2,"y":5,"dir":2,"pieceid":1003},
					{"x":3,"y":5,"dir":2,"pieceid":1001},
					{"x":4,"y":5,"dir":2,"pieceid":1001},
					{"x":5,"y":5,"dir":2,"pieceid":1005},
					{"x":6,"y":5,"dir":2,"pieceid":1002},
					{"x":7,"y":5,"dir":2,"pieceid":0},
					
					{"x":1,"y":6,"dir":2,"pieceid":0},
					{"x":2,"y":6,"dir":2,"pieceid":1003},
					{"x":3,"y":6,"dir":2,"pieceid":0},
					{"x":4,"y":6,"dir":2,"pieceid":0},
					{"x":5,"y":6,"dir":2,"pieceid":1131},
					{"x":6,"y":6,"dir":2,"pieceid":1105},
					{"x":7,"y":6,"dir":2,"pieceid":0},
					
					{"x":1,"y":7,"dir":2,"pieceid":0},
					{"x":2,"y":7,"dir":2,"pieceid":0},
					{"x":3,"y":7,"dir":2,"pieceid":0},
					{"x":4,"y":7,"dir":2,"pieceid":0},
					{"x":5,"y":7,"dir":2,"pieceid":0},
					{"x":6,"y":7,"dir":2,"pieceid":0},
					{"x":7,"y":7,"dir":2,"pieceid":0,"cover":[{"id":10041,"hp":2}],"gift":[{"id":1121,"hp":1,"num":2,"posList":[{"x":6,"y":7},{"x":5,"y":7}]}]},
					
					{"x":6,"y":8,"dir":2,"pieceid":0}
				]
	}
}