{
	"level":1,
	"goals":
	[
		{"type":1,"id":1001,"num":100}
	],
	"steps":20,
	"description":"dialog001",
	"flag":["难度，待定"],

	"guide":{
		"data":{"desc":"相同的3个元素相连会发生奇妙的事哦", "icon":"npc_icon_001"},
		"pos":[
			{"x":3,"y":5},
			{"x":4,"y":5},
			{"x":5,"y":4},
			{"x":5,"y":5}
		]
	},


	"board":
	{
		"width":9,
		"height":11,
		"picieDefult":"1001|100;1002|100;1003|100;1004|100;1005|100",
		"entryDefult":"1001|100;1002|100;1003|100;1004|100;1005|100",
		"screens":
		[
			{
				"id":1,
				"lefttop":[1,2], 
				"rightbottom":[7,7],
				"goals":
				[
					{"type":1,"id":1001,"num":100}
				]
			}
		],
		"grid":[
					{"x":1,"y":2,"dir":2,"entry":true,"pieceid":0,"cover":[{"id":10031,"hp":3}]},
					{"x":2,"y":2,"dir":2,"entry":true,"pieceid":0,"cover":[{"id":10031,"hp":3}]},
					{"x":3,"y":2,"dir":2,"entry":true,"pieceid":0,"cover":[{"id":10031,"hp":3}]},
					{"x":4,"y":2,"dir":2,"entry":true,"pieceid":0,"cover":[{"id":10031,"hp":3}]},
					
					
					{"x":1,"y":3,"dir":2,"pieceid":0},
					{"x":2,"y":3,"dir":2,"pieceid":0},
					{"x":3,"y":3,"dir":2,"pieceid":0},
					{"x":4,"y":3,"dir":2,"pieceid":1141},
					
					{"x":1,"y":4,"dir":2,"pieceid":0},
					{"x":2,"y":4,"dir":2,"pieceid":1004},
					{"x":3,"y":4,"dir":2,"pieceid":1002},
					{"x":4,"y":4,"dir":2,"pieceid":1004},
					
					{"x":1,"y":5,"dir":2,"pieceid":0},
					{"x":2,"y":5,"dir":2,"pieceid":1003},
					{"x":3,"y":5,"dir":2,"pieceid":1001},
					{"x":4,"y":5,"dir":2,"pieceid":1001},
					
					{"x":1,"y":6,"dir":2,"pieceid":0},
					{"x":2,"y":6,"dir":2,"pieceid":1003},
					{"x":3,"y":6,"dir":2,"pieceid":1005},
					{"x":4,"y":6,"dir":2,"pieceid":1003},
					
					

					{"x":1,"y":7,"dir":2,"pieceid":0},
					{"x":2,"y":7,"dir":2,"pieceid":0},
					{"x":3,"y":7,"dir":2,"pieceid":0},
					{"x":4,"y":7,"dir":2,"pieceid":0}



					
				]
	}
}