{
	"level":201,
"steps":30,
"showWindTime":10,
"description":"dialog001",
"flag":[
	"难度，待定"]
	,
"guide":[
	{
	"desc":"[560808]出现西瓜了呢，想办法怎么消除它吧[-]","icon":"npc_icon_001","pos":[
	{
	"x":3,"y":1},
	{
	"x":3,"y":2},
	{
	"x":3,"y":3},
	{
	"x":3,"y":0},
	{
	"x":4,"y":2}]
	,"move":{
	"g1X":4,"g1Y":2,"g2X":3,"g2Y":2}},
	{
	"desc":"[560808]使用道具才能顺利消除西瓜哦[-]","icon":"npc_icon_001","pos":[
	{
	"x":3,"y":2},
	{
	"x":3,"y":2}]
	,"move":{
	"g1X":3,"g1Y":2,"g2X":3,"g2Y":2}}]
	,
"board":{
	
"width":9,
"height":11,
"picieDefult":"1001|100;1002|100;1003|100;1004|100;1005|100",
"entryDefult":"1001|100;1002|100;1003|100;1004|100;1005|100",
"screens":[
	{
	"id":1,"lefttop":[
	0,0]
	,"rightbottom":[
	8,10]
	,
	"goals":[
	{
	"id":10061,"num":9,"type":1},
	{
	"id":1001,"num":70,"type":1}]
	}]
	,

"grid":[
	{
	"x":0,"y":0,"dir":1,"pieceid":0},
	{
	"x":1,"y":0,"dir":1,"pieceid":0},
	{
	"x":2,"y":0,"dir":1,"pieceid":0},
	{
	"x":3,"y":0,"dir":1,"pieceid":1002},
	{
	"x":4,"y":0,"dir":2,"pieceid":0},
	{
	"x":5,"y":0,"dir":3,"pieceid":0},
	{
	"x":6,"y":0,"dir":3,"pieceid":0},
	{
	"x":7,"y":0,"dir":3,"pieceid":0},
	{
	"x":8,"y":0,"dir":3,"pieceid":0},
	{
	"x":0,"y":1,"dir":4,"pieceid":0},
	{
	"x":1,"y":1,"dir":1,"pieceid":0},
	{
	"x":2,"y":1,"dir":1,"pieceid":0},
	{
	"x":3,"y":1,"dir":2,"pieceid":1002},
	{
	"x":4,"y":1,"dir":2,"pieceid":0},
	{
	"x":5,"y":1,"dir":2,"pieceid":0},
	{
	"x":6,"y":1,"dir":3,"pieceid":0},
	{
	"x":7,"y":1,"dir":3,"pieceid":0},
	{
	"x":8,"y":1,"dir":4,"pieceid":0},
	{
	"x":0,"y":2,"dir":4,"pieceid":0,"cover":[{"id":10061,"hp":3}]
	},
	{
	"x":1,"y":2,"dir":4,"pieceid":0,"cover":[{"id":10011,"hp":1}]
	},
	{
	"x":3,"y":2,"dir":2,"pieceid":1001},
	{
	"x":4,"y":2,"dir":2,"pieceid":1002},
	{
	"x":5,"y":2,"dir":2,"pieceid":0},
	{
	"x":7,"y":2,"dir":4,"pieceid":0,"cover":[{"id":10011,"hp":1}]
	},
	{
	"x":8,"y":2,"dir":4,"pieceid":0,"cover":[{"id":10061,"hp":3}]
	},
	{
	"x":0,"y":3,"dir":4,"pieceid":0,"cover":[{"id":10011,"hp":1}]
	},
	{
	"x":1,"y":3,"dir":4,"pieceid":0,"cover":[{"id":10011,"hp":1}]
	},
	{
	"x":3,"y":3,"dir":2,"pieceid":1002,"cover":[{"id":10011,"hp":1}]
	},
	{
	"x":4,"y":3,"dir":2,"pieceid":0,"cover":[{"id":10061,"hp":3}]
	},
	{
	"x":5,"y":3,"dir":2,"pieceid":0,"cover":[{"id":10011,"hp":1}]
	},
	{
	"x":7,"y":3,"dir":4,"pieceid":0,"cover":[{"id":10011,"hp":1}]
	},
	{
	"x":8,"y":3,"dir":4,"pieceid":0,"cover":[{"id":10011,"hp":1}]
	},
	{
	"x":0,"y":4,"dir":4,"pieceid":0,"cover":[{"id":10011,"hp":1}]
	},
	{
	"x":1,"y":4,"dir":4,"pieceid":0,"cover":[{"id":10011,"hp":1}]
	},
	{
	"x":3,"y":4,"dir":2,"pieceid":0,"cover":[{"id":10011,"hp":1}]
	},
	{
	"x":4,"y":4,"dir":2,"pieceid":0,"cover":[{"id":10011,"hp":1}]
	},
	{
	"x":5,"y":4,"dir":2,"pieceid":0,"cover":[{"id":10011,"hp":1}]
	},
	{
	"x":7,"y":4,"dir":4,"pieceid":0,"cover":[{"id":10011,"hp":1}]
	},
	{
	"x":8,"y":4,"dir":4,"pieceid":0,"cover":[{"id":10011,"hp":1}]
	},
	{
	"x":0,"y":5,"dir":4,"pieceid":0,"cover":[{"id":10061,"hp":2}]
	},
	{
	"x":1,"y":5,"dir":4,"pieceid":0,"cover":[{"id":10011,"hp":1}]
	},
	{
	"x":3,"y":5,"dir":2,"pieceid":0},
	{
	"x":4,"y":5,"dir":2,"pieceid":0,"cover":[{"id":10011,"hp":1}]
	},
	{
	"x":5,"y":5,"dir":2,"pieceid":0},
	{
	"x":7,"y":5,"dir":4,"pieceid":0,"cover":[{"id":10011,"hp":1}]
	},
	{
	"x":8,"y":5,"dir":4,"pieceid":0,"cover":[{"id":10061,"hp":2}]
	},
	{
	"x":0,"y":6,"dir":4,"pieceid":0,"cover":[{"id":10011,"hp":1}]
	},
	{
	"x":3,"y":6,"dir":2,"pieceid":0},
	{
	"x":4,"y":6,"dir":2,"pieceid":0,"cover":[{"id":10061,"hp":2}]
	},
	{
	"x":5,"y":6,"dir":2,"pieceid":0},
	{
	"x":8,"y":6,"dir":4,"pieceid":0,"cover":[{"id":10011,"hp":1}]
	},
	{
	"x":0,"y":7,"dir":4,"pieceid":0,"cover":[{"id":10011,"hp":1}]
	},
	{
	"x":2,"y":7,"dir":2,"pieceid":0},
	{
	"x":3,"y":7,"dir":2,"pieceid":0},
	{
	"x":4,"y":7,"dir":2,"pieceid":0,"cover":[{"id":10011,"hp":1}]
	},
	{
	"x":5,"y":7,"dir":2,"pieceid":0},
	{
	"x":6,"y":7,"dir":2,"pieceid":0},
	{
	"x":8,"y":7,"dir":4,"pieceid":0,"cover":[{"id":10011,"hp":1}]
	},
	{
	"x":0,"y":8,"dir":4,"pieceid":0,"cover":[{"id":10061,"hp":1}]
	},
	{
	"x":2,"y":8,"dir":2,"pieceid":0},
	{
	"x":3,"y":8,"dir":2,"pieceid":0},
	{
	"x":4,"y":8,"dir":2,"pieceid":0,"cover":[{"id":10011,"hp":1}]
	},
	{
	"x":5,"y":8,"dir":2,"pieceid":0},
	{
	"x":6,"y":8,"dir":2,"pieceid":0},
	{
	"x":8,"y":8,"dir":4,"pieceid":0,"cover":[{"id":10061,"hp":1}]
	},
	{
	"x":0,"y":9,"dir":4,"pieceid":0},
	{
	"x":2,"y":9,"dir":2,"pieceid":0},
	{
	"x":3,"y":9,"dir":2,"pieceid":0},
	{
	"x":4,"y":9,"dir":2,"pieceid":0,"cover":[{"id":10061,"hp":1}]
	},
	{
	"x":5,"y":9,"dir":2,"pieceid":0},
	{
	"x":6,"y":9,"dir":2,"pieceid":0},
	{
	"x":8,"y":9,"dir":4,"pieceid":0},
	{
	"x":0,"y":10,"dir":4,"pieceid":0,"entry":true},
	{
	"x":2,"y":10,"dir":2,"pieceid":0},
	{
	"x":3,"y":10,"dir":2,"pieceid":0},
	{
	"x":4,"y":10,"dir":2,"pieceid":0,"cover":[{"id":10011,"hp":1}]
	},
	{
	"x":5,"y":10,"dir":2,"pieceid":0},
	{
	"x":6,"y":10,"dir":2,"pieceid":0},
	{
	"x":8,"y":10,"dir":4,"pieceid":0,"entry":true},
	{
	"x":2,"y":2,"dir":1,"pieceid":0},
	{
	"x":6,"y":2,"dir":3,"pieceid":0}]
	}}