{
	"level":73,
	"goals":[
	{
	"type":2,"id":101,"num":92}]
	,
"steps":30,
"showWindTime":10,
"description":"dialog001",
"flag":[
	"难度，待定"]
	,
"guide":[
	"新手引导，待定"]
	,
"board":{
	
"width":9,
"height":11,
"picieDefult":"1001|100;1002|100;1003|100;1004|100;1005|100",
"entryDefult":"1001|100;1002|100;1003|100;1004|100;1005|100",
"screens":[
	{
	"id":1,"lefttop":[
	0,0]
	,"rightbottom":[
	8,10]
	,
	"goals":[
	{
	"type":2,"id":101,"num":92}]
	}]
	,

"grid":[
	{
	"x":1,"y":1,"dir":2},
	{
	"x":2,"y":1,"dir":3},
	{
	"x":3,"y":1,"dir":3},
	{
	"x":4,"y":1,"dir":3,"pieceid":0,"floor":{"id":101},
	"cover":[{"id":10001,"hp":1}]
	},
	{
	"x":5,"y":1,"dir":3,"pieceid":0,"cover":[{"id":10031,"hp":1}]
	},
	{
	"x":6,"y":1,"dir":3,"pieceid":0},
	{
	"x":7,"y":1,"dir":3,"pieceid":0},
	{
	"x":1,"y":2,"dir":2},
	{
	"x":2,"y":2,"dir":2},
	{
	"x":3,"y":2,"dir":3},
	{
	"x":4,"y":2,"dir":3,"pieceid":0,"floor":{"id":101},
	"cover":[{"id":10001,"hp":1}]
	},
	{
	"x":5,"y":2,"dir":3,"pieceid":0,"cover":[{"id":10031,"hp":1}]
	},
	{
	"x":6,"y":2,"dir":3,"pieceid":0},
	{
	"x":7,"y":2,"dir":4,"pieceid":0},
	{
	"x":1,"y":3,"dir":2},
	{
	"x":2,"y":3,"dir":2},
	{
	"x":3,"y":3,"dir":2},
	{
	"x":4,"y":3,"dir":3,"pieceid":0,"floor":{"id":101},
	"cover":[{"id":10001,"hp":1}]
	},
	{
	"x":5,"y":3,"dir":3,"pieceid":0,"cover":[{"id":10031,"hp":1}]
	},
	{
	"x":6,"y":3,"dir":4,"pieceid":0},
	{
	"x":7,"y":3,"dir":4,"pieceid":0},
	{
	"x":1,"y":4,"dir":2,"pieceid":0,"cover":[{"id":10031,"hp":1}]
	},
	{
	"x":2,"y":4,"dir":2,"pieceid":0,"cover":[{"id":10031,"hp":1}]
	},
	{
	"x":3,"y":4,"dir":2,"pieceid":0,"cover":[{"id":10031,"hp":1}]
	},
	{
	"x":5,"y":4,"dir":4,"pieceid":0},
	{
	"x":6,"y":4,"dir":4,"pieceid":0},
	{
	"x":7,"y":4,"dir":4,"pieceid":0},
	{
	"x":1,"y":5,"dir":2,"pieceid":0,"floor":{"id":101},
	"cover":[{"id":10001,"hp":1}]
	},
	{
	"x":2,"y":5,"dir":2,"pieceid":0,"floor":{"id":101},
	"cover":[{"id":10001,"hp":1}]
	},
	{
	"x":3,"y":5,"dir":2,"pieceid":0,"floor":{"id":101},
	"cover":[{"id":10001,"hp":1}]
	},
	{
	"x":5,"y":5,"dir":4,"pieceid":0,"entry":true},
	{
	"x":6,"y":5,"dir":4,"pieceid":0,"entry":true},
	{
	"x":7,"y":5,"dir":4,"pieceid":0,"entry":true},
	{
	"x":1,"y":6,"dir":2},
	{
	"x":2,"y":6,"dir":2},
	{
	"x":3,"y":6,"dir":2},
	{
	"x":1,"y":7,"dir":2,"pieceid":0},
	{
	"x":2,"y":7,"dir":2,"pieceid":0},
	{
	"x":3,"y":7,"dir":1,"pieceid":0,"cover":[{"id":10031,"hp":1}]
	},
	{
	"x":4,"y":7,"dir":1,"pieceid":0,"floor":{"id":101},
	"cover":[{"id":10001,"hp":1}]
	},
	{
	"x":5,"y":7,"dir":1},
	{
	"x":1,"y":8,"dir":2},
	{
	"x":2,"y":8,"dir":1},
	{
	"x":3,"y":8,"dir":1,"pieceid":0,"cover":[{"id":10031,"hp":1}]
	},
	{
	"x":4,"y":8,"dir":1,"pieceid":0,"floor":{"id":101},
	"cover":[{"id":10001,"hp":1}]
	},
	{
	"x":5,"y":8,"dir":1},
	{
	"x":1,"y":9,"dir":1},
	{
	"x":2,"y":9,"dir":1},
	{
	"x":3,"y":9,"dir":1,"pieceid":0,"cover":[{"id":10031,"hp":1}]
	},
	{
	"x":4,"y":9,"dir":1,"pieceid":0,"floor":{"id":101},
	"cover":[{"id":10001,"hp":1}]
	},
	{
	"x":5,"y":9,"dir":1}]
	}}