{"level":221,
"steps":25,
"showWindTime":10,
"description":"dialog001",
"flag":[
	"难度，待定"]
	,
"guide":[
	{"desc":"[560808]糟糕，洗手液漏了，它会一直喷出泡沫[-]","icon":"npc_icon_001","pos":[
	{"x":2,"y":1},
	{"x":2,"y":2},
	{"x":2,"y":3},
	{"x":2,"y":4},
	{"x":3,"y":2}]
	,"move":{"g1X":3,"g1Y":2,"g2X":2,"g2Y":2}},
	{"desc":"[560808]洗手液会在每回合在十字格上漏出泡沫，要记得常来擦干净[-]","icon":"npc_icon_001","pos":[
	{"x":2,"y":4},
	{"x":2,"y":5}]
	,"move":{"g1X":2,"g1Y":4,"g2X":2,"g2Y":5}}]
	,
"board":{
	
"width":9,
"height":11,
"picieDefult":"1001|100;1002|100;1003|100;1004|100;1005|100",
"entryDefult":"1001|100;1002|100;1003|100;1004|100;1005|100",
"screens":[
	{"id":1,"lefttop":[
	0,0]
	,"rightbottom":[
	8,10]
	,
	"goals":[
	{"id":1002,"num":50,"type":1},
	{"id":10031,"num":43,"type":1}]
	}]
	,

"grid":[
	{"x":2,"y":0,"dir":2,"pieceid":0,"entry":true},
	{"x":3,"y":0,"dir":2,"pieceid":0,"entry":true},
	{"x":4,"y":0,"dir":2,"pieceid":0,"entry":true},
	{"x":5,"y":0,"dir":2,"pieceid":0,"entry":true},
	{"x":6,"y":0,"dir":2,"pieceid":0,"entry":true},
	{"x":0,"y":1,"dir":2,"pieceid":0,"cover":[{"id":10031,"hp":3}]
	,"entry":true},
	{"x":1,"y":1,"dir":2,"pieceid":0,"cover":[{"id":10031,"hp":3}]
	,"entry":true},
	{"x":2,"y":1,"dir":2,"pieceid":1001},
	{"x":3,"y":1,"dir":2,"pieceid":0},
	{"x":4,"y":1,"dir":2,"pieceid":0},
	{"x":5,"y":1,"dir":2,"pieceid":0},
	{"x":6,"y":1,"dir":2,"pieceid":0},
	{"x":7,"y":1,"dir":2,"pieceid":0,"cover":[{"id":10031,"hp":3}]
	,"entry":true},
	{"x":8,"y":1,"dir":2,"pieceid":0,"cover":[{"id":10031,"hp":3}]
	,"entry":true},
	{"x":0,"y":2,"dir":2,"pieceid":0,"cover":[{"id":10031,"hp":3}]
	},
	{"x":1,"y":2,"dir":2,"pieceid":0,"cover":[{"id":10031,"hp":3}]
	},
	{"x":2,"y":2,"dir":2,"pieceid":0},
	{"x":3,"y":2,"dir":2,"pieceid":1001},
	{"x":4,"y":2,"dir":2,"pieceid":0},
	{"x":5,"y":2,"dir":2,"pieceid":0},
	{"x":6,"y":2,"dir":2,"pieceid":0},
	{"x":7,"y":2,"dir":2,"pieceid":0,"cover":[{"id":10031,"hp":3}]
	},
	{"x":8,"y":2,"dir":2,"pieceid":0,"cover":[{"id":10031,"hp":3}]
	},
	{"x":0,"y":3,"dir":2,"pieceid":0,"cover":[{"id":10031,"hp":3}]
	},
	{"x":1,"y":3,"dir":2,"pieceid":0,"cover":[{"id":10031,"hp":3}]
	},
	{"x":2,"y":3,"dir":2,"pieceid":1001},
	{"x":3,"y":3,"dir":2,"pieceid":0,"cover":[{"id":10071,"hp":1}]
	},
	{"x":4,"y":3,"dir":2,"pieceid":0,"cover":[{"id":10071,"hp":1}]
	},
	{"x":5,"y":3,"dir":2,"pieceid":0,"cover":[{"id":10071,"hp":1}]
	},
	{"x":6,"y":3,"dir":2,"pieceid":0},
	{"x":7,"y":3,"dir":2,"pieceid":0,"cover":[{"id":10031,"hp":3}]
	},
	{"x":8,"y":3,"dir":2,"pieceid":0,"cover":[{"id":10031,"hp":3}]
	},
	{"x":0,"y":4,"dir":2,"pieceid":0,"cover":[{"id":10031,"hp":3}]
	},
	{"x":1,"y":4,"dir":2,"pieceid":0,"cover":[{"id":10031,"hp":3}]
	},
	{"x":2,"y":4,"dir":2,"pieceid":1001},
	{"x":3,"y":4,"dir":2,"pieceid":0,"cover":[{"id":10071,"hp":1}]
	},
	{"x":4,"y":4,"dir":2,"pieceid":0,"cover":[{"id":10091,"hp":1}]
	},
	{"x":5,"y":4,"dir":2,"pieceid":0,"cover":[{"id":10071,"hp":1}]
	},
	{"x":6,"y":4,"dir":2,"pieceid":0},
	{"x":7,"y":4,"dir":2,"pieceid":0,"cover":[{"id":10031,"hp":3}]
	},
	{"x":8,"y":4,"dir":2,"pieceid":0,"cover":[{"id":10031,"hp":3}]
	},
	{"x":0,"y":5,"dir":2,"pieceid":0,"cover":[{"id":10031,"hp":3}]
	},
	{"x":1,"y":5,"dir":2,"pieceid":0,"cover":[{"id":10031,"hp":3}]
	},
	{"x":2,"y":5,"dir":2,"pieceid":0},
	{"x":3,"y":5,"dir":2,"pieceid":0,"cover":[{"id":10071,"hp":1}]
	},
	{"x":4,"y":5,"dir":2,"pieceid":0,"cover":[{"id":10071,"hp":1}]
	},
	{"x":5,"y":5,"dir":2,"pieceid":0,"cover":[{"id":10071,"hp":1}]
	},
	{"x":6,"y":5,"dir":2,"pieceid":1002},
	{"x":7,"y":5,"dir":2,"pieceid":0,"cover":[{"id":10031,"hp":3}]
	},
	{"x":8,"y":5,"dir":2,"pieceid":0,"cover":[{"id":10031,"hp":3}]
	},
	{"x":1,"y":6,"dir":2,"pieceid":0,"cover":[{"id":10031,"hp":3}]
	},
	{"x":2,"y":6,"dir":2,"pieceid":0},
	{"x":3,"y":6,"dir":2,"pieceid":0},
	{"x":4,"y":6,"dir":2,"pieceid":1002},
	{"x":5,"y":6,"dir":2,"pieceid":1002},
	{"x":6,"y":6,"dir":2,"pieceid":0},
	{"x":7,"y":6,"dir":2,"pieceid":0,"cover":[{"id":10031,"hp":3}]
	},
	{"x":0,"y":7,"dir":2,"pieceid":0,"cover":[{"id":10031,"hp":3}]
	,"entry":true},
	{"x":1,"y":7,"dir":2,"pieceid":0,"cover":[{"id":10031,"hp":3}]
	},
	{"x":2,"y":7,"dir":2,"pieceid":0,"cover":[{"id":10031,"hp":1}]
	},
	{"x":3,"y":7,"dir":2,"pieceid":0,"cover":[{"id":10031,"hp":1}]
	},
	{"x":4,"y":7,"dir":2,"pieceid":0,"cover":[{"id":10031,"hp":1}]
	},
	{"x":5,"y":7,"dir":2,"pieceid":0,"cover":[{"id":10031,"hp":1}]
	},
	{"x":6,"y":7,"dir":2,"pieceid":0,"cover":[{"id":10031,"hp":1}]
	},
	{"x":7,"y":7,"dir":2,"pieceid":0,"cover":[{"id":10031,"hp":3}]
	},
	{"x":8,"y":7,"dir":2,"pieceid":0,"cover":[{"id":10031,"hp":3}]
	,"entry":true},
	{"x":0,"y":8,"dir":2,"pieceid":0,"cover":[{"id":10031,"hp":3}]
	},
	{"x":1,"y":8,"dir":2,"pieceid":0,"cover":[{"id":10031,"hp":3}]
	},
	{"x":2,"y":8,"dir":2,"pieceid":0,"cover":[{"id":10031,"hp":1}]
	},
	{"x":3,"y":8,"dir":2,"pieceid":0,"cover":[{"id":10071,"hp":1}]
	},
	{"x":4,"y":8,"dir":2,"pieceid":0,"cover":[{"id":10071,"hp":1}]
	},
	{"x":5,"y":8,"dir":2,"pieceid":0,"cover":[{"id":10071,"hp":1}]
	},
	{"x":6,"y":8,"dir":2,"pieceid":0,"cover":[{"id":10031,"hp":1}]
	},
	{"x":7,"y":8,"dir":2,"pieceid":0,"cover":[{"id":10031,"hp":3}]
	},
	{"x":8,"y":8,"dir":2,"pieceid":0,"cover":[{"id":10031,"hp":3}]
	},
	{"x":1,"y":9,"dir":2,"pieceid":0,"cover":[{"id":10031,"hp":3}]
	},
	{"x":2,"y":9,"dir":2,"pieceid":0,"cover":[{"id":10031,"hp":1}]
	},
	{"x":3,"y":9,"dir":2,"pieceid":0,"cover":[{"id":10071,"hp":1}]
	},
	{"x":4,"y":9,"dir":2,"pieceid":0,"cover":[{"id":10091,"hp":1}]
	},
	{"x":5,"y":9,"dir":2,"pieceid":0,"cover":[{"id":10071,"hp":1}]
	},
	{"x":6,"y":9,"dir":2,"pieceid":0,"cover":[{"id":10031,"hp":1}]
	},
	{"x":7,"y":9,"dir":2,"pieceid":0,"cover":[{"id":10031,"hp":3}]
	},
	{"x":2,"y":10,"dir":2,"pieceid":0,"cover":[{"id":10031,"hp":1}]
	},
	{"x":3,"y":10,"dir":2,"pieceid":0,"cover":[{"id":10071,"hp":1}]
	},
	{"x":4,"y":10,"dir":2,"pieceid":0,"cover":[{"id":10071,"hp":1}]
	},
	{"x":5,"y":10,"dir":2,"pieceid":0,"cover":[{"id":10071,"hp":1}]
	},
	{"x":6,"y":10,"dir":2,"pieceid":0,"cover":[{"id":10031,"hp":1}]
	}]
	}}