{
	"level":241,
"steps":26,
"showWindTime":10,
"description":"dialog001",
"flag":[
	"难度，待定"]
	,
"guide":[
	{
	"desc":"[560808]要小心这些液氮球，它们爆炸了会将旁边的棋子冰封[-]","icon":"npc_icon_001","pos":[
	{
	"x":2,"y":2},
	{
	"x":3,"y":2},
	{
	"x":4,"y":2},
	{
	"x":5,"y":2},
	{
	"x":3,"y":3}]
	,"move":{
	"g1X":3,"g1Y":3,"g2X":3,"g2Y":2}},
	{
	"desc":"[560808]看清楚液氮球的颜色，它和同色棋子可以一起消除[-]","icon":"npc_icon_001","pos":[
	{
	"x":2,"y":5},
	{
	"x":2,"y":6},
	{
	"x":2,"y":7},
	{
	"x":3,"y":5}]
	,"move":{
	"g1X":3,"g1Y":5,"g2X":2,"g2Y":5}}]
	,
"board":{
	
"width":9,
"height":11,
"picieDefult":"1001|100;1002|100;1003|100;1004|100;1005|100",
"entryDefult":"1001|100;1002|100;1003|100;1004|100;1005|100",
"screens":[
	{
	"id":1,"lefttop":[
	0,0]
	,"rightbottom":[
	8,10]
	,
	"goals":[
	{
	"type":1,"id":1001,"num":50},
	{
	"id":10031,"num":40,"type":1}]
	}]
	,

"grid":[
	{
	"x":3,"y":0,"dir":2,"pieceid":0,"entry":true},
	{
	"x":4,"y":0,"dir":2,"pieceid":0,"entry":true},
	{
	"x":5,"y":0,"dir":2,"pieceid":0,"entry":true},
	{
	"x":2,"y":1,"dir":2,"pieceid":0,"entry":true},
	{
	"x":3,"y":1,"dir":2,"pieceid":0},
	{
	"x":4,"y":1,"dir":2,"pieceid":0},
	{
	"x":5,"y":1,"dir":2,"pieceid":0},
	{
	"x":6,"y":1,"dir":2,"pieceid":0,"entry":true},
	{
	"x":1,"y":2,"dir":2,"pieceid":0,"entry":true},
	{
	"x":2,"y":2,"dir":2,"pieceid":1002},
	{
	"x":3,"y":2,"dir":2,"pieceid":1001},
	{
	"x":4,"y":2,"dir":2,"pieceid":2002},
	{
	"x":5,"y":2,"dir":2,"pieceid":1002},
	{
	"x":6,"y":2,"dir":2,"pieceid":2003},
	{
	"x":7,"y":2,"dir":2,"pieceid":0,"entry":true},
	{
	"x":0,"y":3,"dir":2,"pieceid":0,"cover":[{"id":10031,"hp":2}]
	,"entry":true},
	{
	"x":1,"y":3,"dir":2,"pieceid":0,"cover":[{"id":10031,"hp":2}]
	},
	{
	"x":2,"y":3,"dir":2,"pieceid":0},
	{
	"x":3,"y":3,"dir":2,"pieceid":1002},
	{
	"x":4,"y":3,"dir":2,"pieceid":0},
	{
	"x":5,"y":3,"dir":2,"pieceid":0},
	{
	"x":6,"y":3,"dir":2,"pieceid":0},
	{
	"x":7,"y":3,"dir":2,"pieceid":0,"cover":[{"id":10031,"hp":2}]
	},
	{
	"x":8,"y":3,"dir":2,"pieceid":0,"cover":[{"id":10031,"hp":2}]
	,"entry":true},
	{
	"x":0,"y":4,"dir":2,"pieceid":0,"cover":[{"id":10031,"hp":2}]
	},
	{
	"x":1,"y":4,"dir":2,"pieceid":0,"cover":[{"id":10031,"hp":2}]
	},
	{
	"x":2,"y":4,"dir":2,"pieceid":0,"cover":[{"id":10031,"hp":1}]
	},
	{
	"x":3,"y":4,"dir":2,"pieceid":0,"cover":[{"id":10031,"hp":1}]
	},
	{
	"x":4,"y":4,"dir":2,"pieceid":0,"cover":[{"id":10031,"hp":1}]
	},
	{
	"x":5,"y":4,"dir":2,"pieceid":0,"cover":[{"id":10031,"hp":1}]
	},
	{
	"x":6,"y":4,"dir":2,"pieceid":0,"cover":[{"id":10031,"hp":1}]
	},
	{
	"x":7,"y":4,"dir":2,"pieceid":0,"cover":[{"id":10031,"hp":2}]
	},
	{
	"x":8,"y":4,"dir":2,"pieceid":0,"cover":[{"id":10031,"hp":2}]
	},
	{
	"x":0,"y":5,"dir":2,"pieceid":0,"cover":[{"id":10031,"hp":2}]
	},
	{
	"x":1,"y":5,"dir":2,"pieceid":0,"cover":[{"id":10031,"hp":2}]
	},
	{
	"x":2,"y":5,"dir":2,"pieceid":1001},
	{
	"x":3,"y":5,"dir":2,"pieceid":1003},
	{
	"x":4,"y":5,"dir":2,"pieceid":0},
	{
	"x":5,"y":5,"dir":2,"pieceid":0},
	{
	"x":6,"y":5,"dir":2,"pieceid":0},
	{
	"x":7,"y":5,"dir":2,"pieceid":0,"cover":[{"id":10031,"hp":2}]
	},
	{
	"x":8,"y":5,"dir":2,"pieceid":0,"cover":[{"id":10031,"hp":2}]
	},
	{
	"x":0,"y":6,"dir":2,"pieceid":0,"cover":[{"id":10031,"hp":2}]
	},
	{
	"x":1,"y":6,"dir":2,"pieceid":0,"cover":[{"id":10031,"hp":2}]
	},
	{
	"x":2,"y":6,"dir":2,"pieceid":2003},
	{
	"x":3,"y":6,"dir":2,"pieceid":0,"cover":[{"id":10001,"hp":2}]
	},
	{
	"x":4,"y":6,"dir":2,"pieceid":0,"cover":[{"id":10001,"hp":2}]
	},
	{
	"x":5,"y":6,"dir":2,"pieceid":0,"cover":[{"id":10001,"hp":2}]
	},
	{
	"x":6,"y":6,"dir":2,"pieceid":2004},
	{
	"x":7,"y":6,"dir":2,"pieceid":0,"cover":[{"id":10031,"hp":2}]
	},
	{
	"x":8,"y":6,"dir":2,"pieceid":0,"cover":[{"id":10031,"hp":2}]
	},
	{
	"x":0,"y":7,"dir":2,"pieceid":0,"cover":[{"id":10031,"hp":2}]
	},
	{
	"x":1,"y":7,"dir":2,"pieceid":0,"cover":[{"id":10031,"hp":2}]
	},
	{
	"x":2,"y":7,"dir":2,"pieceid":1003},
	{
	"x":3,"y":7,"dir":2,"pieceid":0},
	{
	"x":4,"y":7,"dir":2,"pieceid":0},
	{
	"x":5,"y":7,"dir":2,"pieceid":0},
	{
	"x":6,"y":7,"dir":2,"pieceid":0},
	{
	"x":7,"y":7,"dir":2,"pieceid":0,"cover":[{"id":10031,"hp":2}]
	},
	{
	"x":8,"y":7,"dir":2,"pieceid":0,"cover":[{"id":10031,"hp":2}]
	},
	{
	"x":1,"y":8,"dir":2,"pieceid":0,"cover":[{"id":10031,"hp":2}]
	},
	{
	"x":2,"y":8,"dir":2,"pieceid":0,"cover":[{"id":10031,"hp":2}]
	},
	{
	"x":3,"y":8,"dir":2,"pieceid":0,"cover":[{"id":10031,"hp":2}]
	},
	{
	"x":4,"y":8,"dir":2,"pieceid":0,"cover":[{"id":10031,"hp":2}]
	},
	{
	"x":5,"y":8,"dir":2,"pieceid":0,"cover":[{"id":10031,"hp":2}]
	},
	{
	"x":6,"y":8,"dir":2,"pieceid":0,"cover":[{"id":10031,"hp":2}]
	},
	{
	"x":7,"y":8,"dir":2,"pieceid":0,"cover":[{"id":10031,"hp":2}]
	},
	{
	"x":2,"y":9,"dir":2,"pieceid":1001,"cover":[{"id":10031,"hp":2}]
	},
	{
	"x":3,"y":9,"dir":2,"pieceid":0,"cover":[{"id":10031,"hp":2}]
	},
	{
	"x":4,"y":9,"dir":2,"pieceid":0,"cover":[{"id":10031,"hp":2}]
	},
	{
	"x":5,"y":9,"dir":2,"pieceid":1003,"cover":[{"id":10031,"hp":2}]
	},
	{
	"x":6,"y":9,"dir":2,"pieceid":1004,"cover":[{"id":10031,"hp":2}]
	},
	{
	"x":3,"y":10,"dir":2,"pieceid":1001,"cover":[{"id":10031,"hp":2}]
	},
	{
	"x":4,"y":10,"dir":2,"pieceid":1003,"cover":[{"id":10031,"hp":2}]
	},
	{
	"x":5,"y":10,"dir":2,"pieceid":1002,"cover":[{"id":10031,"hp":2}]
	}]
	}}