{
	"level":245,
"steps":40,
"description":"dialog001",
"flag":[
	"难度，待定"]
	,
"guide":[
	"新手引导，待定"]
	,
"board":{
	
"width":18,
"height":11,
"picieDefult":"1001|100;1002|100;1003|100;1004|100;1005|100",
"entryDefult":"1001|100;1002|100;1003|100;1004|100;1005|100",
"screens":[
	{
	"id":1,"lefttop":[
	0,0]
	,"rightbottom":[
	8,10]
	,
	"goals":[
	{
	"id":10031,"num":10,"type":1}]
	},
	{
	"id":2,"lefttop":[
	9,0]
	,"rightbottom":[
	17,10]
	,
	"goals":[
	{
	"id":10031,"num":15,"type":1}]
	},
	{
	"id":3,"lefttop":[
	0,0]
	,"rightbottom":[
	8,10]
	,
	"goals":[
	{
	"id":1201,"num":5,"type":1}]
	}]
	,

"grid":[
	{
	"x":0,"y":0,"dir":1,"pieceid":1201,"entry":true},
	{
	"x":1,"y":0,"dir":1,"pieceid":0},
	{
	"x":2,"y":0,"dir":1,"pieceid":0},
	{
	"x":3,"y":0,"dir":1,"pieceid":0},
	{
	"x":4,"y":0,"dir":1,"pieceid":0,"cover":[{"id":10011,"hp":1}]
	},
	{
	"x":5,"y":0,"dir":1,"pieceid":0,"cover":[{"id":10011,"hp":1}]
	},
	{
	"x":6,"y":0,"dir":1,"pieceid":0,"cover":[{"id":10011,"hp":1}]
	},
	{
	"x":7,"y":0,"dir":1,"pieceid":0,"cover":[{"id":10031,"hp":1}]
	},
	{
	"x":8,"y":0,"dir":1,"pieceid":0,"cover":[{"id":10031,"hp":1}]
	},
	{
	"x":9,"y":0,"dir":1,"pieceid":0},
	{
	"x":10,"y":0,"dir":1,"pieceid":0},
	{
	"x":11,"y":0,"dir":1,"pieceid":0},
	{
	"x":12,"y":0,"dir":1,"pieceid":0},
	{
	"x":13,"y":0,"dir":1,"pieceid":0,"cover":[{"id":10031,"hp":2}]
	},
	{
	"x":14,"y":0,"dir":1,"pieceid":0,"cover":[{"id":11011,"hp":1}]
	},
	{
	"x":15,"y":0,"dir":1,"pieceid":0,"cover":[{"id":10031,"hp":2}]
	},
	{
	"x":16,"y":0,"dir":1,"pieceid":0,"cover":[{"id":11011,"hp":2}]
	},
	{
	"x":17,"y":0,"dir":1,"pieceid":0,"gateto":[
	16,6]
	,"cover":[{"id":10031,"hp":3}]
	},
	{
	"x":0,"y":1,"dir":1,"pieceid":1201,"entry":true},
	{
	"x":1,"y":1,"dir":1,"pieceid":0},
	{
	"x":2,"y":1,"dir":1,"pieceid":1003},
	{
	"x":3,"y":1,"dir":1,"pieceid":0},
	{
	"x":4,"y":1,"dir":1,"pieceid":0,"cover":[{"id":10011,"hp":1}]
	},
	{
	"x":5,"y":1,"dir":1,"pieceid":0,"cover":[{"id":10011,"hp":1}]
	},
	{
	"x":6,"y":1,"dir":1,"pieceid":0,"cover":[{"id":10011,"hp":1}]
	},
	{
	"x":7,"y":1,"dir":1,"pieceid":0,"cover":[{"id":10031,"hp":1}]
	},
	{
	"x":8,"y":1,"dir":1,"pieceid":0,"cover":[{"id":10031,"hp":1}]
	},
	{
	"x":0,"y":2,"dir":1,"pieceid":1201,"entry":true},
	{
	"x":1,"y":2,"dir":1,"pieceid":2001},
	{
	"x":2,"y":2,"dir":1,"pieceid":0},
	{
	"x":3,"y":2,"dir":1,"pieceid":1003},
	{
	"x":4,"y":2,"dir":1,"pieceid":2003},
	{
	"x":5,"y":2,"dir":1,"pieceid":0,"cover":[{"id":10011,"hp":1}]
	},
	{
	"x":6,"y":2,"dir":1,"pieceid":0,"cover":[{"id":10011,"hp":1}]
	},
	{
	"x":7,"y":2,"dir":1,"pieceid":0,"cover":[{"id":10031,"hp":1}]
	},
	{
	"x":8,"y":2,"dir":1,"pieceid":0,"cover":[{"id":10031,"hp":1}]
	},
	{
	"x":0,"y":3,"dir":1,"pieceid":1201,"entry":true},
	{
	"x":1,"y":3,"dir":1,"pieceid":0},
	{
	"x":2,"y":3,"dir":1,"pieceid":0},
	{
	"x":3,"y":3,"dir":1,"pieceid":0},
	{
	"x":4,"y":3,"dir":1,"pieceid":0,"cover":[{"id":10011,"hp":1}]
	},
	{
	"x":5,"y":3,"dir":1,"pieceid":0,"cover":[{"id":10011,"hp":1}]
	},
	{
	"x":6,"y":3,"dir":1,"pieceid":0,"cover":[{"id":10011,"hp":1}]
	},
	{
	"x":7,"y":3,"dir":1,"pieceid":0,"cover":[{"id":10031,"hp":1}]
	},
	{
	"x":8,"y":3,"dir":1,"pieceid":0,"cover":[{"id":10031,"hp":1}]
	},
	{
	"x":0,"y":4,"dir":1,"pieceid":1201,"entry":true},
	{
	"x":1,"y":4,"dir":1,"pieceid":0},
	{
	"x":2,"y":4,"dir":1,"pieceid":0},
	{
	"x":3,"y":4,"dir":1,"pieceid":0},
	{
	"x":4,"y":4,"dir":1,"pieceid":0,"cover":[{"id":10011,"hp":1}]
	},
	{
	"x":5,"y":4,"dir":1,"pieceid":0,"cover":[{"id":10011,"hp":1}]
	},
	{
	"x":6,"y":4,"dir":1,"pieceid":0,"cover":[{"id":10011,"hp":1}]
	},
	{
	"x":7,"y":4,"dir":1,"pieceid":0,"cover":[{"id":10031,"hp":1}]
	},
	{
	"x":8,"y":4,"dir":1,"pieceid":0,"cover":[{"id":10031,"hp":1}]
	},
	{
	"x":1,"y":6,"dir":3,"exit":true,"paddle":{
	"id":11003,"hp":1,"direction":[
	1]
	}},
	{
	"x":2,"y":6,"dir":3},
	{
	"x":3,"y":6,"dir":3},
	{
	"x":4,"y":6,"dir":3},
	{
	"x":5,"y":6,"dir":3},
	{
	"x":6,"y":6,"dir":3},
	{
	"x":7,"y":6,"dir":3},
	{
	"x":8,"y":6,"dir":3,"gatefrom":[
	10,6]
	},
	{
	"x":1,"y":7,"dir":3,"exit":true,"paddle":{
	"id":11003,"hp":1,"direction":[
	1]
	}},
	{
	"x":2,"y":7,"dir":3},
	{
	"x":3,"y":7,"dir":3},
	{
	"x":4,"y":7,"dir":3},
	{
	"x":5,"y":7,"dir":3},
	{
	"x":6,"y":7,"dir":3},
	{
	"x":7,"y":7,"dir":3},
	{
	"x":8,"y":7,"dir":3,"gatefrom":[
	10,7]
	},
	{
	"x":1,"y":8,"dir":3,"exit":true,"paddle":{
	"id":11003,"hp":1,"direction":[
	1]
	}},
	{
	"x":2,"y":8,"dir":3},
	{
	"x":3,"y":8,"dir":3},
	{
	"x":4,"y":8,"dir":3},
	{
	"x":5,"y":8,"dir":3},
	{
	"x":6,"y":8,"dir":3},
	{
	"x":7,"y":8,"dir":3},
	{
	"x":8,"y":8,"dir":3,"gatefrom":[
	10,8]
	},
	{
	"x":1,"y":9,"dir":3,"exit":true,"paddle":{
	"id":11003,"hp":1,"direction":[
	1]
	}},
	{
	"x":2,"y":9,"dir":3},
	{
	"x":3,"y":9,"dir":3},
	{
	"x":4,"y":9,"dir":3},
	{
	"x":5,"y":9,"dir":3},
	{
	"x":6,"y":9,"dir":3},
	{
	"x":7,"y":9,"dir":3},
	{
	"x":8,"y":9,"dir":3,"gatefrom":[
	10,9]
	},
	{
	"x":1,"y":10,"dir":3,"exit":true,"paddle":{
	"id":11003,"hp":1,"direction":[
	1]
	}},
	{
	"x":2,"y":10,"dir":3},
	{
	"x":3,"y":10,"dir":3},
	{
	"x":4,"y":10,"dir":3},
	{
	"x":5,"y":10,"dir":3},
	{
	"x":6,"y":10,"dir":3},
	{
	"x":7,"y":10,"dir":3},
	{
	"x":8,"y":10,"dir":3,"gatefrom":[
	10,10]
	},
	{
	"x":9,"y":1,"dir":1,"pieceid":0},
	{
	"x":9,"y":2,"dir":1,"pieceid":0},
	{
	"x":9,"y":3,"dir":1,"pieceid":0},
	{
	"x":9,"y":4,"dir":1,"pieceid":0},
	{
	"x":10,"y":1,"dir":1,"pieceid":0},
	{
	"x":10,"y":2,"dir":1,"pieceid":0},
	{
	"x":10,"y":3,"dir":1,"pieceid":0},
	{
	"x":10,"y":4,"dir":1,"pieceid":0},
	{
	"x":10,"y":6,"dir":3,"gateto":[
	8,6]
	},
	{
	"x":10,"y":7,"dir":3,"gateto":[
	8,7]
	},
	{
	"x":10,"y":8,"dir":3,"gateto":[
	8,8]
	},
	{
	"x":10,"y":9,"dir":3,"gateto":[
	8,9]
	},
	{
	"x":10,"y":10,"dir":3,"gateto":[
	8,10]
	},
	{
	"x":11,"y":1,"dir":1,"pieceid":0},
	{
	"x":11,"y":2,"dir":1,"pieceid":0},
	{
	"x":11,"y":3,"dir":1,"pieceid":0},
	{
	"x":11,"y":4,"dir":1,"pieceid":0},
	{
	"x":11,"y":6,"dir":3},
	{
	"x":11,"y":7,"dir":3},
	{
	"x":11,"y":8,"dir":3},
	{
	"x":11,"y":9,"dir":3},
	{
	"x":11,"y":10,"dir":3},
	{
	"x":12,"y":1,"dir":1,"pieceid":0},
	{
	"x":12,"y":2,"dir":1,"pieceid":0},
	{
	"x":12,"y":3,"dir":1,"pieceid":0},
	{
	"x":12,"y":4,"dir":1,"pieceid":0},
	{
	"x":12,"y":6,"dir":3},
	{
	"x":12,"y":7,"dir":3},
	{
	"x":12,"y":8,"dir":3},
	{
	"x":12,"y":9,"dir":3},
	{
	"x":12,"y":10,"dir":3},
	{
	"x":13,"y":1,"dir":1,"pieceid":0},
	{
	"x":13,"y":2,"dir":1,"pieceid":0,"cover":[{"id":10031,"hp":2}]
	},
	{
	"x":13,"y":3,"dir":1,"pieceid":0},
	{
	"x":13,"y":4,"dir":1,"pieceid":0,"cover":[{"id":10031,"hp":2}]
	},
	{
	"x":13,"y":6,"dir":3},
	{
	"x":13,"y":7,"dir":3},
	{
	"x":13,"y":8,"dir":3},
	{
	"x":13,"y":9,"dir":3},
	{
	"x":13,"y":10,"dir":3},
	{
	"x":14,"y":1,"dir":1,"pieceid":0,"cover":[{"id":10031,"hp":2}]
	},
	{
	"x":14,"y":2,"dir":1,"pieceid":0,"cover":[{"id":10011,"hp":2}]
	},
	{
	"x":14,"y":3,"dir":1,"pieceid":0,"cover":[{"id":10031,"hp":2}]
	},
	{
	"x":14,"y":4,"dir":1,"pieceid":0,"cover":[{"id":11011,"hp":1}]
	},
	{
	"x":14,"y":6,"dir":3},
	{
	"x":14,"y":7,"dir":3},
	{
	"x":14,"y":8,"dir":3},
	{
	"x":14,"y":9,"dir":3},
	{
	"x":14,"y":10,"dir":3},
	{
	"x":15,"y":1,"dir":1,"pieceid":0,"cover":[{"id":10011,"hp":2}]
	},
	{
	"x":15,"y":2,"dir":1,"pieceid":0,"cover":[{"id":10031,"hp":2}]
	},
	{
	"x":15,"y":3,"dir":1,"pieceid":0,"cover":[{"id":10011,"hp":2}]
	},
	{
	"x":15,"y":4,"dir":1,"pieceid":0,"cover":[{"id":10031,"hp":2}]
	},
	{
	"x":15,"y":6,"dir":3},
	{
	"x":15,"y":7,"dir":3},
	{
	"x":15,"y":8,"dir":3},
	{
	"x":15,"y":9,"dir":3},
	{
	"x":15,"y":10,"dir":3},
	{
	"x":16,"y":1,"dir":1,"pieceid":0,"cover":[{"id":10031,"hp":2}]
	},
	{
	"x":16,"y":2,"dir":1,"pieceid":0,"cover":[{"id":10011,"hp":2}]
	},
	{
	"x":16,"y":3,"dir":1,"pieceid":0,"cover":[{"id":10031,"hp":2}]
	},
	{
	"x":16,"y":4,"dir":1,"pieceid":0,"cover":[{"id":11011,"hp":2}]
	},
	{
	"x":16,"y":6,"dir":3,"gatefrom":[
	17,0]
	},
	{
	"x":16,"y":7,"dir":3,"gatefrom":[
	17,1]
	},
	{
	"x":16,"y":8,"dir":3,"gatefrom":[
	17,2]
	},
	{
	"x":16,"y":9,"dir":3,"gatefrom":[
	17,3]
	},
	{
	"x":16,"y":10,"dir":3,"gatefrom":[
	17,4]
	},
	{
	"x":17,"y":1,"dir":1,"pieceid":0,"gateto":[
	16,7]
	,"cover":[{"id":10031,"hp":3}]
	},
	{
	"x":17,"y":2,"dir":1,"pieceid":0,"gateto":[
	16,8]
	,"cover":[{"id":10031,"hp":3}]
	},
	{
	"x":17,"y":3,"dir":1,"pieceid":0,"gateto":[
	16,9]
	,"cover":[{"id":10031,"hp":3}]
	},
	{
	"x":17,"y":4,"dir":1,"pieceid":0,"gateto":[
	16,10]
	,"cover":[{"id":10031,"hp":3}]
	}]
	}}