{
	"level":250,
"steps":40,
"description":"dialog001",
"flag":[
	"难度，待定"]
	,
"guide":[
	"新手引导，待定"]
	,
"board":{
	
"width":9,
"height":33,
"picieDefult":"1001|100;1002|100;1003|100;1004|100;1005|100",
"entryDefult":"1001|100;1002|100;1003|100;1004|100;1005|100",
"screens":[
	{
	"id":1,"lefttop":[
	0,0]
	,"rightbottom":[
	8,10]
	,
	"goals":[
	{
	"id":10001,"num":15,"type":1}]
	},
	{
	"id":2,"lefttop":[
	0,11]
	,"rightbottom":[
	8,21]
	,
	"goals":[
	{
	"id":10001,"num":14,"type":1}]
	},
	{
	"id":3,"lefttop":[
	0,22]
	,"rightbottom":[
	8,32]
	,
	"goals":[
	{
	"id":1201,"num":5,"type":1},
	{
	"id":10001,"num":5,"type":1}]
	}]
	,

"grid":[
	{
	"x":0,"y":0,"dir":1,"pieceid":0,"entry":true},
	{
	"x":1,"y":0,"dir":1,"pieceid":0},
	{
	"x":2,"y":0,"dir":1,"pieceid":0},
	{
	"x":3,"y":0,"dir":1,"pieceid":0},
	{
	"x":4,"y":0,"dir":1,"pieceid":0,"cover":[{"id":10031,"hp":1}]
	},
	{
	"x":5,"y":0,"dir":1,"pieceid":0,"cover":[{"id":10031,"hp":1}]
	},
	{
	"x":6,"y":0,"dir":1,"pieceid":0,"cover":[{"id":10031,"hp":1}]
	},
	{
	"x":7,"y":0,"dir":1,"pieceid":0,"cover":[{"id":10031,"hp":1}]
	},
	{
	"x":8,"y":0,"dir":2,"pieceid":0,"cover":[{"id":10031,"hp":1}]
	},
	{
	"x":0,"y":1,"dir":1,"pieceid":0,"entry":true},
	{
	"x":1,"y":1,"dir":1,"pieceid":0},
	{
	"x":2,"y":1,"dir":1,"pieceid":0},
	{
	"x":3,"y":1,"dir":1,"pieceid":0},
	{
	"x":4,"y":1,"dir":1,"pieceid":0,"cover":[{"id":10031,"hp":1}]
	},
	{
	"x":5,"y":1,"dir":1,"pieceid":0,"cover":[{"id":10041,"hp":1}]
	,"gift":[
	{
	"id":1121,"num":1}]
	},
	{
	"x":6,"y":1,"dir":1,"pieceid":0,"cover":[{"id":10031,"hp":1}]
	},
	{
	"x":7,"y":1,"dir":2,"pieceid":0,"cover":[{"id":10041,"hp":1}]
	,"gift":[
	{
	"id":1121,"num":1}]
	},
	{
	"x":8,"y":1,"dir":2,"pieceid":0,"cover":[{"id":10031,"hp":1}]
	},
	{
	"x":0,"y":2,"dir":1,"pieceid":0,"entry":true},
	{
	"x":1,"y":2,"dir":1,"pieceid":0},
	{
	"x":2,"y":2,"dir":1,"pieceid":0},
	{
	"x":3,"y":2,"dir":1,"pieceid":0},
	{
	"x":4,"y":2,"dir":1,"pieceid":0,"cover":[{"id":10011,"hp":1}]
	},
	{
	"x":5,"y":2,"dir":1,"pieceid":0,"cover":[{"id":10011,"hp":1}]
	},
	{
	"x":6,"y":2,"dir":2,"pieceid":0,"cover":[{"id":10011,"hp":1}]
	},
	{
	"x":7,"y":2,"dir":2,"pieceid":0,"cover":[{"id":10011,"hp":1}]
	},
	{
	"x":8,"y":2,"dir":2,"pieceid":0,"cover":[{"id":10011,"hp":1}]
	},
	{
	"x":0,"y":3,"dir":1,"pieceid":0,"entry":true},
	{
	"x":1,"y":3,"dir":1,"pieceid":0},
	{
	"x":2,"y":3,"dir":1,"pieceid":0},
	{
	"x":3,"y":3,"dir":1,"pieceid":0},
	{
	"x":4,"y":3,"dir":1,"pieceid":0,"cover":[{"id":10031,"hp":1}]
	},
	{
	"x":5,"y":3,"dir":2,"pieceid":0,"cover":[{"id":10041,"hp":1}]
	,"gift":[
	{
	"id":1121,"num":1}]
	},
	{
	"x":6,"y":3,"dir":2,"pieceid":0,"cover":[{"id":10011,"hp":1}]
	},
	{
	"x":7,"y":3,"dir":2,"pieceid":0,"cover":[{"id":10041,"hp":1}]
	,"gift":[
	{
	"id":1121,"num":1}]
	},
	{
	"x":8,"y":3,"dir":2,"pieceid":0,"cover":[{"id":10031,"hp":1}]
	},
	{
	"x":0,"y":4,"dir":1,"pieceid":0,"entry":true},
	{
	"x":1,"y":4,"dir":1,"pieceid":0},
	{
	"x":2,"y":4,"dir":1,"pieceid":0},
	{
	"x":3,"y":4,"dir":1,"pieceid":0},
	{
	"x":4,"y":4,"dir":2,"pieceid":0,"cover":[{"id":10031,"hp":1}]
	},
	{
	"x":5,"y":4,"dir":2,"pieceid":0,"cover":[{"id":10031,"hp":1}]
	},
	{
	"x":6,"y":4,"dir":2,"pieceid":0,"cover":[{"id":10011,"hp":1}]
	},
	{
	"x":7,"y":4,"dir":2,"pieceid":0,"cover":[{"id":10031,"hp":1}]
	},
	{
	"x":8,"y":4,"dir":2,"pieceid":0,"cover":[{"id":10031,"hp":1}]
	},
	{
	"x":4,"y":5,"dir":2,"pieceid":0,"cover":[{"id":10031,"hp":1}]
	},
	{
	"x":5,"y":5,"dir":2,"pieceid":0,"cover":[{"id":10041,"hp":1}]
	,"gift":[
	{
	"id":1121,"num":1}]
	},
	{
	"x":6,"y":5,"dir":2,"pieceid":0,"cover":[{"id":10011,"hp":1}]
	},
	{
	"x":7,"y":5,"dir":2,"pieceid":0,"cover":[{"id":10041,"hp":1}]
	,"gift":[
	{
	"id":1121,"num":1}]
	},
	{
	"x":8,"y":5,"dir":2,"pieceid":0,"cover":[{"id":10031,"hp":1}]
	},
	{
	"x":4,"y":6,"dir":2,"pieceid":0,"cover":[{"id":10031,"hp":1}]
	},
	{
	"x":5,"y":6,"dir":2,"pieceid":0,"cover":[{"id":10031,"hp":1}]
	},
	{
	"x":6,"y":6,"dir":2,"pieceid":0,"cover":[{"id":10011,"hp":1}]
	},
	{
	"x":7,"y":6,"dir":2,"pieceid":0,"cover":[{"id":10031,"hp":1}]
	},
	{
	"x":8,"y":6,"dir":2,"pieceid":0,"cover":[{"id":10031,"hp":1}]
	},
	{
	"x":4,"y":7,"dir":2,"pieceid":0,"cover":[{"id":10031,"hp":1}]
	},
	{
	"x":5,"y":7,"dir":2,"pieceid":0,"cover":[{"id":10041,"hp":1}]
	,"gift":[
	{
	"id":1121,"num":1}]
	},
	{
	"x":6,"y":7,"dir":2,"pieceid":0,"cover":[{"id":10011,"hp":1}]
	},
	{
	"x":7,"y":7,"dir":2,"pieceid":0,"cover":[{"id":10041,"hp":1}]
	,"gift":[
	{
	"id":1121,"num":1}]
	},
	{
	"x":8,"y":7,"dir":2,"pieceid":0,"cover":[{"id":10031,"hp":1}]
	},
	{
	"x":4,"y":8,"dir":2,"pieceid":0,"cover":[{"id":10001,"hp":1}]
	},
	{
	"x":5,"y":8,"dir":2,"pieceid":0,"cover":[{"id":10001,"hp":1}]
	},
	{
	"x":6,"y":8,"dir":2,"pieceid":0,"cover":[{"id":10001,"hp":1}]
	},
	{
	"x":7,"y":8,"dir":2,"pieceid":0,"cover":[{"id":10001,"hp":1}]
	},
	{
	"x":8,"y":8,"dir":2,"pieceid":0,"cover":[{"id":10001,"hp":1}]
	},
	{
	"x":4,"y":9,"dir":2,"pieceid":0,"cover":[{"id":10001,"hp":1}]
	},
	{
	"x":5,"y":9,"dir":2,"pieceid":0,"cover":[{"id":10001,"hp":1}]
	},
	{
	"x":6,"y":9,"dir":2,"pieceid":0,"cover":[{"id":10001,"hp":1}]
	},
	{
	"x":7,"y":9,"dir":2,"pieceid":0,"cover":[{"id":10001,"hp":1}]
	},
	{
	"x":8,"y":9,"dir":2,"pieceid":0,"cover":[{"id":10001,"hp":1}]
	},
	{
	"x":4,"y":10,"dir":2,"pieceid":0,"cover":[{"id":10001,"hp":1}]
	},
	{
	"x":5,"y":10,"dir":2,"pieceid":0,"cover":[{"id":10001,"hp":1}]
	},
	{
	"x":6,"y":10,"dir":2,"pieceid":0,"cover":[{"id":10001,"hp":1}]
	},
	{
	"x":7,"y":10,"dir":2,"pieceid":0,"cover":[{"id":10001,"hp":1}]
	},
	{
	"x":8,"y":10,"dir":2,"pieceid":0,"cover":[{"id":10001,"hp":1}]
	},
	{
	"x":4,"y":11,"dir":2,"pieceid":0},
	{
	"x":5,"y":11,"dir":2,"pieceid":0},
	{
	"x":6,"y":11,"dir":2,"pieceid":0},
	{
	"x":7,"y":11,"dir":2,"pieceid":0},
	{
	"x":8,"y":11,"dir":2,"pieceid":0},
	{
	"x":4,"y":12,"dir":2,"pieceid":0},
	{
	"x":5,"y":12,"dir":2,"pieceid":0},
	{
	"x":6,"y":12,"dir":2,"pieceid":0},
	{
	"x":7,"y":12,"dir":2,"pieceid":0},
	{
	"x":8,"y":12,"dir":2,"pieceid":0},
	{
	"x":4,"y":13,"dir":2,"pieceid":0},
	{
	"x":5,"y":13,"dir":2,"pieceid":0},
	{
	"x":6,"y":13,"dir":2,"pieceid":0},
	{
	"x":7,"y":13,"dir":2,"pieceid":0},
	{
	"x":8,"y":13,"dir":2,"pieceid":0},
	{
	"x":4,"y":14,"dir":2,"pieceid":0},
	{
	"x":5,"y":14,"dir":2,"pieceid":0},
	{
	"x":6,"y":14,"dir":2,"pieceid":0},
	{
	"x":7,"y":14,"dir":2,"pieceid":0},
	{
	"x":8,"y":14,"dir":2,"pieceid":0},
	{
	"x":4,"y":15,"dir":2,"pieceid":0},
	{
	"x":5,"y":15,"dir":2,"pieceid":0},
	{
	"x":6,"y":15,"dir":2,"pieceid":0},
	{
	"x":7,"y":15,"dir":2,"pieceid":0},
	{
	"x":8,"y":15,"dir":2,"pieceid":0},
	{
	"x":0,"y":16,"dir":2},
	{
	"x":1,"y":16,"dir":3},
	{
	"x":2,"y":16,"dir":3},
	{
	"x":3,"y":16,"dir":3},
	{
	"x":4,"y":16,"dir":3,"pieceid":0,"cover":[{"id":10001,"hp":1}]
	},
	{
	"x":5,"y":16,"dir":2,"pieceid":0,"cover":[{"id":10031,"hp":1}]
	},
	{
	"x":6,"y":16,"dir":2,"pieceid":0,"cover":[{"id":10031,"hp":1}]
	},
	{
	"x":7,"y":16,"dir":2,"pieceid":0,"cover":[{"id":10031,"hp":1}]
	},
	{
	"x":8,"y":16,"dir":2,"pieceid":0,"cover":[{"id":10031,"hp":1}]
	},
	{
	"x":0,"y":17,"dir":2},
	{
	"x":1,"y":17,"dir":2},
	{
	"x":2,"y":17,"dir":3},
	{
	"x":3,"y":17,"dir":3},
	{
	"x":4,"y":17,"dir":3,"pieceid":0,"cover":[{"id":10001,"hp":1}]
	},
	{
	"x":5,"y":17,"dir":3,"pieceid":0,"cover":[{"id":10031,"hp":1}]
	},
	{
	"x":6,"y":17,"dir":2,"pieceid":0,"cover":[{"id":10031,"hp":1}]
	},
	{
	"x":7,"y":17,"dir":2,"pieceid":0,"cover":[{"id":10031,"hp":1}]
	},
	{
	"x":8,"y":17,"dir":2,"pieceid":0,"cover":[{"id":10031,"hp":1}]
	},
	{
	"x":0,"y":18,"dir":2},
	{
	"x":1,"y":18,"dir":2},
	{
	"x":2,"y":18,"dir":2},
	{
	"x":3,"y":18,"dir":3},
	{
	"x":4,"y":18,"dir":3,"pieceid":0,"cover":[{"id":10001,"hp":1}]
	},
	{
	"x":5,"y":18,"dir":3,"pieceid":0,"cover":[{"id":10031,"hp":1}]
	},
	{
	"x":6,"y":18,"dir":3,"pieceid":0,"cover":[{"id":10031,"hp":1}]
	},
	{
	"x":7,"y":18,"dir":2,"pieceid":0,"cover":[{"id":10031,"hp":1}]
	},
	{
	"x":8,"y":18,"dir":2,"pieceid":0,"cover":[{"id":10031,"hp":1}]
	},
	{
	"x":0,"y":19,"dir":2},
	{
	"x":1,"y":19,"dir":2},
	{
	"x":2,"y":19,"dir":2},
	{
	"x":3,"y":19,"dir":2},
	{
	"x":4,"y":19,"dir":3,"pieceid":0,"cover":[{"id":10001,"hp":1}]
	},
	{
	"x":5,"y":19,"dir":3,"pieceid":0,"cover":[{"id":10031,"hp":1}]
	},
	{
	"x":6,"y":19,"dir":3,"pieceid":0,"cover":[{"id":10031,"hp":1}]
	},
	{
	"x":7,"y":19,"dir":3,"pieceid":0,"cover":[{"id":10031,"hp":1}]
	},
	{
	"x":8,"y":19,"dir":2,"pieceid":0,"cover":[{"id":10031,"hp":1}]
	},
	{
	"x":0,"y":20,"dir":2,"pieceid":0,"cover":[{"id":10001,"hp":1}]
	},
	{
	"x":1,"y":20,"dir":2,"pieceid":0,"cover":[{"id":10001,"hp":1}]
	},
	{
	"x":2,"y":20,"dir":2,"pieceid":0,"cover":[{"id":10001,"hp":1}]
	},
	{
	"x":3,"y":20,"dir":2,"pieceid":0,"cover":[{"id":10001,"hp":1}]
	},
	{
	"x":4,"y":20,"dir":2,"pieceid":0,"cover":[{"id":10001,"hp":1}]
	},
	{
	"x":5,"y":20,"dir":3,"pieceid":0,"cover":[{"id":10031,"hp":1}]
	},
	{
	"x":6,"y":20,"dir":3,"pieceid":0,"cover":[{"id":10031,"hp":1}]
	},
	{
	"x":7,"y":20,"dir":3,"pieceid":0,"cover":[{"id":10031,"hp":1}]
	},
	{
	"x":8,"y":20,"dir":3,"pieceid":0,"cover":[{"id":10031,"hp":1}]
	},
	{
	"x":0,"y":21,"dir":2,"pieceid":1201,"cover":[{"id":10001,"hp":1}]
	},
	{
	"x":1,"y":21,"dir":2,"pieceid":1201,"cover":[{"id":10001,"hp":1}]
	},
	{
	"x":2,"y":21,"dir":2,"pieceid":1201,"cover":[{"id":10001,"hp":1}]
	},
	{
	"x":3,"y":21,"dir":2,"pieceid":1201,"cover":[{"id":10001,"hp":1}]
	},
	{
	"x":4,"y":21,"dir":2,"pieceid":1201,"cover":[{"id":10001,"hp":1}]
	},
	{
	"x":0,"y":22,"dir":2,"pieceid":0,"cover":[{"id":10011,"hp":1}]
	},
	{
	"x":1,"y":22,"dir":2,"pieceid":0,"cover":[{"id":10011,"hp":1}]
	},
	{
	"x":2,"y":22,"dir":2,"pieceid":0,"cover":[{"id":10011,"hp":1}]
	},
	{
	"x":3,"y":22,"dir":2,"pieceid":0,"cover":[{"id":10011,"hp":1}]
	},
	{
	"x":4,"y":22,"dir":2,"pieceid":0,"cover":[{"id":10011,"hp":1}]
	},
	{
	"x":0,"y":23,"dir":2,"pieceid":0,"cover":[{"id":10011,"hp":1}]
	},
	{
	"x":1,"y":23,"dir":2,"pieceid":0,"cover":[{"id":10011,"hp":1}]
	},
	{
	"x":2,"y":23,"dir":2,"pieceid":0,"cover":[{"id":10011,"hp":1}]
	},
	{
	"x":3,"y":23,"dir":2,"pieceid":0,"cover":[{"id":10011,"hp":1}]
	},
	{
	"x":4,"y":23,"dir":2,"pieceid":0,"cover":[{"id":10011,"hp":1}]
	},
	{
	"x":0,"y":24,"dir":2,"pieceid":0,"cover":[{"id":10011,"hp":1}]
	},
	{
	"x":1,"y":24,"dir":2,"pieceid":0,"cover":[{"id":10011,"hp":1}]
	},
	{
	"x":2,"y":24,"dir":2,"pieceid":0,"cover":[{"id":10011,"hp":1}]
	},
	{
	"x":3,"y":24,"dir":2,"pieceid":0,"cover":[{"id":10011,"hp":1}]
	},
	{
	"x":4,"y":24,"dir":2,"pieceid":0,"cover":[{"id":10011,"hp":1}]
	},
	{
	"x":0,"y":25,"dir":2,"pieceid":0,"cover":[{"id":10011,"hp":1}]
	},
	{
	"x":1,"y":25,"dir":2,"pieceid":0,"cover":[{"id":10011,"hp":1}]
	},
	{
	"x":2,"y":25,"dir":2,"pieceid":0,"cover":[{"id":10011,"hp":1}]
	},
	{
	"x":3,"y":25,"dir":2,"pieceid":0,"cover":[{"id":10011,"hp":1}]
	},
	{
	"x":4,"y":25,"dir":2,"pieceid":0,"cover":[{"id":10011,"hp":1}]
	},
	{
	"x":0,"y":26,"dir":2,"pieceid":0,"cover":[{"id":10011,"hp":1}]
	},
	{
	"x":1,"y":26,"dir":2,"pieceid":0,"cover":[{"id":10011,"hp":1}]
	},
	{
	"x":2,"y":26,"dir":2,"pieceid":0,"cover":[{"id":10011,"hp":1}]
	},
	{
	"x":3,"y":26,"dir":2,"pieceid":0,"cover":[{"id":10011,"hp":1}]
	},
	{
	"x":4,"y":26,"dir":2,"pieceid":0,"cover":[{"id":10011,"hp":1}]
	},
	{
	"x":0,"y":27,"dir":2,"pieceid":0},
	{
	"x":1,"y":27,"dir":2,"pieceid":0},
	{
	"x":2,"y":27,"dir":2,"pieceid":0},
	{
	"x":3,"y":27,"dir":2,"pieceid":0},
	{
	"x":4,"y":27,"dir":2,"pieceid":0},
	{
	"x":0,"y":28,"dir":2,"pieceid":0},
	{
	"x":1,"y":28,"dir":2,"pieceid":0},
	{
	"x":2,"y":28,"dir":2,"pieceid":0},
	{
	"x":3,"y":28,"dir":2,"pieceid":0},
	{
	"x":4,"y":28,"dir":1,"pieceid":1001},
	{
	"x":5,"y":28,"dir":1,"pieceid":1001,"cover":[{"id":10001,"hp":1}]
	},
	{
	"x":6,"y":28,"dir":1},
	{
	"x":7,"y":28,"dir":1},
	{
	"x":8,"y":28,"dir":1,"exit":true},
	{
	"x":0,"y":29,"dir":2,"pieceid":0},
	{
	"x":1,"y":29,"dir":2,"pieceid":0},
	{
	"x":2,"y":29,"dir":2,"pieceid":0},
	{
	"x":3,"y":29,"dir":1,"pieceid":1001},
	{
	"x":4,"y":29,"dir":1,"pieceid":0},
	{
	"x":5,"y":29,"dir":1,"pieceid":1001,"cover":[{"id":10001,"hp":1}]
	},
	{
	"x":6,"y":29,"dir":1},
	{
	"x":7,"y":29,"dir":1},
	{
	"x":8,"y":29,"dir":1,"exit":true},
	{
	"x":0,"y":30,"dir":2,"pieceid":0},
	{
	"x":1,"y":30,"dir":2,"pieceid":0},
	{
	"x":2,"y":30,"dir":1,"pieceid":0},
	{
	"x":3,"y":30,"dir":1,"pieceid":0},
	{
	"x":4,"y":30,"dir":1,"pieceid":0},
	{
	"x":5,"y":30,"dir":1,"pieceid":0,"cover":[{"id":10001,"hp":1}]
	},
	{
	"x":6,"y":30,"dir":1},
	{
	"x":7,"y":30,"dir":1},
	{
	"x":8,"y":30,"dir":1,"exit":true},
	{
	"x":0,"y":31,"dir":2,"pieceid":0},
	{
	"x":1,"y":31,"dir":1,"pieceid":0},
	{
	"x":2,"y":31,"dir":1,"pieceid":0},
	{
	"x":3,"y":31,"dir":1,"pieceid":0},
	{
	"x":4,"y":31,"dir":1,"pieceid":0},
	{
	"x":5,"y":31,"dir":1,"pieceid":0,"cover":[{"id":10001,"hp":1}]
	},
	{
	"x":6,"y":31,"dir":1},
	{
	"x":7,"y":31,"dir":1},
	{
	"x":8,"y":31,"dir":1,"exit":true},
	{
	"x":0,"y":32,"dir":1,"pieceid":0},
	{
	"x":1,"y":32,"dir":1,"pieceid":0},
	{
	"x":2,"y":32,"dir":1,"pieceid":0},
	{
	"x":3,"y":32,"dir":1,"pieceid":0},
	{
	"x":4,"y":32,"dir":1,"pieceid":0},
	{
	"x":5,"y":32,"dir":1,"pieceid":0,"cover":[{"id":10001,"hp":1}]
	},
	{
	"x":6,"y":32,"dir":1},
	{
	"x":7,"y":32,"dir":1},
	{
	"x":8,"y":32,"dir":1,"exit":true}]
	}}