{
	"level":255,
"steps":38,
"description":"dialog001",
"flag":[
	"难度，待定"]
	,
"guide":[
	"新手引导，待定"]
	,
"board":{
	
"width":9,
"height":22,
"picieDefult":"1001|100;1002|100;1003|100;1004|100;1005|100",
"entryDefult":"1001|100;1002|100;1003|100;1004|100;1005|100",
"screens":[
	{
	"id":1,"lefttop":[
	0,0]
	,"rightbottom":[
	8,10]
	,
	"goals":[
	{
	"id":11002,"num":16,"type":1}]
	},
	{
	"id":2,"lefttop":[
	0,11]
	,"rightbottom":[
	8,21]
	,
	"goals":[
	{
	"id":11002,"num":16,"type":1}]
	},
	{
	"id":3,"lefttop":[
	0,0]
	,"rightbottom":[
	8,10]
	,
	"goals":[
	{
	"id":1201,"num":4,"type":1}]
	}]
	,

"grid":[
	{
	"x":0,"y":0,"dir":2,"pieceid":0,"entry":true},
	{
	"x":1,"y":0,"dir":2,"pieceid":0,"entry":true},
	{
	"x":2,"y":0,"dir":2,"pieceid":0,"entry":true},
	{
	"x":3,"y":0,"dir":2,"pieceid":0,"entry":true},
	{
	"x":5,"y":0,"dir":4,"exit":true,"pieceid":0,"cover":[{"id":10031,"hp":1}]
	},
	{
	"x":6,"y":0,"dir":4,"exit":true,"pieceid":0,"cover":[{"id":10031,"hp":1}]
	},
	{
	"x":7,"y":0,"dir":4,"exit":true,"pieceid":0,"cover":[{"id":10031,"hp":1}]
	},
	{
	"x":8,"y":0,"dir":4,"exit":true,"pieceid":0,"cover":[{"id":10031,"hp":1}]
	},
	{
	"x":0,"y":1,"dir":2,"pieceid":0},
	{
	"x":1,"y":1,"dir":2,"pieceid":0},
	{
	"x":2,"y":1,"dir":2,"pieceid":0},
	{
	"x":3,"y":1,"dir":2,"pieceid":0},
	{
	"x":5,"y":1,"dir":4,"pieceid":0,"cover":[{"id":10031,"hp":1}]
	},
	{
	"x":6,"y":1,"dir":4,"pieceid":0,"cover":[{"id":10031,"hp":1}]
	},
	{
	"x":7,"y":1,"dir":4,"pieceid":0,"cover":[{"id":10031,"hp":1}]
	},
	{
	"x":8,"y":1,"dir":4,"pieceid":0,"cover":[{"id":10031,"hp":1}]
	},
	{
	"x":0,"y":2,"dir":2,"pieceid":0},
	{
	"x":1,"y":2,"dir":2,"pieceid":0},
	{
	"x":2,"y":2,"dir":2,"pieceid":2002},
	{
	"x":3,"y":2,"dir":2,"pieceid":0},
	{
	"x":5,"y":2,"dir":4,"pieceid":0,"cover":[{"id":10031,"hp":1}]
	},
	{
	"x":6,"y":2,"dir":4,"pieceid":0,"cover":[{"id":10031,"hp":1}]
	},
	{
	"x":7,"y":2,"dir":4,"pieceid":0,"cover":[{"id":10031,"hp":1}]
	},
	{
	"x":8,"y":2,"dir":4,"pieceid":0,"cover":[{"id":10031,"hp":1}]
	},
	{
	"x":0,"y":3,"dir":2,"pieceid":0},
	{
	"x":1,"y":3,"dir":2,"pieceid":0},
	{
	"x":2,"y":3,"dir":2,"pieceid":0},
	{
	"x":3,"y":3,"dir":2,"pieceid":0},
	{
	"x":5,"y":3,"dir":4,"pieceid":0,"cover":[{"id":10031,"hp":1}]
	},
	{
	"x":6,"y":3,"dir":4,"pieceid":0,"cover":[{"id":10031,"hp":1}]
	},
	{
	"x":7,"y":3,"dir":4,"pieceid":0,"cover":[{"id":10031,"hp":1}]
	},
	{
	"x":8,"y":3,"dir":4,"pieceid":0,"cover":[{"id":10031,"hp":1}]
	},
	{
	"x":0,"y":4,"dir":2,"pieceid":0},
	{
	"x":1,"y":4,"dir":2,"pieceid":0},
	{
	"x":2,"y":4,"dir":2,"pieceid":0},
	{
	"x":3,"y":4,"dir":2,"pieceid":0},
	{
	"x":5,"y":4,"dir":4,"pieceid":0,"cover":[{"id":10031,"hp":1}]
	},
	{
	"x":6,"y":4,"dir":4,"pieceid":0,"cover":[{"id":10031,"hp":1}]
	},
	{
	"x":7,"y":4,"dir":4,"pieceid":0,"cover":[{"id":10031,"hp":1}]
	},
	{
	"x":8,"y":4,"dir":4,"pieceid":0,"cover":[{"id":10031,"hp":1}]
	},
	{
	"x":0,"y":5,"dir":2,"pieceid":0},
	{
	"x":1,"y":5,"dir":2,"pieceid":2003},
	{
	"x":2,"y":5,"dir":2,"pieceid":0},
	{
	"x":3,"y":5,"dir":2,"pieceid":0},
	{
	"x":5,"y":5,"dir":4,"pieceid":0,"cover":[{"id":10031,"hp":1}]
	},
	{
	"x":6,"y":5,"dir":4,"pieceid":0,"cover":[{"id":10031,"hp":1}]
	},
	{
	"x":7,"y":5,"dir":4,"pieceid":0,"cover":[{"id":10031,"hp":1}]
	},
	{
	"x":8,"y":5,"dir":4,"pieceid":0,"cover":[{"id":10031,"hp":1}]
	},
	{
	"x":0,"y":6,"dir":2,"pieceid":0},
	{
	"x":1,"y":6,"dir":2,"pieceid":0},
	{
	"x":2,"y":6,"dir":2,"pieceid":0},
	{
	"x":3,"y":6,"dir":2,"pieceid":0},
	{
	"x":5,"y":6,"dir":4},
	{
	"x":6,"y":6,"dir":4},
	{
	"x":7,"y":6,"dir":4},
	{
	"x":8,"y":6,"dir":4},
	{
	"x":0,"y":7,"dir":2,"pieceid":0,"cover":[{"id":11002,"hp":8,"covertype":1}]
	},
	{
	"x":1,"y":7,"dir":2,"pieceid":0,"cover":[{"id":11002,"hp":8,"covertype":1}]
	},
	{
	"x":2,"y":7,"dir":2,"pieceid":0},
	{
	"x":3,"y":7,"dir":2,"pieceid":0},
	{
	"x":5,"y":7,"dir":4},
	{
	"x":6,"y":7,"dir":4},
	{
	"x":7,"y":7,"dir":4},
	{
	"x":8,"y":7,"dir":4},
	{
	"x":0,"y":8,"dir":2,"pieceid":0,"cover":[{"id":11002,"hp":8,"covertype":1}]
	},
	{
	"x":1,"y":8,"dir":2,"pieceid":0,"cover":[{"id":11002,"hp":8,"covertype":1}]
	},
	{
	"x":2,"y":8,"dir":2,"pieceid":0},
	{
	"x":3,"y":8,"dir":2,"pieceid":0},
	{
	"x":5,"y":8,"dir":4},
	{
	"x":6,"y":8,"dir":4},
	{
	"x":7,"y":8,"dir":4},
	{
	"x":8,"y":8,"dir":4},
	{
	"x":0,"y":9,"dir":2,"pieceid":0},
	{
	"x":1,"y":9,"dir":2,"pieceid":0},
	{
	"x":2,"y":9,"dir":2,"pieceid":0,"cover":[{"id":11002,"hp":8,"covertype":2}]
	},
	{
	"x":3,"y":9,"dir":2,"pieceid":0,"cover":[{"id":11002,"hp":8,"covertype":2}]
	},
	{
	"x":5,"y":9,"dir":4},
	{
	"x":6,"y":9,"dir":4},
	{
	"x":7,"y":9,"dir":4},
	{
	"x":8,"y":9,"dir":4},
	{
	"x":0,"y":10,"dir":2,"pieceid":0},
	{
	"x":1,"y":10,"dir":2,"pieceid":0},
	{
	"x":2,"y":10,"dir":2,"pieceid":0,"cover":[{"id":11002,"hp":8,"covertype":2}]
	},
	{
	"x":3,"y":10,"dir":2,"pieceid":0,"cover":[{"id":11002,"hp":8,"covertype":2}]
	},
	{
	"x":5,"y":10,"dir":4},
	{
	"x":6,"y":10,"dir":4},
	{
	"x":7,"y":10,"dir":4},
	{
	"x":8,"y":10,"dir":4},
	{
	"x":0,"y":11,"dir":2,"pieceid":0},
	{
	"x":1,"y":11,"dir":2,"pieceid":0},
	{
	"x":2,"y":11,"dir":2,"pieceid":0},
	{
	"x":3,"y":11,"dir":2,"pieceid":0},
	{
	"x":5,"y":11,"dir":4},
	{
	"x":6,"y":11,"dir":4},
	{
	"x":7,"y":11,"dir":4},
	{
	"x":8,"y":11,"dir":4},
	{
	"x":0,"y":12,"dir":2,"pieceid":0},
	{
	"x":1,"y":12,"dir":2,"pieceid":2004},
	{
	"x":2,"y":12,"dir":2,"pieceid":0},
	{
	"x":3,"y":12,"dir":2,"pieceid":0},
	{
	"x":5,"y":12,"dir":4},
	{
	"x":6,"y":12,"dir":4},
	{
	"x":7,"y":12,"dir":4},
	{
	"x":8,"y":12,"dir":4},
	{
	"x":0,"y":13,"dir":2,"pieceid":0},
	{
	"x":1,"y":13,"dir":2,"pieceid":0},
	{
	"x":2,"y":13,"dir":2,"pieceid":0},
	{
	"x":3,"y":13,"dir":2,"pieceid":0},
	{
	"x":5,"y":13,"dir":4,"pieceid":0,"cover":[{"id":11002,"hp":8,"covertype":3}]
	},
	{
	"x":6,"y":13,"dir":4,"pieceid":0,"cover":[{"id":11002,"hp":8,"covertype":3}]
	},
	{
	"x":7,"y":13,"dir":4,"pieceid":0,"cover":[{"id":11002,"hp":8,"covertype":4}]
	},
	{
	"x":8,"y":13,"dir":4,"pieceid":0,"cover":[{"id":11002,"hp":8,"covertype":4}]
	},
	{
	"x":0,"y":14,"dir":2,"pieceid":0},
	{
	"x":1,"y":14,"dir":2,"pieceid":0},
	{
	"x":2,"y":14,"dir":2,"pieceid":0},
	{
	"x":3,"y":14,"dir":2,"pieceid":0},
	{
	"x":5,"y":14,"dir":4,"pieceid":0,"cover":[{"id":11002,"hp":8,"covertype":3}]
	},
	{
	"x":6,"y":14,"dir":4,"pieceid":0,"cover":[{"id":11002,"hp":8,"covertype":3}]
	},
	{
	"x":7,"y":14,"dir":4,"pieceid":0,"cover":[{"id":11002,"hp":8,"covertype":4}]
	},
	{
	"x":8,"y":14,"dir":4,"pieceid":0,"cover":[{"id":11002,"hp":8,"covertype":4}]
	},
	{
	"x":0,"y":15,"dir":2,"pieceid":0},
	{
	"x":1,"y":15,"dir":2,"pieceid":0},
	{
	"x":2,"y":15,"dir":2,"pieceid":2003},
	{
	"x":3,"y":15,"dir":2,"pieceid":0},
	{
	"x":5,"y":15,"dir":4,"pieceid":0},
	{
	"x":6,"y":15,"dir":4,"pieceid":0},
	{
	"x":7,"y":15,"dir":4,"pieceid":0},
	{
	"x":8,"y":15,"dir":4,"pieceid":0},
	{
	"x":0,"y":16,"dir":2,"pieceid":0},
	{
	"x":1,"y":16,"dir":2,"pieceid":0},
	{
	"x":2,"y":16,"dir":2,"pieceid":0},
	{
	"x":3,"y":16,"dir":2,"pieceid":0},
	{
	"x":5,"y":16,"dir":4,"pieceid":0},
	{
	"x":6,"y":16,"dir":4,"pieceid":0},
	{
	"x":7,"y":16,"dir":4,"pieceid":2001},
	{
	"x":8,"y":16,"dir":4,"pieceid":0},
	{
	"x":0,"y":17,"dir":2,"pieceid":0,"cover":[{"id":10011,"hp":1}]
	},
	{
	"x":1,"y":17,"dir":2,"pieceid":0},
	{
	"x":2,"y":17,"dir":2,"pieceid":0,"cover":[{"id":10011,"hp":1}]
	},
	{
	"x":3,"y":17,"dir":2,"pieceid":0},
	{
	"x":5,"y":17,"dir":4,"pieceid":1201},
	{
	"x":6,"y":17,"dir":4,"pieceid":0,"cover":[{"id":10011,"hp":1}]
	},
	{
	"x":7,"y":17,"dir":4,"pieceid":0},
	{
	"x":8,"y":17,"dir":4,"pieceid":0,"cover":[{"id":10011,"hp":1}]
	},
	{
	"x":0,"y":18,"dir":2,"pieceid":0},
	{
	"x":1,"y":18,"dir":2,"pieceid":0,"cover":[{"id":10011,"hp":1}]
	},
	{
	"x":2,"y":18,"dir":2,"pieceid":0},
	{
	"x":3,"y":18,"dir":1,"pieceid":0,"cover":[{"id":10011,"hp":1}]
	},
	{
	"x":4,"y":18,"dir":1,"pieceid":0},
	{
	"x":5,"y":18,"dir":4,"pieceid":0,"cover":[{"id":10011,"hp":1}]
	},
	{
	"x":6,"y":18,"dir":4,"pieceid":0},
	{
	"x":7,"y":18,"dir":4,"pieceid":0,"cover":[{"id":10011,"hp":1}]
	},
	{
	"x":8,"y":18,"dir":4,"pieceid":0},
	{
	"x":0,"y":19,"dir":2,"cover":[{"id":10011,"hp":1}]
	,"pieceid":0},
	{
	"x":1,"y":19,"dir":2,"pieceid":0},
	{
	"x":2,"y":19,"dir":1,"pieceid":0,"cover":[{"id":10011,"hp":1}]
	},
	{
	"x":3,"y":19,"dir":1,"pieceid":0},
	{
	"x":4,"y":19,"dir":1,"pieceid":1201},
	{
	"x":5,"y":19,"dir":1,"pieceid":0},
	{
	"x":6,"y":19,"dir":4,"pieceid":0,"cover":[{"id":10011,"hp":1}]
	},
	{
	"x":7,"y":19,"dir":4,"pieceid":0},
	{
	"x":8,"y":19,"dir":4,"pieceid":0,"cover":[{"id":10011,"hp":1}]
	},
	{
	"x":0,"y":20,"dir":2,"pieceid":0},
	{
	"x":1,"y":20,"dir":1,"pieceid":0,"cover":[{"id":10011,"hp":1}]
	},
	{
	"x":2,"y":20,"dir":1,"pieceid":0},
	{
	"x":3,"y":20,"dir":1,"pieceid":0,"cover":[{"id":10011,"hp":1}]
	},
	{
	"x":4,"y":20,"dir":1,"pieceid":1201},
	{
	"x":5,"y":20,"dir":1,"pieceid":0,"cover":[{"id":10011,"hp":1}]
	},
	{
	"x":6,"y":20,"dir":1,"pieceid":0},
	{
	"x":7,"y":20,"dir":4,"pieceid":0,"cover":[{"id":10011,"hp":1}]
	},
	{
	"x":8,"y":20,"dir":4,"pieceid":0},
	{
	"x":0,"y":21,"dir":1,"pieceid":1201},
	{
	"x":1,"y":21,"dir":1,"pieceid":0},
	{
	"x":2,"y":21,"dir":1,"pieceid":0,"cover":[{"id":10011,"hp":1}]
	},
	{
	"x":3,"y":21,"dir":1,"pieceid":0},
	{
	"x":4,"y":21,"dir":1,"pieceid":0,"cover":[{"id":10011,"hp":1}]
	},
	{
	"x":5,"y":21,"dir":1,"pieceid":0},
	{
	"x":6,"y":21,"dir":1,"pieceid":0,"cover":[{"id":10011,"hp":1}]
	},
	{
	"x":7,"y":21,"dir":1,"pieceid":0},
	{
	"x":8,"y":21,"dir":4,"pieceid":0,"cover":[{"id":10011,"hp":1}]
	}]
	}}