{
	"level":28,
	"goals":[
	{
	"type":2,"id":101,"num":59},
	{
	"type":1,"id":1001,"num":30}]
	,
"steps":25,
"description":"dialog001",
"flag":[
	"难度，待定"]
	,
"guide":[
	{
	"desc":"[560808]两个火箭叠加，会有3个火箭飞出哦，配合双火箭状态效果更佳[-]","icon":"npc_icon_001","pos":[
	{
	"x":0,"y":1},
	{
	"x":1,"y":1},
	{
	"x":7,"y":1},
	{
	"x":8,"y":1},
	{
	"x":0,"y":9},
	{
	"x":1,"y":9},
	{
	"x":7,"y":9},
	{
	"x":8,"y":9}]
	,"move":{
	"g1X":0,"g1Y":1,"g2X":1,"g2Y":1}}]
	,
"board":{
	
"width":9,
"height":11,
"picieDefult":"1001|100;1002|100;1003|100;1004|100;1005|100",
"entryDefult":"1001|100;1002|100;1003|100;1004|100;1005|100",
"screens":[
	{
	"id":1,"lefttop":[
	0,0]
	,"rightbottom":[
	8,10]
	,
	"goals":[
	{
	"type":2,"id":101,"num":59},
	{
	"type":1,"id":1001,"num":30}]
	}]
	,

"grid":[
	{
	"x":2,"y":0,"dir":2,"pieceid":0,"entry":true},
	{
	"x":6,"y":0,"dir":2,"pieceid":0,"entry":true},
	{
	"x":0,"y":1,"dir":2,"pieceid":1121,"floor":{"id":101},
	"entry":true},
	{
	"x":1,"y":1,"dir":2,"pieceid":1121,"floor":{"id":101},
	"entry":true},
	{
	"x":7,"y":1,"dir":2,"pieceid":1121,"floor":{"id":101},
	"entry":true},
	{
	"x":8,"y":1,"dir":2,"pieceid":1121,"floor":{"id":101},
	"entry":true},
	{
	"x":0,"y":2,"dir":2,"pieceid":0},
	{
	"x":3,"y":2,"dir":2,"pieceid":0,"entry":true},
	{
	"x":4,"y":2,"dir":2,"pieceid":0,"entry":true},
	{
	"x":5,"y":2,"dir":2,"pieceid":0,"entry":true},
	{
	"x":8,"y":2,"dir":2,"pieceid":0},
	{
	"x":2,"y":3,"dir":2,"pieceid":0,"entry":true},
	{
	"x":3,"y":3,"dir":2,"pieceid":0},
	{
	"x":4,"y":3,"dir":2,"pieceid":0},
	{
	"x":5,"y":3,"dir":2,"pieceid":0},
	{
	"x":6,"y":3,"dir":2,"pieceid":0,"entry":true},
	{
	"x":0,"y":4,"dir":2,"pieceid":1002,"cover":[{"id":10001,"hp":1}]
	,"entry":true},
	{
	"x":1,"y":4,"dir":2,"pieceid":1004,"cover":[{"id":10001,"hp":1}]
	,"entry":true},
	{
	"x":2,"y":4,"dir":2,"pieceid":1002,"cover":[{"id":10001,"hp":1}]
	},
	{
	"x":3,"y":4,"dir":2,"pieceid":1003,"cover":[{"id":10001,"hp":1}]
	},
	{
	"x":4,"y":4,"dir":2,"pieceid":0,"cover":[{"id":10001,"hp":1}]
	},
	{
	"x":5,"y":4,"dir":2,"pieceid":1003,"cover":[{"id":10001,"hp":1}]
	},
	{
	"x":6,"y":4,"dir":2,"pieceid":1002,"cover":[{"id":10001,"hp":1}]
	},
	{
	"x":7,"y":4,"dir":2,"pieceid":1004,"cover":[{"id":10001,"hp":1}]
	,"entry":true},
	{
	"x":8,"y":4,"dir":2,"pieceid":1002,"cover":[{"id":10001,"hp":1}]
	,"entry":true},
	{
	"x":0,"y":5,"dir":2,"pieceid":1004,"cover":[{"id":10001,"hp":1}]
	},
	{
	"x":1,"y":5,"dir":2,"pieceid":1121,"cover":[{"id":10001,"hp":1}]
	},
	{
	"x":2,"y":5,"dir":2,"pieceid":1003,"cover":[{"id":10001,"hp":1}]
	},
	{
	"x":3,"y":5,"dir":2,"pieceid":1001,"cover":[{"id":10001,"hp":1}]
	},
	{
	"x":4,"y":5,"dir":2,"pieceid":1121,"cover":[{"id":10001,"hp":1}]
	},
	{
	"x":5,"y":5,"dir":2,"pieceid":1001,"cover":[{"id":10001,"hp":1}]
	},
	{
	"x":6,"y":5,"dir":2,"pieceid":1003,"cover":[{"id":10001,"hp":1}]
	},
	{
	"x":7,"y":5,"dir":2,"pieceid":1121,"cover":[{"id":10001,"hp":1}]
	},
	{
	"x":8,"y":5,"dir":2,"pieceid":1004,"cover":[{"id":10001,"hp":1}]
	},
	{
	"x":0,"y":6,"dir":2,"pieceid":1002,"cover":[{"id":10001,"hp":1}]
	},
	{
	"x":1,"y":6,"dir":2,"pieceid":1003,"cover":[{"id":10001,"hp":1}]
	},
	{
	"x":2,"y":6,"dir":2,"pieceid":1002,"cover":[{"id":10001,"hp":1}]
	},
	{
	"x":3,"y":6,"dir":2,"pieceid":1005,"cover":[{"id":10001,"hp":1}]
	},
	{
	"x":4,"y":6,"dir":2,"pieceid":1001,"cover":[{"id":10001,"hp":1}]
	},
	{
	"x":5,"y":6,"dir":2,"pieceid":1005,"cover":[{"id":10001,"hp":1}]
	},
	{
	"x":6,"y":6,"dir":2,"pieceid":1002,"cover":[{"id":10001,"hp":1}]
	},
	{
	"x":7,"y":6,"dir":2,"pieceid":1003,"cover":[{"id":10001,"hp":1}]
	},
	{
	"x":8,"y":6,"dir":2,"pieceid":1002,"cover":[{"id":10001,"hp":1}]
	},
	{
	"x":2,"y":7,"dir":2,"pieceid":1121,"cover":[{"id":10001,"hp":1}]
	},
	{
	"x":3,"y":7,"dir":2,"pieceid":1002,"cover":[{"id":10001,"hp":1}]
	},
	{
	"x":4,"y":7,"dir":2,"pieceid":1005,"cover":[{"id":10001,"hp":1}]
	},
	{
	"x":5,"y":7,"dir":2,"pieceid":1002,"cover":[{"id":10001,"hp":1}]
	},
	{
	"x":6,"y":7,"dir":2,"pieceid":1121,"cover":[{"id":10001,"hp":1}]
	},
	{
	"x":0,"y":8,"dir":2,"pieceid":0,"entry":true},
	{
	"x":3,"y":8,"dir":2,"pieceid":1005,"cover":[{"id":10001,"hp":1}]
	},
	{
	"x":4,"y":8,"dir":2,"pieceid":1121},
	{
	"x":5,"y":8,"dir":2,"pieceid":1005,"cover":[{"id":10001,"hp":1}]
	},
	{
	"x":8,"y":8,"dir":2,"pieceid":0,"entry":true},
	{
	"x":0,"y":9,"dir":2,"pieceid":1121,"floor":{"id":101}},
	{
	"x":1,"y":9,"dir":2,"pieceid":1121,"floor":{"id":101},
	"entry":true},
	{
	"x":7,"y":9,"dir":2,"pieceid":1121,"floor":{"id":101},
	"entry":true},
	{
	"x":8,"y":9,"dir":2,"pieceid":1121,"floor":{"id":101}},
	{
	"x":2,"y":10,"dir":2,"pieceid":0,"entry":true},
	{
	"x":6,"y":10,"dir":2,"pieceid":0,"entry":true}]
	}}