{
	"level":287,
	"goals":[
	{
	"type":1,"id":1201,"num":3},
	{
	"type":1,"id":1002,"num":50}]
	,
"steps":30,
"showWindTime":10,
"description":"dialog001",
"flag":[
	"难度，待定"]
	,
"guide":[
	"新手引导，待定"]
	,
"board":{
	
"width":9,
"height":11,
"picieDefult":"1001|100;1002|100;1003|100;1004|100;1005|100",
"entryDefult":"1001|100;1002|100;1003|100;1004|100;1005|100",
"screens":[
	{
	"id":1,"lefttop":[
	0,0]
	,"rightbottom":[
	8,10]
	,
	"goals":[
	{
	"type":1,"id":1201,"num":15},
	{
	"id":1121,"num":15,"type":1}]
	}]
	,

"grid":[
	{
	"x":1,"y":0,"dir":1,"pieceid":0,"entry":true,"entryicon":"rukou_qiuqiu","candidate_entry":"1001|50;1002|50;1003|50;1004|50;1005|50;1201|30"},
	{
	"x":2,"y":0,"dir":1,"pieceid":0,"cover":[{"id":10031,"hp":2}]
	},
	{
	"x":3,"y":0,"dir":1,"pieceid":0},
	{
	"x":4,"y":0,"dir":1,"pieceid":0},
	{
	"x":5,"y":0,"dir":1,"pieceid":0},
	{
	"x":6,"y":0,"dir":1,"pieceid":0,"cover":[{"id":10031,"hp":2}]
	},
	{
	"x":7,"y":0,"dir":1,"pieceid":0,"gateto":[
	0,4]
	},
	{
	"x":1,"y":1,"dir":1,"pieceid":0,"entry":true,"entryicon":"rukou_qiuqiu","candidate_entry":"1001|50;1002|50;1003|50;1004|50;1005|50;1201|30"},
	{
	"x":2,"y":1,"dir":1,"pieceid":0},
	{
	"x":3,"y":1,"dir":1,"pieceid":0,"cover":[{"id":10031,"hp":2}]
	},
	{
	"x":4,"y":1,"dir":1,"pieceid":0},
	{
	"x":5,"y":1,"dir":1,"pieceid":0,"cover":[{"id":10031,"hp":2}]
	},
	{
	"x":6,"y":1,"dir":1,"pieceid":0},
	{
	"x":7,"y":1,"dir":1,"pieceid":0,"gateto":[
	0,5]
	},
	{
	"x":1,"y":2,"dir":1,"pieceid":0,"entry":true,"entryicon":"rukou_qiuqiu","candidate_entry":"1001|50;1002|50;1003|50;1004|50;1005|50;1201|30"},
	{
	"x":2,"y":2,"dir":1,"pieceid":0},
	{
	"x":3,"y":2,"dir":1,"pieceid":1002},
	{
	"x":4,"y":2,"dir":1,"pieceid":0,"cover":[{"id":10031,"hp":2}]
	},
	{
	"x":5,"y":2,"dir":1,"pieceid":0},
	{
	"x":6,"y":2,"dir":1,"pieceid":0},
	{
	"x":7,"y":2,"dir":1,"pieceid":0,"gateto":[
	0,6]
	},
	{
	"x":0,"y":4,"dir":1,"pieceid":0,"gatefrom":[
	7,0]
	},
	{
	"x":1,"y":4,"dir":1,"pieceid":0},
	{
	"x":2,"y":4,"dir":1,"pieceid":0},
	{
	"x":3,"y":4,"dir":1,"pieceid":1002},
	{
	"x":4,"y":4,"dir":1,"pieceid":0,"cover":[{"id":10001,"hp":2}]
	},
	{
	"x":5,"y":4,"dir":1,"pieceid":0},
	{
	"x":6,"y":4,"dir":1,"pieceid":0},
	{
	"x":7,"y":4,"dir":1,"pieceid":0,"gateto":[
	0,8]
	},
	{
	"x":0,"y":5,"dir":1,"pieceid":0,"gatefrom":[
	7,1]
	},
	{
	"x":1,"y":5,"dir":1,"pieceid":0},
	{
	"x":2,"y":5,"dir":1,"pieceid":0},
	{
	"x":3,"y":5,"dir":1,"pieceid":0,"cover":[{"id":10001,"hp":2}]
	},
	{
	"x":4,"y":5,"dir":1,"pieceid":0,"cover":[{"id":10001,"hp":2}]
	},
	{
	"x":5,"y":5,"dir":1,"pieceid":0,"cover":[{"id":10001,"hp":2}]
	},
	{
	"x":6,"y":5,"dir":1,"pieceid":0},
	{
	"x":7,"y":5,"dir":1,"pieceid":0,"gateto":[
	0,9]
	},
	{
	"x":0,"y":6,"dir":1,"pieceid":0,"gatefrom":[
	7,2]
	},
	{
	"x":1,"y":6,"dir":1,"pieceid":0},
	{
	"x":2,"y":6,"dir":1,"pieceid":0,"cover":[{"id":10001,"hp":2}]
	},
	{
	"x":3,"y":6,"dir":1,"pieceid":0,"cover":[{"id":10001,"hp":2}]
	},
	{
	"x":4,"y":6,"dir":1,"pieceid":0,"cover":[{"id":10001,"hp":2}]
	},
	{
	"x":5,"y":6,"dir":1,"pieceid":0,"cover":[{"id":10001,"hp":2}]
	},
	{
	"x":6,"y":6,"dir":1,"pieceid":0,"cover":[{"id":10001,"hp":2}]
	},
	{
	"x":7,"y":6,"dir":1,"pieceid":0,"gateto":[
	0,10]
	},
	{
	"x":0,"y":8,"dir":1,"pieceid":0,"gatefrom":[
	7,4]
	},
	{
	"x":1,"y":8,"dir":1,"pieceid":0},
	{
	"x":2,"y":8,"dir":1,"pieceid":0},
	{
	"x":3,"y":8,"dir":1,"pieceid":0},
	{
	"x":4,"y":8,"dir":1,"pieceid":0,"cover":[{"id":10031,"hp":3}]
	},
	{
	"x":5,"y":8,"dir":1,"pieceid":0},
	{
	"x":6,"y":8,"dir":1,"pieceid":0},
	{
	"x":7,"y":8,"dir":1,"pieceid":0},
	{
	"x":8,"y":8,"dir":1,"pieceid":0,"exit":true},
	{
	"x":0,"y":9,"dir":1,"pieceid":0,"gatefrom":[
	7,5]
	},
	{
	"x":1,"y":9,"dir":1,"pieceid":0},
	{
	"x":2,"y":9,"dir":1,"pieceid":0},
	{
	"x":3,"y":9,"dir":1,"pieceid":0,"cover":[{"id":10031,"hp":3}]
	},
	{
	"x":4,"y":9,"dir":1,"pieceid":0,"cover":[{"id":10031,"hp":3}]
	},
	{
	"x":5,"y":9,"dir":1,"pieceid":0,"cover":[{"id":10031,"hp":3}]
	},
	{
	"x":6,"y":9,"dir":1,"pieceid":0},
	{
	"x":7,"y":9,"dir":1,"pieceid":0},
	{
	"x":8,"y":9,"dir":1,"pieceid":0,"exit":true},
	{
	"x":0,"y":10,"dir":1,"pieceid":0,"gatefrom":[
	7,6]
	},
	{
	"x":1,"y":10,"dir":1,"pieceid":0},
	{
	"x":2,"y":10,"dir":1,"pieceid":0},
	{
	"x":3,"y":10,"dir":1,"pieceid":0},
	{
	"x":4,"y":10,"dir":1,"pieceid":0,"cover":[{"id":10031,"hp":3}]
	},
	{
	"x":5,"y":10,"dir":1,"pieceid":0},
	{
	"x":6,"y":10,"dir":1,"pieceid":0},
	{
	"x":7,"y":10,"dir":1,"pieceid":0},
	{
	"x":8,"y":10,"dir":1,"pieceid":0,"exit":true},
	{
	"x":1,"y":3,"dir":1,"pieceid":0,"entry":true,"entryicon":"rukou_binglei","candidate_entry":"1001|50;1002|50;1003|50;1004|50;1005|50;2001|10;2002|10;2003|10;2004|10;2005|10"},
	{
	"x":1,"y":7,"dir":1,"pieceid":0,"entry":true,"entryicon":"rukou_binglei","candidate_entry":"1001|50;1002|50;1003|50;1004|50;1005|50;2001|10;2002|10;2003|10;2004|10;2005|10"},
	{
	"x":2,"y":3,"dir":1,"pieceid":1002},
	{
	"x":2,"y":7,"dir":1,"pieceid":0},
	{
	"x":3,"y":3,"dir":1,"pieceid":0},
	{
	"x":3,"y":7,"dir":1,"pieceid":0},
	{
	"x":4,"y":3,"dir":1,"pieceid":1002},
	{
	"x":4,"y":7,"dir":1,"pieceid":0},
	{
	"x":5,"y":3,"dir":1,"pieceid":1002},
	{
	"x":5,"y":7,"dir":1,"pieceid":0},
	{
	"x":6,"y":3,"dir":1,"pieceid":0},
	{
	"x":6,"y":7,"dir":1,"pieceid":0},
	{
	"x":7,"y":3,"dir":1,"pieceid":0},
	{
	"x":7,"y":7,"dir":1,"pieceid":0},
	{
	"x":8,"y":3,"dir":1,"pieceid":0,"exit":true},
	{
	"x":8,"y":7,"dir":1,"pieceid":0,"exit":true}]
	}}