{
	"level":289,
	"goals":[
	{
	"type":1,"id":1001,"num":50},
	{
	"type":1,"id":1003,"num":50}]
	,
"steps":26,
"showWindTime":10,
"description":"dialog001",
"flag":[
	"难度，待定"]
	,
"guide":[
	"新手引导，待定"]
	,
"board":{
	
"width":9,
"height":11,
"picieDefult":"1001|100;1002|100;1003|100;1004|100;1005|100",
"entryDefult":"1001|100;1002|100;1003|100;1004|100;1005|100",
"screens":[
	{
	"id":1,"lefttop":[
	0,0]
	,"rightbottom":[
	8,10]
	,
	"goals":[
	{
	"id":111,"num":63,"type":3},
	{
	"id":10051,"num":12,"type":1}]
	}]
	,

"grid":[
	{
	"x":0,"y":0,"dir":2,"pieceid":0,"entry":true},
	{
	"x":1,"y":0,"dir":2,"pieceid":0,"entry":true},
	{
	"x":2,"y":0,"dir":2,"pieceid":0,"entry":true},
	{
	"x":3,"y":0,"dir":2,"pieceid":1001,"entry":true},
	{
	"x":4,"y":0,"dir":2,"pieceid":0,"entry":true},
	{
	"x":5,"y":0,"dir":2,"pieceid":0,"entry":true},
	{
	"x":6,"y":0,"dir":2,"pieceid":0,"entry":true},
	{
	"x":7,"y":0,"dir":2,"pieceid":0,"entry":true},
	{
	"x":8,"y":0,"dir":2,"pieceid":0,"entry":true},
	{
	"x":0,"y":1,"dir":2,"pieceid":0,"gateto":[
	0,3]
	},
	{
	"x":1,"y":1,"dir":2,"pieceid":0,"gateto":[
	1,3]
	},
	{
	"x":2,"y":1,"dir":2,"pieceid":0},
	{
	"x":3,"y":1,"dir":2,"pieceid":0},
	{
	"x":4,"y":1,"dir":2,"pieceid":1001},
	{
	"x":5,"y":1,"dir":2,"pieceid":0},
	{
	"x":6,"y":1,"dir":2,"pieceid":0},
	{
	"x":7,"y":1,"dir":2,"pieceid":0,"gateto":[
	7,3]
	},
	{
	"x":8,"y":1,"dir":2,"pieceid":0,"gateto":[
	8,3]
	},
	{
	"x":2,"y":2,"dir":2,"pieceid":0,"cover":[{"id":10001,"hp":1}]
	},
	{
	"x":3,"y":2,"dir":2,"pieceid":1001,"cover":[{"id":10001,"hp":1}]
	},
	{
	"x":5,"y":2,"dir":2,"pieceid":0,"cover":[{"id":10001,"hp":1}]
	},
	{
	"x":6,"y":2,"dir":2,"pieceid":0,"cover":[{"id":10001,"hp":1}]
	},
	{
	"x":1,"y":3,"dir":2,"pieceid":0,"floor":{"id":111,"hp":1},
	"cover":[{"id":10051,"hp":2}]
	,"gatefrom":[
	1,1]
	},
	{
	"x":2,"y":3,"dir":2,"pieceid":0,"floor":{"id":111,"hp":1}},
	{
	"x":3,"y":3,"dir":2,"pieceid":0,"floor":{"id":111,"hp":1}},
	{
	"x":4,"y":3,"dir":2,"pieceid":0,"floor":{"id":111,"hp":1}},
	{
	"x":5,"y":3,"dir":2,"pieceid":0,"floor":{"id":111,"hp":1}},
	{
	"x":6,"y":3,"dir":2,"pieceid":0,"floor":{"id":111,"hp":1}},
	{
	"x":7,"y":3,"dir":2,"pieceid":0,"floor":{"id":111,"hp":1},
	"cover":[{"id":10051,"hp":2}]
	,"gatefrom":[
	7,1]
	},
	{
	"x":0,"y":4,"dir":2,"pieceid":0,"floor":{"id":111,"hp":1},
	"cover":[{"id":10051,"hp":2}]
	},
	{
	"x":1,"y":4,"dir":2,"pieceid":0,"floor":{"id":111,"hp":1}},
	{
	"x":2,"y":4,"dir":2,"pieceid":0,"floor":{"id":111,"hp":1},
	"cover":[{"id":10051,"hp":2}]
	},
	{
	"x":3,"y":4,"dir":2,"pieceid":0,"floor":{"id":111,"hp":1}},
	{
	"x":4,"y":4,"dir":2,"pieceid":0,"floor":{"id":111,"hp":1}},
	{
	"x":5,"y":4,"dir":2,"pieceid":0,"floor":{"id":111,"hp":1}},
	{
	"x":6,"y":4,"dir":2,"pieceid":0,"floor":{"id":111,"hp":1},
	"cover":[{"id":10051,"hp":2}]
	},
	{
	"x":7,"y":4,"dir":2,"pieceid":0,"floor":{"id":111,"hp":1}},
	{
	"x":8,"y":4,"dir":2,"pieceid":0,"floor":{"id":111,"hp":1},
	"cover":[{"id":10051,"hp":2}]
	},
	{
	"x":0,"y":5,"dir":2,"pieceid":0,"floor":{"id":111,"hp":1}},
	{
	"x":1,"y":5,"dir":2,"pieceid":0,"floor":{"id":111,"hp":1},
	"cover":[{"id":10051,"hp":3}]
	},
	{
	"x":2,"y":5,"dir":2,"pieceid":0,"floor":{"id":111,"hp":1}},
	{
	"x":3,"y":5,"dir":2,"pieceid":0,"floor":{"id":111,"hp":1}},
	{
	"x":4,"y":5,"dir":2,"pieceid":0,"floor":{"id":111,"hp":1}},
	{
	"x":5,"y":5,"dir":2,"pieceid":0,"floor":{"id":111,"hp":1}},
	{
	"x":6,"y":5,"dir":2,"pieceid":0,"floor":{"id":111,"hp":1}},
	{
	"x":7,"y":5,"dir":2,"pieceid":0,"floor":{"id":111,"hp":1},
	"cover":[{"id":10051,"hp":3}]
	},
	{
	"x":8,"y":5,"dir":2,"pieceid":0,"floor":{"id":111,"hp":1}},
	{
	"x":0,"y":6,"dir":2,"pieceid":0,"floor":{"id":111,"hp":1},
	"cover":[{"id":10051,"hp":3}]
	,"gateto":[
	0,8]
	},
	{
	"x":1,"y":6,"dir":2,"pieceid":0,"floor":{"id":111,"hp":1},
	"gateto":[
	1,8]
	},
	{
	"x":2,"y":6,"dir":2,"pieceid":0,"floor":{"id":111,"hp":1},
	"cover":[{"id":10051,"hp":3}]
	,"gateto":[
	2,8]
	},
	{
	"x":3,"y":6,"dir":2,"pieceid":0,"floor":{"id":111,"hp":1},
	"gateto":[
	3,8]
	},
	{
	"x":4,"y":6,"dir":2,"pieceid":0,"floor":{"id":111,"hp":1},
	"gateto":[
	4,8]
	},
	{
	"x":5,"y":6,"dir":2,"pieceid":0,"floor":{"id":111,"hp":1},
	"gateto":[
	5,8]
	},
	{
	"x":6,"y":6,"dir":2,"pieceid":0,"floor":{"id":111,"hp":1},
	"cover":[{"id":10051,"hp":3}]
	,"gateto":[
	6,8]
	},
	{
	"x":7,"y":6,"dir":2,"pieceid":0,"floor":{"id":111,"hp":1},
	"gateto":[
	7,8]
	},
	{
	"x":8,"y":6,"dir":2,"pieceid":0,"floor":{"id":111,"hp":1},
	"cover":[{"id":10051,"hp":3}]
	,"gateto":[
	8,8]
	},
	{
	"x":2,"y":8,"dir":2,"pieceid":0,"floor":{"id":111,"hp":1},
	"gatefrom":[
	2,6]
	},
	{
	"x":3,"y":8,"dir":2,"pieceid":0,"floor":{"id":111,"hp":1},
	"gatefrom":[
	3,6]
	},
	{
	"x":4,"y":8,"dir":2,"pieceid":0,"floor":{"id":111,"hp":1},
	"gatefrom":[
	4,6]
	},
	{
	"x":5,"y":8,"dir":2,"pieceid":0,"floor":{"id":111,"hp":1},
	"gatefrom":[
	5,6]
	},
	{
	"x":6,"y":8,"dir":2,"pieceid":0,"floor":{"id":111,"hp":1},
	"gatefrom":[
	6,6]
	},
	{
	"x":3,"y":9,"dir":2,"pieceid":0,"floor":{"id":111,"hp":1},
	"cover":[{"id":10031,"hp":2}]
	},
	{
	"x":4,"y":9,"dir":2,"pieceid":0,"floor":{"id":111,"hp":1},
	"cover":[{"id":10031,"hp":2}]
	},
	{
	"x":5,"y":9,"dir":2,"pieceid":0,"floor":{"id":111,"hp":1},
	"cover":[{"id":10031,"hp":2}]
	},
	{
	"x":4,"y":10,"dir":2,"pieceid":0,"floor":{"id":111,"hp":1},
	"cover":[{"id":10031,"hp":3}]
	},
	{
	"x":0,"y":3,"dir":2,"pieceid":0,"floor":{"id":111,"hp":1},
	"gatefrom":[
	0,1]
	},
	{
	"x":0,"y":8,"dir":2,"pieceid":0,"floor":{"id":111,"hp":1},
	"gatefrom":[
	0,6]
	},
	{
	"x":0,"y":9,"dir":2,"pieceid":0,"floor":{"id":111,"hp":1},
	"cover":[{"id":10031,"hp":2}]
	},
	{
	"x":0,"y":10,"dir":2,"pieceid":0,"floor":{"id":111,"hp":1},
	"cover":[{"id":10031,"hp":3}]
	},
	{
	"x":1,"y":8,"dir":2,"pieceid":0,"floor":{"id":111,"hp":1},
	"gatefrom":[
	1,6]
	},
	{
	"x":1,"y":9,"dir":2,"pieceid":0,"floor":{"id":111,"hp":1},
	"cover":[{"id":10031,"hp":2}]
	},
	{
	"x":1,"y":10,"dir":2,"pieceid":0,"floor":{"id":111,"hp":1},
	"cover":[{"id":10031,"hp":3}]
	},
	{
	"x":2,"y":9,"dir":2,"pieceid":0,"floor":{"id":111,"hp":1},
	"cover":[{"id":10031,"hp":2}]
	},
	{
	"x":2,"y":10,"dir":2,"pieceid":0,"floor":{"id":111,"hp":1},
	"cover":[{"id":10031,"hp":3}]
	},
	{
	"x":3,"y":10,"dir":2,"pieceid":0,"floor":{"id":111,"hp":1},
	"cover":[{"id":10031,"hp":3}]
	},
	{
	"x":4,"y":2,"dir":2,"pieceid":1001,"cover":[{"id":10001,"hp":1}]
	},
	{
	"x":5,"y":10,"dir":2,"pieceid":0,"floor":{"id":111,"hp":1},
	"cover":[{"id":10031,"hp":3}]
	},
	{
	"x":6,"y":9,"dir":2,"pieceid":0,"floor":{"id":111,"hp":1},
	"cover":[{"id":10031,"hp":2}]
	},
	{
	"x":6,"y":10,"dir":2,"pieceid":0,"floor":{"id":111,"hp":1},
	"cover":[{"id":10031,"hp":3}]
	},
	{
	"x":7,"y":8,"dir":2,"pieceid":0,"floor":{"id":111,"hp":1},
	"gatefrom":[
	7,6]
	},
	{
	"x":7,"y":9,"dir":2,"pieceid":0,"floor":{"id":111,"hp":1},
	"cover":[{"id":10031,"hp":2}]
	},
	{
	"x":7,"y":10,"dir":2,"pieceid":0,"floor":{"id":111,"hp":1},
	"cover":[{"id":10031,"hp":3}]
	},
	{
	"x":8,"y":3,"dir":2,"pieceid":0,"floor":{"id":111,"hp":1},
	"gatefrom":[
	8,1]
	},
	{
	"x":8,"y":8,"dir":2,"pieceid":0,"floor":{"id":111,"hp":1},
	"gatefrom":[
	8,6]
	},
	{
	"x":8,"y":9,"dir":2,"pieceid":0,"floor":{"id":111,"hp":1},
	"cover":[{"id":10031,"hp":2}]
	},
	{
	"x":8,"y":10,"dir":2,"pieceid":0,"floor":{"id":111,"hp":1},
	"cover":[{"id":10031,"hp":3}]
	}]
	}}