{
	"level":3,
	"goals":[
	{
	"type":1,"id":1001,"num":20},
	{
	"type":1,"id":1003,"num":20}]
	,
"steps":23,
"description":"dialog001",
"flag":[
	"难度，待定"]
	,
"guide":[
	{
	"desc":"[560808]将[d10000]L型5个棋子[560808]连一起，\n看看会发生什么[-]","icon":"npc_icon_001","pos":[
	{
	"x":2,"y":1},
	{
	"x":2,"y":2},
	{
	"x":2,"y":3},
	{
	"x":1,"y":3},
	{	"x":3,"y":3},
	{
	"x":4,"y":3}]
	,"move":{
	"g1X":1,"g1Y":3,"g2X":2,"g2Y":3}},
	{
	"desc":"[560808]哇，一个炸弹！与相邻棋子交换\n引爆他，试试它的威力吧！[-]","icon":"npc_icon_001","pos":[
	{	"x":3,"y":3},
	{	"x":2,"y":3}
	]
	,"move":{
	"g1X":2,"g1Y":3,"g2X":3,"g2Y":3}},
	{
	"desc":"[560808]再试试[d10000]T形状[560808]的合成\n吧，也可以制造炸弹哦[-]","icon":"npc_icon_001","pos":[
	{
	"x":6,"y":6},
	{
	"x":6,"y":7},
	{
	"x":6,"y":8},
	{
	"x":4,"y":7},
	{
	"x":5,"y":7},
	{
	"x":7,"y":7}]
	,"move":{
	"g1X":7,"g1Y":7,"g2X":6,"g2Y":7}},
	{
	"desc":"[d10000]双击[560808]引爆炸弹试试吧！[-]","icon":"npc_icon_001","pos":[
	{
	"x":6,"y":8},
	{
	"x":6,"y":8}]
	,"move":{
	"g1X":6,"g1Y":8,"g2X":6,"g2Y":8}},
	{
		"descEnd":"太棒了，试着合成更多炸弹，来通过这一关挑战吧！"
	}	
	
	]
	,
"board":{
	
"width":9,
"height":11,
"picieDefult":"1001|100;1002|100;1003|100;1004|100;1005|100",
"entryDefult":"1001|100;1002|100;1003|100;1004|100;1005|100",
"screens":[
	{
	"id":1,"lefttop":[
	1,1]
	,"rightbottom":[
	7,9]
	,
	"goals":[
	{
	"type":1,"id":1001,"num":22},
	{
	"type":1,"id":1003,"num":22,"desc":"[560808]消除指定棋子可完成任务哦[-]"}]
	}]
	,

"grid":[
	{
	"x":2,"y":1,"dir":2,"entry":true,"pieceid":1005},
	{
	"x":3,"y":1,"dir":2,"entry":true,"pieceid":1003},
	{
	"x":4,"y":1,"dir":2,"entry":true,"pieceid":1004},
	{
	"x":5,"y":1,"dir":2,"entry":true,"pieceid":0},
	{
	"x":6,"y":1,"dir":2,"entry":true,"pieceid":0},
	{
	"x":1,"y":2,"dir":2,"entry":true,"pieceid":1004},
	{
	"x":2,"y":2,"dir":2,"pieceid":1005},
	{
	"x":3,"y":2,"dir":2,"pieceid":1001},
	{
	"x":4,"y":2,"dir":2,"pieceid":1001},
	{
	"x":5,"y":2,"dir":2,"pieceid":0},
	{
	"x":6,"y":2,"dir":2,"pieceid":0},
	{
	"x":7,"y":2,"dir":2,"entry":true,"pieceid":0},
	{
	"x":1,"y":3,"dir":2,"pieceid":1005},
	{
	"x":2,"y":3,"dir":2,"pieceid":1004},
	{
	"x":3,"y":3,"dir":2,"pieceid":1005},
	{
	"x":4,"y":3,"dir":2,"pieceid":1005},
	{
	"x":5,"y":3,"dir":2,"pieceid":1002},
	{
	"x":6,"y":3,"dir":2,"pieceid":0},
	{
	"x":7,"y":3,"dir":2,"pieceid":0},
	{
	"x":1,"y":4,"dir":2,"pieceid":1003},
	{
	"x":2,"y":4,"dir":2,"pieceid":1002},
	{
	"x":3,"y":4,"dir":2,"pieceid":1002},
	{
	"x":4,"y":4,"dir":2,"pieceid":1003},
	{
	"x":5,"y":4,"dir":2,"pieceid":1005},
	{
	"x":6,"y":4,"dir":2,"pieceid":0},
	{
	"x":7,"y":4,"dir":2,"pieceid":0},
	{
	"x":1,"y":5,"dir":2,"pieceid":1001},
	{
	"x":2,"y":5,"dir":2,"pieceid":1003},
	{
	"x":3,"y":5,"dir":2,"pieceid":1004},
	{
	"x":4,"y":5,"dir":2,"pieceid":1004},
	{
	"x":5,"y":5,"dir":2,"pieceid":0},
	{
	"x":6,"y":5,"dir":2,"pieceid":1001},
	{
	"x":7,"y":5,"dir":2,"pieceid":0},
	{
	"x":1,"y":6,"dir":2,"pieceid":0},
	{
	"x":2,"y":6,"dir":2,"pieceid":1002},
	{
	"x":3,"y":6,"dir":2,"pieceid":1001},
	{
	"x":4,"y":6,"dir":2,"pieceid":1001},
	{
	"x":5,"y":6,"dir":2,"pieceid":1003},
	{
	"x":6,"y":6,"dir":2,"pieceid":1002},
	{
	"x":7,"y":6,"dir":2,"pieceid":1004},
	{
	"x":1,"y":7,"dir":2,"pieceid":0},
	{
	"x":2,"y":7,"dir":2,"pieceid":0},
	{
	"x":3,"y":7,"dir":2,"pieceid":1005},
	{
	"x":4,"y":7,"dir":2,"pieceid":1002},
	{
	"x":5,"y":7,"dir":2,"pieceid":1002},
	{
	"x":6,"y":7,"dir":2,"pieceid":1004},
	{
	"x":7,"y":7,"dir":2,"pieceid":1002},
	{
	"x":1,"y":8,"dir":2,"pieceid":0},
	{
	"x":2,"y":8,"dir":2,"pieceid":0},
	{
	"x":3,"y":8,"dir":2,"pieceid":0},
	{
	"x":4,"y":8,"dir":2,"pieceid":1003},
	{
	"x":5,"y":8,"dir":2,"pieceid":1005},
	{
	"x":6,"y":8,"dir":2,"pieceid":1002},
	{
	"x":7,"y":8,"dir":2,"pieceid":1003},
	{
	"x":2,"y":9,"dir":2,"pieceid":0},
	{
	"x":3,"y":9,"dir":2,"pieceid":0},
	{
	"x":4,"y":9,"dir":2,"pieceid":0},
	{
	"x":5,"y":9,"dir":2,"pieceid":0},
	{
	"x":6,"y":9,"dir":2,"pieceid":1001}]
	}}