{
	"level":302,
"steps":30,
"showWindTime":10,
"description":"dialog001",
"flag":[
	"难度，待定"]
	,
"guide":[
	"新手引导，待定"]
	,
"board":{
	
"width":9,
"height":11,
"picieDefult":"1001|100;1002|100;1003|100;1004|100;1005|100;1006|100",
"entryDefult":"1001|100;1002|100;1003|100;1004|100;1005|100;1006|100",
"screens":[
	{
	"id":1,"lefttop":[
	0,0]
	,"rightbottom":[
	8,10]
	,
	"goals":[
	{
	"id":101,"num":67,"type":2},
	{
	"id":10101,"num":4,"type":1}]
	}]
	,

"grid":[
	{
	"x":0,"y":0,"dir":2,"pieceid":0,"cover":[{"id":10101,"hp":2}]
	,"floor":{"id":101,"hp":1},
	"gatefrom":[
	2,8]
	},
	{
	"x":2,"y":0,"dir":3,"pieceid":0,"cover":[{"id":10031,"hp":2}]
	},
	{
	"x":3,"y":0,"dir":3,"pieceid":0,"cover":[{"id":10031,"hp":2}]
	},
	{
	"x":4,"y":0,"dir":3,"pieceid":0,"cover":[{"id":10041,"hp":2}]
	,"gift":[
	{
	"id":1121,"num":1}]
	},
	{
	"x":5,"y":0,"dir":3,"pieceid":0,"cover":[{"id":10031,"hp":2}]
	},
	{
	"x":6,"y":0,"dir":3,"pieceid":0,"cover":[{"id":10031,"hp":2}]
	},
	{
	"x":7,"y":0,"dir":3,"pieceid":0},
	{
	"x":8,"y":0,"dir":3,"pieceid":0,"cover":[{"id":10101,"hp":2}]
	,"floor":{"id":101,"hp":1},
	"gatefrom":[
	3,8]
	},
	{
	"x":0,"y":1,"dir":2,"pieceid":0},
	{
	"x":0,"y":2,"dir":2,"pieceid":0},
	{
	"x":2,"y":2,"dir":2,"pieceid":0,"entry":true},
	{
	"x":3,"y":2,"dir":2,"pieceid":0,"entry":true},
	{
	"x":4,"y":2,"dir":2,"pieceid":0,"entry":true},
	{
	"x":5,"y":2,"dir":2,"pieceid":0,"entry":true},
	{
	"x":6,"y":2,"dir":2,"pieceid":0,"entry":true},
	{
	"x":8,"y":2,"dir":4,"pieceid":0},
	{
	"x":0,"y":3,"dir":2,"pieceid":0,"cover":[{"id":10031,"hp":2}]
	},
	{
	"x":2,"y":3,"dir":2,"pieceid":0},
	{
	"x":3,"y":3,"dir":2,"pieceid":0},
	{
	"x":4,"y":3,"dir":2,"pieceid":0},
	{
	"x":5,"y":3,"dir":2,"pieceid":0},
	{
	"x":6,"y":3,"dir":2,"pieceid":0},
	{
	"x":8,"y":3,"dir":4,"pieceid":0,"cover":[{"id":10031,"hp":2}]
	},
	{
	"x":0,"y":4,"dir":2,"pieceid":0,"cover":[{"id":10031,"hp":2}]
	},
	{
	"x":2,"y":4,"dir":2,"pieceid":0},
	{
	"x":3,"y":4,"dir":2,"pieceid":1002},
	{
	"x":5,"y":4,"dir":2,"pieceid":0},
	{
	"x":6,"y":4,"dir":2,"pieceid":0},
	{
	"x":8,"y":4,"dir":4,"pieceid":0,"cover":[{"id":10031,"hp":2}]
	},
	{
	"x":0,"y":5,"dir":2,"pieceid":0,"cover":[{"id":10041,"hp":2}]
	,"gift":[
	{
	"id":1121,"num":1}]
	},
	{
	"x":2,"y":5,"dir":2,"pieceid":0},
	{
	"x":6,"y":5,"dir":2,"pieceid":0},
	{
	"x":8,"y":5,"dir":4,"pieceid":0,"cover":[{"id":10041,"hp":2}]
	,"gift":[
	{
	"id":1101,"num":1}]
	},
	{
	"x":0,"y":6,"dir":2,"pieceid":0,"cover":[{"id":10031,"hp":2}]
	},
	{
	"x":2,"y":6,"dir":2,"pieceid":0,"cover":[{"id":10001,"hp":1}]
	},
	{
	"x":3,"y":6,"dir":2,"pieceid":1002,"cover":[{"id":10001,"hp":1}]
	},
	{
	"x":5,"y":6,"dir":2,"pieceid":0,"cover":[{"id":10001,"hp":1}]
	},
	{
	"x":6,"y":6,"dir":2,"pieceid":0,"cover":[{"id":10001,"hp":1}]
	},
	{
	"x":8,"y":6,"dir":4,"pieceid":0,"cover":[{"id":10031,"hp":2}]
	},
	{
	"x":0,"y":7,"dir":2,"pieceid":0,"cover":[{"id":10031,"hp":2}]
	},
	{
	"x":2,"y":7,"dir":2,"pieceid":0,"cover":[{"id":10001,"hp":1}]
	},
	{
	"x":3,"y":7,"dir":2,"pieceid":0,"cover":[{"id":10001,"hp":1}]
	},
	{
	"x":5,"y":7,"dir":2,"pieceid":0,"cover":[{"id":10001,"hp":1}]
	},
	{
	"x":6,"y":7,"dir":2,"pieceid":0,"cover":[{"id":10001,"hp":1}]
	},
	{
	"x":8,"y":7,"dir":4,"pieceid":0,"cover":[{"id":10031,"hp":2}]
	},
	{
	"x":0,"y":8,"dir":2,"pieceid":0},
	{
	"x":2,"y":8,"dir":2,"pieceid":0,"gateto":[
	0,0]
	,"cover":[{"id":10001,"hp":1}]
	},
	{
	"x":3,"y":8,"dir":2,"pieceid":0,"gateto":[
	8,0]
	,"cover":[{"id":10001,"hp":1}]
	},
	{
	"x":5,"y":8,"dir":2,"pieceid":0,"gateto":[
	0,10]
	,"cover":[{"id":10001,"hp":1}]
	},
	{
	"x":6,"y":8,"dir":2,"pieceid":0,"gateto":[
	8,10]
	,"cover":[{"id":10001,"hp":1}]
	},
	{
	"x":8,"y":8,"dir":4,"pieceid":0},
	{
	"x":8,"y":9,"dir":4,"pieceid":0},
	{
	"x":0,"y":10,"dir":1,"pieceid":0,"cover":[{"id":10101,"hp":2}]
	,"floor":{"id":101,"hp":1},
	"gatefrom":[
	5,8]
	},
	{
	"x":1,"y":10,"dir":1,"pieceid":0},
	{
	"x":2,"y":10,"dir":1,"pieceid":0,"cover":[{"id":10031,"hp":2}]
	},
	{
	"x":3,"y":10,"dir":1,"pieceid":0,"cover":[{"id":10031,"hp":2}]
	},
	{
	"x":5,"y":10,"dir":1,"pieceid":0,"cover":[{"id":10031,"hp":2}]
	},
	{
	"x":6,"y":10,"dir":1,"pieceid":0,"cover":[{"id":10031,"hp":2}]
	},
	{
	"x":8,"y":10,"dir":4,"pieceid":0,"cover":[{"id":10101,"hp":2}]
	,"floor":{"id":101,"hp":1},
	"gatefrom":[
	6,8]
	},
	{
	"x":3,"y":5,"dir":2,"pieceid":0},
	{
	"x":5,"y":5,"dir":2,"pieceid":0},
	{
	"x":4,"y":4,"dir":2,"pieceid":0},
	{
	"x":4,"y":5,"dir":2,"pieceid":1002},
	{
	"x":4,"y":6,"dir":2,"pieceid":1002,"cover":[{"id":10001,"hp":1}]
	},
	{
	"x":4,"y":7,"dir":2,"pieceid":0,"cover":[{"id":10001,"hp":1}]
	},
	{
	"x":4,"y":8,"dir":2,"pieceid":0,"cover":[{"id":10001,"hp":1}]
	},
	{
	"x":4,"y":10,"dir":1,"pieceid":0,"cover":[{"id":10041,"hp":2}]
	,"gift":[
	{
	"id":1101,"num":1}]
	}]
	}}