{
	"level":305,
"steps":30,
"description":"dialog001",
"flag":[
	"难度，待定"]
	,
"guide":[
	"新手引导，待定"]
	,
"board":{
	
"width":18,
"height":11,
"picieDefult":"1001|100;1002|100;1003|100;1004|100;1005|100",
"entryDefult":"1001|100;1002|100;1003|100;1004|100;1005|100",
"screens":[
	{
	"id":1,"lefttop":[
	0,0]
	,"rightbottom":[
	8,10]
	,
	"goals":[
	{
	"id":101,"num":78,"type":2},
	{
	"id":11002,"num":24,"type":1}]
	},
	{
	"id":2,"lefttop":[
	9,0]
	,"rightbottom":[
	17,10]
	,
	"goals":[
	{
	"id":101,"num":78,"type":2},
	{
	"id":11002,"num":24,"type":1}]
	}]
	,

"grid":[
	{
	"x":0,"y":0,"dir":2,"pieceid":1002,"entry":true},
	{
	"x":1,"y":0,"dir":2,"pieceid":0,"entry":true,"paddle":{
	"id":11003,"hp":1,"direction":[
	1,2]
	}},
	{
	"x":2,"y":0,"dir":2,"pieceid":0,"entry":true,"paddle":{
	"id":11003,"hp":1,"direction":[
	1]
	}},
	{
	"x":3,"y":0,"dir":2,"pieceid":0,"entry":true},
	{
	"x":14,"y":0,"dir":2,"pieceid":0,"entry":true,"paddle":{
	"id":11003,"hp":1,"direction":[
	1]
	}},
	{
	"x":15,"y":0,"dir":2,"pieceid":1001,"entry":true,"paddle":{
	"id":11003,"hp":1,"direction":[
	1]
	}},
	{
	"x":16,"y":0,"dir":2,"pieceid":1002,"entry":true,"paddle":{
	"id":11003,"hp":1,"direction":[
	2]
	}},
	{
	"x":17,"y":0,"dir":2,"pieceid":0,"entry":true},
	{
	"x":0,"y":1,"dir":2,"pieceid":1002,"paddle":{
	"id":11003,"hp":1,"direction":[
	1,2]
	}},
	{
	"x":1,"y":1,"dir":2,"pieceid":1001},
	{
	"x":2,"y":1,"dir":2,"pieceid":0,"paddle":{
	"id":11003,"hp":1,"direction":[
	1]
	}},
	{
	"x":3,"y":1,"dir":2,"pieceid":1001},
	{
	"x":0,"y":2,"dir":2,"pieceid":0},
	{
	"x":1,"y":2,"dir":2,"pieceid":1002},
	{
	"x":2,"y":2,"dir":2,"pieceid":1001,"paddle":{
	"id":11003,"hp":1,"direction":[
	1,2]
	}},
	{
	"x":3,"y":2,"dir":2,"pieceid":1001,"cover":[{"id":10001,"hp":1}]
	},
	{
	"x":4,"y":2,"dir":2,"pieceid":0,"entry":true,"cover":[{"id":10001,"hp":1}]
	},
	{
	"x":5,"y":2,"dir":2,"pieceid":0,"entry":true,"cover":[{"id":10001,"hp":1}]
	,"floor":{"id":101,"hp":1}},
	{
	"x":6,"y":2,"dir":2,"pieceid":0,"entry":true,"cover":[{"id":10001,"hp":1}]
	,"floor":{"id":101,"hp":1}},
	{
	"x":0,"y":3,"dir":2,"pieceid":1002,"paddle":{
	"id":11003,"hp":1,"direction":[
	2]
	}},
	{
	"x":1,"y":3,"dir":2,"pieceid":0,"paddle":{
	"id":11003,"hp":1,"direction":[
	1,2]
	}},
	{
	"x":2,"y":3,"dir":2},
	{
	"x":3,"y":3,"dir":2},
	{
	"x":4,"y":3,"dir":2,"paddle":{
	"id":11003,"hp":1,"direction":[
	1]
	}},
	{
	"x":5,"y":3,"dir":2,"floor":{"id":101,"hp":1}},
	{
	"x":6,"y":3,"dir":2,"paddle":{
	"id":11003,"hp":1,"direction":[
	1]
	},
	"floor":{"id":101,"hp":1}},
	{
	"x":7,"y":3,"dir":2,"pieceid":0,"entry":true,"cover":[{"id":10001,"hp":1}]
	},
	{
	"x":8,"y":3,"dir":2,"pieceid":0,"entry":true,"cover":[{"id":10001,"hp":1}]
	},
	{
	"x":0,"y":4,"dir":2},
	{
	"x":1,"y":4,"dir":2},
	{
	"x":2,"y":4,"dir":2},
	{
	"x":3,"y":4,"dir":2,"paddle":{
	"id":11003,"hp":1,"direction":[
	2]
	}},
	{
	"x":4,"y":4,"dir":2,"paddle":{
	"id":11003,"hp":1,"direction":[
	1,2]
	}},
	{
	"x":5,"y":4,"dir":2,"floor":{"id":101,"hp":1}},
	{
	"x":6,"y":4,"dir":2,"paddle":{
	"id":11003,"hp":1,"direction":[
	1]
	},
	"floor":{"id":101,"hp":1}},
	{
	"x":7,"y":4,"dir":2},
	{
	"x":8,"y":4,"dir":2},
	{
	"x":0,"y":5,"dir":2},
	{
	"x":1,"y":5,"dir":2},
	{
	"x":2,"y":5,"dir":2,"paddle":{
	"id":11003,"hp":1,"direction":[
	1]
	}},
	{
	"x":3,"y":5,"dir":2,"floor":{"id":101,"hp":1}},
	{
	"x":4,"y":5,"dir":2,"floor":{"id":101,"hp":1}},
	{
	"x":5,"y":5,"dir":2,"floor":{"id":101,"hp":1}},
	{
	"x":6,"y":5,"dir":2,"paddle":{
	"id":11003,"hp":1,"direction":[
	1]
	},
	"floor":{"id":101,"hp":1}},
	{
	"x":7,"y":5,"dir":2},
	{
	"x":8,"y":5,"dir":2},
	{
	"x":0,"y":6,"dir":2},
	{
	"x":1,"y":6,"dir":2,"cover":[{"id":11002,"hp":8,"covertype":1}]
	,"floor":{"id":101,"hp":1}},
	{
	"x":2,"y":6,"dir":2,"cover":[{"id":11002,"hp":8,"covertype":1}]
	,"floor":{"id":101,"hp":1}},
	{
	"x":3,"y":6,"dir":2,"floor":{"id":101,"hp":1}},
	{
	"x":4,"y":6,"dir":2,"paddle":{
	"id":11003,"hp":1,"direction":[
	2]
	},
	"floor":{"id":101,"hp":1}},
	{
	"x":5,"y":6,"dir":2,"paddle":{
	"id":11003,"hp":1,"direction":[
	2]
	},
	"floor":{"id":101,"hp":1}},
	{
	"x":6,"y":6,"dir":2,"paddle":{
	"id":11003,"hp":1,"direction":[
	1,2]
	},
	"floor":{"id":101,"hp":1}},
	{
	"x":7,"y":6,"dir":2},
	{
	"x":8,"y":6,"dir":2},
	{
	"x":0,"y":7,"dir":2},
	{
	"x":1,"y":7,"dir":2,"pieceid":0,"cover":[{"id":11002,"hp":8,"covertype":1}]
	,"floor":{"id":101,"hp":1}},
	{
	"x":2,"y":7,"dir":2,"cover":[{"id":11002,"hp":8,"covertype":1}]
	,"floor":{"id":101,"hp":1}},
	{
	"x":3,"y":7,"dir":2,"paddle":{
	"id":11003,"hp":1,"direction":[
	1]
	},
	"floor":{"id":101,"hp":1}},
	{
	"x":4,"y":7,"dir":2},
	{
	"x":5,"y":7,"dir":2},
	{
	"x":6,"y":7,"dir":2},
	{
	"x":7,"y":7,"dir":2},
	{
	"x":8,"y":7,"dir":2},
	{
	"x":2,"y":8,"dir":2,"floor":{"id":101,"hp":1}},
	{
	"x":3,"y":8,"dir":2,"floor":{"id":101,"hp":1}},
	{
	"x":4,"y":8,"dir":2,"cover":[{"id":11002,"hp":8,"covertype":2}]
	,"floor":{"id":101,"hp":1}},
	{
	"x":5,"y":8,"dir":2,"cover":[{"id":11002,"hp":8,"covertype":2}]
	,"floor":{"id":101,"hp":1}},
	{
	"x":6,"y":8,"dir":2,"paddle":{
	"id":11003,"hp":1,"direction":[
	2]
	}},
	{
	"x":7,"y":8,"dir":2},
	{
	"x":8,"y":8,"dir":2},
	{
	"x":2,"y":9,"dir":2,"floor":{"id":101,"hp":1}},
	{
	"x":3,"y":9,"dir":2,"floor":{"id":101,"hp":1}},
	{
	"x":4,"y":9,"dir":2,"pieceid":0,"cover":[{"id":11002,"hp":8,"covertype":2}]
	,"floor":{"id":101,"hp":1}},
	{
	"x":5,"y":9,"dir":2,"cover":[{"id":11002,"hp":8,"covertype":2}]
	,"floor":{"id":101,"hp":1}},
	{
	"x":6,"y":9,"dir":2},
	{
	"x":7,"y":9,"dir":2,"pieceid":0,"cover":[{"id":11002,"hp":8,"covertype":3}]
	,"floor":{"id":101,"hp":1}},
	{
	"x":8,"y":9,"dir":2,"pieceid":0,"cover":[{"id":11002,"hp":8,"covertype":3}]
	,"floor":{"id":101,"hp":1}},
	{
	"x":5,"y":10,"dir":2},
	{
	"x":6,"y":10,"dir":2},
	{
	"x":7,"y":10,"dir":2,"pieceid":0,"cover":[{"id":11002,"hp":8,"covertype":3}]
	,"floor":{"id":101,"hp":1}},
	{
	"x":8,"y":10,"dir":2,"pieceid":0,"cover":[{"id":11002,"hp":8,"covertype":3}]
	,"floor":{"id":101,"hp":1}},
	{
	"x":9,"y":3,"dir":2,"pieceid":0,"entry":true,"cover":[{"id":10001,"hp":1}]
	},
	{
	"x":9,"y":4,"dir":2,"pieceid":1121,"cover":[{"id":10001,"hp":1}]
	},
	{
	"x":9,"y":5,"dir":2,"pieceid":0,"cover":[{"id":10001,"hp":1}]
	},
	{
	"x":9,"y":6,"dir":2,"pieceid":0,"cover":[{"id":10001,"hp":1}]
	},
	{
	"x":9,"y":7,"dir":2,"pieceid":1121,"cover":[{"id":10001,"hp":1}]
	},
	{
	"x":9,"y":8,"dir":2,"pieceid":0,"cover":[{"id":10001,"hp":1}]
	},
	{
	"x":9,"y":9,"dir":2,"pieceid":0,"cover":[{"id":11002,"hp":8,"covertype":4}]
	,"floor":{"id":101,"hp":1}},
	{
	"x":9,"y":10,"dir":2,"pieceid":0,"cover":[{"id":11002,"hp":8,"covertype":4}]
	,"floor":{"id":101,"hp":1}},
	{
	"x":10,"y":3,"dir":2,"pieceid":0,"entry":true,"cover":[{"id":10001,"hp":1}]
	},
	{
	"x":10,"y":4,"dir":2,"paddle":{
	"id":11003,"hp":1,"direction":[
	1]
	}},
	{
	"x":10,"y":5,"dir":2,"paddle":{
	"id":11003,"hp":1,"direction":[
	1]
	}},
	{
	"x":10,"y":6,"dir":2,"paddle":{
	"id":11003,"hp":1,"direction":[
	1]
	}},
	{
	"x":10,"y":7,"dir":2},
	{
	"x":10,"y":8,"dir":2},
	{
	"x":10,"y":9,"dir":2,"cover":[{"id":11002,"hp":8,"covertype":4}]
	,"floor":{"id":101,"hp":1}},
	{
	"x":10,"y":10,"dir":2,"cover":[{"id":11002,"hp":8,"covertype":4}]
	,"floor":{"id":101,"hp":1}},
	{
	"x":11,"y":2,"dir":2,"pieceid":0,"entry":true,"cover":[{"id":10001,"hp":1}]
	,"floor":{"id":101,"hp":1}},
	{
	"x":11,"y":3,"dir":2,"floor":{"id":101,"hp":1}},
	{
	"x":11,"y":4,"dir":2,"floor":{"id":101,"hp":1}},
	{
	"x":11,"y":5,"dir":2,"floor":{"id":101,"hp":1}},
	{
	"x":11,"y":6,"dir":2,"paddle":{
	"id":11003,"hp":1,"direction":[
	2]
	},
	"floor":{"id":101,"hp":1}},
	{
	"x":11,"y":7,"dir":2},
	{
	"x":11,"y":8,"dir":2,"paddle":{
	"id":11003,"hp":1,"direction":[
	2]
	}},
	{
	"x":11,"y":9,"dir":2},
	{
	"x":11,"y":10,"dir":2},
	{
	"x":12,"y":2,"dir":2,"pieceid":1121,"entry":true,"cover":[{"id":10001,"hp":1}]
	,"floor":{"id":101,"hp":1}},
	{
	"x":12,"y":3,"dir":2,"paddle":{
	"id":11003,"hp":1,"direction":[
	1]
	},
	"floor":{"id":101,"hp":1}},
	{
	"x":12,"y":4,"dir":2,"paddle":{
	"id":11003,"hp":1,"direction":[
	1]
	},
	"floor":{"id":101,"hp":1}},
	{
	"x":12,"y":5,"dir":2,"floor":{"id":101,"hp":1}},
	{
	"x":12,"y":6,"dir":2,"paddle":{
	"id":11003,"hp":1,"direction":[
	2]
	},
	"floor":{"id":101,"hp":1}},
	{
	"x":12,"y":7,"dir":2},
	{
	"x":12,"y":8,"dir":2,"cover":[{"id":11002,"hp":8,"covertype":5}]
	,"floor":{"id":101,"hp":1}},
	{
	"x":12,"y":9,"dir":2,"pieceid":0,"cover":[{"id":11002,"hp":8,"covertype":5}]
	,"floor":{"id":101,"hp":1}},
	{
	"x":12,"y":10,"dir":2},
	{
	"x":13,"y":2,"dir":2,"pieceid":0,"entry":true,"cover":[{"id":10001,"hp":1}]
	},
	{
	"x":13,"y":3,"dir":2},
	{
	"x":13,"y":4,"dir":2,"paddle":{
	"id":11003,"hp":1,"direction":[
	2]
	}},
	{
	"x":13,"y":5,"dir":2,"floor":{"id":101,"hp":1}},
	{
	"x":13,"y":6,"dir":2,"paddle":{
	"id":11003,"hp":1,"direction":[
	2]
	},
	"floor":{"id":101,"hp":1}},
	{
	"x":13,"y":7,"dir":2,"paddle":{
	"id":11003,"hp":1,"direction":[
	1]
	}},
	{
	"x":13,"y":8,"dir":2,"cover":[{"id":11002,"hp":8,"covertype":5}]
	,"floor":{"id":101,"hp":1}},
	{
	"x":13,"y":9,"dir":2,"cover":[{"id":11002,"hp":8,"covertype":5}]
	,"floor":{"id":101,"hp":1}},
	{
	"x":14,"y":1,"dir":2,"pieceid":0,"paddle":{
	"id":11003,"hp":1,"direction":[
	1]
	}},
	{
	"x":14,"y":2,"dir":2,"pieceid":0,"paddle":{
	"id":11003,"hp":1,"direction":[
	1]
	},
	"cover":[{"id":10001,"hp":1}]
	},
	{
	"x":14,"y":3,"dir":2},
	{
	"x":14,"y":4,"dir":2,"paddle":{
	"id":11003,"hp":1,"direction":[
	2]
	}},
	{
	"x":14,"y":5,"dir":2,"paddle":{
	"id":11003,"hp":1,"direction":[
	1]
	},
	"floor":{"id":101,"hp":1}},
	{
	"x":14,"y":6,"dir":2,"floor":{"id":101,"hp":1}},
	{
	"x":14,"y":7,"dir":2,"floor":{"id":101,"hp":1}},
	{
	"x":14,"y":8,"dir":2,"floor":{"id":101,"hp":1}},
	{
	"x":14,"y":9,"dir":2,"floor":{"id":101,"hp":1}},
	{
	"x":15,"y":1,"dir":2,"pieceid":0},
	{
	"x":15,"y":2,"dir":2,"pieceid":1002,"paddle":{
	"id":11003,"hp":1,"direction":[
	2]
	}},
	{
	"x":15,"y":3,"dir":2,"paddle":{
	"id":11003,"hp":1,"direction":[
	1]
	}},
	{
	"x":15,"y":4,"dir":2},
	{
	"x":15,"y":5,"dir":2},
	{
	"x":15,"y":6,"dir":2,"cover":[{"id":11002,"hp":8,"covertype":6}]
	,"floor":{"id":101,"hp":1}},
	{
	"x":15,"y":7,"dir":2,"pieceid":0,"cover":[{"id":11002,"hp":8,"covertype":6}]
	,"floor":{"id":101,"hp":1}},
	{
	"x":15,"y":8,"dir":2,"floor":{"id":101,"hp":1}},
	{
	"x":15,"y":9,"dir":2,"floor":{"id":101,"hp":1}},
	{
	"x":16,"y":1,"dir":2,"pieceid":1002,"paddle":{
	"id":11003,"hp":1,"direction":[
	1]
	}},
	{
	"x":16,"y":2,"dir":2,"pieceid":0},
	{
	"x":16,"y":3,"dir":2,"pieceid":1002,"paddle":{
	"id":11003,"hp":1,"direction":[
	2]
	}},
	{
	"x":16,"y":4,"dir":2},
	{
	"x":16,"y":5,"dir":2},
	{
	"x":16,"y":6,"dir":2,"cover":[{"id":11002,"hp":8,"covertype":6}]
	,"floor":{"id":101,"hp":1}},
	{
	"x":16,"y":7,"dir":2,"cover":[{"id":11002,"hp":8,"covertype":6}]
	,"floor":{"id":101,"hp":1}},
	{
	"x":17,"y":1,"dir":2,"pieceid":0,"paddle":{
	"id":11003,"hp":1,"direction":[
	2]
	}},
	{
	"x":17,"y":2,"dir":2,"pieceid":0},
	{
	"x":17,"y":3,"dir":2,"pieceid":0,"paddle":{
	"id":11003,"hp":1,"direction":[
	2]
	}},
	{
	"x":17,"y":4,"dir":2},
	{
	"x":17,"y":5,"dir":2},
	{
	"x":17,"y":6,"dir":2},
	{
	"x":17,"y":7,"dir":2}]
	}}