{
	"level":307,
	"goals":[
	{
	"type":1,"id":1201,"num":3},
	{
	"type":1,"id":1002,"num":50}]
	,
"steps":26,
"showWindTime":10,
"description":"dialog001",
"flag":[
	"难度，待定"]
	,
"guide":[
	"新手引导，待定"]
	,
"board":{
	
"width":9,
"height":11,
"picieDefult":"1001|100;1002|100;1003|100;1004|100;1005|100",
"entryDefult":"1001|100;1002|100;1003|100;1004|100;1005|100",
"screens":[
	{
	"id":1,"lefttop":[
	0,0]
	,"rightbottom":[
	8,10]
	,
	"goals":[
	{
	"type":1,"id":1201,"num":3},
	{
	"id":10071,"num":22,"type":3}]
	}]
	,

"grid":[
	{
	"x":2,"y":0,"dir":2,"pieceid":0,"gatefrom":[
	2,10]
	,"cover":[{"id":10071,"hp":1}]
	},
	{
	"x":3,"y":0,"dir":2,"pieceid":0,"gatefrom":[
	3,10]
	},
	{
	"x":4,"y":0,"dir":2,"pieceid":0,"gatefrom":[
	4,10]
	,"cover":[{"id":10071,"hp":1}]
	},
	{
	"x":5,"y":0,"dir":2,"pieceid":0,"gatefrom":[
	5,10]
	},
	{
	"x":6,"y":0,"dir":2,"pieceid":0,"gatefrom":[
	6,10]
	,"cover":[{"id":10071,"hp":1}]
	},
	{
	"x":1,"y":1,"dir":2,"pieceid":0,"gatefrom":[
	1,9]
	,"cover":[{"id":10071,"hp":1}]
	},
	{
	"x":2,"y":1,"dir":2,"pieceid":0},
	{
	"x":3,"y":1,"dir":2,"pieceid":0,"cover":[{"id":10071,"hp":1}]
	},
	{
	"x":4,"y":1,"dir":2,"pieceid":0},
	{
	"x":5,"y":1,"dir":2,"pieceid":0,"cover":[{"id":10071,"hp":1}]
	},
	{
	"x":6,"y":1,"dir":2,"pieceid":0},
	{
	"x":7,"y":1,"dir":2,"pieceid":0,"gatefrom":[
	7,9]
	,"cover":[{"id":10071,"hp":1}]
	},
	{
	"x":1,"y":2,"dir":2,"pieceid":0},
	{
	"x":2,"y":2,"dir":2,"pieceid":0,"cover":[{"id":10071,"hp":1}]
	},
	{
	"x":3,"y":2,"dir":2,"pieceid":0},
	{
	"x":4,"y":2,"dir":2,"pieceid":0,"cover":[{"id":10071,"hp":1}]
	},
	{
	"x":5,"y":2,"dir":2,"pieceid":0},
	{
	"x":6,"y":2,"dir":2,"pieceid":0,"cover":[{"id":10071,"hp":1}]
	},
	{
	"x":7,"y":2,"dir":2,"pieceid":0},
	{
	"x":0,"y":5,"dir":2,"pieceid":0,"entry":true},
	{
	"x":1,"y":5,"dir":2,"pieceid":1201,"entry":true},
	{
	"x":2,"y":5,"dir":2,"pieceid":0,"entry":true},
	{
	"x":3,"y":5,"dir":2,"pieceid":0,"entry":true},
	{
	"x":4,"y":5,"dir":2,"pieceid":1201,"entry":true},
	{
	"x":5,"y":5,"dir":2,"pieceid":0,"entry":true},
	{
	"x":6,"y":5,"dir":2,"pieceid":0,"entry":true},
	{
	"x":7,"y":5,"dir":2,"pieceid":1201,"entry":true},
	{
	"x":0,"y":6,"dir":2,"pieceid":0},
	{
	"x":1,"y":6,"dir":2,"pieceid":0},
	{
	"x":2,"y":6,"dir":2,"pieceid":0},
	{
	"x":3,"y":6,"dir":2,"pieceid":0},
	{
	"x":4,"y":6,"dir":2,"pieceid":0},
	{
	"x":5,"y":6,"dir":2,"pieceid":0},
	{
	"x":6,"y":6,"dir":2,"pieceid":0},
	{
	"x":7,"y":6,"dir":2,"pieceid":0},
	{
	"x":0,"y":8,"dir":2,"pieceid":0,"gateto":[
	0,2]
	},
	{
	"x":1,"y":8,"dir":2,"pieceid":0},
	{
	"x":2,"y":8,"dir":2,"pieceid":0,"cover":[{"id":10031,"hp":2}]
	},
	{
	"x":3,"y":8,"dir":2,"cover":[{"id":10071,"hp":1}]
	},
	{
	"x":4,"y":8,"dir":2,"cover":[{"id":10071,"hp":1}]
	},
	{
	"x":5,"y":8,"dir":2,"cover":[{"id":10071,"hp":1}]
	},
	{
	"x":6,"y":8,"dir":2,"pieceid":0,"cover":[{"id":10031,"hp":2}]
	},
	{
	"x":7,"y":8,"dir":2,"pieceid":0},
	{
	"x":8,"y":8,"dir":2,"pieceid":0,"gateto":[
	8,2]
	},
	{
	"x":1,"y":9,"dir":2,"pieceid":0,"gateto":[
	1,1]
	},
	{
	"x":2,"y":9,"dir":2,"pieceid":0,"cover":[{"id":10031,"hp":2}]
	},
	{
	"x":3,"y":9,"dir":2,"cover":[{"id":10071,"hp":1}]
	},
	{
	"x":4,"y":9,"dir":2,"cover":[{"id":10071,"hp":1}]
	},
	{
	"x":5,"y":9,"dir":2,"cover":[{"id":10071,"hp":1}]
	},
	{
	"x":6,"y":9,"dir":2,"pieceid":0,"cover":[{"id":10031,"hp":2}]
	},
	{
	"x":7,"y":9,"dir":2,"pieceid":0,"gateto":[
	7,1]
	},
	{
	"x":2,"y":10,"dir":2,"pieceid":0,"gateto":[
	2,0]
	,"cover":[{"id":10031,"hp":2}]
	},
	{
	"x":3,"y":10,"dir":2,"pieceid":0,"gateto":[
	3,0]
	,"cover":[{"id":10031,"hp":2}]
	},
	{
	"x":4,"y":10,"dir":2,"pieceid":0,"gateto":[
	4,0]
	,"cover":[{"id":10031,"hp":2}]
	},
	{
	"x":5,"y":10,"dir":2,"pieceid":0,"gateto":[
	5,0]
	,"cover":[{"id":10031,"hp":2}]
	},
	{
	"x":6,"y":10,"dir":2,"pieceid":0,"gateto":[
	6,0]
	,"cover":[{"id":10031,"hp":2}]
	},
	{
	"x":1,"y":3,"dir":2,"pieceid":0,"cover":[{"id":10071,"hp":1}]
	,"exit":true},
	{
	"x":1,"y":7,"dir":2,"pieceid":0},
	{
	"x":2,"y":3,"dir":2,"pieceid":0,"exit":true},
	{
	"x":2,"y":7,"dir":2,"pieceid":0,"cover":[{"id":10031,"hp":2}]
	},
	{
	"x":3,"y":3,"dir":2,"pieceid":0,"cover":[{"id":10071,"hp":1}]
	,"exit":true},
	{
	"x":3,"y":7,"dir":2,"pieceid":0,"cover":[{"id":10031,"hp":2}]
	},
	{
	"x":4,"y":3,"dir":2,"pieceid":0,"exit":true},
	{
	"x":4,"y":7,"dir":2,"pieceid":0,"cover":[{"id":10031,"hp":2}]
	},
	{
	"x":5,"y":3,"dir":2,"pieceid":0,"cover":[{"id":10071,"hp":1}]
	,"exit":true},
	{
	"x":5,"y":7,"dir":2,"pieceid":0,"cover":[{"id":10031,"hp":2}]
	},
	{
	"x":6,"y":3,"dir":2,"pieceid":0,"exit":true},
	{
	"x":6,"y":7,"dir":2,"pieceid":0,"cover":[{"id":10031,"hp":2}]
	},
	{
	"x":7,"y":3,"dir":2,"pieceid":0,"cover":[{"id":10071,"hp":1}]
	,"exit":true},
	{
	"x":7,"y":7,"dir":2,"pieceid":0},
	{
	"x":8,"y":3,"dir":2,"pieceid":0,"exit":true},
	{
	"x":8,"y":7,"dir":2,"pieceid":0},
	{
	"x":0,"y":2,"dir":2,"pieceid":0,"gatefrom":[
	0,8]
	,"cover":[{"id":10071,"hp":1}]
	},
	{
	"x":0,"y":3,"dir":2,"pieceid":0,"exit":true},
	{
	"x":0,"y":7,"dir":2,"pieceid":0},
	{
	"x":8,"y":2,"dir":2,"pieceid":0,"gatefrom":[
	8,8]
	,"cover":[{"id":10071,"hp":1}]
	},
	{
	"x":8,"y":5,"dir":2,"pieceid":0,"entry":true},
	{
	"x":8,"y":6,"dir":2,"pieceid":0}]
	}}