{
	"level":315,
"steps":24,
"description":"dialog001",
"flag":[
	"难度，待定"]
	,
"guide":[
	"新手引导，待定"]
	,
"board":{
	
"width":9,
"height":22,
"picieDefult":"1001|100;1002|100;1003|100;1004|100;1005|100",
"entryDefult":"1001|100;1002|100;1003|100;1004|100;1005|100",
"screens":[
	{
	"id":1,"lefttop":[
	0,0]
	,"rightbottom":[
	8,10]
	,
	"goals":[
	{
	"id":10081,"num":16,"type":3},
	{
	"id":10001,"num":17,"type":1}]
	},
	{
	"id":2,"lefttop":[
	0,11]
	,"rightbottom":[
	8,21]
	,
	"goals":[
	{
	"id":10081,"num":22,"type":3},
	{
	"id":10001,"num":23,"type":1}]
	}]
	,

"grid":[
	{
	"x":0,"y":0,"dir":1,"pieceid":0,"entry":true},
	{
	"x":1,"y":0,"dir":1,"pieceid":0},
	{
	"x":2,"y":0,"dir":1,"pieceid":0},
	{
	"x":3,"y":0,"dir":1,"pieceid":1001},
	{
	"x":4,"y":0,"dir":1,"pieceid":0,"cover":[{"id":11011,"hp":1}]
	},
	{
	"x":5,"y":0,"dir":1,"pieceid":0,"cover":[{"id":10011,"hp":1}]
	},
	{
	"x":6,"y":0,"dir":1,"pieceid":0,"cover":[{"id":11011,"hp":1}]
	},
	{
	"x":7,"y":0,"dir":1,"pieceid":0,"cover":[{"id":10011,"hp":1}]
	},
	{
	"x":8,"y":0,"dir":1,"pieceid":0,"gateto":[
	2,6]
	,"cover":[{"id":11011,"hp":1}]
	},
	{
	"x":0,"y":1,"dir":1,"pieceid":0,"entry":true},
	{
	"x":1,"y":1,"dir":1,"pieceid":1001},
	{
	"x":2,"y":1,"dir":1,"pieceid":1001},
	{
	"x":3,"y":1,"dir":1,"pieceid":1002},
	{
	"x":4,"y":1,"dir":1,"pieceid":1001,"cover":[{"id":10011,"hp":1}]
	},
	{
	"x":5,"y":1,"dir":1,"pieceid":0,"cover":[{"id":11011,"hp":1}]
	},
	{
	"x":6,"y":1,"dir":1,"pieceid":0,"cover":[{"id":10011,"hp":1}]
	},
	{
	"x":7,"y":1,"dir":1,"pieceid":0,"cover":[{"id":11011,"hp":1}]
	},
	{
	"x":8,"y":1,"dir":1,"pieceid":0,"gateto":[
	3,6]
	,"cover":[{"id":10011,"hp":1}]
	},
	{
	"x":0,"y":2,"dir":1,"pieceid":0,"entry":true},
	{
	"x":1,"y":2,"dir":1,"pieceid":0},
	{
	"x":2,"y":2,"dir":1,"pieceid":0},
	{
	"x":3,"y":2,"dir":1,"pieceid":0},
	{
	"x":4,"y":2,"dir":1,"pieceid":0,"cover":[{"id":11011,"hp":1}]
	},
	{
	"x":5,"y":2,"dir":1,"pieceid":0,"cover":[{"id":10011,"hp":1}]
	},
	{
	"x":6,"y":2,"dir":1,"pieceid":0,"cover":[{"id":11011,"hp":1}]
	},
	{
	"x":7,"y":2,"dir":1,"pieceid":0,"cover":[{"id":10011,"hp":1}]
	},
	{
	"x":8,"y":2,"dir":1,"pieceid":0,"gateto":[
	4,6]
	,"cover":[{"id":11011,"hp":1}]
	},
	{
	"x":0,"y":3,"dir":1,"pieceid":0,"entry":true},
	{
	"x":1,"y":3,"dir":1,"pieceid":0},
	{
	"x":2,"y":3,"dir":1,"pieceid":0},
	{
	"x":3,"y":3,"dir":1,"pieceid":0},
	{
	"x":4,"y":3,"dir":1,"pieceid":0,"cover":[{"id":10011,"hp":1}]
	},
	{
	"x":5,"y":3,"dir":1,"pieceid":0,"cover":[{"id":11011,"hp":1}]
	},
	{
	"x":6,"y":3,"dir":1,"pieceid":0,"cover":[{"id":10011,"hp":1}]
	},
	{
	"x":7,"y":3,"dir":1,"pieceid":0,"cover":[{"id":11011,"hp":1}]
	},
	{
	"x":8,"y":3,"dir":1,"pieceid":0,"gateto":[
	5,6]
	,"cover":[{"id":10011,"hp":1}]
	},
	{
	"x":0,"y":4,"dir":1,"pieceid":0,"entry":true},
	{
	"x":1,"y":4,"dir":1,"pieceid":0},
	{
	"x":2,"y":4,"dir":1,"pieceid":0},
	{
	"x":3,"y":4,"dir":1,"pieceid":0},
	{
	"x":4,"y":4,"dir":1,"pieceid":0,"cover":[{"id":11011,"hp":1}]
	},
	{
	"x":5,"y":4,"dir":1,"pieceid":0,"cover":[{"id":10011,"hp":1}]
	},
	{
	"x":6,"y":4,"dir":1,"pieceid":0,"cover":[{"id":11011,"hp":1}]
	},
	{
	"x":7,"y":4,"dir":1,"pieceid":0,"cover":[{"id":10011,"hp":1}]
	},
	{
	"x":8,"y":4,"dir":1,"pieceid":0,"gateto":[
	6,6]
	,"cover":[{"id":11011,"hp":1}]
	},
	{
	"x":2,"y":6,"dir":2,"pieceid":0,"gatefrom":[
	8,0]
	,"cover":[{"id":10081,"hp":1}]
	},
	{
	"x":3,"y":6,"dir":2,"pieceid":0,"gatefrom":[
	8,1]
	,"cover":[{"id":10001,"hp":1}]
	},
	{
	"x":4,"y":6,"dir":2,"pieceid":0,"gatefrom":[
	8,2]
	,"cover":[{"id":10081,"hp":1}]
	},
	{
	"x":5,"y":6,"dir":2,"pieceid":0,"gatefrom":[
	8,3]
	,"cover":[{"id":10001,"hp":1}]
	},
	{
	"x":6,"y":6,"dir":2,"pieceid":0,"gatefrom":[
	8,4]
	,"cover":[{"id":10081,"hp":1}]
	},
	{
	"x":1,"y":7,"dir":2,"pieceid":0,"cover":[{"id":10081,"hp":1}]
	},
	{
	"x":2,"y":7,"dir":2,"pieceid":0,"cover":[{"id":10001,"hp":1}]
	},
	{
	"x":3,"y":7,"dir":2,"pieceid":0,"cover":[{"id":10081,"hp":1}]
	},
	{
	"x":4,"y":7,"dir":2,"pieceid":0,"cover":[{"id":10001,"hp":1}]
	},
	{
	"x":5,"y":7,"dir":2,"pieceid":0,"cover":[{"id":10081,"hp":1}]
	},
	{
	"x":6,"y":7,"dir":2,"pieceid":0,"cover":[{"id":10001,"hp":1}]
	},
	{
	"x":7,"y":7,"dir":2,"pieceid":0,"cover":[{"id":10081,"hp":1}]
	},
	{
	"x":0,"y":8,"dir":2,"pieceid":0,"cover":[{"id":10081,"hp":1}]
	},
	{
	"x":1,"y":8,"dir":2,"pieceid":0,"cover":[{"id":10001,"hp":1}]
	},
	{
	"x":2,"y":8,"dir":2,"pieceid":0,"cover":[{"id":10081,"hp":1}]
	},
	{
	"x":3,"y":8,"dir":2,"pieceid":0,"cover":[{"id":10001,"hp":1}]
	},
	{
	"x":4,"y":8,"dir":2,"pieceid":0,"cover":[{"id":10081,"hp":1}]
	},
	{
	"x":5,"y":8,"dir":2,"pieceid":0,"cover":[{"id":10001,"hp":1}]
	},
	{
	"x":6,"y":8,"dir":2,"pieceid":0,"cover":[{"id":10081,"hp":1}]
	},
	{
	"x":7,"y":8,"dir":2,"pieceid":0,"cover":[{"id":10001,"hp":1}]
	},
	{
	"x":8,"y":8,"dir":2,"pieceid":0,"cover":[{"id":10081,"hp":1}]
	},
	{
	"x":1,"y":9,"dir":2,"pieceid":0,"cover":[{"id":10081,"hp":1}]
	},
	{
	"x":2,"y":9,"dir":2,"pieceid":0,"cover":[{"id":10001,"hp":1}]
	},
	{
	"x":3,"y":9,"dir":2,"pieceid":0,"cover":[{"id":10081,"hp":1}]
	},
	{
	"x":4,"y":9,"dir":2,"pieceid":0,"cover":[{"id":10001,"hp":1}]
	},
	{
	"x":5,"y":9,"dir":2,"pieceid":0,"cover":[{"id":10081,"hp":1}]
	},
	{
	"x":6,"y":9,"dir":2,"pieceid":0,"cover":[{"id":10001,"hp":1}]
	},
	{
	"x":7,"y":9,"dir":2,"pieceid":0,"cover":[{"id":10081,"hp":1}]
	},
	{
	"x":2,"y":10,"dir":2,"pieceid":0,"cover":[{"id":10001,"hp":1}]
	},
	{
	"x":3,"y":10,"dir":2,"pieceid":0,"cover":[{"id":10001,"hp":1}]
	},
	{
	"x":4,"y":10,"dir":2,"pieceid":0,"cover":[{"id":10001,"hp":1}]
	},
	{
	"x":5,"y":10,"dir":2,"pieceid":0,"cover":[{"id":10001,"hp":1}]
	},
	{
	"x":6,"y":10,"dir":2,"pieceid":0,"cover":[{"id":10001,"hp":1}]
	},
	{
	"x":2,"y":11,"dir":2,"pieceid":0,"cover":[{"id":10031,"hp":1}]
	},
	{
	"x":3,"y":11,"dir":2,"pieceid":0,"cover":[{"id":10031,"hp":1}]
	},
	{
	"x":4,"y":11,"dir":2,"pieceid":0,"cover":[{"id":10031,"hp":1}]
	},
	{
	"x":5,"y":11,"dir":2,"pieceid":0,"cover":[{"id":10031,"hp":1}]
	},
	{
	"x":6,"y":11,"dir":2,"pieceid":0,"cover":[{"id":10031,"hp":1}]
	},
	{
	"x":1,"y":12,"dir":2,"pieceid":0},
	{
	"x":2,"y":12,"dir":2,"pieceid":1003},
	{
	"x":3,"y":12,"dir":2,"pieceid":1003},
	{
	"x":4,"y":12,"dir":2,"pieceid":0},
	{
	"x":5,"y":12,"dir":2,"pieceid":1003},
	{
	"x":6,"y":12,"dir":2,"pieceid":0},
	{
	"x":7,"y":12,"dir":2,"pieceid":0},
	{
	"x":0,"y":13,"dir":2,"pieceid":0},
	{
	"x":1,"y":13,"dir":2,"pieceid":0},
	{
	"x":2,"y":13,"dir":2,"pieceid":0},
	{
	"x":3,"y":13,"dir":2,"pieceid":0},
	{
	"x":4,"y":13,"dir":2,"pieceid":1003},
	{
	"x":5,"y":13,"dir":2,"pieceid":0},
	{
	"x":6,"y":13,"dir":2,"pieceid":0},
	{
	"x":7,"y":13,"dir":2,"pieceid":0},
	{
	"x":8,"y":13,"dir":2,"pieceid":0},
	{
	"x":1,"y":14,"dir":2,"pieceid":0},
	{
	"x":2,"y":14,"dir":2,"pieceid":0},
	{
	"x":3,"y":14,"dir":2,"pieceid":0},
	{
	"x":4,"y":14,"dir":2,"pieceid":0},
	{
	"x":5,"y":14,"dir":2,"pieceid":0},
	{
	"x":6,"y":14,"dir":2,"pieceid":0},
	{
	"x":7,"y":14,"dir":2,"pieceid":0},
	{
	"x":2,"y":15,"dir":2,"pieceid":0,"gateto":[
	0,17]
	},
	{
	"x":3,"y":15,"dir":2,"pieceid":0,"gateto":[
	0,18]
	},
	{
	"x":4,"y":15,"dir":2,"pieceid":0,"gateto":[
	0,19]
	},
	{
	"x":5,"y":15,"dir":2,"pieceid":0,"gateto":[
	0,20]
	},
	{
	"x":6,"y":15,"dir":2,"pieceid":0,"gateto":[
	0,21]
	},
	{
	"x":0,"y":17,"dir":1,"pieceid":0,"gatefrom":[
	2,15]
	,"cover":[{"id":10001,"hp":1}]
	},
	{
	"x":1,"y":17,"dir":1,"pieceid":0,"cover":[{"id":10081,"hp":1}]
	},
	{
	"x":2,"y":17,"dir":1,"pieceid":0,"cover":[{"id":10001,"hp":1}]
	},
	{
	"x":3,"y":17,"dir":1,"pieceid":0,"cover":[{"id":10081,"hp":1}]
	},
	{
	"x":4,"y":17,"dir":1,"pieceid":0,"cover":[{"id":10001,"hp":1}]
	},
	{
	"x":5,"y":17,"dir":1,"pieceid":0,"cover":[{"id":10081,"hp":1}]
	},
	{
	"x":6,"y":17,"dir":1,"pieceid":0,"cover":[{"id":10001,"hp":1}]
	},
	{
	"x":7,"y":17,"dir":1,"pieceid":0,"cover":[{"id":10081,"hp":1}]
	},
	{
	"x":8,"y":17,"dir":1,"pieceid":0,"cover":[{"id":10001,"hp":1}]
	},
	{
	"x":0,"y":18,"dir":1,"pieceid":0,"gatefrom":[
	3,15]
	,"cover":[{"id":10081,"hp":1}]
	},
	{
	"x":1,"y":18,"dir":1,"pieceid":0,"cover":[{"id":10001,"hp":1}]
	},
	{
	"x":2,"y":18,"dir":1,"pieceid":0,"cover":[{"id":10081,"hp":1}]
	},
	{
	"x":3,"y":18,"dir":1,"pieceid":0,"cover":[{"id":10001,"hp":1}]
	},
	{
	"x":4,"y":18,"dir":1,"pieceid":0,"cover":[{"id":10081,"hp":1}]
	},
	{
	"x":5,"y":18,"dir":1,"pieceid":0,"cover":[{"id":10001,"hp":1}]
	},
	{
	"x":6,"y":18,"dir":1,"pieceid":0,"cover":[{"id":10081,"hp":1}]
	},
	{
	"x":7,"y":18,"dir":1,"pieceid":0,"cover":[{"id":10001,"hp":1}]
	},
	{
	"x":8,"y":18,"dir":1,"pieceid":0,"cover":[{"id":10081,"hp":1}]
	},
	{
	"x":0,"y":19,"dir":1,"pieceid":0,"gatefrom":[
	4,15]
	,"cover":[{"id":10001,"hp":1}]
	},
	{
	"x":1,"y":19,"dir":1,"pieceid":0,"cover":[{"id":10081,"hp":1}]
	},
	{
	"x":2,"y":19,"dir":1,"pieceid":0,"cover":[{"id":10001,"hp":1}]
	},
	{
	"x":3,"y":19,"dir":1,"pieceid":0,"cover":[{"id":10081,"hp":1}]
	},
	{
	"x":4,"y":19,"dir":1,"pieceid":0,"cover":[{"id":10001,"hp":1}]
	},
	{
	"x":5,"y":19,"dir":1,"pieceid":0,"cover":[{"id":10081,"hp":1}]
	},
	{
	"x":6,"y":19,"dir":1,"pieceid":0,"cover":[{"id":10001,"hp":1}]
	},
	{
	"x":7,"y":19,"dir":1,"pieceid":0,"cover":[{"id":10081,"hp":1}]
	},
	{
	"x":8,"y":19,"dir":1,"pieceid":0,"cover":[{"id":10001,"hp":1}]
	},
	{
	"x":0,"y":20,"dir":1,"pieceid":0,"gatefrom":[
	5,15]
	,"cover":[{"id":10081,"hp":1}]
	},
	{
	"x":1,"y":20,"dir":1,"pieceid":0,"cover":[{"id":10001,"hp":1}]
	},
	{
	"x":2,"y":20,"dir":1,"pieceid":0,"cover":[{"id":10081,"hp":1}]
	},
	{
	"x":3,"y":20,"dir":1,"pieceid":0,"cover":[{"id":10001,"hp":1}]
	},
	{
	"x":4,"y":20,"dir":1,"pieceid":0,"cover":[{"id":10081,"hp":1}]
	},
	{
	"x":5,"y":20,"dir":1,"pieceid":0,"cover":[{"id":10001,"hp":1}]
	},
	{
	"x":6,"y":20,"dir":1,"pieceid":0,"cover":[{"id":10081,"hp":1}]
	},
	{
	"x":7,"y":20,"dir":1,"pieceid":0,"cover":[{"id":10001,"hp":1}]
	},
	{
	"x":8,"y":20,"dir":1,"pieceid":0,"cover":[{"id":10081,"hp":1}]
	},
	{
	"x":0,"y":21,"dir":1,"pieceid":0,"gatefrom":[
	6,15]
	,"cover":[{"id":10001,"hp":1}]
	},
	{
	"x":1,"y":21,"dir":1,"pieceid":0,"cover":[{"id":10081,"hp":1}]
	},
	{
	"x":2,"y":21,"dir":1,"pieceid":0,"cover":[{"id":10001,"hp":1}]
	},
	{
	"x":3,"y":21,"dir":1,"pieceid":0,"cover":[{"id":10081,"hp":1}]
	},
	{
	"x":4,"y":21,"dir":1,"pieceid":0,"cover":[{"id":10001,"hp":1}]
	},
	{
	"x":5,"y":21,"dir":1,"pieceid":0,"cover":[{"id":10081,"hp":1}]
	},
	{
	"x":6,"y":21,"dir":1,"pieceid":0,"cover":[{"id":10001,"hp":1}]
	},
	{
	"x":7,"y":21,"dir":1,"pieceid":0,"cover":[{"id":10081,"hp":1}]
	},
	{
	"x":8,"y":21,"dir":1,"pieceid":0,"cover":[{"id":10001,"hp":1}]
	}]
	}}