{
	"level":317,
"steps":28,
"showWindTime":10,
"description":"dialog001",
"flag":[
	"难度，待定"]
	,
"guide":[
	"新手引导，待定"]
	,
"board":{
	
"width":9,
"height":11,
"picieDefult":"1001|100;1002|100;1003|100;1004|100;1005|100;1006|100",
"entryDefult":"1001|100;1002|100;1003|100;1004|100;1005|100;1006|100",
"screens":[
	{
	"id":1,"lefttop":[
	0,0]
	,"rightbottom":[
	8,10]
	,
	"goals":[
	{
	"id":10051,"num":12,"type":1},
	{
	"id":10081,"num":16,"type":3}]
	}]
	,

"grid":[
	{
	"x":0,"y":0,"dir":1,"pieceid":0,"entry":true},
	{
	"x":1,"y":0,"dir":1,"pieceid":0},
	{
	"x":2,"y":0,"dir":1,"pieceid":0},
	{
	"x":3,"y":0,"dir":1,"pieceid":0},
	{
	"x":4,"y":0,"dir":1,"pieceid":0},
	{
	"x":5,"y":0,"dir":1,"pieceid":0},
	{
	"x":6,"y":0,"dir":1,"pieceid":0},
	{
	"x":7,"y":0,"dir":1,"pieceid":0,"gateto":[
	3,5]
	},
	{
	"x":0,"y":1,"dir":1,"pieceid":0,"entry":true},
	{
	"x":1,"y":1,"dir":1,"pieceid":0},
	{
	"x":2,"y":1,"dir":1,"pieceid":0},
	{
	"x":3,"y":1,"dir":1,"pieceid":0},
	{
	"x":4,"y":1,"dir":1,"pieceid":0},
	{
	"x":5,"y":1,"dir":1,"pieceid":0},
	{
	"x":6,"y":1,"dir":1,"pieceid":0,"gateto":[
	2,5]
	},
	{
	"x":0,"y":2,"dir":1,"pieceid":0,"entry":true},
	{
	"x":1,"y":2,"dir":1,"pieceid":0},
	{
	"x":2,"y":2,"dir":1,"pieceid":0},
	{
	"x":3,"y":2,"dir":1,"pieceid":0},
	{
	"x":4,"y":2,"dir":1,"pieceid":0},
	{
	"x":5,"y":2,"dir":1,"pieceid":0,"gateto":[
	1,5]
	},
	{
	"x":8,"y":2,"dir":4,"pieceid":0,"cover":[{"id":10081,"hp":1}]
	},
	{
	"x":0,"y":3,"dir":1,"pieceid":0,"entry":true},
	{
	"x":1,"y":3,"dir":1,"pieceid":0},
	{
	"x":2,"y":3,"dir":1,"pieceid":0},
	{
	"x":3,"y":3,"dir":1,"pieceid":0},
	{
	"x":4,"y":3,"dir":1,"pieceid":0,"gateto":[
	0,5]
	},
	{
	"x":7,"y":3,"dir":4,"pieceid":0,"cover":[{"id":11011,"hp":1}]
	},
	{
	"x":8,"y":3,"dir":4,"pieceid":0,"cover":[{"id":10081,"hp":1}]
	},
	{
	"x":6,"y":4,"dir":4,"pieceid":0,"cover":[{"id":10081,"hp":1}]
	},
	{
	"x":7,"y":4,"dir":4,"pieceid":0,"cover":[{"id":11011,"hp":1}]
	},
	{
	"x":8,"y":4,"dir":4,"pieceid":0,"cover":[{"id":10081,"hp":1}]
	},
	{
	"x":0,"y":5,"dir":2,"pieceid":0,"gatefrom":[
	4,3]
	,"cover":[{"id":11011,"hp":1}]
	},
	{
	"x":1,"y":5,"dir":2,"pieceid":0,"gatefrom":[
	5,2]
	,"cover":[{"id":10051,"hp":2}]
	},
	{
	"x":2,"y":5,"dir":2,"pieceid":0,"gatefrom":[
	6,1]
	,"cover":[{"id":11011,"hp":1}]
	},
	{
	"x":3,"y":5,"dir":2,"pieceid":0,"gatefrom":[
	7,0]
	,"cover":[{"id":10051,"hp":2}]
	},
	{
	"x":5,"y":5,"dir":4,"pieceid":0,"cover":[{"id":11011,"hp":1}]
	},
	{
	"x":6,"y":5,"dir":4,"pieceid":0,"cover":[{"id":10081,"hp":1}]
	},
	{
	"x":7,"y":5,"dir":4,"pieceid":0,"cover":[{"id":11011,"hp":1}]
	},
	{
	"x":8,"y":5,"dir":4,"pieceid":0,"cover":[{"id":10081,"hp":1}]
	},
	{
	"x":0,"y":6,"dir":2,"pieceid":0,"cover":[{"id":10051,"hp":2}]
	},
	{
	"x":1,"y":6,"dir":2,"pieceid":0,"cover":[{"id":11011,"hp":1}]
	},
	{
	"x":2,"y":6,"dir":2,"pieceid":0,"cover":[{"id":10051,"hp":2}]
	},
	{
	"x":3,"y":6,"dir":2,"pieceid":0,"cover":[{"id":11011,"hp":1}]
	},
	{
	"x":5,"y":6,"dir":4,"pieceid":0,"cover":[{"id":11011,"hp":1}]
	},
	{
	"x":6,"y":6,"dir":4,"pieceid":0,"cover":[{"id":10081,"hp":1}]
	},
	{
	"x":7,"y":6,"dir":4,"pieceid":0,"cover":[{"id":11011,"hp":1}]
	},
	{
	"x":8,"y":6,"dir":4,"pieceid":0,"cover":[{"id":10081,"hp":1}]
	},
	{
	"x":0,"y":7,"dir":2,"pieceid":0,"cover":[{"id":11011,"hp":1}]
	},
	{
	"x":1,"y":7,"dir":2,"pieceid":0,"cover":[{"id":10051,"hp":2}]
	},
	{
	"x":2,"y":7,"dir":2,"pieceid":0,"cover":[{"id":11011,"hp":1}]
	},
	{
	"x":3,"y":7,"dir":2,"pieceid":0,"cover":[{"id":10051,"hp":2}]
	},
	{
	"x":5,"y":7,"dir":4,"pieceid":0,"cover":[{"id":11011,"hp":1}]
	},
	{
	"x":6,"y":7,"dir":4,"pieceid":0,"cover":[{"id":10081,"hp":1}]
	},
	{
	"x":7,"y":7,"dir":4,"pieceid":0,"cover":[{"id":11011,"hp":1}]
	},
	{
	"x":8,"y":7,"dir":4,"pieceid":0,"cover":[{"id":10081,"hp":1}]
	},
	{
	"x":0,"y":8,"dir":2,"pieceid":0,"cover":[{"id":10051,"hp":2}]
	},
	{
	"x":1,"y":8,"dir":2,"pieceid":0,"cover":[{"id":11011,"hp":1}]
	},
	{
	"x":2,"y":8,"dir":2,"pieceid":0,"cover":[{"id":10051,"hp":2}]
	},
	{
	"x":3,"y":8,"dir":2,"pieceid":0,"cover":[{"id":11011,"hp":1}]
	},
	{
	"x":5,"y":8,"dir":4,"pieceid":0,"cover":[{"id":11011,"hp":1}]
	},
	{
	"x":6,"y":8,"dir":4,"pieceid":0,"cover":[{"id":10081,"hp":1}]
	},
	{
	"x":7,"y":8,"dir":4,"pieceid":0,"cover":[{"id":11011,"hp":1}]
	},
	{
	"x":8,"y":8,"dir":4,"pieceid":0,"cover":[{"id":10081,"hp":1}]
	},
	{
	"x":0,"y":9,"dir":2,"pieceid":0,"cover":[{"id":10051,"hp":2}]
	},
	{
	"x":1,"y":9,"dir":2,"pieceid":0,"cover":[{"id":10051,"hp":2}]
	},
	{
	"x":2,"y":9,"dir":2,"pieceid":0,"cover":[{"id":11011,"hp":1}]
	},
	{
	"x":3,"y":9,"dir":2,"pieceid":0,"cover":[{"id":10051,"hp":2}]
	},
	{
	"x":5,"y":9,"dir":4,"pieceid":0,"cover":[{"id":11011,"hp":1}]
	},
	{
	"x":6,"y":9,"dir":4,"pieceid":0,"cover":[{"id":10081,"hp":1}]
	},
	{
	"x":7,"y":9,"dir":4,"pieceid":0,"cover":[{"id":11011,"hp":1}]
	},
	{
	"x":8,"y":9,"dir":4,"pieceid":0,"cover":[{"id":10081,"hp":1}]
	},
	{
	"x":0,"y":10,"dir":2,"pieceid":0,"cover":[{"id":10051,"hp":2}]
	,"gateto":[
	5,10]
	},
	{
	"x":1,"y":10,"dir":2,"pieceid":0,"cover":[{"id":10051,"hp":2}]
	,"gateto":[
	6,10]
	},
	{
	"x":2,"y":10,"dir":2,"pieceid":0,"cover":[{"id":10051,"hp":2}]
	,"gateto":[
	7,10]
	},
	{
	"x":3,"y":10,"dir":2,"pieceid":0,"cover":[{"id":10051,"hp":2}]
	,"gateto":[
	8,10]
	},
	{
	"x":5,"y":10,"dir":4,"pieceid":0,"cover":[{"id":11011,"hp":1}]
	,"gatefrom":[
	0,10]
	},
	{
	"x":6,"y":10,"dir":4,"pieceid":0,"cover":[{"id":10081,"hp":1}]
	,"gatefrom":[
	1,10]
	},
	{
	"x":7,"y":10,"dir":4,"pieceid":0,"cover":[{"id":11011,"hp":1}]
	,"gatefrom":[
	2,10]
	},
	{
	"x":8,"y":10,"dir":4,"pieceid":0,"cover":[{"id":10081,"hp":1}]
	,"gatefrom":[
	3,10]
	}]
	}}