{
	"level":32,
	"goals":[
	{
	"type":1,"id":1201,"num":3}]
	,
"steps":30,
"showWindTime":10,
"description":"dialog001",
"flag":[
	"难度，待定"]
	,
"guide":[
	{
	"desc":"[560808]这些垫子真是麻烦，软绵绵的，似乎火箭打上去无法穿透哦！[-]","icon":"npc_icon_001","pos":[
	{
	"x":4,"y":4},
	{
	"x":4,"y":5}]
	,"move":{
	"g1X":4,"g1Y":4,"g2X":4,"g2Y":5}}]
	,
"board":{
	
"width":9,
"height":11,
"picieDefult":"1001|100;1002|100;1003|100;1004|100;1005|100",
"entryDefult":"1001|100;1002|100;1003|100;1004|100;1005|100",
"screens":[
	{
	"id":1,"lefttop":[
	0,0]
	,"rightbottom":[
	8,10]
	,
	"goals":[
	{
	"type":1,"id":1201,"num":3}]
	}]
	,

"grid":[
	{
	"x":2,"y":0,"dir":2,"entry":true,"pieceid":1201},
	{
	"x":3,"y":0,"dir":2,"entry":true,"pieceid":0},
	{
	"x":4,"y":0,"dir":2,"entry":true,"pieceid":1201},
	{
	"x":5,"y":0,"dir":2,"entry":true,"pieceid":0},
	{
	"x":6,"y":0,"dir":2,"entry":true,"pieceid":1201},
	{
	"x":2,"y":1,"dir":2,"pieceid":0},
	{
	"x":3,"y":1,"dir":2,"pieceid":0},
	{
	"x":4,"y":1,"dir":2,"pieceid":0},
	{
	"x":5,"y":1,"dir":2,"pieceid":0},
	{
	"x":6,"y":1,"dir":2,"pieceid":0},
	{
	"x":0,"y":2,"dir":2,"pieceid":0,"entry":true},
	{
	"x":1,"y":2,"dir":2,"pieceid":0,"entry":true},
	{
	"x":2,"y":2,"dir":2,"pieceid":0},
	{
	"x":3,"y":2,"dir":2,"pieceid":0},
	{
	"x":4,"y":2,"dir":2,"pieceid":0},
	{
	"x":5,"y":2,"dir":2,"pieceid":0},
	{
	"x":6,"y":2,"dir":2,"pieceid":0},
	{
	"x":7,"y":2,"dir":2,"pieceid":0,"entry":true},
	{
	"x":8,"y":2,"dir":2,"pieceid":0,"entry":true},
	{
	"x":0,"y":3,"dir":2,"pieceid":0},
	{
	"x":1,"y":3,"dir":2,"pieceid":0},
	{
	"x":2,"y":3,"dir":2,"cover":[{"id":11011,"hp":1}]
	},
	{
	"x":3,"y":3,"dir":2,"cover":[{"id":11011,"hp":1}]
	},
	{
	"x":4,"y":3,"dir":2,"cover":[{"id":11011,"hp":1}]
	},
	{
	"x":5,"y":3,"dir":2,"cover":[{"id":11011,"hp":1}]
	},
	{
	"x":6,"y":3,"dir":2,"cover":[{"id":11011,"hp":1}]
	},
	{
	"x":7,"y":3,"dir":2,"pieceid":0},
	{
	"x":8,"y":3,"dir":2,"pieceid":0},
	{
	"x":0,"y":4,"dir":2,"pieceid":0,"exit":true},
	{
	"x":1,"y":4,"dir":2,"pieceid":0,"exit":true},
	{
	"x":2,"y":4,"dir":2,"pieceid":0},
	{
	"x":3,"y":4,"dir":2,"pieceid":0},
	{
	"x":4,"y":4,"dir":2,"pieceid":1105},
	{
	"x":5,"y":4,"dir":2,"pieceid":0},
	{
	"x":6,"y":4,"dir":2,"pieceid":0},
	{
	"x":7,"y":4,"dir":2,"pieceid":0,"exit":true},
	{
	"x":8,"y":4,"dir":2,"pieceid":0,"exit":true},
	{
	"x":2,"y":5,"dir":2,"cover":[{"id":11011,"hp":1}]
	},
	{
	"x":3,"y":5,"dir":2,"cover":[{"id":11011,"hp":1}]
	},
	{
	"x":4,"y":5,"dir":2,"pieceid":1105},
	{
	"x":5,"y":5,"dir":2,"cover":[{"id":11011,"hp":1}]
	},
	{
	"x":6,"y":5,"dir":2,"cover":[{"id":11011,"hp":1}]
	},
	{
	"x":2,"y":6,"dir":2,"cover":[{"id":11011,"hp":1}]
	},
	{
	"x":3,"y":6,"dir":2,"cover":[{"id":11011,"hp":1}]
	},
	{
	"x":4,"y":6,"dir":2,"cover":[{"id":11011,"hp":1}]
	},
	{
	"x":5,"y":6,"dir":2,"cover":[{"id":11011,"hp":1}]
	},
	{
	"x":6,"y":6,"dir":2,"cover":[{"id":11011,"hp":1}]
	},
	{
	"x":0,"y":7,"dir":2,"cover":[{"id":11011,"hp":1}]
	,"entry":true},
	{
	"x":1,"y":7,"dir":2,"cover":[{"id":11011,"hp":1}]
	,"entry":true},
	{
	"x":2,"y":7,"dir":2,"cover":[{"id":11011,"hp":1}]
	},
	{
	"x":3,"y":7,"dir":2,"cover":[{"id":11011,"hp":1}]
	},
	{
	"x":4,"y":7,"dir":2,"cover":[{"id":11011,"hp":1}]
	},
	{
	"x":5,"y":7,"dir":2,"cover":[{"id":11011,"hp":1}]
	},
	{
	"x":6,"y":7,"dir":2,"cover":[{"id":11011,"hp":1}]
	},
	{
	"x":7,"y":7,"dir":2,"cover":[{"id":11011,"hp":1}]
	,"entry":true},
	{
	"x":8,"y":7,"dir":2,"cover":[{"id":11011,"hp":1}]
	,"entry":true},
	{
	"x":0,"y":8,"dir":2,"cover":[{"id":11011,"hp":1}]
	},
	{
	"x":1,"y":8,"dir":2,"cover":[{"id":11011,"hp":1}]
	},
	{
	"x":2,"y":8,"dir":2,"cover":[{"id":11011,"hp":1}]
	},
	{
	"x":3,"y":8,"dir":2,"cover":[{"id":11011,"hp":1}]
	},
	{
	"x":4,"y":8,"dir":2,"cover":[{"id":10001,"hp":1}]
	,"pieceid":1131},
	{
	"x":5,"y":8,"dir":2,"cover":[{"id":11011,"hp":1}]
	},
	{
	"x":6,"y":8,"dir":2,"cover":[{"id":11011,"hp":1}]
	},
	{
	"x":7,"y":8,"dir":2,"cover":[{"id":11011,"hp":1}]
	},
	{
	"x":8,"y":8,"dir":2,"cover":[{"id":11011,"hp":1}]
	},
	{
	"x":0,"y":9,"dir":2,"cover":[{"id":11011,"hp":1}]
	},
	{
	"x":1,"y":9,"dir":2,"cover":[{"id":11011,"hp":1}]
	},
	{
	"x":2,"y":9,"dir":2,"cover":[{"id":11011,"hp":1}]
	},
	{
	"x":3,"y":9,"dir":2,"cover":[{"id":11011,"hp":1}]
	},
	{
	"x":4,"y":9,"dir":2,"cover":[{"id":11011,"hp":1}]
	},
	{
	"x":5,"y":9,"dir":2,"cover":[{"id":11011,"hp":1}]
	},
	{
	"x":6,"y":9,"dir":2,"cover":[{"id":11011,"hp":1}]
	},
	{
	"x":7,"y":9,"dir":2,"cover":[{"id":11011,"hp":1}]
	},
	{
	"x":8,"y":9,"dir":2,"cover":[{"id":11011,"hp":1}]
	},
	{
	"x":0,"y":10,"dir":2,"cover":[{"id":11011,"hp":1}]
	,"exit":true},
	{
	"x":1,"y":10,"dir":2,"cover":[{"id":11011,"hp":1}]
	,"exit":true},
	{
	"x":2,"y":10,"dir":2,"cover":[{"id":11011,"hp":1}]
	,"exit":true},
	{
	"x":3,"y":10,"dir":2,"cover":[{"id":11011,"hp":1}]
	,"exit":true},
	{
	"x":4,"y":10,"dir":2,"cover":[{"id":11011,"hp":1}]
	,"exit":true},
	{
	"x":5,"y":10,"dir":2,"cover":[{"id":11011,"hp":1}]
	,"exit":true},
	{
	"x":6,"y":10,"dir":2,"cover":[{"id":11011,"hp":1}]
	,"exit":true},
	{
	"x":7,"y":10,"dir":2,"cover":[{"id":11011,"hp":1}]
	,"exit":true},
	{
	"x":8,"y":10,"dir":2,"cover":[{"id":11011,"hp":1}]
	,"exit":true}]
	}}