{
	"level":330,
"steps":30,
"description":"dialog001",
"flag":[
	"难度，待定"]
	,
"guide":[
	"新手引导，待定"]
	,
"board":{
	
"width":9,
"height":20,
"picieDefult":"1001|100;1002|100;1003|100;1004|100;1005|100",
"entryDefult":"1001|100;1002|100;1003|100;1004|100;1005|100",
"screens":[
	{
	"id":1,"lefttop":[
	0,10]
	,"rightbottom":[
	8,19]
	,
	"goals":[
	{
	"id":10081,"num":10,"type":3}]
	},
	{
	"id":2,"lefttop":[
	0,0]
	,"rightbottom":[
	8,10]
	,
	"goals":[
	{
	"id":10081,"num":16,"type":3}]
	}]
	,

"grid":[
	{
	"x":2,"y":0,"dir":4,"pieceid":0,"cover":[{"id":10031,"hp":3}]
	},
	{
	"x":3,"y":0,"dir":4,"pieceid":0,"cover":[{"id":10031,"hp":3}]
	},
	{
	"x":6,"y":0,"dir":4,"pieceid":0,"cover":[{"id":10081,"hp":1}]
	},
	{
	"x":2,"y":1,"dir":4,"pieceid":0,"cover":[{"id":10031,"hp":3}]
	},
	{
	"x":3,"y":1,"dir":4,"pieceid":0,"cover":[{"id":10031,"hp":3}]
	},
	{
	"x":4,"y":1,"dir":4,"pieceid":0,"cover":[{"id":10031,"hp":2}]
	},
	{
	"x":0,"y":2,"dir":4,"pieceid":0,"cover":[{"id":10011,"hp":1}]
	},
	{
	"x":1,"y":2,"dir":4,"pieceid":1121,"cover":[{"id":10011,"hp":1}]
	},
	{
	"x":2,"y":2,"dir":4,"pieceid":0,"cover":[{"id":10011,"hp":1}]
	},
	{
	"x":3,"y":2,"dir":4,"pieceid":0,"cover":[{"id":10031,"hp":2}]
	},
	{
	"x":4,"y":2,"dir":4,"pieceid":0,"cover":[{"id":10031,"hp":2}]
	},
	{
	"x":5,"y":2,"dir":4,"pieceid":0,"cover":[{"id":10031,"hp":2}]
	},
	{
	"x":8,"y":2,"dir":4,"pieceid":0,"cover":[{"id":10081,"hp":1}]
	},
	{
	"x":0,"y":3,"dir":4,"pieceid":0,"cover":[{"id":10011,"hp":1}]
	},
	{
	"x":1,"y":3,"dir":4,"pieceid":0,"cover":[{"id":10011,"hp":1}]
	},
	{
	"x":2,"y":3,"dir":4,"pieceid":0,"cover":[{"id":10011,"hp":1}]
	},
	{
	"x":3,"y":3,"dir":4,"pieceid":0,"cover":[{"id":10011,"hp":1}]
	},
	{
	"x":4,"y":3,"dir":4,"pieceid":0,"cover":[{"id":10031,"hp":2}]
	},
	{
	"x":5,"y":3,"dir":4,"pieceid":0,"cover":[{"id":10031,"hp":2}]
	},
	{
	"x":6,"y":3,"dir":4,"pieceid":0,"cover":[{"id":10031,"hp":1}]
	},
	{
	"x":0,"y":4,"dir":4,"pieceid":0,"cover":[{"id":10031,"hp":1}]
	},
	{
	"x":1,"y":4,"dir":4,"pieceid":0,"cover":[{"id":10031,"hp":1}]
	},
	{
	"x":2,"y":4,"dir":4,"pieceid":0,"cover":[{"id":10011,"hp":1}]
	},
	{
	"x":3,"y":4,"dir":4,"pieceid":1121,"cover":[{"id":10011,"hp":1}]
	},
	{
	"x":4,"y":4,"dir":4,"pieceid":0,"cover":[{"id":10011,"hp":1}]
	},
	{
	"x":5,"y":4,"dir":4,"pieceid":0,"cover":[{"id":10031,"hp":2}]
	},
	{
	"x":6,"y":4,"dir":4,"pieceid":0,"cover":[{"id":10031,"hp":2}]
	},
	{
	"x":7,"y":4,"dir":4,"pieceid":0,"cover":[{"id":10031,"hp":2}]
	},
	{
	"x":0,"y":5,"dir":4,"pieceid":0,"cover":[{"id":10031,"hp":1}]
	,"gatefrom":[
	0,8]
	},
	{
	"x":1,"y":5,"dir":4,"pieceid":0,"cover":[{"id":10031,"hp":1}]
	},
	{
	"x":2,"y":5,"dir":4,"pieceid":0,"cover":[{"id":10031,"hp":1}]
	},
	{
	"x":3,"y":5,"dir":4,"pieceid":0,"cover":[{"id":10011,"hp":1}]
	},
	{
	"x":4,"y":5,"dir":4,"pieceid":1003,"cover":[{"id":10011,"hp":1}]
	},
	{
	"x":5,"y":5,"dir":4,"pieceid":1003},
	{
	"x":6,"y":5,"dir":4,"pieceid":0,"cover":[{"id":10031,"hp":2}]
	},
	{
	"x":7,"y":5,"dir":4,"pieceid":0,"cover":[{"id":10031,"hp":2}]
	},
	{
	"x":8,"y":5,"dir":4,"pieceid":0,"cover":[{"id":10031,"hp":2}]
	},
	{
	"x":1,"y":6,"dir":4,"pieceid":0,"cover":[{"id":10031,"hp":1}]
	,"gatefrom":[
	1,9]
	},
	{
	"x":2,"y":6,"dir":4,"pieceid":0,"cover":[{"id":10031,"hp":1}]
	},
	{
	"x":3,"y":6,"dir":4,"pieceid":0,"cover":[{"id":10031,"hp":1}]
	},
	{
	"x":4,"y":6,"dir":4,"pieceid":1003,"cover":[{"id":10011,"hp":1}]
	},
	{
	"x":5,"y":6,"dir":4,"pieceid":0},
	{
	"x":6,"y":6,"dir":4,"pieceid":1003},
	{
	"x":7,"y":6,"dir":4,"pieceid":0,"cover":[{"id":10031,"hp":2}]
	},
	{
	"x":8,"y":6,"dir":4,"pieceid":0,"cover":[{"id":10031,"hp":2}]
	},
	{
	"x":2,"y":7,"dir":4,"pieceid":0,"cover":[{"id":10031,"hp":1}]
	,"gatefrom":[
	2,10]
	},
	{
	"x":3,"y":7,"dir":4,"pieceid":0,"cover":[{"id":10031,"hp":1}]
	},
	{
	"x":4,"y":7,"dir":4,"pieceid":0,"cover":[{"id":10031,"hp":1}]
	},
	{
	"x":5,"y":7,"dir":4,"pieceid":0},
	{
	"x":6,"y":7,"dir":4,"pieceid":0},
	{
	"x":7,"y":7,"dir":4,"pieceid":0},
	{
	"x":8,"y":7,"dir":4,"pieceid":0},
	{
	"x":0,"y":8,"dir":4,"pieceid":0,"gateto":[
	0,5]
	,"cover":[{"id":10031,"hp":1}]
	},
	{
	"x":3,"y":8,"dir":4,"pieceid":0,"cover":[{"id":10031,"hp":1}]
	,"gatefrom":[
	3,12]
	},
	{
	"x":4,"y":8,"dir":4,"pieceid":0,"cover":[{"id":10031,"hp":1}]
	},
	{
	"x":5,"y":8,"dir":4,"pieceid":0,"cover":[{"id":10031,"hp":1}]
	},
	{
	"x":6,"y":8,"dir":4,"pieceid":0},
	{
	"x":7,"y":8,"dir":4,"pieceid":0},
	{
	"x":8,"y":8,"dir":4,"pieceid":0},
	{
	"x":0,"y":9,"dir":4,"pieceid":0,"cover":[{"id":10031,"hp":1}]
	},
	{
	"x":4,"y":9,"dir":4,"pieceid":0,"cover":[{"id":10031,"hp":1}]
	,"gatefrom":[
	4,13]
	},
	{
	"x":5,"y":9,"dir":4,"pieceid":0,"cover":[{"id":10031,"hp":1}]
	},
	{
	"x":8,"y":9,"dir":4,"pieceid":0},
	{
	"x":0,"y":10,"dir":4,"pieceid":0,"cover":[{"id":10031,"hp":1}]
	},
	{
	"x":5,"y":10,"dir":4},
	{
	"x":8,"y":10,"dir":4},
	{
	"x":0,"y":11,"dir":4,"pieceid":0,"cover":[{"id":10031,"hp":1}]
	},
	{
	"x":5,"y":11,"dir":4,"gatefrom":[
	5,14]
	},
	{
	"x":8,"y":11,"dir":4},
	{
	"x":0,"y":12,"dir":4,"pieceid":0,"cover":[{"id":10081,"hp":1}]
	},
	{
	"x":3,"y":12,"dir":4,"pieceid":0,"cover":[{"id":10031,"hp":1}]
	,"gateto":[
	3,8]
	},
	{
	"x":8,"y":12,"dir":4},
	{
	"x":0,"y":13,"dir":4,"pieceid":0,"cover":[{"id":10031,"hp":1}]
	},
	{
	"x":3,"y":13,"dir":4,"pieceid":0,"cover":[{"id":10081,"hp":1}]
	},
	{
	"x":4,"y":13,"dir":4,"pieceid":0,"cover":[{"id":10031,"hp":1}]
	,"gateto":[
	4,9]
	},
	{
	"x":8,"y":13,"dir":4},
	{
	"x":3,"y":14,"dir":4,"pieceid":1121,"cover":[{"id":10011,"hp":1}]
	},
	{
	"x":4,"y":14,"dir":4,"pieceid":0,"cover":[{"id":10081,"hp":1}]
	},
	{
	"x":5,"y":14,"dir":4,"pieceid":0,"cover":[{"id":10031,"hp":1}]
	,"gateto":[
	5,11]
	},
	{
	"x":8,"y":14,"dir":4,"gatefrom":[
	8,17]
	},
	{
	"x":0,"y":15,"dir":4,"pieceid":0},
	{
	"x":2,"y":15,"dir":4,"pieceid":0,"cover":[{"id":10031,"hp":1}]
	},
	{
	"x":3,"y":15,"dir":4,"pieceid":0,"cover":[{"id":10081,"hp":1}]
	},
	{
	"x":4,"y":15,"dir":4,"pieceid":0,"cover":[{"id":10031,"hp":1}]
	},
	{
	"x":5,"y":15,"dir":4,"pieceid":0,"cover":[{"id":10081,"hp":1}]
	},
	{
	"x":6,"y":15,"dir":4,"pieceid":0,"cover":[{"id":10031,"hp":1}]
	,"gateto":[
	6,12]
	},
	{
	"x":0,"y":16,"dir":4,"pieceid":0},
	{
	"x":1,"y":16,"dir":4,"pieceid":0},
	{
	"x":3,"y":16,"dir":4,"pieceid":0,"cover":[{"id":10031,"hp":1}]
	},
	{
	"x":4,"y":16,"dir":4,"pieceid":0,"cover":[{"id":10081,"hp":1}]
	},
	{
	"x":5,"y":16,"dir":4,"pieceid":1121,"cover":[{"id":10011,"hp":1}]
	},
	{
	"x":6,"y":16,"dir":4,"pieceid":0,"cover":[{"id":10081,"hp":1}]
	},
	{
	"x":7,"y":16,"dir":4,"pieceid":0,"cover":[{"id":10031,"hp":1}]
	,"gateto":[
	7,13]
	},
	{
	"x":0,"y":17,"dir":4,"pieceid":0},
	{
	"x":1,"y":17,"dir":4,"pieceid":0},
	{
	"x":2,"y":17,"dir":4,"pieceid":0},
	{
	"x":6,"y":17,"dir":4,"pieceid":0,"cover":[{"id":10031,"hp":1}]
	},
	{
	"x":7,"y":17,"dir":4,"pieceid":0,"cover":[{"id":10081,"hp":1}]
	},
	{
	"x":8,"y":17,"dir":4,"pieceid":0,"cover":[{"id":10031,"hp":1}]
	,"gateto":[
	8,14]
	},
	{
	"x":0,"y":18,"dir":4,"pieceid":0},
	{
	"x":1,"y":18,"dir":4,"pieceid":0},
	{
	"x":2,"y":18,"dir":4,"pieceid":0},
	{
	"x":6,"y":18,"dir":4,"pieceid":0,"cover":[{"id":10081,"hp":1}]
	},
	{
	"x":7,"y":18,"dir":4,"pieceid":0,"cover":[{"id":10031,"hp":1}]
	},
	{
	"x":8,"y":18,"dir":4,"pieceid":0,"cover":[{"id":10081,"hp":1}]
	},
	{
	"x":0,"y":19,"dir":4,"pieceid":0,"entry":true},
	{
	"x":1,"y":19,"dir":4,"pieceid":1001,"entry":true},
	{
	"x":2,"y":19,"dir":4,"pieceid":1001,"entry":true},
	{
	"x":6,"y":19,"dir":4,"pieceid":0,"cover":[{"id":10031,"hp":1}]
	,"entry":true},
	{
	"x":7,"y":19,"dir":4,"pieceid":0,"cover":[{"id":10081,"hp":1}]
	,"entry":true},
	{
	"x":8,"y":19,"dir":4,"pieceid":0,"cover":[{"id":10031,"hp":1}]
	,"entry":true},
	{
	"x":0,"y":0,"dir":4,"pieceid":0},
	{
	"x":0,"y":1,"dir":4,"pieceid":0},
	{
	"x":1,"y":0,"dir":4,"pieceid":0},
	{
	"x":1,"y":1,"dir":4,"pieceid":0},
	{
	"x":1,"y":9,"dir":4,"pieceid":0,"gateto":[
	1,6]
	,"cover":[{"id":10031,"hp":1}]
	},
	{
	"x":1,"y":10,"dir":4,"pieceid":0,"cover":[{"id":10031,"hp":1}]
	},
	{
	"x":1,"y":11,"dir":4,"pieceid":0,"cover":[{"id":10081,"hp":1}]
	},
	{
	"x":1,"y":12,"dir":4,"pieceid":0,"cover":[{"id":10031,"hp":1}]
	},
	{
	"x":1,"y":13,"dir":4,"pieceid":0,"cover":[{"id":10081,"hp":1}]
	},
	{
	"x":1,"y":14,"dir":4,"pieceid":0,"cover":[{"id":10031,"hp":1}]
	},
	{
	"x":2,"y":10,"dir":4,"pieceid":0,"gateto":[
	2,7]
	,"cover":[{"id":10031,"hp":1}]
	},
	{
	"x":2,"y":11,"dir":4,"pieceid":0,"cover":[{"id":10031,"hp":1}]
	},
	{
	"x":2,"y":12,"dir":4,"pieceid":0,"cover":[{"id":10081,"hp":1}]
	},
	{
	"x":2,"y":13,"dir":4,"pieceid":0,"cover":[{"id":10031,"hp":1}]
	},
	{
	"x":2,"y":14,"dir":4,"pieceid":0,"cover":[{"id":10081,"hp":1}]
	},
	{
	"x":4,"y":17,"dir":4,"pieceid":0,"cover":[{"id":10031,"hp":1}]
	},
	{
	"x":5,"y":17,"dir":4,"pieceid":0,"cover":[{"id":10081,"hp":1}]
	},
	{
	"x":5,"y":18,"dir":4,"pieceid":0,"cover":[{"id":10031,"hp":1}]
	},
	{
	"x":6,"y":9,"dir":4,"pieceid":0},
	{
	"x":6,"y":10,"dir":4},
	{
	"x":6,"y":11,"dir":4},
	{
	"x":6,"y":12,"dir":4,"gatefrom":[
	6,15]
	},
	{
	"x":7,"y":0,"dir":4,"pieceid":0,"cover":[{"id":10081,"hp":1}]
	},
	{
	"x":7,"y":1,"dir":4,"pieceid":0,"cover":[{"id":10081,"hp":1}]
	},
	{
	"x":7,"y":9,"dir":4,"pieceid":0},
	{
	"x":7,"y":10,"dir":4},
	{
	"x":7,"y":11,"dir":4},
	{
	"x":7,"y":12,"dir":4},
	{
	"x":7,"y":13,"dir":4,"gatefrom":[
	7,16]
	},
	{
	"x":8,"y":0,"dir":4,"pieceid":0,"cover":[{"id":10081,"hp":1}]
	},
	{
	"x":8,"y":1,"dir":4,"pieceid":0,"cover":[{"id":10081,"hp":1}]
	},
	{
	"x":3,"y":18,"dir":4,"pieceid":1001},
	{
	"x":3,"y":19,"dir":4,"pieceid":0,"entry":true},
	{
	"x":4,"y":19,"dir":4,"pieceid":1001,"entry":true},
	{
	"x":5,"y":0,"dir":4,"pieceid":0,"cover":[{"id":10081,"hp":1}]
	},
	{
	"x":6,"y":1,"dir":4,"pieceid":0,"cover":[{"id":10081,"hp":1}]
	},
	{
	"x":7,"y":2,"dir":4,"pieceid":0,"cover":[{"id":10081,"hp":1}]
	},
	{
	"x":8,"y":3,"dir":4,"pieceid":0,"cover":[{"id":10081,"hp":1}]
	}]
	}}