{
	"level":332,
"steps":25,
"showWindTime":10,
"description":"dialog001",
"flag":[
	"难度，待定"]
	,
"guide":[
	"新手引导，待定"]
	,
"board":{
	
"width":9,
"height":11,
"picieDefult":"1001|100;1002|100;1003|100;1004|100;1005|100;1006|100",
"entryDefult":"1001|100;1002|100;1003|100;1004|100;1005|100;1006|100",
"screens":[
	{
	"id":1,"lefttop":[
	0,0]
	,"rightbottom":[
	8,10]
	,
	"goals":[
	{
	"id":101,"num":74,"type":2}]
	}]
	,

"grid":[
	{
	"x":0,"y":0,"dir":1,"pieceid":0,"entry":true},
	{
	"x":8,"y":0,"dir":1,"pieceid":0,"cover":[{"id":11011,"hp":3}]
	,"floor":{"id":101,"hp":1}},
	{
	"x":0,"y":1,"dir":1,"pieceid":0,"entry":true},
	{
	"x":1,"y":1,"dir":1,"pieceid":0},
	{
	"x":2,"y":1,"dir":1,"pieceid":0},
	{
	"x":6,"y":1,"dir":1,"pieceid":1001,"cover":[{"id":10011,"hp":1}]
	},
	{
	"x":7,"y":1,"dir":1,"pieceid":0,"cover":[{"id":11011,"hp":3}]
	},
	{
	"x":8,"y":1,"dir":1,"pieceid":1001,"cover":[{"id":10011,"hp":1}]
	,"floor":{"id":101,"hp":1}},
	{
	"x":0,"y":2,"dir":1,"pieceid":0,"entry":true},
	{
	"x":1,"y":2,"dir":1,"pieceid":0},
	{
	"x":2,"y":2,"dir":1,"pieceid":0},
	{
	"x":6,"y":2,"dir":1,"pieceid":0,"cover":[{"id":11011,"hp":3}]
	},
	{
	"x":7,"y":2,"dir":1,"pieceid":1001,"cover":[{"id":10011,"hp":1}]
	},
	{
	"x":8,"y":2,"dir":1,"pieceid":0,"cover":[{"id":11011,"hp":3}]
	,"floor":{"id":101,"hp":1}},
	{
	"x":0,"y":3,"dir":1,"pieceid":0,"entry":true},
	{
	"x":1,"y":3,"dir":1,"pieceid":0},
	{
	"x":2,"y":3,"dir":1,"pieceid":0},
	{
	"x":3,"y":3,"dir":1,"pieceid":0,"gateto":[
	5,7]
	},
	{
	"x":5,"y":3,"dir":1,"pieceid":0,"gatefrom":[
	3,7]
	,"cover":[{"id":11011,"hp":3}]
	,"floor":{"id":101,"hp":1}},
	{
	"x":6,"y":3,"dir":1,"pieceid":1001,"cover":[{"id":10011,"hp":1}]
	},
	{
	"x":7,"y":3,"dir":1,"pieceid":0,"cover":[{"id":11011,"hp":3}]
	},
	{
	"x":8,"y":3,"dir":1,"pieceid":1001,"cover":[{"id":10011,"hp":1}]
	,"floor":{"id":101,"hp":1}},
	{
	"x":0,"y":4,"dir":1,"pieceid":0,"cover":[{"id":11011,"hp":2}]
	,"entry":true,"floor":{"id":101,"hp":1}},
	{
	"x":1,"y":4,"dir":1,"pieceid":0},
	{
	"x":2,"y":4,"dir":1,"pieceid":0},
	{
	"x":3,"y":4,"dir":1,"pieceid":0,"gateto":[
	5,8]
	},
	{
	"x":5,"y":4,"dir":1,"pieceid":0,"gatefrom":[
	3,8]
	,"cover":[{"id":10011,"hp":1}]
	,"floor":{"id":101,"hp":1}},
	{
	"x":6,"y":4,"dir":1,"pieceid":0,"cover":[{"id":11011,"hp":3}]
	},
	{
	"x":7,"y":4,"dir":1,"pieceid":1001,"cover":[{"id":10011,"hp":1}]
	},
	{
	"x":8,"y":4,"dir":1,"pieceid":0,"cover":[{"id":11011,"hp":3}]
	,"floor":{"id":101,"hp":1}},
	{
	"x":0,"y":5,"dir":1,"pieceid":1002,"cover":[{"id":10011,"hp":1}]
	,"entry":true,"floor":{"id":101,"hp":1}},
	{
	"x":1,"y":5,"dir":1,"pieceid":0,"cover":[{"id":11011,"hp":2}]
	},
	{
	"x":2,"y":5,"dir":1,"pieceid":1002,"cover":[{"id":10011,"hp":1}]
	},
	{
	"x":6,"y":5,"dir":1,"pieceid":1001,"cover":[{"id":10011,"hp":1}]
	},
	{
	"x":7,"y":5,"dir":1,"pieceid":0,"cover":[{"id":11011,"hp":3}]
	},
	{
	"x":8,"y":5,"dir":1,"pieceid":1001,"cover":[{"id":10011,"hp":1}]
	,"floor":{"id":101,"hp":1}},
	{
	"x":0,"y":6,"dir":1,"pieceid":0,"cover":[{"id":11011,"hp":2}]
	,"entry":true,"floor":{"id":101,"hp":1}},
	{
	"x":1,"y":6,"dir":1,"pieceid":1002,"cover":[{"id":10011,"hp":1}]
	},
	{
	"x":2,"y":6,"dir":1,"pieceid":0,"cover":[{"id":11011,"hp":2}]
	},
	{
	"x":3,"y":6,"dir":1,"pieceid":1002,"gateto":[
	5,2]
	,"cover":[{"id":10011,"hp":1}]
	,"floor":{"id":101,"hp":1}},
	{
	"x":5,"y":6,"dir":1,"pieceid":0,"gatefrom":[
	3,2]
	},
	{
	"x":6,"y":6,"dir":1,"pieceid":0,"cover":[{"id":11011,"hp":3}]
	},
	{
	"x":7,"y":6,"dir":1,"pieceid":1001,"cover":[{"id":10011,"hp":1}]
	},
	{
	"x":8,"y":6,"dir":1,"pieceid":0,"cover":[{"id":11011,"hp":3}]
	,"floor":{"id":101,"hp":1}},
	{
	"x":0,"y":7,"dir":1,"pieceid":1002,"cover":[{"id":10011,"hp":1}]
	,"entry":true,"floor":{"id":101,"hp":1}},
	{
	"x":1,"y":7,"dir":1,"pieceid":0,"cover":[{"id":11011,"hp":2}]
	},
	{
	"x":2,"y":7,"dir":1,"pieceid":1002,"cover":[{"id":10011,"hp":1}]
	},
	{
	"x":3,"y":7,"dir":1,"pieceid":0,"gateto":[
	5,3]
	,"cover":[{"id":11011,"hp":2}]
	,"floor":{"id":101,"hp":1}},
	{
	"x":5,"y":7,"dir":1,"pieceid":0,"gatefrom":[
	3,3]
	},
	{
	"x":6,"y":7,"dir":1,"pieceid":0},
	{
	"x":7,"y":7,"dir":1,"pieceid":0,"cover":[{"id":11011,"hp":3}]
	},
	{
	"x":8,"y":7,"dir":1,"pieceid":1001,"cover":[{"id":10011,"hp":1}]
	,"floor":{"id":101,"hp":1}},
	{
	"x":0,"y":8,"dir":1,"pieceid":0,"cover":[{"id":11011,"hp":2}]
	,"entry":true,"floor":{"id":101,"hp":1}},
	{
	"x":1,"y":8,"dir":1,"pieceid":1002,"cover":[{"id":10011,"hp":1}]
	},
	{
	"x":2,"y":8,"dir":1,"pieceid":0,"cover":[{"id":11011,"hp":2}]
	},
	{
	"x":3,"y":8,"dir":1,"pieceid":1002,"gateto":[
	5,4]
	,"cover":[{"id":10011,"hp":1}]
	,"floor":{"id":101,"hp":1}},
	{
	"x":5,"y":8,"dir":1,"pieceid":0,"gatefrom":[
	3,4]
	},
	{
	"x":6,"y":8,"dir":1,"pieceid":0},
	{
	"x":7,"y":8,"dir":1,"pieceid":0},
	{
	"x":8,"y":8,"dir":1,"pieceid":0,"cover":[{"id":11011,"hp":3}]
	,"floor":{"id":101,"hp":1}},
	{
	"x":0,"y":9,"dir":1,"pieceid":1002,"cover":[{"id":10011,"hp":1}]
	,"entry":true,"floor":{"id":101,"hp":1}},
	{
	"x":1,"y":9,"dir":1,"pieceid":0,"cover":[{"id":11011,"hp":2}]
	},
	{
	"x":2,"y":9,"dir":1,"pieceid":1002,"cover":[{"id":10011,"hp":1}]
	},
	{
	"x":6,"y":9,"dir":1,"pieceid":0},
	{
	"x":7,"y":9,"dir":1,"pieceid":0},
	{
	"x":8,"y":9,"dir":1,"pieceid":0},
	{
	"x":0,"y":10,"dir":1,"pieceid":0,"cover":[{"id":11011,"hp":2}]
	,"entry":true,"floor":{"id":101,"hp":1}},
	{
	"x":1,"y":10,"dir":1,"pieceid":1002,"cover":[{"id":10011,"hp":1}]
	},
	{
	"x":7,"y":10,"dir":1,"pieceid":0},
	{
	"x":8,"y":10,"dir":1,"pieceid":0},
	{
	"x":1,"y":0,"dir":1,"pieceid":0},
	{
	"x":3,"y":2,"dir":1,"pieceid":0,"gateto":[
	5,6]
	},
	{
	"x":5,"y":2,"dir":1,"pieceid":0,"gatefrom":[
	3,6]
	,"cover":[{"id":10011,"hp":1}]
	,"floor":{"id":101,"hp":1}},
	{
	"x":7,"y":0,"dir":1,"pieceid":1001,"cover":[{"id":10011,"hp":1}]
	}]
	}}