{
	"level":335,
"steps":35,
"showWindTime":10,
"description":"dialog001",
"flag":[
	"难度，待定"]
	,
"guide":[
	"新手引导，待定"]
	,
"board":{
	
"width":18,
"height":11,
"picieDefult":"1001|100;1002|100;1003|100;1004|100;1005|100;1006|100",
"entryDefult":"1001|100;1002|100;1003|100;1004|100;1005|100;1006|100",
"screens":[
	{
	"id":1,"lefttop":[
	0,0]
	,"rightbottom":[
	8,10]
	,
	"goals":[
	{
	"id":111,"num":78,"type":3},
	{
	"id":10061,"num":21,"type":1}]
	},
	{
	"id":2,"lefttop":[
	9,0]
	,"rightbottom":[
	17,10]
	,
	"goals":[
	{
	"id":111,"num":78,"type":3},
	{
	"id":10061,"num":23,"type":1}]
	}]
	,

"grid":[
	{
	"x":0,"y":0,"dir":2,"pieceid":0,"cover":[{"id":10011,"hp":1}]
	,"floor":{"id":111,"hp":1}},
	{
	"x":1,"y":0,"dir":3,"pieceid":0,"cover":[{"id":10061,"hp":1}]
	,"floor":{"id":111,"hp":1}},
	{
	"x":2,"y":0,"dir":3,"pieceid":0,"cover":[{"id":10011,"hp":1}]
	,"floor":{"id":111,"hp":1}},
	{
	"x":3,"y":0,"dir":3,"pieceid":0,"cover":[{"id":10061,"hp":1}]
	,"floor":{"id":111,"hp":1}},
	{
	"x":4,"y":0,"dir":3,"pieceid":0,"cover":[{"id":10011,"hp":1}]
	,"floor":{"id":111,"hp":1}},
	{
	"x":5,"y":0,"dir":3,"pieceid":0,"cover":[{"id":10061,"hp":1}]
	,"floor":{"id":111,"hp":1}},
	{
	"x":6,"y":0,"dir":3,"pieceid":0,"cover":[{"id":10011,"hp":1}]
	,"floor":{"id":111,"hp":1}},
	{
	"x":7,"y":0,"dir":3,"pieceid":0,"cover":[{"id":10061,"hp":1}]
	,"entry":true,"floor":{"id":111,"hp":1}},
	{
	"x":0,"y":1,"dir":2,"pieceid":0,"cover":[{"id":10061,"hp":1}]
	,"floor":{"id":111,"hp":1}},
	{
	"x":1,"y":1,"dir":2,"pieceid":0,"cover":[{"id":10011,"hp":1}]
	,"floor":{"id":111,"hp":1}},
	{
	"x":2,"y":1,"dir":3,"pieceid":0,"cover":[{"id":10061,"hp":1}]
	,"floor":{"id":111,"hp":1}},
	{
	"x":3,"y":1,"dir":3,"pieceid":0,"cover":[{"id":10011,"hp":1}]
	,"floor":{"id":111,"hp":1}},
	{
	"x":4,"y":1,"dir":3,"pieceid":0,"cover":[{"id":10061,"hp":1}]
	,"floor":{"id":111,"hp":1}},
	{
	"x":5,"y":1,"dir":3,"pieceid":0,"cover":[{"id":10011,"hp":1}]
	,"floor":{"id":111,"hp":1}},
	{
	"x":6,"y":1,"dir":3,"pieceid":0,"cover":[{"id":10061,"hp":1}]
	,"floor":{"id":111,"hp":1}},
	{
	"x":7,"y":1,"dir":3,"pieceid":0,"cover":[{"id":10011,"hp":1}]
	,"entry":true,"floor":{"id":111,"hp":1}},
	{
	"x":0,"y":2,"dir":2,"pieceid":0,"cover":[{"id":10011,"hp":1}]
	,"floor":{"id":111,"hp":1}},
	{
	"x":1,"y":2,"dir":2,"pieceid":0,"cover":[{"id":10061,"hp":1}]
	,"floor":{"id":111,"hp":1}},
	{
	"x":2,"y":2,"dir":2,"pieceid":0,"cover":[{"id":10011,"hp":1}]
	,"floor":{"id":111,"hp":1}},
	{
	"x":3,"y":2,"dir":3,"pieceid":0,"cover":[{"id":10061,"hp":1}]
	,"floor":{"id":111,"hp":1}},
	{
	"x":4,"y":2,"dir":3,"pieceid":0,"cover":[{"id":10011,"hp":1}]
	,"floor":{"id":111,"hp":1}},
	{
	"x":5,"y":2,"dir":3,"pieceid":0,"cover":[{"id":10061,"hp":1}]
	,"floor":{"id":111,"hp":1}},
	{
	"x":6,"y":2,"dir":3,"pieceid":0,"cover":[{"id":10011,"hp":1}]
	,"floor":{"id":111,"hp":1}},
	{
	"x":7,"y":2,"dir":3,"pieceid":1004,"cover":[{"id":10061,"hp":1}]
	,"entry":true,"floor":{"id":111,"hp":1}},
	{
	"x":0,"y":3,"dir":2,"pieceid":0,"cover":[{"id":10061,"hp":1}]
	,"floor":{"id":111,"hp":1}},
	{
	"x":1,"y":3,"dir":2,"pieceid":0,"cover":[{"id":10011,"hp":1}]
	,"floor":{"id":111,"hp":1}},
	{
	"x":2,"y":3,"dir":2,"pieceid":0,"cover":[{"id":10061,"hp":1}]
	,"floor":{"id":111,"hp":1}},
	{
	"x":0,"y":4,"dir":2,"pieceid":0,"cover":[{"id":10011,"hp":1}]
	,"floor":{"id":111,"hp":1}},
	{
	"x":1,"y":4,"dir":2,"pieceid":0,"cover":[{"id":10061,"hp":1}]
	,"floor":{"id":111,"hp":1}},
	{
	"x":2,"y":4,"dir":2,"pieceid":0,"cover":[{"id":10011,"hp":1}]
	,"floor":{"id":111,"hp":1}},
	{
	"x":0,"y":5,"dir":2,"pieceid":0,"cover":[{"id":10061,"hp":1}]
	,"floor":{"id":111,"hp":1}},
	{
	"x":1,"y":5,"dir":2,"pieceid":0,"cover":[{"id":10011,"hp":1}]
	,"floor":{"id":111,"hp":1}},
	{
	"x":2,"y":5,"dir":2,"pieceid":0,"cover":[{"id":10061,"hp":1}]
	,"floor":{"id":111,"hp":1}},
	{
	"x":3,"y":5,"dir":1,"pieceid":0,"cover":[{"id":10011,"hp":1}]
	,"floor":{"id":111,"hp":1}},
	{
	"x":4,"y":5,"dir":1,"pieceid":0,"cover":[{"id":10061,"hp":1}]
	,"floor":{"id":111,"hp":1}},
	{
	"x":5,"y":5,"dir":2,"pieceid":0,"cover":[{"id":10011,"hp":1}]
	,"floor":{"id":111,"hp":1}},
	{
	"x":0,"y":6,"dir":2,"pieceid":0,"cover":[{"id":10011,"hp":1}]
	,"floor":{"id":111,"hp":1}},
	{
	"x":1,"y":6,"dir":2,"pieceid":0,"cover":[{"id":10061,"hp":1}]
	,"floor":{"id":111,"hp":1}},
	{
	"x":2,"y":6,"dir":1,"pieceid":0,"cover":[{"id":10011,"hp":1}]
	,"floor":{"id":111,"hp":1}},
	{
	"x":3,"y":6,"dir":1,"pieceid":0,"cover":[{"id":10061,"hp":1}]
	,"floor":{"id":111,"hp":1}},
	{
	"x":4,"y":6,"dir":1,"pieceid":0,"cover":[{"id":10011,"hp":1}]
	,"floor":{"id":111,"hp":1}},
	{
	"x":5,"y":6,"dir":1,"pieceid":0,"cover":[{"id":10061,"hp":1}]
	,"floor":{"id":111,"hp":1}},
	{
	"x":6,"y":6,"dir":1,"pieceid":0,"cover":[{"id":10011,"hp":1}]
	,"floor":{"id":111,"hp":1}},
	{
	"x":0,"y":7,"dir":2,"pieceid":0,"floor":{"id":111,"hp":1}},
	{
	"x":1,"y":7,"dir":2,"pieceid":0,"floor":{"id":111,"hp":1}},
	{
	"x":2,"y":7,"dir":1,"pieceid":0,"floor":{"id":111,"hp":1}},
	{
	"x":3,"y":7,"dir":1,"pieceid":0,"floor":{"id":111,"hp":1}},
	{
	"x":4,"y":7,"dir":1,"pieceid":0,"floor":{"id":111,"hp":1}},
	{
	"x":5,"y":7,"dir":1,"pieceid":0,"floor":{"id":111,"hp":1}},
	{
	"x":6,"y":7,"dir":1,"pieceid":0,"floor":{"id":111,"hp":1}},
	{
	"x":7,"y":7,"dir":1,"pieceid":0,"floor":{"id":111,"hp":1}},
	{
	"x":0,"y":8,"dir":2,"pieceid":0,"floor":{"id":111,"hp":1}},
	{
	"x":1,"y":8,"dir":1,"pieceid":0,"floor":{"id":111,"hp":1}},
	{
	"x":2,"y":8,"dir":1,"pieceid":0,"floor":{"id":111,"hp":1}},
	{
	"x":3,"y":8,"dir":1,"pieceid":0,"floor":{"id":111,"hp":1}},
	{
	"x":4,"y":8,"dir":1,"pieceid":0,"floor":{"id":111,"hp":1}},
	{
	"x":5,"y":8,"dir":1,"pieceid":0,"floor":{"id":111,"hp":1}},
	{
	"x":6,"y":8,"dir":1,"pieceid":0,"floor":{"id":111,"hp":1}},
	{
	"x":7,"y":8,"dir":1,"pieceid":0,"floor":{"id":111,"hp":1}},
	{
	"x":8,"y":8,"dir":1,"pieceid":0,"floor":{"id":111,"hp":1}},
	{
	"x":0,"y":9,"dir":2,"pieceid":0,"floor":{"id":111,"hp":1}},
	{
	"x":1,"y":9,"dir":1,"pieceid":0,"floor":{"id":111,"hp":1}},
	{
	"x":2,"y":9,"dir":1,"pieceid":0,"floor":{"id":111,"hp":1}},
	{
	"x":3,"y":9,"dir":1,"pieceid":0,"floor":{"id":111,"hp":1}},
	{
	"x":4,"y":9,"dir":1,"pieceid":0,"floor":{"id":111,"hp":1}},
	{
	"x":5,"y":9,"dir":1,"pieceid":0,"floor":{"id":111,"hp":1}},
	{
	"x":6,"y":9,"dir":1,"pieceid":0,"floor":{"id":111,"hp":1}},
	{
	"x":7,"y":9,"dir":1,"pieceid":0,"floor":{"id":111,"hp":1}},
	{
	"x":8,"y":9,"dir":1,"pieceid":0,"floor":{"id":111,"hp":1}},
	{
	"x":0,"y":10,"dir":1,"pieceid":0,"floor":{"id":111,"hp":1}},
	{
	"x":1,"y":10,"dir":1,"pieceid":0,"floor":{"id":111,"hp":1}},
	{
	"x":2,"y":10,"dir":1,"pieceid":0,"floor":{"id":111,"hp":1}},
	{
	"x":3,"y":10,"dir":1,"pieceid":0,"floor":{"id":111,"hp":1}},
	{
	"x":4,"y":10,"dir":1,"pieceid":0,"floor":{"id":111,"hp":1}},
	{
	"x":5,"y":10,"dir":1,"pieceid":0,"floor":{"id":111,"hp":1}},
	{
	"x":6,"y":10,"dir":1,"pieceid":0,"floor":{"id":111,"hp":1}},
	{
	"x":7,"y":10,"dir":1,"pieceid":0,"floor":{"id":111,"hp":1}},
	{
	"x":8,"y":10,"dir":1,"pieceid":0,"floor":{"id":111,"hp":1}},
	{
	"x":9,"y":8,"dir":1,"pieceid":0,"cover":[{"id":10011,"hp":1}]
	,"floor":{"id":111,"hp":1}},
	{
	"x":9,"y":9,"dir":1,"pieceid":0,"cover":[{"id":10061,"hp":1}]
	,"floor":{"id":111,"hp":1}},
	{
	"x":9,"y":10,"dir":1,"pieceid":0,"cover":[{"id":10011,"hp":1}]
	,"floor":{"id":111,"hp":1}},
	{
	"x":10,"y":7,"dir":1,"pieceid":0,"cover":[{"id":10011,"hp":1}]
	,"floor":{"id":111,"hp":1}},
	{
	"x":10,"y":8,"dir":1,"pieceid":0,"cover":[{"id":10061,"hp":1}]
	,"floor":{"id":111,"hp":1}},
	{
	"x":10,"y":9,"dir":1,"pieceid":0,"cover":[{"id":10011,"hp":1}]
	,"floor":{"id":111,"hp":1}},
	{
	"x":10,"y":10,"dir":1,"pieceid":0,"cover":[{"id":10061,"hp":1}]
	,"floor":{"id":111,"hp":1}},
	{
	"x":11,"y":6,"dir":1,"pieceid":0,"cover":[{"id":10011,"hp":1}]
	,"floor":{"id":111,"hp":1}},
	{
	"x":11,"y":7,"dir":1,"pieceid":0,"cover":[{"id":10061,"hp":1}]
	,"floor":{"id":111,"hp":1}},
	{
	"x":11,"y":8,"dir":1,"pieceid":0,"cover":[{"id":10011,"hp":1}]
	,"floor":{"id":111,"hp":1}},
	{
	"x":11,"y":9,"dir":1,"pieceid":0,"cover":[{"id":10061,"hp":1}]
	,"floor":{"id":111,"hp":1}},
	{
	"x":11,"y":10,"dir":1,"pieceid":0,"cover":[{"id":10011,"hp":1}]
	,"floor":{"id":111,"hp":1}},
	{
	"x":12,"y":5,"dir":1,"pieceid":0,"cover":[{"id":10011,"hp":1}]
	,"floor":{"id":111,"hp":1}},
	{
	"x":12,"y":6,"dir":1,"pieceid":0,"cover":[{"id":10061,"hp":1}]
	,"floor":{"id":111,"hp":1}},
	{
	"x":12,"y":7,"dir":1,"pieceid":0,"cover":[{"id":10011,"hp":1}]
	,"floor":{"id":111,"hp":1}},
	{
	"x":12,"y":8,"dir":1,"pieceid":0,"cover":[{"id":10061,"hp":1}]
	,"floor":{"id":111,"hp":1}},
	{
	"x":12,"y":9,"dir":1,"pieceid":0,"cover":[{"id":10011,"hp":1}]
	,"floor":{"id":111,"hp":1}},
	{
	"x":12,"y":10,"dir":1,"pieceid":0,"cover":[{"id":10061,"hp":1}]
	,"floor":{"id":111,"hp":1}},
	{
	"x":13,"y":0,"dir":3,"pieceid":0,"floor":{"id":111,"hp":1}},
	{
	"x":13,"y":1,"dir":3,"pieceid":0,"floor":{"id":111,"hp":1}},
	{
	"x":13,"y":2,"dir":3,"pieceid":0,"floor":{"id":111,"hp":1}},
	{
	"x":13,"y":5,"dir":1,"pieceid":0,"cover":[{"id":10061,"hp":1}]
	,"floor":{"id":111,"hp":1}},
	{
	"x":13,"y":6,"dir":1,"pieceid":0,"cover":[{"id":10011,"hp":1}]
	,"floor":{"id":111,"hp":1}},
	{
	"x":13,"y":7,"dir":1,"pieceid":0,"cover":[{"id":10061,"hp":1}]
	,"floor":{"id":111,"hp":1}},
	{
	"x":13,"y":8,"dir":1,"pieceid":0,"cover":[{"id":10011,"hp":1}]
	,"floor":{"id":111,"hp":1}},
	{
	"x":13,"y":9,"dir":1,"pieceid":0,"cover":[{"id":10061,"hp":1}]
	,"floor":{"id":111,"hp":1}},
	{
	"x":13,"y":10,"dir":1,"pieceid":0,"cover":[{"id":10011,"hp":1}]
	,"floor":{"id":111,"hp":1}},
	{
	"x":14,"y":0,"dir":3,"pieceid":0,"floor":{"id":111,"hp":1}},
	{
	"x":14,"y":1,"dir":3,"pieceid":0,"floor":{"id":111,"hp":1}},
	{
	"x":14,"y":2,"dir":3,"pieceid":0,"floor":{"id":111,"hp":1}},
	{
	"x":14,"y":5,"dir":1,"pieceid":0,"cover":[{"id":10011,"hp":1}]
	,"floor":{"id":111,"hp":1}},
	{
	"x":14,"y":6,"dir":1,"pieceid":0,"cover":[{"id":10061,"hp":1}]
	,"floor":{"id":111,"hp":1}},
	{
	"x":14,"y":7,"dir":1,"pieceid":0,"cover":[{"id":10011,"hp":1}]
	,"floor":{"id":111,"hp":1}},
	{
	"x":14,"y":8,"dir":1,"pieceid":0,"cover":[{"id":10061,"hp":1}]
	,"floor":{"id":111,"hp":1}},
	{
	"x":14,"y":9,"dir":1,"pieceid":0,"cover":[{"id":10011,"hp":1}]
	,"floor":{"id":111,"hp":1}},
	{
	"x":14,"y":10,"dir":1,"pieceid":0,"cover":[{"id":10061,"hp":1}]
	,"floor":{"id":111,"hp":1}},
	{
	"x":15,"y":0,"dir":3,"pieceid":0,"floor":{"id":111,"hp":1}},
	{
	"x":15,"y":1,"dir":3,"pieceid":0,"floor":{"id":111,"hp":1}},
	{
	"x":15,"y":2,"dir":3,"pieceid":0,"floor":{"id":111,"hp":1}},
	{
	"x":15,"y":3,"dir":4,"pieceid":0,"floor":{"id":111,"hp":1}},
	{
	"x":15,"y":4,"dir":4,"pieceid":0,"floor":{"id":111,"hp":1}},
	{
	"x":15,"y":5,"dir":4,"pieceid":0,"cover":[{"id":10061,"hp":1}]
	,"floor":{"id":111,"hp":1}},
	{
	"x":15,"y":6,"dir":4,"pieceid":0,"cover":[{"id":10011,"hp":1}]
	,"floor":{"id":111,"hp":1}},
	{
	"x":15,"y":7,"dir":4,"pieceid":0,"cover":[{"id":10061,"hp":1}]
	,"floor":{"id":111,"hp":1}},
	{
	"x":15,"y":8,"dir":4,"pieceid":0,"cover":[{"id":10011,"hp":1}]
	,"floor":{"id":111,"hp":1}},
	{
	"x":15,"y":9,"dir":1,"pieceid":0,"cover":[{"id":10061,"hp":1}]
	,"floor":{"id":111,"hp":1}},
	{
	"x":15,"y":10,"dir":1,"pieceid":0,"cover":[{"id":10011,"hp":1}]
	,"floor":{"id":111,"hp":1}},
	{
	"x":16,"y":0,"dir":3,"pieceid":0,"floor":{"id":111,"hp":1}},
	{
	"x":16,"y":1,"dir":3,"pieceid":0,"floor":{"id":111,"hp":1}},
	{
	"x":16,"y":2,"dir":4,"pieceid":0,"floor":{"id":111,"hp":1}},
	{
	"x":16,"y":3,"dir":4,"pieceid":0,"floor":{"id":111,"hp":1}},
	{
	"x":16,"y":4,"dir":4,"pieceid":0,"floor":{"id":111,"hp":1}},
	{
	"x":16,"y":5,"dir":4,"pieceid":0,"cover":[{"id":10011,"hp":1}]
	,"floor":{"id":111,"hp":1}},
	{
	"x":16,"y":6,"dir":4,"pieceid":0,"cover":[{"id":10061,"hp":1}]
	,"floor":{"id":111,"hp":1}},
	{
	"x":16,"y":7,"dir":4,"pieceid":0,"cover":[{"id":10011,"hp":1}]
	,"floor":{"id":111,"hp":1}},
	{
	"x":16,"y":8,"dir":4,"pieceid":0,"cover":[{"id":10061,"hp":1}]
	,"floor":{"id":111,"hp":1}},
	{
	"x":16,"y":9,"dir":4,"pieceid":0,"cover":[{"id":10011,"hp":1}]
	,"floor":{"id":111,"hp":1}},
	{
	"x":16,"y":10,"dir":1,"pieceid":0,"cover":[{"id":10061,"hp":1}]
	,"floor":{"id":111,"hp":1}},
	{
	"x":17,"y":0,"dir":3,"pieceid":0,"floor":{"id":111,"hp":1}},
	{
	"x":17,"y":1,"dir":4,"pieceid":0,"floor":{"id":111,"hp":1}},
	{
	"x":17,"y":2,"dir":4,"pieceid":0,"floor":{"id":111,"hp":1}},
	{
	"x":17,"y":3,"dir":4,"pieceid":0,"floor":{"id":111,"hp":1}},
	{
	"x":17,"y":4,"dir":4,"pieceid":0,"floor":{"id":111,"hp":1}},
	{
	"x":17,"y":5,"dir":4,"pieceid":0,"cover":[{"id":10061,"hp":1}]
	,"floor":{"id":111,"hp":1}},
	{
	"x":17,"y":6,"dir":4,"pieceid":0,"cover":[{"id":10011,"hp":1}]
	,"floor":{"id":111,"hp":1}},
	{
	"x":17,"y":7,"dir":4,"pieceid":0,"cover":[{"id":10061,"hp":1}]
	,"floor":{"id":111,"hp":1}},
	{
	"x":17,"y":8,"dir":4,"pieceid":0,"cover":[{"id":10011,"hp":1}]
	,"floor":{"id":111,"hp":1}},
	{
	"x":17,"y":9,"dir":4,"pieceid":0,"cover":[{"id":10061,"hp":1}]
	,"floor":{"id":111,"hp":1}},
	{
	"x":17,"y":10,"dir":4,"pieceid":0,"cover":[{"id":10011,"hp":1}]
	,"floor":{"id":111,"hp":1}},
	{
	"x":10,"y":0,"dir":3,"pieceid":0,"floor":{"id":111,"hp":1}},
	{
	"x":10,"y":1,"dir":3,"pieceid":0,"floor":{"id":111,"hp":1}},
	{
	"x":10,"y":2,"dir":3,"pieceid":0,"floor":{"id":111,"hp":1}},
	{
	"x":11,"y":0,"dir":3,"pieceid":0,"floor":{"id":111,"hp":1}},
	{
	"x":11,"y":1,"dir":3,"pieceid":0,"floor":{"id":111,"hp":1}},
	{
	"x":11,"y":2,"dir":3,"pieceid":0,"floor":{"id":111,"hp":1}},
	{
	"x":12,"y":0,"dir":3,"pieceid":0,"floor":{"id":111,"hp":1}},
	{
	"x":12,"y":1,"dir":3,"pieceid":0,"floor":{"id":111,"hp":1}},
	{
	"x":12,"y":2,"dir":3,"pieceid":0,"floor":{"id":111,"hp":1}}]
	}}