{
	"level":340,
"steps":36,
"description":"dialog001",
"flag":[
	"难度，待定"]
	,
"guide":[
	"新手引导，待定"]
	,
"board":{
	
"width":9,
"height":22,
"picieDefult":"1001|100;1002|100;1003|100;1004|100;1005|100",
"entryDefult":"1001|100;1002|100;1003|100;1004|100;1005|100",
"screens":[
	{
	"id":1,"lefttop":[
	0,0]
	,"rightbottom":[
	8,10]
	,
	"goals":[
	{
	"id":1301,"num":20,"type":1}]
	},
	{
	"id":2,"lefttop":[
	0,11]
	,"rightbottom":[
	8,21]
	,
	"goals":[
	{
	"id":1201,"num":9,"type":1}]
	}]
	,

"grid":[
	{
	"x":0,"y":0,"dir":2,"pieceid":1201,"entry":true},
	{
	"x":1,"y":0,"dir":2,"pieceid":1201,"entry":true},
	{
	"x":2,"y":0,"dir":2,"pieceid":1201,"entry":true},
	{
	"x":6,"y":0,"dir":2,"pieceid":1201,"entry":true},
	{
	"x":7,"y":0,"dir":2,"pieceid":1201,"entry":true},
	{
	"x":8,"y":0,"dir":2,"pieceid":1201,"entry":true},
	{
	"x":0,"y":1,"dir":2,"pieceid":0},
	{
	"x":1,"y":1,"dir":2,"pieceid":0},
	{
	"x":2,"y":1,"dir":2,"pieceid":0},
	{
	"x":6,"y":1,"dir":2,"pieceid":0},
	{
	"x":7,"y":1,"dir":2,"pieceid":0},
	{
	"x":8,"y":1,"dir":2,"pieceid":0},
	{
	"x":0,"y":2,"dir":2,"pieceid":0,"cover":[{"id":11021,"hp":2}]
	},
	{
	"x":1,"y":2,"dir":2,"pieceid":0},
	{
	"x":2,"y":2,"dir":2,"pieceid":0},
	{
	"x":6,"y":2,"dir":2,"pieceid":0},
	{
	"x":7,"y":2,"dir":2,"pieceid":0},
	{
	"x":8,"y":2,"dir":2,"pieceid":0,"cover":[{"id":11021,"hp":2}]
	},
	{
	"x":0,"y":3,"dir":2,"pieceid":0,"cover":[{"id":11011,"hp":1}]
	},
	{
	"x":1,"y":3,"dir":2,"pieceid":0,"cover":[{"id":11021,"hp":2}]
	},
	{
	"x":2,"y":3,"dir":2,"pieceid":0},
	{
	"x":6,"y":3,"dir":2,"pieceid":0},
	{
	"x":7,"y":3,"dir":2,"pieceid":0,"cover":[{"id":11021,"hp":2}]
	},
	{
	"x":8,"y":3,"dir":2,"pieceid":0,"cover":[{"id":11011,"hp":1}]
	},
	{
	"x":0,"y":4,"dir":2,"pieceid":1301,"cover":[{"id":11021,"hp":2}]
	},
	{
	"x":1,"y":4,"dir":2,"pieceid":0,"cover":[{"id":11011,"hp":1}]
	,"gateto":[
	1,18]
	},
	{
	"x":2,"y":4,"dir":2,"pieceid":0,"cover":[{"id":11021,"hp":2}]
	,"gateto":[
	2,6]
	},
	{
	"x":6,"y":4,"dir":2,"pieceid":0,"cover":[{"id":11021,"hp":2}]
	,"gateto":[
	6,6]
	},
	{
	"x":7,"y":4,"dir":2,"pieceid":0,"cover":[{"id":11011,"hp":1}]
	,"gateto":[
	7,18]
	},
	{
	"x":8,"y":4,"dir":2,"pieceid":1301,"cover":[{"id":11021,"hp":2}]
	},
	{
	"x":0,"y":5,"dir":2,"pieceid":0,"cover":[{"id":11011,"hp":1}]
	},
	{
	"x":4,"y":5,"dir":2,"pieceid":0},
	{
	"x":8,"y":5,"dir":2,"pieceid":0,"cover":[{"id":11011,"hp":1}]
	},
	{
	"x":0,"y":6,"dir":2,"pieceid":1301,"cover":[{"id":11021,"hp":2}]
	},
	{
	"x":4,"y":6,"dir":2,"pieceid":0,"cover":[{"id":11011,"hp":1}]
	},
	{
	"x":8,"y":6,"dir":2,"pieceid":1301,"cover":[{"id":11021,"hp":2}]
	},
	{
	"x":0,"y":7,"dir":2,"pieceid":0,"cover":[{"id":11011,"hp":1}]
	},
	{
	"x":2,"y":7,"dir":2,"pieceid":1301,"cover":[{"id":11021,"hp":2}]
	},
	{
	"x":3,"y":7,"dir":2,"pieceid":0,"cover":[{"id":11011,"hp":1}]
	},
	{
	"x":4,"y":7,"dir":2,"pieceid":1301,"cover":[{"id":11021,"hp":2}]
	},
	{
	"x":5,"y":7,"dir":2,"pieceid":0,"cover":[{"id":11011,"hp":1}]
	},
	{
	"x":6,"y":7,"dir":2,"pieceid":1301,"cover":[{"id":11021,"hp":2}]
	},
	{
	"x":8,"y":7,"dir":2,"pieceid":0,"cover":[{"id":11011,"hp":1}]
	},
	{
	"x":0,"y":8,"dir":2,"pieceid":1301,"cover":[{"id":11021,"hp":2}]
	},
	{
	"x":2,"y":8,"dir":2,"pieceid":0,"cover":[{"id":11011,"hp":1}]
	},
	{
	"x":3,"y":8,"dir":2,"pieceid":1301,"cover":[{"id":11021,"hp":3}]
	},
	{
	"x":4,"y":8,"dir":2,"pieceid":0,"cover":[{"id":11011,"hp":1}]
	},
	{
	"x":5,"y":8,"dir":2,"pieceid":1301,"cover":[{"id":11021,"hp":3}]
	},
	{
	"x":6,"y":8,"dir":2,"pieceid":0,"cover":[{"id":11011,"hp":1}]
	},
	{
	"x":8,"y":8,"dir":2,"pieceid":1301,"cover":[{"id":11021,"hp":2}]
	},
	{
	"x":0,"y":9,"dir":2,"pieceid":0,"cover":[{"id":11011,"hp":1}]
	},
	{
	"x":2,"y":9,"dir":2,"pieceid":1301,"cover":[{"id":11021,"hp":3}]
	},
	{
	"x":3,"y":9,"dir":2,"pieceid":0,"cover":[{"id":11011,"hp":1}]
	},
	{
	"x":4,"y":9,"dir":2,"pieceid":1301,"cover":[{"id":11021,"hp":3}]
	},
	{
	"x":5,"y":9,"dir":2,"pieceid":0,"cover":[{"id":11011,"hp":1}]
	},
	{
	"x":6,"y":9,"dir":2,"pieceid":1301,"cover":[{"id":11021,"hp":3}]
	},
	{
	"x":8,"y":9,"dir":2,"pieceid":0,"cover":[{"id":11011,"hp":1}]
	},
	{
	"x":0,"y":10,"dir":2,"pieceid":1301,"cover":[{"id":11021,"hp":2}]
	},
	{
	"x":2,"y":10,"dir":2,"pieceid":0,"cover":[{"id":11011,"hp":1}]
	},
	{
	"x":3,"y":10,"dir":2,"pieceid":1301,"cover":[{"id":11021,"hp":3}]
	},
	{
	"x":4,"y":10,"dir":2,"pieceid":0,"cover":[{"id":11011,"hp":1}]
	},
	{
	"x":5,"y":10,"dir":2,"pieceid":1301,"cover":[{"id":11021,"hp":3}]
	},
	{
	"x":6,"y":10,"dir":2,"pieceid":1004,"cover":[{"id":11011,"hp":1}]
	},
	{
	"x":8,"y":10,"dir":2,"pieceid":1301,"cover":[{"id":11021,"hp":2}]
	},
	{
	"x":0,"y":11,"dir":2,"pieceid":0,"cover":[{"id":11011,"hp":1}]
	},
	{
	"x":2,"y":11,"dir":2,"pieceid":0},
	{
	"x":3,"y":11,"dir":2,"pieceid":0},
	{
	"x":4,"y":11,"dir":2,"pieceid":0},
	{
	"x":5,"y":11,"dir":2,"pieceid":0},
	{
	"x":6,"y":11,"dir":2,"pieceid":0},
	{
	"x":8,"y":11,"dir":2,"pieceid":0,"cover":[{"id":11011,"hp":1}]
	},
	{
	"x":0,"y":12,"dir":2,"pieceid":0,"cover":[{"id":11021,"hp":2}]
	},
	{
	"x":2,"y":12,"dir":2,"pieceid":0},
	{
	"x":3,"y":12,"dir":2,"pieceid":0},
	{
	"x":4,"y":12,"dir":2,"pieceid":0},
	{
	"x":5,"y":12,"dir":2,"pieceid":1002},
	{
	"x":6,"y":12,"dir":2,"pieceid":0},
	{
	"x":8,"y":12,"dir":2,"pieceid":0,"cover":[{"id":11021,"hp":2}]
	},
	{
	"x":0,"y":13,"dir":2,"pieceid":0,"cover":[{"id":11011,"hp":1}]
	},
	{
	"x":3,"y":13,"dir":2,"pieceid":1002},
	{
	"x":4,"y":13,"dir":2,"pieceid":1002},
	{
	"x":5,"y":13,"dir":2,"pieceid":0},
	{
	"x":8,"y":13,"dir":2,"pieceid":0,"cover":[{"id":11011,"hp":1}]
	},
	{
	"x":0,"y":14,"dir":2,"pieceid":0,"cover":[{"id":11021,"hp":2}]
	},
	{
	"x":3,"y":14,"dir":2,"pieceid":0,"cover":[{"id":11021,"hp":2}]
	},
	{
	"x":4,"y":14,"dir":2,"pieceid":0,"cover":[{"id":11021,"hp":2}]
	},
	{
	"x":5,"y":14,"dir":2,"pieceid":0,"cover":[{"id":11021,"hp":2}]
	},
	{
	"x":8,"y":14,"dir":2,"pieceid":0,"cover":[{"id":11021,"hp":2}]
	},
	{
	"x":0,"y":15,"dir":2,"pieceid":0,"cover":[{"id":11011,"hp":1}]
	},
	{
	"x":2,"y":15,"dir":2,"pieceid":0,"cover":[{"id":11021,"hp":2}]
	},
	{
	"x":3,"y":15,"dir":2,"pieceid":0,"cover":[{"id":11011,"hp":1}]
	},
	{
	"x":4,"y":15,"dir":2,"pieceid":0,"cover":[{"id":11011,"hp":1}]
	},
	{
	"x":5,"y":15,"dir":2,"pieceid":0,"cover":[{"id":11011,"hp":1}]
	},
	{
	"x":6,"y":15,"dir":2,"pieceid":0,"cover":[{"id":11021,"hp":2}]
	},
	{
	"x":8,"y":15,"dir":2,"pieceid":0,"cover":[{"id":11011,"hp":1}]
	},
	{
	"x":2,"y":16,"dir":2,"pieceid":0,"cover":[{"id":11021,"hp":2}]
	,"gateto":[
	2,18]
	},
	{
	"x":3,"y":16,"dir":2,"pieceid":0,"cover":[{"id":11021,"hp":2}]
	,"gateto":[
	3,18]
	},
	{
	"x":4,"y":16,"dir":2,"pieceid":0,"cover":[{"id":11021,"hp":2}]
	},
	{
	"x":5,"y":16,"dir":2,"pieceid":0,"cover":[{"id":11021,"hp":2}]
	,"gateto":[
	5,18]
	},
	{
	"x":6,"y":16,"dir":2,"pieceid":0,"cover":[{"id":11021,"hp":2}]
	,"gateto":[
	6,18]
	},
	{
	"x":4,"y":17,"dir":2,"pieceid":0},
	{
	"x":2,"y":18,"dir":2,"pieceid":0,"cover":[{"id":11021,"hp":2}]
	,"gatefrom":[
	2,16]
	},
	{
	"x":3,"y":18,"dir":2,"pieceid":0,"cover":[{"id":11011,"hp":1}]
	,"gatefrom":[
	3,16]
	},
	{
	"x":4,"y":18,"dir":2,"pieceid":0,"cover":[{"id":11021,"hp":2}]
	},
	{
	"x":5,"y":18,"dir":2,"pieceid":0,"cover":[{"id":11011,"hp":1}]
	,"gatefrom":[
	5,16]
	},
	{
	"x":6,"y":18,"dir":2,"pieceid":0,"cover":[{"id":11021,"hp":2}]
	,"gatefrom":[
	6,16]
	},
	{
	"x":2,"y":19,"dir":2,"pieceid":0,"cover":[{"id":11011,"hp":1}]
	},
	{
	"x":3,"y":19,"dir":2,"pieceid":0,"cover":[{"id":11021,"hp":2}]
	},
	{
	"x":4,"y":19,"dir":2,"pieceid":0,"cover":[{"id":11011,"hp":1}]
	},
	{
	"x":5,"y":19,"dir":2,"pieceid":0,"cover":[{"id":11021,"hp":2}]
	},
	{
	"x":6,"y":19,"dir":2,"pieceid":0,"cover":[{"id":11011,"hp":1}]
	},
	{
	"x":2,"y":20,"dir":2,"pieceid":0,"cover":[{"id":11021,"hp":2}]
	},
	{
	"x":3,"y":20,"dir":2,"pieceid":0,"cover":[{"id":11011,"hp":1}]
	},
	{
	"x":4,"y":20,"dir":2,"pieceid":0,"cover":[{"id":11021,"hp":2}]
	},
	{
	"x":5,"y":20,"dir":2,"pieceid":0,"cover":[{"id":11011,"hp":1}]
	},
	{
	"x":6,"y":20,"dir":2,"pieceid":0,"cover":[{"id":11021,"hp":2}]
	},
	{
	"x":2,"y":21,"dir":2,"pieceid":0,"cover":[{"id":11011,"hp":1}]
	,"exit":true},
	{
	"x":3,"y":21,"dir":2,"pieceid":0,"cover":[{"id":11021,"hp":2}]
	,"exit":true},
	{
	"x":4,"y":21,"dir":2,"pieceid":0,"cover":[{"id":11011,"hp":1}]
	,"exit":true},
	{
	"x":5,"y":21,"dir":2,"pieceid":0,"cover":[{"id":11021,"hp":2}]
	,"exit":true},
	{
	"x":6,"y":21,"dir":2,"pieceid":0,"cover":[{"id":11011,"hp":1}]
	,"exit":true},
	{
	"x":0,"y":16,"dir":2,"pieceid":0,"cover":[{"id":11021,"hp":2}]
	},
	{
	"x":0,"y":17,"dir":2,"pieceid":0,"cover":[{"id":11011,"hp":1}]
	},
	{
	"x":0,"y":18,"dir":2,"pieceid":0,"cover":[{"id":11021,"hp":2}]
	},
	{
	"x":0,"y":19,"dir":2,"pieceid":0,"cover":[{"id":11011,"hp":1}]
	},
	{
	"x":0,"y":20,"dir":2,"pieceid":0,"cover":[{"id":11021,"hp":2}]
	},
	{
	"x":0,"y":21,"dir":2,"pieceid":0,"cover":[{"id":11011,"hp":1}]
	,"exit":true},
	{
	"x":1,"y":18,"dir":2,"pieceid":0,"cover":[{"id":11011,"hp":1}]
	,"gatefrom":[
	1,4]
	},
	{
	"x":1,"y":19,"dir":2,"pieceid":0,"cover":[{"id":11021,"hp":2}]
	},
	{
	"x":1,"y":20,"dir":2,"pieceid":0,"cover":[{"id":11011,"hp":1}]
	},
	{
	"x":1,"y":21,"dir":2,"pieceid":0,"cover":[{"id":11021,"hp":2}]
	,"exit":true},
	{
	"x":2,"y":6,"dir":2,"pieceid":0,"cover":[{"id":11011,"hp":1}]
	,"gatefrom":[
	2,4]
	},
	{
	"x":2,"y":13,"dir":2,"pieceid":0},
	{
	"x":2,"y":14,"dir":2,"pieceid":0,"cover":[{"id":11021,"hp":2}]
	},
	{
	"x":3,"y":0,"dir":2,"pieceid":1201,"entry":true},
	{
	"x":3,"y":1,"dir":2,"pieceid":0},
	{
	"x":3,"y":2,"dir":2,"pieceid":0},
	{
	"x":3,"y":3,"dir":2,"pieceid":0},
	{
	"x":3,"y":4,"dir":2,"pieceid":0,"gateto":[
	3,6]
	},
	{
	"x":3,"y":6,"dir":2,"pieceid":1301,"cover":[{"id":11021,"hp":2}]
	,"gatefrom":[
	3,4]
	},
	{
	"x":4,"y":0,"dir":2,"pieceid":1201,"entry":true},
	{
	"x":4,"y":1,"dir":2,"pieceid":0},
	{
	"x":4,"y":2,"dir":2,"pieceid":0},
	{
	"x":4,"y":3,"dir":2,"pieceid":0},
	{
	"x":4,"y":4,"dir":2,"pieceid":0},
	{
	"x":5,"y":0,"dir":2,"pieceid":1201,"entry":true},
	{
	"x":5,"y":1,"dir":2,"pieceid":0},
	{
	"x":5,"y":2,"dir":2,"pieceid":0},
	{
	"x":5,"y":3,"dir":2,"pieceid":0},
	{
	"x":5,"y":4,"dir":2,"pieceid":0,"gateto":[
	5,6]
	},
	{
	"x":5,"y":6,"dir":2,"pieceid":1301,"cover":[{"id":11021,"hp":2}]
	,"gatefrom":[
	5,4]
	},
	{
	"x":6,"y":6,"dir":2,"pieceid":0,"cover":[{"id":11011,"hp":1}]
	,"gatefrom":[
	6,4]
	},
	{
	"x":6,"y":13,"dir":2,"pieceid":1002},
	{
	"x":6,"y":14,"dir":2,"pieceid":0,"cover":[{"id":11021,"hp":2}]
	},
	{
	"x":7,"y":18,"dir":2,"pieceid":0,"cover":[{"id":11011,"hp":1}]
	,"gatefrom":[
	7,4]
	},
	{
	"x":7,"y":19,"dir":2,"pieceid":0,"cover":[{"id":11021,"hp":2}]
	},
	{
	"x":7,"y":20,"dir":2,"pieceid":0,"cover":[{"id":11011,"hp":1}]
	},
	{
	"x":7,"y":21,"dir":2,"pieceid":0,"cover":[{"id":11021,"hp":2}]
	,"exit":true},
	{
	"x":8,"y":16,"dir":2,"pieceid":0,"cover":[{"id":11021,"hp":2}]
	},
	{
	"x":8,"y":17,"dir":2,"pieceid":0,"cover":[{"id":11011,"hp":1}]
	},
	{
	"x":8,"y":18,"dir":2,"pieceid":0,"cover":[{"id":11021,"hp":2}]
	},
	{
	"x":8,"y":19,"dir":2,"pieceid":0,"cover":[{"id":11011,"hp":1}]
	},
	{
	"x":8,"y":20,"dir":2,"pieceid":0,"cover":[{"id":11021,"hp":2}]
	},
	{
	"x":8,"y":21,"dir":2,"pieceid":0,"cover":[{"id":11011,"hp":1}]
	,"exit":true}]
	}}