{
	"level":345,
"steps":40,
"description":"dialog001",
"flag":[
	"难度，待定"]
	,
"guide":[
	"新手引导，待定"]
	,
"board":{
	
"width":9,
"height":22,
"picieDefult":"1001|100;1002|100;1003|100;1004|100;1005|100",
"entryDefult":"1001|100;1002|100;1003|100;1004|100;1005|100",
"screens":[
	{
	"id":1,"lefttop":[
	0,0]
	,"rightbottom":[
	8,10]
	,
	"goals":[
	{
	"id":10071,"num":15,"type":3}]
	},
	{
	"id":2,"lefttop":[
	0,11]
	,"rightbottom":[
	8,21]
	,
	"goals":[
	{
	"id":10081,"num":15,"type":3}]
	}]
	,

"grid":[
	{
	"x":0,"y":0,"dir":2,"pieceid":0,"entry":true},
	{
	"x":1,"y":0,"dir":2,"pieceid":0,"entry":true},
	{
	"x":2,"y":0,"dir":2,"pieceid":0,"entry":true},
	{
	"x":3,"y":0,"dir":2,"pieceid":0,"entry":true},
	{
	"x":4,"y":0,"dir":2,"pieceid":0,"entry":true},
	{
	"x":5,"y":0,"dir":2,"pieceid":0,"entry":true},
	{
	"x":6,"y":0,"dir":2,"pieceid":0,"entry":true},
	{
	"x":7,"y":0,"dir":2,"pieceid":0,"entry":true},
	{
	"x":8,"y":0,"dir":2,"pieceid":0,"entry":true},
	{
	"x":0,"y":1,"dir":2,"pieceid":0},
	{
	"x":1,"y":1,"dir":2,"pieceid":0},
	{
	"x":2,"y":1,"dir":2,"pieceid":0,"gateto":[
	2,9]
	},
	{
	"x":3,"y":1,"dir":2,"pieceid":0,"gateto":[
	3,3]
	},
	{
	"x":4,"y":1,"dir":2,"pieceid":0,"gateto":[
	4,3]
	},
	{
	"x":5,"y":1,"dir":2,"pieceid":0,"gateto":[
	5,3]
	},
	{
	"x":6,"y":1,"dir":2,"pieceid":0,"gateto":[
	6,9]
	},
	{
	"x":7,"y":1,"dir":2,"pieceid":0},
	{
	"x":8,"y":1,"dir":2,"pieceid":0},
	{
	"x":0,"y":2,"dir":2,"pieceid":0},
	{
	"x":1,"y":2,"dir":2,"pieceid":0},
	{
	"x":7,"y":2,"dir":2,"pieceid":0},
	{
	"x":8,"y":2,"dir":2,"pieceid":0},
	{
	"x":0,"y":3,"dir":2,"pieceid":0,"cover":[{"id":11011,"hp":2}]
	},
	{
	"x":1,"y":3,"dir":2,"pieceid":0,"cover":[{"id":10061,"hp":2}]
	},
	{
	"x":3,"y":3,"dir":2,"pieceid":0,"cover":[{"id":10071,"hp":1}]
	,"gatefrom":[
	3,1]
	},
	{
	"x":4,"y":3,"dir":2,"pieceid":0,"cover":[{"id":10071,"hp":1}]
	,"gatefrom":[
	4,1]
	},
	{
	"x":5,"y":3,"dir":2,"pieceid":0,"cover":[{"id":10071,"hp":1}]
	,"gatefrom":[
	5,1]
	},
	{
	"x":7,"y":3,"dir":2,"pieceid":0,"cover":[{"id":11011,"hp":2}]
	},
	{
	"x":8,"y":3,"dir":2,"pieceid":0,"cover":[{"id":10061,"hp":2}]
	},
	{
	"x":0,"y":4,"dir":2,"pieceid":0,"cover":[{"id":10061,"hp":2}]
	},
	{
	"x":1,"y":4,"dir":2,"pieceid":0,"cover":[{"id":11011,"hp":2}]
	},
	{
	"x":3,"y":4,"dir":2,"pieceid":0,"cover":[{"id":10071,"hp":1}]
	},
	{
	"x":4,"y":4,"dir":2,"pieceid":0,"cover":[{"id":10071,"hp":1}]
	},
	{
	"x":5,"y":4,"dir":2,"pieceid":0,"cover":[{"id":10071,"hp":1}]
	},
	{
	"x":7,"y":4,"dir":2,"pieceid":0,"cover":[{"id":10061,"hp":2}]
	},
	{
	"x":8,"y":4,"dir":2,"pieceid":0,"cover":[{"id":11011,"hp":2}]
	},
	{
	"x":0,"y":5,"dir":2,"pieceid":0,"cover":[{"id":11011,"hp":2}]
	},
	{
	"x":1,"y":5,"dir":2,"pieceid":0,"cover":[{"id":10061,"hp":2}]
	},
	{
	"x":3,"y":5,"dir":2,"pieceid":0,"cover":[{"id":10071,"hp":1}]
	},
	{
	"x":4,"y":5,"dir":2,"pieceid":0,"cover":[{"id":10071,"hp":1}]
	},
	{
	"x":5,"y":5,"dir":2,"pieceid":0,"cover":[{"id":10071,"hp":1}]
	},
	{
	"x":7,"y":5,"dir":2,"pieceid":0,"cover":[{"id":11011,"hp":2}]
	},
	{
	"x":8,"y":5,"dir":2,"pieceid":0,"cover":[{"id":10061,"hp":2}]
	},
	{
	"x":0,"y":6,"dir":2,"pieceid":0,"cover":[{"id":10061,"hp":2}]
	},
	{
	"x":1,"y":6,"dir":2,"pieceid":0,"cover":[{"id":11011,"hp":2}]
	},
	{
	"x":3,"y":6,"dir":2,"pieceid":0,"cover":[{"id":10071,"hp":1}]
	},
	{
	"x":4,"y":6,"dir":2,"pieceid":0,"cover":[{"id":10071,"hp":1}]
	},
	{
	"x":5,"y":6,"dir":2,"pieceid":0,"cover":[{"id":10071,"hp":1}]
	},
	{
	"x":7,"y":6,"dir":2,"pieceid":0,"cover":[{"id":10061,"hp":2}]
	},
	{
	"x":8,"y":6,"dir":2,"pieceid":0,"cover":[{"id":11011,"hp":2}]
	},
	{
	"x":0,"y":7,"dir":2,"pieceid":0,"cover":[{"id":11011,"hp":2}]
	},
	{
	"x":1,"y":7,"dir":2,"pieceid":0,"cover":[{"id":10061,"hp":2}]
	},
	{
	"x":3,"y":7,"dir":2,"pieceid":0,"cover":[{"id":10071,"hp":1}]
	,"gateto":[
	3,9]
	},
	{
	"x":4,"y":7,"dir":2,"pieceid":0,"cover":[{"id":10071,"hp":1}]
	,"gateto":[
	4,9]
	},
	{
	"x":5,"y":7,"dir":2,"pieceid":0,"cover":[{"id":10071,"hp":1}]
	,"gateto":[
	5,9]
	},
	{
	"x":7,"y":7,"dir":2,"pieceid":0,"cover":[{"id":11011,"hp":2}]
	},
	{
	"x":8,"y":7,"dir":2,"pieceid":0,"cover":[{"id":10061,"hp":2}]
	},
	{
	"x":0,"y":8,"dir":2,"pieceid":0,"cover":[{"id":10061,"hp":2}]
	},
	{
	"x":1,"y":8,"dir":2,"pieceid":0,"cover":[{"id":11011,"hp":2}]
	},
	{
	"x":7,"y":8,"dir":2,"pieceid":0,"cover":[{"id":10061,"hp":2}]
	},
	{
	"x":8,"y":8,"dir":2,"pieceid":0,"cover":[{"id":11011,"hp":2}]
	},
	{
	"x":0,"y":9,"dir":2,"pieceid":0,"cover":[{"id":11011,"hp":2}]
	},
	{
	"x":1,"y":9,"dir":2,"pieceid":0,"cover":[{"id":10061,"hp":2}]
	},
	{
	"x":2,"y":9,"dir":2,"pieceid":0,"gatefrom":[
	2,1]
	},
	{
	"x":3,"y":9,"dir":2,"pieceid":0,"gatefrom":[
	3,7]
	},
	{
	"x":4,"y":9,"dir":2,"pieceid":0,"gatefrom":[
	4,7]
	},
	{
	"x":5,"y":9,"dir":2,"pieceid":0,"gatefrom":[
	5,7]
	},
	{
	"x":6,"y":9,"dir":2,"pieceid":0,"gatefrom":[
	6,1]
	},
	{
	"x":7,"y":9,"dir":2,"pieceid":0,"cover":[{"id":11011,"hp":2}]
	},
	{
	"x":8,"y":9,"dir":2,"pieceid":0,"cover":[{"id":10061,"hp":2}]
	},
	{
	"x":0,"y":10,"dir":2,"pieceid":0,"cover":[{"id":10061,"hp":2}]
	},
	{
	"x":1,"y":10,"dir":2,"pieceid":0,"cover":[{"id":11011,"hp":2}]
	},
	{
	"x":2,"y":10,"dir":2,"pieceid":0},
	{
	"x":3,"y":10,"dir":2,"pieceid":0},
	{
	"x":4,"y":10,"dir":2,"pieceid":0},
	{
	"x":5,"y":10,"dir":2,"pieceid":0},
	{
	"x":6,"y":10,"dir":2,"pieceid":0},
	{
	"x":7,"y":10,"dir":2,"pieceid":0,"cover":[{"id":10061,"hp":2}]
	},
	{
	"x":8,"y":10,"dir":2,"pieceid":0,"cover":[{"id":11011,"hp":2}]
	},
	{
	"x":0,"y":11,"dir":2,"pieceid":0},
	{
	"x":1,"y":11,"dir":2,"pieceid":0},
	{
	"x":2,"y":11,"dir":2,"pieceid":0},
	{
	"x":3,"y":11,"dir":2,"pieceid":0},
	{
	"x":4,"y":11,"dir":2,"pieceid":0},
	{
	"x":5,"y":11,"dir":2,"pieceid":0},
	{
	"x":6,"y":11,"dir":2,"pieceid":0},
	{
	"x":7,"y":11,"dir":2,"pieceid":0},
	{
	"x":8,"y":11,"dir":2,"pieceid":0},
	{
	"x":0,"y":12,"dir":2,"pieceid":1001},
	{
	"x":1,"y":12,"dir":2,"pieceid":0},
	{
	"x":2,"y":12,"dir":2,"pieceid":1001,"gateto":[
	2,20]
	},
	{
	"x":3,"y":12,"dir":2,"pieceid":1001,"gateto":[
	3,14]
	},
	{
	"x":4,"y":12,"dir":2,"pieceid":0,"gateto":[
	4,14]
	},
	{
	"x":5,"y":12,"dir":2,"pieceid":1001,"gateto":[
	5,14]
	},
	{
	"x":6,"y":12,"dir":2,"pieceid":1001,"gateto":[
	6,20]
	},
	{
	"x":7,"y":12,"dir":2,"pieceid":0},
	{
	"x":8,"y":12,"dir":2,"pieceid":1001},
	{
	"x":0,"y":13,"dir":2,"pieceid":0,"cover":[{"id":10051,"hp":2}]
	},
	{
	"x":1,"y":13,"dir":2,"pieceid":1001},
	{
	"x":7,"y":13,"dir":2,"pieceid":1001},
	{
	"x":8,"y":13,"dir":2,"pieceid":0,"cover":[{"id":10051,"hp":2}]
	},
	{
	"x":0,"y":14,"dir":2,"pieceid":1001},
	{
	"x":1,"y":14,"dir":2,"pieceid":0,"cover":[{"id":10051,"hp":2}]
	},
	{
	"x":3,"y":14,"dir":2,"pieceid":0,"gatefrom":[
	3,12]
	,"cover":[{"id":10081,"hp":1}]
	},
	{
	"x":4,"y":14,"dir":2,"pieceid":0,"gatefrom":[
	4,12]
	,"cover":[{"id":10081,"hp":1}]
	},
	{
	"x":5,"y":14,"dir":2,"pieceid":0,"gatefrom":[
	5,12]
	,"cover":[{"id":10081,"hp":1}]
	},
	{
	"x":7,"y":14,"dir":2,"pieceid":0,"cover":[{"id":10051,"hp":2}]
	},
	{
	"x":8,"y":14,"dir":2,"pieceid":1001},
	{
	"x":0,"y":15,"dir":2,"pieceid":0,"cover":[{"id":10051,"hp":2}]
	},
	{
	"x":1,"y":15,"dir":2,"pieceid":1001},
	{
	"x":3,"y":15,"dir":2,"pieceid":0,"cover":[{"id":10081,"hp":1}]
	},
	{
	"x":4,"y":15,"dir":2,"pieceid":0,"cover":[{"id":10081,"hp":1}]
	},
	{
	"x":5,"y":15,"dir":2,"pieceid":0,"cover":[{"id":10081,"hp":1}]
	},
	{
	"x":7,"y":15,"dir":2,"pieceid":1001},
	{
	"x":8,"y":15,"dir":2,"pieceid":0,"cover":[{"id":10051,"hp":2}]
	},
	{
	"x":0,"y":16,"dir":2,"pieceid":1001},
	{
	"x":1,"y":16,"dir":2,"pieceid":0,"cover":[{"id":10051,"hp":2}]
	},
	{
	"x":3,"y":16,"dir":2,"pieceid":0,"cover":[{"id":10081,"hp":1}]
	},
	{
	"x":4,"y":16,"dir":2,"pieceid":0,"cover":[{"id":10081,"hp":1}]
	},
	{
	"x":5,"y":16,"dir":2,"pieceid":0,"cover":[{"id":10081,"hp":1}]
	},
	{
	"x":7,"y":16,"dir":2,"pieceid":0,"cover":[{"id":10051,"hp":2}]
	},
	{
	"x":8,"y":16,"dir":2,"pieceid":1001},
	{
	"x":0,"y":17,"dir":2,"pieceid":0,"cover":[{"id":10051,"hp":2}]
	},
	{
	"x":1,"y":17,"dir":2,"pieceid":1001},
	{
	"x":3,"y":17,"dir":2,"pieceid":0,"cover":[{"id":10081,"hp":1}]
	},
	{
	"x":4,"y":17,"dir":2,"pieceid":0,"cover":[{"id":10081,"hp":1}]
	},
	{
	"x":5,"y":17,"dir":2,"pieceid":0,"cover":[{"id":10081,"hp":1}]
	},
	{
	"x":7,"y":17,"dir":2,"pieceid":1001},
	{
	"x":8,"y":17,"dir":2,"pieceid":0,"cover":[{"id":10051,"hp":2}]
	},
	{
	"x":0,"y":18,"dir":2,"pieceid":1001},
	{
	"x":1,"y":18,"dir":2,"pieceid":0,"cover":[{"id":10051,"hp":2}]
	},
	{
	"x":3,"y":18,"dir":2,"pieceid":0,"gateto":[
	3,20]
	,"cover":[{"id":10081,"hp":1}]
	},
	{
	"x":4,"y":18,"dir":2,"pieceid":0,"gateto":[
	4,20]
	,"cover":[{"id":10081,"hp":1}]
	},
	{
	"x":5,"y":18,"dir":2,"pieceid":0,"gateto":[
	5,20]
	,"cover":[{"id":10081,"hp":1}]
	},
	{
	"x":7,"y":18,"dir":2,"pieceid":0,"cover":[{"id":10051,"hp":2}]
	},
	{
	"x":8,"y":18,"dir":2,"pieceid":1001},
	{
	"x":0,"y":19,"dir":2,"pieceid":0,"cover":[{"id":10051,"hp":2}]
	},
	{
	"x":1,"y":19,"dir":2,"pieceid":1001},
	{
	"x":7,"y":19,"dir":2,"pieceid":1001},
	{
	"x":8,"y":19,"dir":2,"pieceid":0,"cover":[{"id":10051,"hp":2}]
	},
	{
	"x":0,"y":20,"dir":2,"pieceid":1001},
	{
	"x":1,"y":20,"dir":2,"pieceid":0,"cover":[{"id":10051,"hp":2}]
	},
	{
	"x":2,"y":20,"dir":2,"pieceid":0,"gatefrom":[
	2,12]
	},
	{
	"x":3,"y":20,"dir":2,"pieceid":0,"gatefrom":[
	3,18]
	},
	{
	"x":4,"y":20,"dir":2,"pieceid":0,"gatefrom":[
	4,18]
	},
	{
	"x":5,"y":20,"dir":2,"pieceid":0,"gatefrom":[
	5,18]
	},
	{
	"x":6,"y":20,"dir":2,"pieceid":0,"gatefrom":[
	6,12]
	},
	{
	"x":7,"y":20,"dir":2,"pieceid":0,"cover":[{"id":10051,"hp":2}]
	},
	{
	"x":8,"y":20,"dir":2,"pieceid":1001},
	{
	"x":0,"y":21,"dir":2,"pieceid":0,"cover":[{"id":10051,"hp":2}]
	},
	{
	"x":1,"y":21,"dir":2,"pieceid":1001},
	{
	"x":2,"y":21,"dir":2,"pieceid":0},
	{
	"x":3,"y":21,"dir":2,"pieceid":0},
	{
	"x":4,"y":21,"dir":2,"pieceid":0},
	{
	"x":5,"y":21,"dir":2,"pieceid":0},
	{
	"x":6,"y":21,"dir":2,"pieceid":0},
	{
	"x":7,"y":21,"dir":2,"pieceid":1001},
	{
	"x":8,"y":21,"dir":2,"pieceid":0,"cover":[{"id":10051,"hp":2}]
	}]
	}}