{
	"level":350,
"steps":40,
"description":"dialog001",
"flag":[
	"难度，待定"]
	,
"guide":[
	"新手引导，待定"]
	,
"board":{
	
"width":9,
"height":22,
"picieDefult":"1001|100;1002|100;1003|100;1004|100;1005|100",
"entryDefult":"1001|100;1002|100;1003|100;1004|100;1005|100",
"screens":[
	{
	"id":1,"lefttop":[
	0,0]
	,"rightbottom":[
	8,10]
	,
	"goals":[
	{
	"id":10051,"num":29,"type":1}]
	},
	{
	"id":2,"lefttop":[
	0,11]
	,"rightbottom":[
	8,21]
	,
	"goals":[
	{
	"id":10051,"num":13,"type":1},
	{
	"id":10071,"num":16,"type":3}]
	}]
	,

"grid":[
	{
	"x":2,"y":0,"dir":2,"pieceid":0,"entry":true},
	{
	"x":3,"y":0,"dir":2,"pieceid":0,"entry":true},
	{
	"x":4,"y":0,"dir":2,"pieceid":0,"entry":true},
	{
	"x":5,"y":0,"dir":2,"pieceid":0,"entry":true},
	{
	"x":6,"y":0,"dir":2,"pieceid":0,"entry":true},
	{
	"x":2,"y":1,"dir":2,"pieceid":1002},
	{
	"x":3,"y":1,"dir":2,"pieceid":0},
	{
	"x":4,"y":1,"dir":2,"pieceid":1002},
	{
	"x":5,"y":1,"dir":2,"pieceid":1002},
	{
	"x":6,"y":1,"dir":2,"pieceid":0},
	{
	"x":0,"y":2,"dir":2,"pieceid":1002,"entry":true},
	{
	"x":1,"y":2,"dir":2,"pieceid":1002,"cover":[{"id":10051,"hp":2}]
	},
	{
	"x":3,"y":2,"dir":2,"pieceid":1002},
	{
	"x":4,"y":2,"dir":2,"pieceid":1002,"cover":[{"id":10051,"hp":1}]
	},
	{
	"x":5,"y":2,"dir":2,"pieceid":1002},
	{
	"x":7,"y":2,"dir":2,"pieceid":1002,"cover":[{"id":10051,"hp":2}]
	},
	{
	"x":8,"y":2,"dir":2,"pieceid":1002,"entry":true},
	{
	"x":0,"y":3,"dir":2,"pieceid":1002,"cover":[{"id":10051,"hp":2}]
	},
	{
	"x":1,"y":3,"dir":2,"pieceid":1002},
	{
	"x":3,"y":3,"dir":2,"pieceid":1002,"cover":[{"id":10051,"hp":1}]
	},
	{
	"x":4,"y":3,"dir":2,"pieceid":1002},
	{
	"x":5,"y":3,"dir":2,"pieceid":1002,"cover":[{"id":10051,"hp":1}]
	},
	{
	"x":7,"y":3,"dir":2,"pieceid":1002},
	{
	"x":8,"y":3,"dir":2,"pieceid":1002,"cover":[{"id":10051,"hp":2}]
	},
	{
	"x":0,"y":4,"dir":2,"pieceid":1002},
	{
	"x":1,"y":4,"dir":2,"pieceid":1002,"cover":[{"id":10051,"hp":2}]
	},
	{
	"x":3,"y":4,"dir":2,"pieceid":1002},
	{
	"x":4,"y":4,"dir":2,"pieceid":1002,"cover":[{"id":10051,"hp":1}]
	},
	{
	"x":5,"y":4,"dir":2,"pieceid":1002},
	{
	"x":7,"y":4,"dir":2,"pieceid":1002,"cover":[{"id":10051,"hp":2}]
	},
	{
	"x":8,"y":4,"dir":2,"pieceid":1002},
	{
	"x":0,"y":5,"dir":2,"pieceid":1002,"cover":[{"id":10051,"hp":2}]
	},
	{
	"x":1,"y":5,"dir":2,"pieceid":1002},
	{
	"x":3,"y":5,"dir":2,"pieceid":1002,"cover":[{"id":10051,"hp":1}]
	},
	{
	"x":4,"y":5,"dir":2,"pieceid":1002},
	{
	"x":5,"y":5,"dir":2,"pieceid":1002,"cover":[{"id":10051,"hp":1}]
	},
	{
	"x":7,"y":5,"dir":2,"pieceid":1002},
	{
	"x":8,"y":5,"dir":2,"pieceid":1002,"cover":[{"id":10051,"hp":2}]
	},
	{
	"x":0,"y":6,"dir":2,"pieceid":1002},
	{
	"x":1,"y":6,"dir":2,"pieceid":1002,"cover":[{"id":10051,"hp":2}]
	},
	{
	"x":3,"y":6,"dir":2,"pieceid":1002},
	{
	"x":4,"y":6,"dir":2,"pieceid":1002,"cover":[{"id":10051,"hp":2}]
	},
	{
	"x":5,"y":6,"dir":2,"pieceid":1002},
	{
	"x":7,"y":6,"dir":2,"pieceid":1002,"cover":[{"id":10051,"hp":2}]
	},
	{
	"x":8,"y":6,"dir":2,"pieceid":1002},
	{
	"x":0,"y":7,"dir":2,"pieceid":1002,"cover":[{"id":10051,"hp":2}]
	},
	{
	"x":1,"y":7,"dir":2,"pieceid":1002},
	{
	"x":3,"y":7,"dir":2,"pieceid":1002,"cover":[{"id":10051,"hp":2}]
	},
	{
	"x":4,"y":7,"dir":2,"pieceid":1002},
	{
	"x":5,"y":7,"dir":2,"pieceid":1002,"cover":[{"id":10051,"hp":2}]
	},
	{
	"x":7,"y":7,"dir":2,"pieceid":1002},
	{
	"x":8,"y":7,"dir":2,"pieceid":1002,"cover":[{"id":10051,"hp":2}]
	},
	{
	"x":0,"y":8,"dir":2,"pieceid":1002,"gateto":[
	4,12]
	},
	{
	"x":1,"y":8,"dir":2,"pieceid":1002,"cover":[{"id":10051,"hp":2}]
	,"gateto":[
	5,12]
	},
	{
	"x":3,"y":8,"dir":2,"pieceid":1002},
	{
	"x":4,"y":8,"dir":2,"pieceid":1002,"cover":[{"id":10051,"hp":2}]
	},
	{
	"x":5,"y":8,"dir":2,"pieceid":1002},
	{
	"x":7,"y":8,"dir":2,"pieceid":1002,"cover":[{"id":10051,"hp":2}]
	,"gateto":[
	7,12]
	},
	{
	"x":8,"y":8,"dir":2,"pieceid":1002,"gateto":[
	8,12]
	},
	{
	"x":2,"y":9,"dir":2,"pieceid":1002},
	{
	"x":3,"y":9,"dir":2,"pieceid":1002,"cover":[{"id":10051,"hp":2}]
	},
	{
	"x":4,"y":9,"dir":2,"pieceid":1002},
	{
	"x":5,"y":9,"dir":2,"pieceid":1002,"cover":[{"id":10051,"hp":2}]
	},
	{
	"x":6,"y":9,"dir":2,"pieceid":1002},
	{
	"x":2,"y":10,"dir":2,"pieceid":1002,"cover":[{"id":10051,"hp":3}]
	,"gateto":[
	0,12]
	},
	{
	"x":3,"y":10,"dir":2,"pieceid":1002},
	{
	"x":4,"y":10,"dir":2,"pieceid":1002,"cover":[{"id":10051,"hp":3}]
	,"gateto":[
	1,12]
	},
	{
	"x":5,"y":10,"dir":2,"pieceid":1002},
	{
	"x":6,"y":10,"dir":2,"pieceid":1002,"cover":[{"id":10051,"hp":3}]
	,"gateto":[
	2,12]
	},
	{
	"x":0,"y":12,"dir":2,"pieceid":0,"gatefrom":[
	2,10]
	},
	{
	"x":1,"y":12,"dir":2,"pieceid":0,"gatefrom":[
	4,10]
	},
	{
	"x":2,"y":12,"dir":2,"pieceid":0,"gatefrom":[
	6,10]
	},
	{
	"x":4,"y":12,"dir":2,"pieceid":0,"gatefrom":[
	0,8]
	},
	{
	"x":5,"y":12,"dir":2,"pieceid":0,"gatefrom":[
	1,8]
	},
	{
	"x":7,"y":12,"dir":2,"pieceid":0,"gatefrom":[
	7,8]
	},
	{
	"x":8,"y":12,"dir":2,"pieceid":0,"gatefrom":[
	8,8]
	},
	{
	"x":0,"y":13,"dir":2,"pieceid":0},
	{
	"x":1,"y":13,"dir":2,"pieceid":0},
	{
	"x":2,"y":13,"dir":2,"pieceid":0},
	{
	"x":4,"y":13,"dir":2,"pieceid":0},
	{
	"x":5,"y":13,"dir":2,"pieceid":0,"cover":[{"id":10051,"hp":2}]
	},
	{
	"x":6,"y":13,"dir":2,"pieceid":0,"entry":true},
	{
	"x":7,"y":13,"dir":2,"pieceid":0,"cover":[{"id":10051,"hp":2}]
	},
	{
	"x":8,"y":13,"dir":2,"pieceid":0},
	{
	"x":0,"y":14,"dir":2,"pieceid":0},
	{
	"x":1,"y":14,"dir":2,"pieceid":0},
	{
	"x":2,"y":14,"dir":2,"pieceid":0},
	{
	"x":4,"y":14,"dir":2,"pieceid":0,"cover":[{"id":10051,"hp":2}]
	},
	{
	"x":5,"y":14,"dir":2,"pieceid":0,"cover":[{"id":10071,"hp":1}]
	},
	{
	"x":6,"y":14,"dir":2,"pieceid":0,"cover":[{"id":10051,"hp":2}]
	},
	{
	"x":7,"y":14,"dir":2,"pieceid":0,"cover":[{"id":10071,"hp":1}]
	},
	{
	"x":8,"y":14,"dir":2,"pieceid":0,"cover":[{"id":10051,"hp":2}]
	},
	{
	"x":0,"y":15,"dir":2,"pieceid":0},
	{
	"x":1,"y":15,"dir":2,"pieceid":0},
	{
	"x":2,"y":15,"dir":2,"pieceid":0},
	{
	"x":4,"y":15,"dir":2,"pieceid":0,"cover":[{"id":10071,"hp":1}]
	},
	{
	"x":5,"y":15,"dir":2,"pieceid":0,"cover":[{"id":10071,"hp":1}]
	},
	{
	"x":6,"y":15,"dir":2,"pieceid":0,"cover":[{"id":10071,"hp":1}]
	},
	{
	"x":7,"y":15,"dir":2,"pieceid":0,"cover":[{"id":10071,"hp":1}]
	},
	{
	"x":8,"y":15,"dir":2,"pieceid":0,"cover":[{"id":10071,"hp":1}]
	},
	{
	"x":0,"y":16,"dir":2,"pieceid":0},
	{
	"x":1,"y":16,"dir":2,"pieceid":0},
	{
	"x":2,"y":16,"dir":2,"pieceid":0},
	{
	"x":4,"y":16,"dir":2,"pieceid":0,"cover":[{"id":10051,"hp":2}]
	},
	{
	"x":5,"y":16,"dir":2,"pieceid":0,"cover":[{"id":10071,"hp":1}]
	},
	{
	"x":6,"y":16,"dir":2,"pieceid":0,"cover":[{"id":10051,"hp":2}]
	},
	{
	"x":7,"y":16,"dir":2,"pieceid":0,"cover":[{"id":10071,"hp":1}]
	},
	{
	"x":8,"y":16,"dir":2,"pieceid":0,"cover":[{"id":10051,"hp":2}]
	},
	{
	"x":0,"y":17,"dir":2,"pieceid":0},
	{
	"x":1,"y":17,"dir":2,"pieceid":0},
	{
	"x":2,"y":17,"dir":2,"pieceid":0},
	{
	"x":4,"y":17,"dir":2,"pieceid":0,"cover":[{"id":10071,"hp":1}]
	},
	{
	"x":5,"y":17,"dir":2,"pieceid":0,"cover":[{"id":10071,"hp":1}]
	},
	{
	"x":6,"y":17,"dir":2,"pieceid":0,"cover":[{"id":10071,"hp":1}]
	},
	{
	"x":7,"y":17,"dir":2,"pieceid":0,"cover":[{"id":10071,"hp":1}]
	},
	{
	"x":8,"y":17,"dir":2,"pieceid":0,"cover":[{"id":10071,"hp":1}]
	},
	{
	"x":0,"y":18,"dir":2,"pieceid":0,"cover":[{"id":10031,"hp":3}]
	},
	{
	"x":1,"y":18,"dir":2,"pieceid":0,"cover":[{"id":10031,"hp":2}]
	},
	{
	"x":2,"y":18,"dir":2,"pieceid":0,"cover":[{"id":10031,"hp":3}]
	},
	{
	"x":4,"y":18,"dir":2,"pieceid":0,"cover":[{"id":10051,"hp":2}]
	},
	{
	"x":5,"y":18,"dir":2,"pieceid":0,"cover":[{"id":10071,"hp":1}]
	},
	{
	"x":6,"y":18,"dir":2,"pieceid":0,"cover":[{"id":10051,"hp":2}]
	},
	{
	"x":7,"y":18,"dir":2,"pieceid":0,"cover":[{"id":10071,"hp":1}]
	},
	{
	"x":8,"y":18,"dir":2,"pieceid":0,"cover":[{"id":10051,"hp":2}]
	},
	{
	"x":0,"y":19,"dir":2,"pieceid":0,"cover":[{"id":10031,"hp":2}]
	},
	{
	"x":1,"y":19,"dir":2,"pieceid":0,"cover":[{"id":10031,"hp":3}]
	},
	{
	"x":2,"y":19,"dir":2,"pieceid":0,"cover":[{"id":10031,"hp":2}]
	},
	{
	"x":3,"y":19,"dir":2,"pieceid":0},
	{
	"x":4,"y":19,"dir":2,"pieceid":0,"cover":[{"id":11011,"hp":2}]
	},
	{
	"x":5,"y":19,"dir":2,"pieceid":0,"cover":[{"id":10051,"hp":2}]
	},
	{
	"x":6,"y":19,"dir":2,"pieceid":0,"cover":[{"id":11011,"hp":2}]
	},
	{
	"x":7,"y":19,"dir":2,"pieceid":0,"cover":[{"id":10051,"hp":2}]
	},
	{
	"x":8,"y":19,"dir":2,"pieceid":0,"cover":[{"id":11011,"hp":2}]
	},
	{
	"x":0,"y":20,"dir":2,"pieceid":0,"cover":[{"id":10031,"hp":3}]
	},
	{
	"x":1,"y":20,"dir":2,"pieceid":0,"cover":[{"id":10031,"hp":2}]
	},
	{
	"x":2,"y":20,"dir":2,"pieceid":0,"cover":[{"id":10031,"hp":3}]
	},
	{
	"x":3,"y":20,"dir":2,"pieceid":0,"cover":[{"id":11011,"hp":2}]
	},
	{
	"x":4,"y":20,"dir":2,"pieceid":0},
	{
	"x":5,"y":20,"dir":2,"pieceid":0,"cover":[{"id":11011,"hp":2}]
	},
	{
	"x":6,"y":20,"dir":2,"pieceid":0},
	{
	"x":7,"y":20,"dir":2,"pieceid":0,"cover":[{"id":11011,"hp":2}]
	},
	{
	"x":8,"y":20,"dir":2,"pieceid":0},
	{
	"x":0,"y":21,"dir":2,"pieceid":0,"cover":[{"id":10031,"hp":2}]
	},
	{
	"x":1,"y":21,"dir":2,"pieceid":0,"cover":[{"id":10031,"hp":3}]
	},
	{
	"x":2,"y":21,"dir":2,"pieceid":0,"cover":[{"id":10031,"hp":2}]
	},
	{
	"x":3,"y":21,"dir":2,"pieceid":0},
	{
	"x":4,"y":21,"dir":2,"pieceid":0,"cover":[{"id":11011,"hp":2}]
	},
	{
	"x":5,"y":21,"dir":2,"pieceid":0},
	{
	"x":6,"y":21,"dir":2,"pieceid":0,"cover":[{"id":11011,"hp":2}]
	},
	{
	"x":7,"y":21,"dir":2,"pieceid":0},
	{
	"x":8,"y":21,"dir":2,"pieceid":0,"cover":[{"id":11011,"hp":2}]
	}]
	}}