{
	"level":37,
	"goals":[
	{
	"type":2,"id":101,"num":81},
	{
	"type":1,"id":1201,"num":6}]
	,
"steps":28,
"showWindTime":10,
"description":"dialog001",
"flag":[
	"难度，待定"]
	,
"guide":[
	"新手引导，待定"]
	,
"board":{
	
"width":9,
"height":11,
"picieDefult":"1001|100;1002|100;1003|100;1004|100;1005|100",
"entryDefult":"1001|100;1002|100;1003|100;1004|100;1005|100",
"screens":[
	{
	"id":1,"lefttop":[
	0,0]
	,"rightbottom":[
	8,10]
	,
	"goals":[
	{
	"type":2,"id":101,"num":89},
	{
	"id":1001,"num":40,"type":1}]
	}]
	,

"grid":[
	{
	"x":0,"y":0,"dir":1,"pieceid":0,"entry":true,"floor":{"id":101,"hp":1}},
	{
	"x":1,"y":0,"dir":1,"pieceid":0,"floor":{"id":101,"hp":1}},
	{
	"x":2,"y":0,"dir":1,"pieceid":0},
	{
	"x":3,"y":0,"dir":1,"pieceid":0},
	{
	"x":4,"y":0,"dir":1,"pieceid":1005},
	{
	"x":5,"y":0,"dir":1,"pieceid":1004},
	{
	"x":6,"y":0,"dir":1,"pieceid":1004,"floor":{"id":101}},
	{
	"x":7,"y":0,"dir":1,"pieceid":0,"cover":[{"id":10031,"hp":1}]
	},
	{
	"x":8,"y":0,"dir":1,"pieceid":1101,"cover":[{"id":10031,"hp":1}]
	},
	{
	"x":0,"y":1,"dir":1,"pieceid":0,"entry":true,"floor":{"id":101,"hp":1}},
	{
	"x":1,"y":1,"dir":1,"pieceid":0,"floor":{"id":101,"hp":1}},
	{
	"x":2,"y":1,"dir":1,"pieceid":0},
	{
	"x":3,"y":1,"dir":1,"pieceid":1002},
	{
	"x":4,"y":1,"dir":1,"pieceid":1004},
	{
	"x":5,"y":1,"dir":1,"pieceid":1003},
	{
	"x":6,"y":1,"dir":1,"pieceid":1004,"floor":{"id":101}},
	{
	"x":7,"y":1,"dir":1,"pieceid":0,"cover":[{"id":10031,"hp":1}]
	},
	{
	"x":8,"y":1,"dir":1,"pieceid":0,"cover":[{"id":10031,"hp":1}]
	},
	{
	"x":0,"y":3,"dir":1,"pieceid":0,"entry":true,"floor":{"id":101,"hp":1}},
	{
	"x":1,"y":3,"dir":1,"pieceid":0,"floor":{"id":101,"hp":1}},
	{
	"x":2,"y":3,"dir":1,"pieceid":1004},
	{
	"x":3,"y":3,"dir":1,"pieceid":1002},
	{
	"x":4,"y":3,"dir":1,"pieceid":1001},
	{
	"x":5,"y":3,"dir":1,"pieceid":1005,"floor":{"id":101}},
	{
	"x":6,"y":3,"dir":1,"pieceid":1002,"cover":[{"id":10031,"hp":1}]
	},
	{
	"x":7,"y":3,"dir":1,"pieceid":0,"cover":[{"id":10031,"hp":1}]
	},
	{
	"x":8,"y":3,"dir":1,"pieceid":0,"cover":[{"id":10031,"hp":1}]
	},
	{
	"x":0,"y":4,"dir":1,"pieceid":0,"entry":true,"floor":{"id":101,"hp":1}},
	{
	"x":1,"y":4,"dir":1,"pieceid":0,"floor":{"id":101,"hp":1}},
	{
	"x":2,"y":4,"dir":1,"pieceid":0},
	{
	"x":3,"y":4,"dir":1,"pieceid":1003},
	{
	"x":4,"y":4,"dir":1,"pieceid":1001},
	{
	"x":5,"y":4,"dir":1,"pieceid":1001,"floor":{"id":101}},
	{
	"x":6,"y":4,"dir":1,"pieceid":1002,"cover":[{"id":10031,"hp":1}]
	},
	{
	"x":7,"y":4,"dir":1,"pieceid":0,"cover":[{"id":10031,"hp":1}]
	},
	{
	"x":8,"y":4,"dir":1,"pieceid":1131,"cover":[{"id":10031,"hp":1}]
	},
	{
	"x":0,"y":5,"dir":1,"pieceid":0,"entry":true,"floor":{"id":101,"hp":1}},
	{
	"x":1,"y":5,"dir":1,"pieceid":0,"floor":{"id":101,"hp":1}},
	{
	"x":2,"y":5,"dir":1,"pieceid":0},
	{
	"x":3,"y":5,"dir":1,"pieceid":1002},
	{
	"x":4,"y":5,"dir":1,"pieceid":1002},
	{
	"x":5,"y":5,"dir":1,"pieceid":1001,"floor":{"id":101}},
	{
	"x":6,"y":5,"dir":1,"pieceid":1002,"cover":[{"id":10031,"hp":1}]
	},
	{
	"x":7,"y":5,"dir":1,"pieceid":0,"cover":[{"id":10031,"hp":1}]
	},
	{
	"x":8,"y":5,"dir":1,"pieceid":0,"cover":[{"id":10031,"hp":1}]
	},
	{
	"x":0,"y":7,"dir":1,"pieceid":0,"entry":true,"floor":{"id":101,"hp":1}},
	{
	"x":1,"y":7,"dir":1,"pieceid":1003,"floor":{"id":101,"hp":1}},
	{
	"x":2,"y":7,"dir":1,"pieceid":1003},
	{
	"x":3,"y":7,"dir":1,"pieceid":0},
	{
	"x":4,"y":7,"dir":1,"pieceid":1003,"floor":{"id":101}},
	{
	"x":5,"y":7,"dir":1,"pieceid":0,"cover":[{"id":10031,"hp":1}]
	},
	{
	"x":6,"y":7,"dir":1,"pieceid":0,"cover":[{"id":10031,"hp":1}]
	},
	{
	"x":7,"y":7,"dir":1,"pieceid":0,"cover":[{"id":10031,"hp":1}]
	},
	{
	"x":8,"y":7,"dir":1,"pieceid":0,"cover":[{"id":10031,"hp":1}]
	},
	{
	"x":0,"y":8,"dir":1,"pieceid":0,"entry":true,"floor":{"id":101,"hp":1}},
	{
	"x":1,"y":8,"dir":1,"pieceid":0,"floor":{"id":101,"hp":1}},
	{
	"x":2,"y":8,"dir":1,"pieceid":0},
	{
	"x":3,"y":8,"dir":1,"pieceid":1003},
	{
	"x":4,"y":8,"dir":1,"pieceid":0,"floor":{"id":101}},
	{
	"x":5,"y":8,"dir":1,"pieceid":0,"cover":[{"id":10031,"hp":1}]
	},
	{
	"x":6,"y":8,"dir":1,"floor":{"id":101,"hp":1}},
	{
	"x":7,"y":8,"dir":1,"floor":{"id":101,"hp":1}},
	{
	"x":8,"y":8,"dir":1,"pieceid":0,"cover":[{"id":10031,"hp":1}]
	},
	{
	"x":0,"y":9,"dir":1,"pieceid":0,"entry":true,"floor":{"id":101,"hp":1}},
	{
	"x":1,"y":9,"dir":1,"pieceid":0,"floor":{"id":101,"hp":1}},
	{
	"x":2,"y":9,"dir":1,"pieceid":0},
	{
	"x":3,"y":9,"dir":1,"pieceid":1003},
	{
	"x":4,"y":9,"dir":1,"pieceid":0,"floor":{"id":101}},
	{
	"x":5,"y":9,"dir":1,"pieceid":0,"cover":[{"id":10031,"hp":1}]
	},
	{
	"x":6,"y":9,"dir":1,"floor":{"id":101,"hp":1}},
	{
	"x":7,"y":9,"dir":1,"floor":{"id":101,"hp":1}},
	{
	"x":8,"y":9,"dir":1,"pieceid":1131,"cover":[{"id":10031,"hp":1}]
	},
	{
	"x":0,"y":10,"dir":1,"pieceid":0,"entry":true,"floor":{"id":101,"hp":1}},
	{
	"x":1,"y":10,"dir":1,"pieceid":0,"floor":{"id":101,"hp":1}},
	{
	"x":2,"y":10,"dir":1,"pieceid":0},
	{
	"x":3,"y":10,"dir":1,"pieceid":0},
	{
	"x":4,"y":10,"dir":1,"pieceid":0,"floor":{"id":101}},
	{
	"x":5,"y":10,"dir":1,"pieceid":0,"cover":[{"id":10031,"hp":1}]
	},
	{
	"x":6,"y":10,"dir":1,"pieceid":0,"cover":[{"id":10031,"hp":1}]
	},
	{
	"x":7,"y":10,"dir":1,"pieceid":0,"cover":[{"id":10031,"hp":1}]
	},
	{
	"x":8,"y":10,"dir":1,"pieceid":0,"cover":[{"id":10031,"hp":1}]
	},
	{
	"x":6,"y":2,"dir":1,"pieceid":1005,"floor":{"id":101,"hp":1}},
	{
	"x":6,"y":6,"dir":1,"pieceid":1005,"floor":{"id":101,"hp":1}},
	{
	"x":7,"y":2,"dir":1,"pieceid":1005,"floor":{"id":101,"hp":1}},
	{
	"x":7,"y":6,"dir":1,"pieceid":1005,"floor":{"id":101,"hp":1}},
	{
	"x":8,"y":2,"dir":1,"pieceid":1003,"floor":{"id":101,"hp":1}},
	{
	"x":8,"y":6,"dir":1,"pieceid":1003,"floor":{"id":101,"hp":1}},
	{
	"x":5,"y":2,"dir":1,"pieceid":1003,"floor":{"id":101,"hp":1}},
	{
	"x":5,"y":6,"dir":1,"pieceid":1003,"floor":{"id":101,"hp":1}}]
	}}