{
	"level":4,
	"goals":[
	{
	"type":1,"id":1002,"num":22}]
	,
"steps":20,
"description":"dialog001",
"flag":[
	"难度，待定"]
	,
"guide":[
	{
	"desc":"[d10000]正方形[560808]同色棋子连一起，\n看看会发生什么[-]","icon":"npc_icon_001","pos":[
	{
	"x":1,"y":1},
	{
	"x":2,"y":1},
	{
	"x":3,"y":1},
	{	"x":1,"y":2},
	{
	"x":2,"y":2}]
	,"move":{
	"g1X":3,"g1Y":1,"g2X":2,"g2Y":1}},
	{
	"desc":"[560808]移动使用[d10000]飞机[560808]，它能自动\n清除本关目标哦！[-]","icon":"npc_icon_001","pos":[
	{	"x":1,"y":2},	
	{	"x":2,"y":2}
	]
	,"move":{
	"g1X":2,"g1Y":2,"g2X":1,"g2Y":2}},
	{
	"desc":"[560808]干得漂亮！让我们继续\n制造一架[d10000]飞机[560808]吧！[-]","icon":"npc_icon_001","pos":[
	{
	"x":4,"y":4},
	{
	"x":5,"y":4},
	{
	"x":6,"y":4},
	{
	"x":4,"y":5},
	{
	"x":5,"y":5}]
	,"move":{
	"g1X":6,"g1Y":4,"g2X":5,"g2Y":4}},
	{
	"desc":"[d10000]双击[560808]使用飞机[-]","icon":"npc_icon_001","pos":[
	{
	"x":5,"y":5}]
	,"move":{
	"g1X":5,"g1Y":5,"g2X":5,"g2Y":5}}
]
	,
"board":{
	
"width":9,
"height":11,
"picieDefult":"1001|100;1002|200;1003|100;1004|100;1005|100",
"entryDefult":"1001|100;1002|200;1003|100;1004|100;1005|100",
"screens":[
	{
	"id":1,"lefttop":[
	1,1]
	,"rightbottom":[
	7,10]
	,
	"goals":[
	{
	"type":1,"id":1002,"num":30,"desc":"[560808]消除指定颜色棋子可通关[-]"}]
	}]
	,

"grid":[
	{
	"x":1,"y":1,"dir":2,"entry":true,"pieceid":1002},
	{
	"x":2,"y":1,"dir":2,"entry":true,"pieceid":1004},
	{
	"x":3,"y":1,"dir":2,"entry":true,"pieceid":1002},
	{
	"x":5,"y":1,"dir":2,"entry":true,"pieceid":1002},
	{
	"x":6,"y":1,"dir":2,"entry":true,"pieceid":1005},
	{
	"x":7,"y":1,"dir":2,"entry":true,"pieceid":1002},
	{
	"x":1,"y":2,"dir":2,"pieceid":1002},
	{
	"x":2,"y":2,"dir":2,"pieceid":1002},
	{
	"x":6,"y":2,"dir":2,"pieceid":1002},
	{
	"x":7,"y":2,"dir":2,"pieceid":1002},
	{
	"x":4,"y":3,"dir":2,"entry":true,"pieceid":1001},
	{
	"x":2,"y":4,"dir":2,"entry":true,"pieceid":1002},
	{
	"x":3,"y":4,"dir":2,"entry":true,"pieceid":1005},
	{
	"x":4,"y":4,"dir":2,"pieceid":1003},
	{
	"x":5,"y":4,"dir":2,"entry":true,"pieceid":1004},
	{
	"x":6,"y":4,"dir":2,"entry":true,"pieceid":1003},
	{
	"x":1,"y":5,"dir":2,"entry":true,"pieceid":1002},
	{
	"x":2,"y":5,"dir":2,"pieceid":0},
	{
	"x":3,"y":5,"dir":2,"pieceid":1004},
	{
	"x":4,"y":5,"dir":2,"pieceid":1003},
	{
	"x":5,"y":5,"dir":2,"pieceid":1003},
	{
	"x":6,"y":5,"dir":2,"pieceid":1005},
	{
	"x":7,"y":5,"dir":2,"entry":true,"pieceid":1001},
	{
	"x":1,"y":6,"dir":2,"pieceid":0},
	{
	"x":2,"y":6,"dir":2,"pieceid":1002},
	{
	"x":3,"y":6,"dir":2,"pieceid":1001},
	{
	"x":4,"y":6,"dir":2,"pieceid":1005},
	{
	"x":5,"y":6,"dir":2,"pieceid":1001},
	{
	"x":6,"y":6,"dir":2,"pieceid":1001},
	{
	"x":7,"y":6,"dir":2,"pieceid":1004},
	{
	"x":2,"y":7,"dir":2,"pieceid":1002},
	{
	"x":3,"y":7,"dir":2,"pieceid":1005},
	{
	"x":4,"y":7,"dir":2,"pieceid":1004},
	{
	"x":5,"y":7,"dir":2,"pieceid":1004},
	{
	"x":6,"y":7,"dir":2,"pieceid":1003},
	{
	"x":4,"y":8,"dir":2,"pieceid":1003},
	{
	"x":1,"y":9,"dir":2,"entry":true,"pieceid":1002},
	{
	"x":2,"y":9,"dir":2,"entry":true,"pieceid":1002},
	{
	"x":6,"y":9,"dir":2,"entry":true,"pieceid":1002},
	{
	"x":7,"y":9,"dir":2,"entry":true,"pieceid":1002},
	{
	"x":1,"y":10,"dir":2,"pieceid":1002},
	{
	"x":2,"y":10,"dir":2,"pieceid":0},
	{
	"x":3,"y":10,"dir":2,"entry":true,"pieceid":1002},
	{
	"x":5,"y":10,"dir":2,"entry":true,"pieceid":1002},
	{
	"x":6,"y":10,"dir":2,"pieceid":0},
	{
	"x":7,"y":10,"dir":2,"pieceid":1002}]
	}}