{
	"level":5,
	"goals":[
	{
	"type":1,"id":1003,"num":30}]
	,
"steps":22,
"description":"dialog001",
"flag":[
	"难度，待定"]
	,
"guide":[
	{
	"desc":"[560808]将两个道具融合，你将拥有威力\n超乎想象的[d10000]超级道具[560808]！[-]","icon":"npc_icon_001","pos":[
	{
	"x":4,"y":5},
	{
	"x":5,"y":5}]
	,"move":{
	"g1X":4,"g1Y":5,"g2X":5,"g2Y":5}},
	
	{
	"desc":"[560808]任意两个道具融合，都能获得不\n一样的[d10000]超级道具[560808]哦，多试试吧！[-]","icon":"npc_icon_001","pos":[
	{
	"x":4,"y":5},
	{
	"x":5,"y":5}]
	,"move":{
	"g1X":4,"g1Y":5,"g2X":5,"g2Y":5}}	
	
	]
	,
	
	
	
	
	
	
"board":{
	
"width":9,
"height":11,
"picieDefult":"1001|100;1002|100;1003|150;1004|100;1005|100",
"entryDefult":"1001|100;1002|100;1003|150;1004|100;1005|100",
"screens":[
	{
	"id":1,"lefttop":[
	1,1]
	,"rightbottom":[
	8,9]
	,
	"goals":[
	{
	"type":1,"id":1003,"num":30,"desc":"[560808]消除指定颜色棋子可通关[-]"}]
	}]
	,

"grid":[
	{
	"x":3,"y":1,"dir":2,"entry":true,"pieceid":1001,"cover":[{"id":10031,"hp":1}]
	},
	{
	"x":4,"y":1,"dir":2,"entry":true,"pieceid":1001,"cover":[{"id":10031,"hp":1}]
	},
	{
	"x":5,"y":1,"dir":2,"entry":true,"pieceid":1002,"cover":[{"id":10031,"hp":1}]
	},
	{
	"x":6,"y":1,"dir":2,"entry":true,"pieceid":1002,"cover":[{"id":10031,"hp":1}]
	},
	{
	"x":3,"y":2,"dir":2,"pieceid":1002,"cover":[{"id":10031,"hp":1}]
	},
	{
	"x":4,"y":2,"dir":2,"pieceid":1002,"cover":[{"id":10031,"hp":1}]
	},
	{
	"x":5,"y":2,"dir":2,"pieceid":1001,"cover":[{"id":10031,"hp":1}]
	},
	{
	"x":6,"y":2,"dir":2,"pieceid":1001,"cover":[{"id":10031,"hp":1}]
	},
	{
	"x":1,"y":3,"dir":2,"pieceid":0,"entry":true,"cover":[{"id":10031,"hp":1}]
	},
	{
	"x":2,"y":3,"dir":2,"pieceid":1003,"entry":true,"cover":[{"id":10031,"hp":1}]
	},
	{
	"x":3,"y":3,"dir":2,"pieceid":1001,"cover":[{"id":10031,"hp":1}]
	},
	{
	"x":4,"y":3,"dir":2,"pieceid":1001,"cover":[{"id":10031,"hp":1}]
	},
	{
	"x":5,"y":3,"dir":2,"pieceid":1002,"cover":[{"id":10031,"hp":1}]
	},
	{
	"x":6,"y":3,"dir":2,"pieceid":1002,"cover":[{"id":10031,"hp":1}]
	},
	{
	"x":7,"y":3,"dir":2,"pieceid":1001,"entry":true,"cover":[{"id":10031,"hp":1}]
	},
	{
	"x":8,"y":3,"dir":2,"pieceid":0,"entry":true,"cover":[{"id":10031,"hp":1}]
	},
	{
	"x":1,"y":4,"dir":2,"pieceid":1001,"cover":[{"id":10031,"hp":1}]
	},
	{
	"x":2,"y":4,"dir":2,"pieceid":1002,"cover":[{"id":10031,"hp":1}]
	},
	{
	"x":3,"y":4,"dir":2,"pieceid":1002,"cover":[{"id":10031,"hp":1}]
	},
	{
	"x":4,"y":4,"dir":2,"pieceid":1121,"cover":[{"id":10031,"hp":1}]
	},
	{
	"x":5,"y":4,"dir":2,"pieceid":1101,"cover":[{"id":10031,"hp":1}]
	},
	{
	"x":6,"y":4,"dir":2,"pieceid":1001,"cover":[{"id":10031,"hp":1}]
	},
	{
	"x":7,"y":4,"dir":2,"pieceid":1003,"cover":[{"id":10031,"hp":1}]
	},
	{
	"x":8,"y":4,"dir":2,"pieceid":1001,"cover":[{"id":10031,"hp":1}]
	},
	{
	"x":1,"y":5,"dir":2,"pieceid":1001,"cover":[{"id":10031,"hp":1}]
	},
	{
	"x":2,"y":5,"dir":2,"pieceid":1003,"cover":[{"id":10031,"hp":1}]
	},
	{
	"x":3,"y":5,"dir":2,"pieceid":1003,"cover":[{"id":10031,"hp":1}]
	},
	{
	"x":4,"y":5,"dir":2,"pieceid":1105},
	{
	"x":5,"y":5,"dir":2,"pieceid":1131},
	{
	"x":6,"y":5,"dir":2,"pieceid":1003,"cover":[{"id":10031,"hp":1}]
	},
	{
	"x":7,"y":5,"dir":2,"pieceid":1003,"cover":[{"id":10031,"hp":1}]
	},
	{
	"x":8,"y":5,"dir":2,"pieceid":1002,"cover":[{"id":10031,"hp":1}]
	},
	{
	"x":1,"y":6,"dir":2,"pieceid":1002,"cover":[{"id":10031,"hp":1}]
	},
	{
	"x":2,"y":6,"dir":2,"pieceid":1003,"cover":[{"id":10031,"hp":1}]
	},
	{
	"x":3,"y":6,"dir":2,"pieceid":1002,"cover":[{"id":10031,"hp":1}]
	},
	{
	"x":4,"y":6,"dir":2,"pieceid":1002,"cover":[{"id":10031,"hp":1}]
	},
	{
	"x":5,"y":6,"dir":2,"pieceid":1001,"cover":[{"id":10031,"hp":1}]
	},
	{
	"x":6,"y":6,"dir":2,"pieceid":1001,"cover":[{"id":10031,"hp":1}]
	},
	{
	"x":7,"y":6,"dir":2,"pieceid":1004,"cover":[{"id":10031,"hp":1}]
	},
	{
	"x":8,"y":6,"dir":2,"pieceid":1001,"cover":[{"id":10031,"hp":1}]
	},
	{
	"x":1,"y":7,"dir":2,"pieceid":0,"cover":[{"id":10031,"hp":1}]
	},
	{
	"x":2,"y":7,"dir":2,"pieceid":1001,"cover":[{"id":10031,"hp":1}]
	},
	{
	"x":3,"y":7,"dir":2,"pieceid":1004,"cover":[{"id":10031,"hp":1}]
	},
	{
	"x":4,"y":7,"dir":2,"pieceid":1004,"cover":[{"id":10031,"hp":1}]
	},
	{
	"x":5,"y":7,"dir":2,"pieceid":1002,"cover":[{"id":10031,"hp":1}]
	},
	{
	"x":6,"y":7,"dir":2,"pieceid":1002,"cover":[{"id":10031,"hp":1}]
	},
	{
	"x":7,"y":7,"dir":2,"pieceid":1004,"cover":[{"id":10031,"hp":1}]
	},
	{
	"x":8,"y":7,"dir":2,"pieceid":0,"cover":[{"id":10031,"hp":1}]
	},
	{
	"x":3,"y":8,"dir":2,"pieceid":1002,"cover":[{"id":10031,"hp":1}]
	},
	{
	"x":4,"y":8,"dir":2,"pieceid":1002,"cover":[{"id":10031,"hp":1}]
	},
	{
	"x":5,"y":8,"dir":2,"pieceid":1004,"cover":[{"id":10031,"hp":1}]
	},
	{
	"x":6,"y":8,"dir":2,"pieceid":1004,"cover":[{"id":10031,"hp":1}]
	},
	{
	"x":3,"y":9,"dir":2,"pieceid":1004,"cover":[{"id":10031,"hp":1}]
	},
	{
	"x":4,"y":9,"dir":2,"pieceid":1004,"cover":[{"id":10031,"hp":1}]
	},
	{
	"x":5,"y":9,"dir":2,"pieceid":1002,"cover":[{"id":10031,"hp":1}]
	},
	{
	"x":6,"y":9,"dir":2,"pieceid":1002,"cover":[{"id":10031,"hp":1}]
	}]
	}}