{
	"level":51,
	"goals":[
	{
	"type":1,"id":11002,"num":32}]
	,
"steps":20,
"showWindTime":10,
"description":"dialog001",
"flag":[
	"难度，待定"]
	,
"guide":[
	{
	"desc":"[560808]好多汉堡啊，每次在篮子旁边消除，就能拿一个出来哦！[-]","icon":"npc_icon_001","pos":[
	{
	"x":2,"y":2},
	{
	"x":2,"y":3},
	{
	"x":2,"y":4},
	{
	"x":2,"y":5},
	{
	"x":3,"y":4}]
	,"move":{
	"g1X":3,"g1Y":4,"g2X":2,"g2Y":4}}]
	,
"board":{
	
"width":9,
"height":11,
"picieDefult":"1001|100;1002|100;1003|100;1004|100;1005|100",
"entryDefult":"1001|100;1002|100;1003|100;1004|100;1005|100",
"screens":[
	{
	"id":1,"lefttop":[
	0,0]
	,"rightbottom":[
	8,10]
	,
	"goals":[
	{
	"type":1,"id":11002,"num":32}]
	}]
	,

"grid":[
	{
	"x":1,"y":0,"dir":2,"pieceid":0,"entry":true},
	{
	"x":2,"y":0,"dir":2,"pieceid":0,"entry":true},
	{
	"x":3,"y":0,"dir":2,"pieceid":0,"entry":true},
	{
	"x":5,"y":0,"dir":2,"pieceid":0,"entry":true},
	{
	"x":6,"y":0,"dir":2,"pieceid":0,"entry":true},
	{
	"x":7,"y":0,"dir":2,"pieceid":0,"entry":true},
	{
	"x":1,"y":1,"dir":2,"pieceid":0},
	{
	"x":2,"y":1,"dir":2,"pieceid":0},
	{
	"x":3,"y":1,"dir":2,"pieceid":0},
	{
	"x":4,"y":1,"dir":2,"pieceid":0,"entry":true},
	{
	"x":5,"y":1,"dir":2,"pieceid":0},
	{
	"x":6,"y":1,"dir":2,"pieceid":0},
	{
	"x":7,"y":1,"dir":2,"pieceid":0},
	{
	"x":1,"y":2,"dir":2,"pieceid":0},
	{
	"x":2,"y":2,"dir":2,"pieceid":1001},
	{
	"x":3,"y":2,"dir":2,"pieceid":0},
	{
	"x":4,"y":2,"dir":2,"pieceid":0},
	{
	"x":5,"y":2,"dir":2,"pieceid":0},
	{
	"x":6,"y":2,"dir":2,"pieceid":0},
	{
	"x":7,"y":2,"dir":2,"pieceid":0},
	{
	"x":2,"y":3,"dir":2,"pieceid":1001},
	{
	"x":3,"y":3,"dir":2,"pieceid":0},
	{
	"x":4,"y":3,"dir":2,"pieceid":0},
	{
	"x":5,"y":3,"dir":2,"pieceid":0},
	{
	"x":6,"y":3,"dir":2,"pieceid":0},
	{
	"x":0,"y":4,"dir":2,"cover":[{"id":11002,"hp":8,"covertype":1}]
	,"entry":true},
	{
	"x":1,"y":4,"dir":2,"cover":[{"id":11002,"hp":8,"covertype":1}]
	,"entry":true},
	{
	"x":2,"y":4,"dir":2,"pieceid":1003},
	{
	"x":3,"y":4,"dir":2,"pieceid":1001},
	{
	"x":4,"y":4,"dir":2,"pieceid":0},
	{
	"x":5,"y":4,"dir":2,"pieceid":0},
	{
	"x":6,"y":4,"dir":2,"pieceid":0},
	{
	"x":7,"y":4,"dir":2,"cover":[{"id":11002,"hp":8,"covertype":2}]
	,"entry":true},
	{
	"x":8,"y":4,"dir":2,"cover":[{"id":11002,"hp":8,"covertype":2}]
	,"entry":true},
	{
	"x":0,"y":5,"dir":2,"cover":[{"id":11002,"hp":8,"covertype":1}]
	},
	{
	"x":1,"y":5,"dir":2,"cover":[{"id":11002,"hp":8,"covertype":1}]
	},
	{
	"x":2,"y":5,"dir":2,"pieceid":1001},
	{
	"x":3,"y":5,"dir":2,"pieceid":0},
	{
	"x":4,"y":5,"dir":2,"pieceid":0},
	{
	"x":5,"y":5,"dir":2,"pieceid":0},
	{
	"x":6,"y":5,"dir":2,"pieceid":0},
	{
	"x":7,"y":5,"dir":2,"cover":[{"id":11002,"hp":8,"covertype":2}]
	},
	{
	"x":8,"y":5,"dir":2,"cover":[{"id":11002,"hp":8,"covertype":2}]
	},
	{
	"x":2,"y":6,"dir":2,"pieceid":0},
	{
	"x":3,"y":6,"dir":2,"pieceid":0},
	{
	"x":4,"y":6,"dir":2,"pieceid":0},
	{
	"x":5,"y":6,"dir":2,"pieceid":0},
	{
	"x":6,"y":6,"dir":2,"pieceid":0},
	{
	"x":2,"y":7,"dir":2,"pieceid":0},
	{
	"x":3,"y":7,"dir":2,"pieceid":0},
	{
	"x":4,"y":7,"dir":2,"pieceid":0},
	{
	"x":5,"y":7,"dir":2,"pieceid":0},
	{
	"x":6,"y":7,"dir":2,"pieceid":0},
	{
	"x":2,"y":8,"dir":2,"pieceid":0},
	{
	"x":3,"y":8,"dir":2,"pieceid":0},
	{
	"x":4,"y":8,"dir":2,"pieceid":0},
	{
	"x":5,"y":8,"dir":2,"pieceid":0},
	{
	"x":6,"y":8,"dir":2,"pieceid":0},
	{
	"x":2,"y":9,"dir":2,"pieceid":0,"cover":[{"id":11002,"hp":8,"covertype":3}]
	},
	{
	"x":3,"y":9,"dir":2,"pieceid":0,"cover":[{"id":11002,"hp":8,"covertype":3}]
	},
	{
	"x":5,"y":9,"dir":2,"pieceid":0,"cover":[{"id":11002,"hp":8,"covertype":4}]
	},
	{
	"x":6,"y":9,"dir":2,"pieceid":0,"cover":[{"id":11002,"hp":8,"covertype":4}]
	},
	{
	"x":2,"y":10,"dir":2,"pieceid":0,"cover":[{"id":11002,"hp":8,"covertype":3}]
	},
	{
	"x":3,"y":10,"dir":2,"pieceid":0,"cover":[{"id":11002,"hp":8,"covertype":3}]
	},
	{
	"x":5,"y":10,"dir":2,"pieceid":0,"cover":[{"id":11002,"hp":8,"covertype":4}]
	},
	{
	"x":6,"y":10,"dir":2,"pieceid":0,"cover":[{"id":11002,"hp":8,"covertype":4}]
	}]
	}}