{
	"level":58,
"steps":26,
"showWindTime":10,
"description":"dialog001",
"flag":[
	"难度，待定"]
	,
"guide":[
	"新手引导，待定"]
	,
"board":{
	
"width":9,
"height":23,
"picieDefult":"1001|100;1002|100;1003|100;1004|100;1005|100",
"entryDefult":"1001|100;1002|100;1003|100;1004|100;1005|100",
"screens":[
	{
	"id":1,"lefttop":[
	0,0]
	,"rightbottom":[
	8,10]
	,
	"goals":[
	{
	"type":1,"id":1301,"num":10}]
	},
	{
	"id":2,"lefttop":[
	0,12]
	,"rightbottom":[
	8,22]
	,
	"goals":[
	{
	"type":1,"id":1301,"num":14}]
	}]
	,

"grid":[
	{
	"x":0,"y":0,"dir":1,"pieceid":0,"entry":true},
	{
	"x":1,"y":0,"dir":1,"pieceid":0},
	{
	"x":2,"y":0,"dir":1,"pieceid":0},
	{
	"x":3,"y":0,"dir":1,"pieceid":0},
	{
	"x":4,"y":0,"dir":1,"pieceid":0,"gateto":[
	1,3]
	},
	{
	"x":6,"y":0,"dir":1,"pieceid":0,"cover":[{"id":11021,"hp":1}]
	,"entry":true},
	{
	"x":7,"y":0,"dir":1,"pieceid":1301,"cover":[{"id":11021,"hp":1}]
	},
	{
	"x":8,"y":0,"dir":1,"pieceid":0,"gateto":[
	8,12]
	},
	{
	"x":6,"y":1,"dir":1,"pieceid":0,"cover":[{"id":11021,"hp":1}]
	,"entry":true},
	{
	"x":7,"y":1,"dir":1,"pieceid":1301,"cover":[{"id":11021,"hp":1}]
	},
	{
	"x":8,"y":1,"dir":1,"pieceid":0,"gateto":[
	8,13]
	},
	{
	"x":2,"y":2,"dir":1,"pieceid":0,"entry":true},
	{
	"x":3,"y":2,"dir":1,"pieceid":0},
	{
	"x":4,"y":2,"dir":1,"pieceid":0},
	{
	"x":5,"y":2,"dir":1,"pieceid":0,"cover":[{"id":11021,"hp":1}]
	},
	{
	"x":6,"y":2,"dir":1,"pieceid":1105,"cover":[{"id":11021,"hp":1}]
	},
	{
	"x":7,"y":2,"dir":1,"pieceid":1301,"cover":[{"id":11021,"hp":1}]
	},
	{
	"x":8,"y":2,"dir":1,"pieceid":0,"gateto":[
	8,14]
	},
	{
	"x":1,"y":3,"dir":1,"pieceid":0,"gatefrom":[
	4,0]
	},
	{
	"x":2,"y":3,"dir":1,"pieceid":0},
	{
	"x":3,"y":3,"dir":1,"pieceid":0},
	{
	"x":4,"y":3,"dir":1,"pieceid":0},
	{
	"x":5,"y":3,"dir":1,"pieceid":0,"cover":[{"id":11021,"hp":1}]
	},
	{
	"x":6,"y":3,"dir":1,"pieceid":1301,"cover":[{"id":11021,"hp":2}]
	},
	{
	"x":7,"y":3,"dir":1,"pieceid":0,"cover":[{"id":11021,"hp":2}]
	},
	{
	"x":0,"y":4,"dir":1,"pieceid":0,"entry":true},
	{
	"x":1,"y":4,"dir":1,"pieceid":0},
	{
	"x":2,"y":4,"dir":1,"pieceid":0},
	{
	"x":3,"y":4,"dir":1,"pieceid":0},
	{
	"x":4,"y":4,"dir":1,"pieceid":0},
	{
	"x":5,"y":4,"dir":1,"pieceid":1301,"cover":[{"id":11021,"hp":1}]
	},
	{
	"x":6,"y":4,"dir":1,"pieceid":0,"cover":[{"id":11021,"hp":2}]
	},
	{
	"x":7,"y":4,"dir":1,"pieceid":0,"cover":[{"id":11021,"hp":2}]
	},
	{
	"x":0,"y":5,"dir":1,"pieceid":0,"entry":true},
	{
	"x":1,"y":5,"dir":1,"pieceid":0},
	{
	"x":2,"y":5,"dir":1,"pieceid":0},
	{
	"x":6,"y":5,"dir":1,"pieceid":0,"cover":[{"id":11021,"hp":2}]
	},
	{
	"x":7,"y":5,"dir":1,"pieceid":0,"cover":[{"id":11021,"hp":2}]
	},
	{
	"x":0,"y":6,"dir":1,"pieceid":0,"entry":true},
	{
	"x":1,"y":6,"dir":1,"pieceid":0},
	{
	"x":2,"y":6,"dir":1,"pieceid":0},
	{
	"x":3,"y":6,"dir":1,"pieceid":0},
	{
	"x":4,"y":6,"dir":1,"pieceid":0},
	{
	"x":5,"y":6,"dir":1,"pieceid":1301,"cover":[{"id":11021,"hp":1}]
	},
	{
	"x":6,"y":6,"dir":1,"pieceid":0,"cover":[{"id":11021,"hp":2}]
	},
	{
	"x":7,"y":6,"dir":1,"pieceid":0,"cover":[{"id":11021,"hp":2}]
	},
	{
	"x":1,"y":7,"dir":1,"pieceid":0,"gatefrom":[
	4,10]
	},
	{
	"x":2,"y":7,"dir":1,"pieceid":0},
	{
	"x":3,"y":7,"dir":1,"pieceid":0},
	{
	"x":4,"y":7,"dir":1,"pieceid":0},
	{
	"x":5,"y":7,"dir":1,"pieceid":0,"cover":[{"id":11021,"hp":1}]
	},
	{
	"x":6,"y":7,"dir":1,"pieceid":1301,"cover":[{"id":11021,"hp":2}]
	},
	{
	"x":7,"y":7,"dir":1,"pieceid":0,"cover":[{"id":11021,"hp":2}]
	},
	{
	"x":2,"y":8,"dir":1,"pieceid":0,"entry":true},
	{
	"x":3,"y":8,"dir":1,"pieceid":0},
	{
	"x":4,"y":8,"dir":1,"pieceid":0},
	{
	"x":5,"y":8,"dir":1,"pieceid":0,"cover":[{"id":11021,"hp":1}]
	},
	{
	"x":6,"y":8,"dir":1,"pieceid":1105,"cover":[{"id":11021,"hp":1}]
	},
	{
	"x":7,"y":8,"dir":1,"pieceid":1301,"cover":[{"id":11021,"hp":1}]
	},
	{
	"x":8,"y":8,"dir":1,"pieceid":0,"gateto":[
	8,20]
	},
	{
	"x":6,"y":9,"dir":1,"pieceid":0,"cover":[{"id":11021,"hp":1}]
	,"entry":true},
	{
	"x":7,"y":9,"dir":1,"pieceid":1301,"cover":[{"id":11021,"hp":1}]
	},
	{
	"x":8,"y":9,"dir":1,"pieceid":0,"gateto":[
	8,21]
	},
	{
	"x":0,"y":10,"dir":1,"pieceid":0,"entry":true},
	{
	"x":1,"y":10,"dir":1,"pieceid":0},
	{
	"x":2,"y":10,"dir":1,"pieceid":0},
	{
	"x":3,"y":10,"dir":1,"pieceid":0},
	{
	"x":4,"y":10,"dir":1,"pieceid":0,"gateto":[
	1,7]
	},
	{
	"x":6,"y":10,"dir":1,"pieceid":0,"cover":[{"id":11021,"hp":1}]
	,"entry":true},
	{
	"x":7,"y":10,"dir":1,"pieceid":1301,"cover":[{"id":11021,"hp":1}]
	},
	{
	"x":8,"y":10,"dir":1,"pieceid":0,"gateto":[
	8,22]
	},
	{
	"x":0,"y":12,"dir":3,"pieceid":1301,"cover":[{"id":11021,"hp":2}]
	},
	{
	"x":1,"y":12,"dir":3,"pieceid":0,"cover":[{"id":11021,"hp":2}]
	},
	{
	"x":2,"y":12,"dir":3,"pieceid":0},
	{
	"x":3,"y":12,"dir":3,"pieceid":0},
	{
	"x":4,"y":12,"dir":3,"pieceid":0,"entry":true},
	{
	"x":6,"y":12,"dir":3,"pieceid":0},
	{
	"x":7,"y":12,"dir":3,"pieceid":0},
	{
	"x":8,"y":12,"dir":3,"pieceid":0,"gatefrom":[
	8,0]
	},
	{
	"x":0,"y":13,"dir":3,"pieceid":0,"cover":[{"id":11021,"hp":2}]
	},
	{
	"x":1,"y":13,"dir":3,"pieceid":1301,"cover":[{"id":11021,"hp":2}]
	},
	{
	"x":2,"y":13,"dir":3,"pieceid":0},
	{
	"x":3,"y":13,"dir":3,"pieceid":0},
	{
	"x":4,"y":13,"dir":3,"pieceid":0,"entry":true},
	{
	"x":6,"y":13,"dir":3,"pieceid":0},
	{
	"x":7,"y":13,"dir":3,"pieceid":0},
	{
	"x":8,"y":13,"dir":3,"pieceid":0,"gatefrom":[
	8,1]
	},
	{
	"x":0,"y":14,"dir":3,"pieceid":0,"cover":[{"id":11021,"hp":2}]
	},
	{
	"x":1,"y":14,"dir":3,"pieceid":0,"cover":[{"id":11021,"hp":2}]
	},
	{
	"x":2,"y":14,"dir":3,"pieceid":1301,"cover":[{"id":11021,"hp":1}]
	},
	{
	"x":3,"y":14,"dir":3,"pieceid":0,"cover":[{"id":11021,"hp":1}]
	},
	{
	"x":4,"y":14,"dir":3,"pieceid":0,"cover":[{"id":11021,"hp":1}]
	,"entry":true},
	{
	"x":6,"y":14,"dir":3,"pieceid":0},
	{
	"x":7,"y":14,"dir":3,"pieceid":0},
	{
	"x":8,"y":14,"dir":3,"pieceid":0,"gatefrom":[
	8,2]
	},
	{
	"x":0,"y":15,"dir":3,"pieceid":0,"cover":[{"id":11021,"hp":2}]
	},
	{
	"x":1,"y":15,"dir":3,"pieceid":1301,"cover":[{"id":11021,"hp":2}]
	},
	{
	"x":2,"y":15,"dir":3,"pieceid":1301,"cover":[{"id":11021,"hp":1}]
	},
	{
	"x":3,"y":15,"dir":3,"pieceid":1301,"cover":[{"id":11021,"hp":1}]
	},
	{
	"x":4,"y":15,"dir":3,"pieceid":1301,"cover":[{"id":11021,"hp":1}]
	},
	{
	"x":5,"y":15,"dir":3,"pieceid":0},
	{
	"x":6,"y":15,"dir":3,"pieceid":0},
	{
	"x":7,"y":15,"dir":3,"pieceid":0,"entry":true},
	{
	"x":3,"y":16,"dir":3,"pieceid":0},
	{
	"x":4,"y":16,"dir":3,"pieceid":0},
	{
	"x":5,"y":16,"dir":3,"pieceid":0},
	{
	"x":6,"y":16,"dir":3,"pieceid":0},
	{
	"x":7,"y":16,"dir":3,"pieceid":0,"entry":true},
	{
	"x":5,"y":17,"dir":3,"pieceid":0},
	{
	"x":6,"y":17,"dir":3,"pieceid":0},
	{
	"x":7,"y":17,"dir":3,"pieceid":0,"entry":true},
	{
	"x":3,"y":18,"dir":3,"pieceid":0},
	{
	"x":4,"y":18,"dir":3,"pieceid":0},
	{
	"x":5,"y":18,"dir":3,"pieceid":0},
	{
	"x":6,"y":18,"dir":3,"pieceid":0},
	{
	"x":7,"y":18,"dir":3,"pieceid":0,"entry":true},
	{
	"x":0,"y":19,"dir":3,"pieceid":0,"cover":[{"id":11021,"hp":2}]
	},
	{
	"x":1,"y":19,"dir":3,"pieceid":1301,"cover":[{"id":11021,"hp":2}]
	},
	{
	"x":2,"y":19,"dir":3,"pieceid":1301,"cover":[{"id":11021,"hp":1}]
	},
	{
	"x":3,"y":19,"dir":3,"pieceid":1301,"cover":[{"id":11021,"hp":1}]
	},
	{
	"x":4,"y":19,"dir":3,"pieceid":1301,"cover":[{"id":11021,"hp":1}]
	},
	{
	"x":5,"y":19,"dir":3,"pieceid":0},
	{
	"x":6,"y":19,"dir":3,"pieceid":0},
	{
	"x":7,"y":19,"dir":3,"pieceid":0,"entry":true},
	{
	"x":0,"y":20,"dir":3,"pieceid":0,"cover":[{"id":11021,"hp":2}]
	},
	{
	"x":1,"y":20,"dir":3,"pieceid":0,"cover":[{"id":11021,"hp":2}]
	},
	{
	"x":2,"y":20,"dir":3,"pieceid":1301,"cover":[{"id":11021,"hp":1}]
	},
	{
	"x":3,"y":20,"dir":3,"pieceid":0,"cover":[{"id":11021,"hp":1}]
	},
	{
	"x":4,"y":20,"dir":3,"pieceid":0,"cover":[{"id":11021,"hp":1}]
	,"entry":true},
	{
	"x":6,"y":20,"dir":3,"pieceid":0},
	{
	"x":7,"y":20,"dir":3,"pieceid":0},
	{
	"x":8,"y":20,"dir":3,"pieceid":0,"gatefrom":[
	8,8]
	},
	{
	"x":0,"y":21,"dir":3,"pieceid":0,"cover":[{"id":11021,"hp":2}]
	},
	{
	"x":1,"y":21,"dir":3,"pieceid":1301,"cover":[{"id":11021,"hp":2}]
	},
	{
	"x":2,"y":21,"dir":3,"pieceid":0},
	{
	"x":3,"y":21,"dir":3,"pieceid":0},
	{
	"x":4,"y":21,"dir":3,"pieceid":0,"entry":true},
	{
	"x":6,"y":21,"dir":3,"pieceid":0},
	{
	"x":7,"y":21,"dir":3,"pieceid":0},
	{
	"x":8,"y":21,"dir":3,"pieceid":0,"gatefrom":[
	8,9]
	},
	{
	"x":0,"y":22,"dir":3,"pieceid":1301,"cover":[{"id":11021,"hp":2}]
	},
	{
	"x":1,"y":22,"dir":3,"pieceid":0,"cover":[{"id":11021,"hp":2}]
	},
	{
	"x":2,"y":22,"dir":3,"pieceid":0},
	{
	"x":3,"y":22,"dir":3,"pieceid":0},
	{
	"x":4,"y":22,"dir":3,"pieceid":0,"entry":true},
	{
	"x":6,"y":22,"dir":3,"pieceid":0},
	{
	"x":7,"y":22,"dir":3,"pieceid":0},
	{
	"x":8,"y":22,"dir":3,"pieceid":0,"gatefrom":[
	8,10]
	}]
	}}