{
	"level":6,
	"goals":[
	{
	"type":1,"id":1001,"num":25}]
	,
"steps":25,
"description":"dialog001",
"flag":[
	"难度，待定"]
	,
"guide":[
	{
	"desc":"[560808]强大的[d10000]彩虹球[560808]能够让场上\n某颜色棋子都消除哦！[-]","icon":"npc_icon_001","pos":[
	{
	"x":4,"y":4},
	{
	"x":4,"y":5},
	{
	"x":4,"y":6}]
	,"move":{
	"g1X":4,"g1Y":5,"g2X":4,"g2Y":4}},
	{
	"desc":"[d10000]直线5个[560808]相同颜色棋子，\n就能够产生彩虹球哦[-]","icon":"npc_icon_001","pos":[
	{
	"x":2,"y":5},
	{
	"x":2,"y":6},
	{
	"x":2,"y":7},
	{
	"x":2,"y":8},
	{
	"x":2,"y":9},
	{
	"x":1,"y":7}]
	,"move":{
	"g1X":1,"g1Y":7,"g2X":2,"g2Y":7}}]
	,
"board":{
	
"width":9,
"height":11,
"picieDefult":"1001|150;1002|100;1003|100;1004|100;1005|100",
"entryDefult":"1001|150;1002|100;1003|100;1004|100;1005|100",
"screens":[
	{
	"id":1,"lefttop":[
	1,1]
	,"rightbottom":[
	7,9]
	,
	"goals":[
	{
	"type":1,"id":1001,"num":35}]
	}]
	,

"grid":[
	{
	"x":1,"y":1,"dir":2,"entry":true,"cover":[{"id":10031,"hp":1}]
	},
	{
	"x":2,"y":1,"dir":2,"entry":true,"candidate_entry":"1001|100;1003|100;1003|100;1004|100;1005|100","cover":[{"id":10031,"hp":1}]
	,"pieceid":1002},
	{
	"x":3,"y":1,"dir":2,"entry":true,"cover":[{"id":10031,"hp":1}]
	},
	{
	"x":4,"y":1,"dir":2,"entry":true,"cover":[{"id":10031,"hp":1}]
	},
	{
	"x":5,"y":1,"dir":2,"entry":true,"cover":[{"id":10031,"hp":1}]
	},
	{
	"x":6,"y":1,"dir":2,"entry":true,"cover":[{"id":10031,"hp":1}]
	},
	{
	"x":7,"y":1,"dir":2,"entry":true,"cover":[{"id":10031,"hp":1}]
	},
	{
	"x":1,"y":2,"dir":2,"cover":[{"id":10031,"hp":1}]
	,"pieceid":0},
	{
	"x":2,"y":2,"dir":2,"pieceid":1001},
	{
	"x":3,"y":2,"dir":2,"cover":[{"id":10031,"hp":1}]
	,"pieceid":0},
	{
	"x":4,"y":2,"dir":2,"pieceid":1001},
	{
	"x":5,"y":2,"dir":2,"cover":[{"id":10031,"hp":1}]
	,"pieceid":0},
	{
	"x":6,"y":2,"dir":2,"pieceid":1001},
	{
	"x":7,"y":2,"dir":2,"cover":[{"id":10031,"hp":1}]
	,"pieceid":0},
	{
	"x":1,"y":3,"dir":2,"cover":[{"id":10031,"hp":1}]
	,"pieceid":0},
	{
	"x":2,"y":3,"dir":2,"cover":[{"id":10031,"hp":1}]
	,"pieceid":1002},
	{
	"x":3,"y":3,"dir":2,"cover":[{"id":10031,"hp":1}]
	,"pieceid":0},
	{
	"x":4,"y":3,"dir":2,"cover":[{"id":10031,"hp":1}]
	,"pieceid":1005},
	{
	"x":5,"y":3,"dir":2,"cover":[{"id":10031,"hp":1}]
	,"pieceid":0},
	{
	"x":6,"y":3,"dir":2,"cover":[{"id":10031,"hp":1}]
	,"pieceid":0},
	{
	"x":7,"y":3,"dir":2,"cover":[{"id":10031,"hp":1}]
	,"pieceid":0},
	{
	"x":1,"y":4,"dir":2,"cover":[{"id":10031,"hp":1}]
	,"pieceid":0},
	{
	"x":2,"y":4,"dir":2,"pieceid":1001},
	{
	"x":3,"y":4,"dir":2,"cover":[{"id":10031,"hp":1}]
	,"pieceid":0},
	{
	"x":4,"y":4,"dir":2,"pieceid":1001},
	{
	"x":5,"y":4,"dir":2,"cover":[{"id":10031,"hp":1}]
	,"pieceid":0},
	{
	"x":6,"y":4,"dir":2,"pieceid":1001},
	{
	"x":7,"y":4,"dir":2,"cover":[{"id":10031,"hp":1}]
	,"pieceid":0},
	{
	"x":1,"y":5,"dir":2,"cover":[{"id":10031,"hp":1}]
	,"pieceid":0},
	{
	"x":2,"y":5,"dir":2,"cover":[{"id":10031,"hp":1}]
	,"pieceid":1003},
	{
	"x":3,"y":5,"dir":2,"cover":[{"id":10031,"hp":1}]
	,"pieceid":0},
	{
	"x":4,"y":5,"dir":2,"pieceid":1141},
	{
	"x":5,"y":5,"dir":2,"cover":[{"id":10031,"hp":1}]
	,"pieceid":0},
	{
	"x":6,"y":5,"dir":2,"cover":[{"id":10031,"hp":1}]
	,"pieceid":0},
	{
	"x":7,"y":5,"dir":2,"cover":[{"id":10031,"hp":1}]
	,"pieceid":0},
	{
	"x":1,"y":6,"dir":2,"cover":[{"id":10031,"hp":1}]
	,"pieceid":1005},
	{
	"x":2,"y":6,"dir":2,"pieceid":1001},
	{
	"x":3,"y":6,"dir":2,"cover":[{"id":10031,"hp":1}]
	,"pieceid":1005},
	{
	"x":4,"y":6,"dir":2,"pieceid":1001},
	{
	"x":5,"y":6,"dir":2,"cover":[{"id":10031,"hp":1}]
	,"pieceid":0},
	{
	"x":6,"y":6,"dir":2,"pieceid":1001},
	{
	"x":7,"y":6,"dir":2,"cover":[{"id":10031,"hp":1}]
	,"pieceid":0},
	{
	"x":1,"y":7,"dir":2,"pieceid":1002},
	{
	"x":2,"y":7,"dir":2,"cover":[{"id":10031,"hp":1}]
	,"pieceid":1002},
	{
	"x":3,"y":7,"dir":2,"cover":[{"id":10031,"hp":1}]
	,"pieceid":1005},
	{
	"x":4,"y":7,"dir":2,"cover":[{"id":10031,"hp":1}]
	,"pieceid":1001},
	{
	"x":5,"y":7,"dir":2,"cover":[{"id":10031,"hp":1}]
	,"pieceid":0},
	{
	"x":6,"y":7,"dir":2,"cover":[{"id":10031,"hp":1}]
	,"pieceid":0},
	{
	"x":7,"y":7,"dir":2,"pieceid":1002},
	{
	"x":1,"y":8,"dir":2,"cover":[{"id":10031,"hp":1}]
	,"pieceid":1003},
	{
	"x":2,"y":8,"dir":2,"pieceid":1001},
	{
	"x":3,"y":8,"dir":2,"cover":[{"id":10031,"hp":1}]
	,"pieceid":0},
	{
	"x":4,"y":8,"dir":2,"pieceid":1001},
	{
	"x":5,"y":8,"dir":2,"cover":[{"id":10031,"hp":1}]
	,"pieceid":0},
	{
	"x":6,"y":8,"dir":2,"pieceid":1001},
	{
	"x":7,"y":8,"dir":2,"cover":[{"id":10031,"hp":1}]
	,"pieceid":0},
	{
	"x":1,"y":9,"dir":2,"cover":[{"id":10031,"hp":1}]
	,"pieceid":0},
	{
	"x":2,"y":9,"dir":2,"cover":[{"id":10031,"hp":1}]
	,"pieceid":1002},
	{
	"x":3,"y":9,"dir":2,"cover":[{"id":10031,"hp":1}]
	,"pieceid":0},
	{
	"x":4,"y":9,"dir":2,"cover":[{"id":10031,"hp":1}]
	,"pieceid":0},
	{
	"x":5,"y":9,"dir":2,"cover":[{"id":10031,"hp":1}]
	,"pieceid":0},
	{
	"x":6,"y":9,"dir":2,"cover":[{"id":10031,"hp":1}]
	,"pieceid":0},
	{
	"x":7,"y":9,"dir":2,"cover":[{"id":10031,"hp":1}]
	,"pieceid":0}]
	}}