{
	"level":7,
"steps":30,
"description":"dialog001",
"flag":[
	"难度，待定"]
	,
"guide":[
	{
	"desc":"[560808]消除中[d10000]包含一块地毯[560808]地块，就可\n将其它地块也铺上地毯[-]","icon":"npc_icon_001","pos":[
	{
	"x":2,"y":3},
	{
	"x":2,"y":4},
	{
	"x":2,"y":5},
	{
	"x":3,"y":5}]
	,"move":{
	"g1X":3,"g1Y":5,"g2X":2,"g2Y":5}},
	{
	"desc":"[560808]让我们把场上的地毯全部铺满\n吧！别漏过任意一块哦！[-]","icon":"npc_icon_001","pos":[
	{
	"x":2,"y":7},
	{
	"x":3,"y":7},
	{
	"x":4,"y":7},
	{
	"x":4,"y":6}]
	,"move":{
	"g1X":4,"g1Y":6,"g2X":4,"g2Y":7}}]
	,
"board":{
	
"width":9,
"height":19,
"picieDefult":"1001|100;1002|100;1003|100;1004|100;1005|100",
"entryDefult":"1001|100;1002|100;1003|100;1004|100;1005|100",
"screens":[
	{
	"id":1,"lefttop":[
	0,0]
	,"rightbottom":[
	8,7]
	,
	"goals":[
	{
	"type":2,"id":101,"num":16,"desc":"[560808]消除中包含一块地毯图标，就可将其它地块也铺上地毯[-]"}]
	},
	{
	"id":2,"lefttop":[
	0,10]
	,"rightbottom":[
	8,18]
	,
	"goals":[
	{
	"type":2,"id":101,"num":53}]
	}]
	,

"grid":[
	{
	"x":2,"y":3,"dir":2,"entry":true,"floor":{"id":101},
	"pieceid":1001},
	{
	"x":4,"y":3,"dir":2,"entry":true,"pieceid":1005,"floor":{"id":101,"hp":1}},
	{
	"x":5,"y":3,"dir":2,"entry":true,"pieceid":1004,"floor":{"id":101,"hp":1}},
	{
	"x":6,"y":3,"dir":2,"entry":true,"floor":{"id":101,"hp":1},
	"pieceid":1004},
	{
	"x":2,"y":4,"dir":2,"pieceid":1001},
	{
	"x":4,"y":4,"dir":2,"floor":{"id":101},
	"pieceid":1004},
	{
	"x":2,"y":5,"dir":2,"pieceid":1002},
	{
	"x":3,"y":5,"dir":2,"entry":true,"floor":{"id":101},
	"pieceid":1001},
	{
	"x":5,"y":5,"entry":true,"dir":2,"floor":{"id":101},
	"pieceid":1002},
	{
	"x":6,"y":5,"entry":true,"dir":2,"pieceid":1001},
	{
	"x":4,"y":6,"dir":2,"entry":true,"floor":{"id":101},
	"pieceid":1005},
	{
	"x":6,"y":6,"dir":2,"pieceid":1002},
	{
	"x":2,"y":7,"entry":true,"dir":2,"floor":{"id":101},
	"pieceid":1005},
	{
	"x":3,"y":7,"entry":true,"dir":2,"pieceid":1005},
	{
	"x":4,"y":7,"dir":2,"pieceid":1004},
	{
	"x":6,"y":7,"dir":2,"floor":{"id":101},
	"pieceid":1002},
	{
	"x":1,"y":12,"dir":2,"pieceid":0,"floor":{"id":101},
	"entry":true},
	{
	"x":2,"y":12,"dir":2,"pieceid":0,"floor":{"id":101},
	"entry":true},
	{
	"x":6,"y":12,"dir":2,"pieceid":0,"floor":{"id":101},
	"entry":true},
	{
	"x":7,"y":12,"dir":2,"pieceid":0,"floor":{"id":101},
	"entry":true},
	{
	"x":0,"y":13,"dir":2,"pieceid":0,"entry":true,"floor":{"id":101,"hp":1}},
	{
	"x":1,"y":13,"dir":2,"pieceid":0,"floor":{"id":101,"hp":1}},
	{
	"x":2,"y":13,"dir":2,"pieceid":0,"floor":{"id":101,"hp":1}},
	{
	"x":3,"y":13,"dir":2,"pieceid":0,"entry":true,"floor":{"id":101,"hp":1}},
	{
	"x":5,"y":13,"dir":2,"pieceid":1004,"entry":true,"floor":{"id":101,"hp":1}},
	{
	"x":6,"y":13,"dir":2,"pieceid":1005,"floor":{"id":101,"hp":1}},
	{
	"x":7,"y":13,"dir":2,"pieceid":0,"floor":{"id":101,"hp":1}},
	{
	"x":8,"y":13,"dir":2,"pieceid":0,"entry":true,"floor":{"id":101,"hp":1}},
	{
	"x":0,"y":14,"dir":2,"pieceid":0,"floor":{"id":101,"hp":1}},
	{
	"x":1,"y":14,"dir":2,"pieceid":0},
	{
	"x":2,"y":14,"dir":2,"pieceid":0},
	{
	"x":3,"y":14,"dir":2,"pieceid":0},
	{
	"x":4,"y":14,"dir":2,"floor":{"id":101},
	"pieceid":1002,"entry":true},
	{
	"x":5,"y":14,"dir":2,"pieceid":1004},
	{
	"x":6,"y":14,"dir":2,"pieceid":1005},
	{
	"x":7,"y":14,"dir":2,"pieceid":0},
	{
	"x":8,"y":14,"dir":2,"pieceid":0,"floor":{"id":101,"hp":1}},
	{
	"x":1,"y":15,"dir":2,"pieceid":0},
	{
	"x":2,"y":15,"dir":2,"floor":{"id":101},
	"pieceid":1121},
	{
	"x":3,"y":15,"dir":2,"floor":{"id":101},
	"pieceid":0},
	{
	"x":4,"y":15,"dir":2,"floor":{"id":101},
	"pieceid":1004},
	{
	"x":5,"y":15,"dir":2,"floor":{"id":101},
	"pieceid":1001},
	{
	"x":6,"y":15,"dir":2,"floor":{"id":101},
	"pieceid":1003},
	{
	"x":7,"y":15,"dir":2,"pieceid":0},
	{
	"x":2,"y":16,"dir":2,"pieceid":0},
	{
	"x":3,"y":16,"dir":2,"pieceid":0},
	{
	"x":4,"y":16,"dir":2,"floor":{"id":101},
	"pieceid":1001},
	{
	"x":5,"y":16,"dir":2,"pieceid":1004},
	{
	"x":6,"y":16,"dir":2,"pieceid":1005},
	{
	"x":3,"y":17,"dir":2,"pieceid":0},
	{
	"x":4,"y":17,"dir":2,"floor":{"id":101},
	"pieceid":1001},
	{
	"x":5,"y":17,"dir":2,"pieceid":0},
	{
	"x":4,"y":18,"dir":2,"pieceid":0,"floor":{"id":101,"hp":1}},
	{
	"x":0,"y":15,"dir":2,"pieceid":0,"floor":{"id":101,"hp":1}},
	{
	"x":0,"y":16,"dir":2,"pieceid":0,"floor":{"id":101,"hp":1}},
	{
	"x":0,"y":17,"dir":2,"pieceid":0,"floor":{"id":101,"hp":1}},
	{
	"x":0,"y":18,"dir":2,"pieceid":0,"floor":{"id":101,"hp":1}},
	{
	"x":1,"y":16,"dir":2,"pieceid":0},
	{
	"x":1,"y":17,"dir":2,"pieceid":0},
	{
	"x":1,"y":18,"dir":2,"pieceid":0,"floor":{"id":101,"hp":1}},
	{
	"x":2,"y":17,"dir":2,"pieceid":0},
	{
	"x":2,"y":18,"dir":2,"pieceid":0,"floor":{"id":101,"hp":1}},
	{
	"x":3,"y":18,"dir":2,"pieceid":0,"floor":{"id":101,"hp":1}},
	{
	"x":5,"y":18,"dir":2,"pieceid":0,"floor":{"id":101,"hp":1}},
	{
	"x":6,"y":17,"dir":2,"pieceid":0},
	{
	"x":6,"y":18,"dir":2,"pieceid":0,"floor":{"id":101,"hp":1}},
	{
	"x":7,"y":16,"dir":2,"pieceid":0},
	{
	"x":7,"y":17,"dir":2,"pieceid":0},
	{
	"x":7,"y":18,"dir":2,"pieceid":0,"floor":{"id":101,"hp":1}},
	{
	"x":8,"y":15,"dir":2,"pieceid":0,"floor":{"id":101,"hp":1}},
	{
	"x":8,"y":16,"dir":2,"pieceid":0,"floor":{"id":101,"hp":1}},
	{
	"x":8,"y":17,"dir":2,"pieceid":0,"floor":{"id":101,"hp":1}},
	{
	"x":8,"y":18,"dir":2,"pieceid":0,"floor":{"id":101,"hp":1}}]
	}}