{
	"level":74,
	"goals":[
	{
	"type":1,"id":1001,"num":50},
	{
	"type":1,"id":1003,"num":50}]
	,
"steps":20,
"showWindTime":10,
"description":"dialog001",
"flag":[
	"难度，待定"]
	,
"guide":[
	{
	"desc":"[560808]这些隔板，会让棋子无法顺畅的移动，只能用炸弹或者火箭这种范围消除，才能将它们去掉了[-]","icon":"npc_icon_001","pos":[
	{
	"x":4,"y":0},
	{
	"x":4,"y":1}]
	,"move":{
	"g1X":4,"g1Y":0,"g2X":4,"g2Y":1}}]
	,
"board":{
	
"width":9,
"height":11,
"picieDefult":"1001|100;1002|100;1003|100;1004|100;1005|100",
"entryDefult":"1001|100;1002|100;1003|100;1004|100;1005|100",
"screens":[
	{
	"id":1,"lefttop":[
	0,0]
	,"rightbottom":[
	8,10]
	,
	"goals":[
	{
	"type":1,"id":1001,"num":50},
	{
	"type":1,"id":1003,"num":50}]
	}]
	,

"grid":[
	{
	"x":0,"y":0,"dir":2,"pieceid":0,"entry":true},
	{
	"x":1,"y":0,"dir":2,"pieceid":0,"entry":true},
	{
	"x":2,"y":0,"dir":2,"pieceid":0,"entry":true},
	{
	"x":3,"y":0,"dir":2,"pieceid":0,"entry":true,"paddle":{
	"id":11003,"hp":1,"direction":[
	1]
	}},
	{
	"x":4,"y":0,"dir":2,"pieceid":1131,"entry":true,"paddle":{
	"id":11003,"hp":1,"direction":[
	1]
	}},
	{
	"x":5,"y":0,"dir":2,"pieceid":0,"entry":true},
	{
	"x":6,"y":0,"dir":2,"pieceid":0,"entry":true},
	{
	"x":7,"y":0,"dir":2,"pieceid":0,"entry":true},
	{
	"x":8,"y":0,"dir":2,"pieceid":0,"entry":true},
	{
	"x":0,"y":1,"dir":2,"pieceid":0,"gateto":[
	0,4]
	},
	{
	"x":1,"y":1,"dir":2,"pieceid":0,"gateto":[
	1,3]
	},
	{
	"x":2,"y":1,"dir":2,"pieceid":0},
	{
	"x":3,"y":1,"dir":2,"pieceid":0,"paddle":{
	"id":11003,"hp":1,"direction":[
	1]
	}},
	{
	"x":4,"y":1,"dir":2,"pieceid":0,"paddle":{
	"id":11003,"hp":1,"direction":[
	1]
	}},
	{
	"x":5,"y":1,"dir":2,"pieceid":0},
	{
	"x":6,"y":1,"dir":2,"pieceid":0},
	{
	"x":7,"y":1,"dir":2,"pieceid":0,"gateto":[
	7,3]
	},
	{
	"x":8,"y":1,"dir":2,"pieceid":0,"gateto":[
	8,4]
	},
	{
	"x":2,"y":2,"dir":2,"pieceid":0,"cover":[{"id":10031,"hp":1}]
	},
	{
	"x":3,"y":2,"dir":2,"pieceid":0,"cover":[{"id":10031,"hp":1}]
	},
	{
	"x":5,"y":2,"dir":2,"pieceid":0,"cover":[{"id":10031,"hp":1}]
	},
	{
	"x":6,"y":2,"dir":2,"pieceid":0,"cover":[{"id":10031,"hp":1}]
	},
	{
	"x":1,"y":3,"dir":2,"pieceid":0,"gatefrom":[
	1,1]
	},
	{
	"x":2,"y":3,"dir":2,"pieceid":0,"cover":[{"id":10031,"hp":1}]
	,"paddle":{
	"id":11003,"hp":1,"direction":[
	2]
	}},
	{
	"x":3,"y":3,"dir":2,"pieceid":0,"cover":[{"id":10031,"hp":1}]
	,"paddle":{
	"id":11003,"hp":1,"direction":[
	2]
	}},
	{
	"x":4,"y":3,"dir":2,"pieceid":0,"cover":[{"id":10031,"hp":1}]
	,"paddle":{
	"id":11003,"hp":1,"direction":[
	2]
	}},
	{
	"x":5,"y":3,"dir":2,"pieceid":0,"cover":[{"id":10031,"hp":1}]
	,"paddle":{
	"id":11003,"hp":1,"direction":[
	2]
	}},
	{
	"x":6,"y":3,"dir":2,"pieceid":0,"cover":[{"id":10031,"hp":1}]
	,"paddle":{
	"id":11003,"hp":1,"direction":[
	2]
	}},
	{
	"x":7,"y":3,"dir":2,"pieceid":0,"gatefrom":[
	7,1]
	},
	{
	"x":0,"y":4,"dir":2,"pieceid":0,"gatefrom":[
	0,1]
	},
	{
	"x":1,"y":4,"dir":2,"pieceid":0,"paddle":{
	"id":11003,"hp":1,"direction":[
	1]
	}},
	{
	"x":2,"y":4,"dir":2,"pieceid":0},
	{
	"x":3,"y":4,"dir":2,"pieceid":0},
	{
	"x":4,"y":4,"dir":2,"pieceid":0},
	{
	"x":5,"y":4,"dir":2,"pieceid":0},
	{
	"x":6,"y":4,"dir":2,"pieceid":0,"paddle":{
	"id":11003,"hp":1,"direction":[
	1]
	}},
	{
	"x":7,"y":4,"dir":2,"pieceid":0},
	{
	"x":8,"y":4,"dir":2,"pieceid":0,"gatefrom":[
	8,1]
	},
	{
	"x":0,"y":5,"dir":2,"pieceid":0,"paddle":{
	"id":11003,"hp":1,"direction":[
	2]
	}},
	{
	"x":1,"y":5,"dir":2,"pieceid":0,"paddle":{
	"id":11003,"hp":1,"direction":[
	1,2]
	}},
	{
	"x":2,"y":5,"dir":2,"pieceid":0},
	{
	"x":3,"y":5,"dir":2,"pieceid":0},
	{
	"x":4,"y":5,"dir":2,"pieceid":0},
	{
	"x":5,"y":5,"dir":2,"pieceid":0},
	{
	"x":6,"y":5,"dir":2,"pieceid":0,"paddle":{
	"id":11003,"hp":1,"direction":[
	1]
	}},
	{
	"x":7,"y":5,"dir":2,"pieceid":0,"paddle":{
	"id":11003,"hp":1,"direction":[
	2]
	}},
	{
	"x":8,"y":5,"dir":2,"pieceid":0,"paddle":{
	"id":11003,"hp":1,"direction":[
	2]
	}},
	{
	"x":0,"y":6,"dir":2,"pieceid":0},
	{
	"x":1,"y":6,"dir":2,"pieceid":0,"paddle":{
	"id":11003,"hp":1,"direction":[
	1]
	}},
	{
	"x":2,"y":6,"dir":2,"pieceid":0},
	{
	"x":3,"y":6,"dir":2,"pieceid":0},
	{
	"x":4,"y":6,"dir":2,"pieceid":0},
	{
	"x":5,"y":6,"dir":2,"pieceid":0},
	{
	"x":6,"y":6,"dir":2,"pieceid":0,"paddle":{
	"id":11003,"hp":1,"direction":[
	1]
	}},
	{
	"x":7,"y":6,"dir":2,"pieceid":0},
	{
	"x":8,"y":6,"dir":2,"pieceid":0},
	{
	"x":1,"y":7,"dir":2,"pieceid":0,"paddle":{
	"id":11003,"hp":1,"direction":[
	1]
	}},
	{
	"x":2,"y":7,"dir":2,"pieceid":0,"paddle":{
	"id":11003,"hp":1,"direction":[
	2]
	}},
	{
	"x":3,"y":7,"dir":2,"pieceid":0,"paddle":{
	"id":11003,"hp":1,"direction":[
	2]
	}},
	{
	"x":4,"y":7,"dir":2,"pieceid":1105,"paddle":{
	"id":11003,"hp":1,"direction":[
	2]
	}},
	{
	"x":5,"y":7,"dir":2,"pieceid":0,"paddle":{
	"id":11003,"hp":1,"direction":[
	2]
	}},
	{
	"x":6,"y":7,"dir":2,"pieceid":0,"paddle":{
	"id":11003,"hp":1,"direction":[
	1,2]
	}},
	{
	"x":7,"y":7,"dir":2,"pieceid":0},
	{
	"x":2,"y":8,"dir":2,"pieceid":0,"cover":[{"id":10031,"hp":1}]
	},
	{
	"x":3,"y":8,"dir":2,"pieceid":0,"cover":[{"id":10031,"hp":1}]
	},
	{
	"x":4,"y":8,"dir":2,"pieceid":0,"cover":[{"id":10031,"hp":1}]
	},
	{
	"x":5,"y":8,"dir":2,"pieceid":0,"cover":[{"id":10031,"hp":1}]
	},
	{
	"x":6,"y":8,"dir":2,"pieceid":0,"cover":[{"id":10031,"hp":1}]
	},
	{
	"x":3,"y":9,"dir":2,"pieceid":0,"cover":[{"id":10031,"hp":1}]
	},
	{
	"x":4,"y":9,"dir":2,"pieceid":0,"cover":[{"id":10031,"hp":1}]
	},
	{
	"x":5,"y":9,"dir":2,"pieceid":0,"cover":[{"id":10031,"hp":1}]
	},
	{
	"x":4,"y":10,"dir":2,"pieceid":0,"cover":[{"id":10031,"hp":1}]
	}]
	}}