{
	"level":8,
	"goals":[
	{
	"type":2,"id":101,"num":73}]
	,
"steps":23,
"description":"dialog001",
"flag":[
	"难度，待定"]
	,
"guide":[
	{
	"desc":"[560808]记得[d10000]优先合成特殊形状[560808]组合，能帮您更快通关[-]","icon":"npc_icon_001","pos":[
	{
	"x":2,"y":5},
	{
	"x":3,"y":5},
	{
	"x":4,"y":5},
	{
	"x":5,"y":5},
	{
	"x":4,"y":4},
	{
	"x":4,"y":6}]
	,"move":{
	"g1X":5,"g1Y":5,"g2X":4,"g2Y":5}},
	{
	"desc":"[560808]在地毯上使用道具，能让攻击\n范围内都铺上地毯哦[-]","icon":"npc_icon_001","pos":[
	{
	"x":4,"y":6}]
	,"move":{
	"g1X":4,"g1Y":6,"g2X":4,"g2Y":6}}]
	,
"board":{
	
"width":9,
"height":11,
"picieDefult":"1001|100;1002|100;1003|100;1004|100;1005|100",
"entryDefult":"1001|100;1002|100;1003|100;1004|100;1005|100",
"screens":[
	{
	"id":1,"lefttop":[
	1,0]
	,"rightbottom":[
	7,10]
	,
	"goals":[
	{
	"type":2,"id":101,"num":73,"desc":"[560808]消除中包含一块地毯图标，就可将其它地块也铺上地毯[-]"}]
	}]
	,

"grid":[
	{
	"x":2,"y":0,"dir":2,"pieceid":1002,"entry":true,"floor":{"id":101,"hp":1}},
	{
	"x":3,"y":0,"dir":2,"pieceid":1001,"entry":true,"floor":{"id":101,"hp":1}},
	{
	"x":4,"y":0,"dir":2,"pieceid":0,"entry":true,"floor":{"id":101,"hp":1}},
	{
	"x":5,"y":0,"dir":2,"pieceid":1001,"entry":true,"floor":{"id":101,"hp":1}},
	{
	"x":6,"y":0,"dir":2,"pieceid":1002,"entry":true,"floor":{"id":101,"hp":1}},
	{
	"x":1,"y":1,"dir":2,"pieceid":0,"floor":{"id":101,"hp":1}},
	{
	"x":2,"y":1,"dir":2,"pieceid":1004,"floor":{"id":101,"hp":1}},
	{
	"x":3,"y":1,"dir":2,"pieceid":1002,"floor":{"id":101,"hp":1}},
	{
	"x":4,"y":1,"dir":2,"pieceid":1001,"floor":{"id":101,"hp":1}},
	{
	"x":5,"y":1,"dir":2,"pieceid":1002,"floor":{"id":101,"hp":1}},
	{
	"x":6,"y":1,"dir":2,"pieceid":1004,"floor":{"id":101,"hp":1}},
	{
	"x":7,"y":1,"dir":2,"pieceid":0,"floor":{"id":101,"hp":1}},
	{
	"x":1,"y":2,"dir":2,"pieceid":1004},
	{
	"x":2,"y":2,"dir":2,"pieceid":1003},
	{
	"x":3,"y":2,"dir":2,"pieceid":1001},
	{
	"x":4,"y":2,"dir":2,"pieceid":1002},
	{
	"x":5,"y":2,"dir":2,"pieceid":1001},
	{
	"x":6,"y":2,"dir":2,"pieceid":1003},
	{
	"x":7,"y":2,"dir":2,"pieceid":1004},
	{
	"x":1,"y":3,"dir":2,"pieceid":1003},
	{
	"x":2,"y":3,"dir":2,"pieceid":1001},
	{
	"x":3,"y":3,"dir":2,"pieceid":1002},
	{
	"x":4,"y":3,"dir":2,"pieceid":1003,"floor":{"id":101}},
	{
	"x":5,"y":3,"dir":2,"pieceid":1002},
	{
	"x":6,"y":3,"dir":2,"pieceid":1001},
	{
	"x":7,"y":3,"dir":2,"pieceid":1003},
	{
	"x":1,"y":4,"dir":2,"pieceid":1001},
	{
	"x":2,"y":4,"dir":2,"pieceid":1002},
	{
	"x":3,"y":4,"dir":2,"pieceid":1001},
	{
	"x":4,"y":4,"dir":2,"pieceid":1004,"floor":{"id":101}},
	{
	"x":5,"y":4,"dir":2,"pieceid":1005},
	{
	"x":6,"y":4,"dir":2,"pieceid":1002},
	{
	"x":7,"y":4,"dir":2,"pieceid":1001},
	{
	"x":1,"y":5,"dir":2,"pieceid":1002},
	{
	"x":2,"y":5,"dir":2,"pieceid":1004,"floor":{"id":101}},
	{
	"x":3,"y":5,"dir":2,"pieceid":1004,"floor":{"id":101}},
	{
	"x":4,"y":5,"dir":2,"pieceid":1002,"floor":{"id":101}},
	{
	"x":5,"y":5,"dir":2,"pieceid":1004,"floor":{"id":101}},
	{
	"x":6,"y":5,"dir":2,"pieceid":1001,"floor":{"id":101}},
	{
	"x":7,"y":5,"dir":2,"pieceid":1002},
	{
	"x":1,"y":6,"dir":2,"pieceid":1001},
	{
	"x":2,"y":6,"dir":2,"pieceid":1005},
	{
	"x":3,"y":6,"dir":2,"pieceid":1002},
	{
	"x":4,"y":6,"dir":2,"pieceid":1004,"floor":{"id":101}},
	{
	"x":5,"y":6,"dir":2,"pieceid":1002},
	{
	"x":6,"y":6,"dir":2,"pieceid":0},
	{
	"x":7,"y":6,"dir":2,"pieceid":1001},
	{
	"x":1,"y":7,"dir":2,"pieceid":1002},
	{
	"x":2,"y":7,"dir":2,"pieceid":1001},
	{
	"x":3,"y":7,"dir":2,"pieceid":0},
	{
	"x":4,"y":7,"dir":2,"pieceid":1003,"floor":{"id":101}},
	{
	"x":5,"y":7,"dir":2,"pieceid":0},
	{
	"x":6,"y":7,"dir":2,"pieceid":1001},
	{
	"x":7,"y":7,"dir":2,"pieceid":1002},
	{
	"x":1,"y":8,"dir":2,"pieceid":1003},
	{
	"x":2,"y":8,"dir":2,"pieceid":1002},
	{
	"x":3,"y":8,"dir":2,"pieceid":1001},
	{
	"x":4,"y":8,"dir":2,"pieceid":0},
	{
	"x":5,"y":8,"dir":2,"pieceid":1001},
	{
	"x":6,"y":8,"dir":2,"pieceid":1002},
	{
	"x":7,"y":8,"dir":2,"pieceid":1003},
	{
	"x":1,"y":9,"dir":2,"pieceid":1004,"floor":{"id":101}},
	{
	"x":2,"y":9,"dir":2,"pieceid":1003,"floor":{"id":101,"hp":1}},
	{
	"x":3,"y":9,"dir":2,"pieceid":1002,"floor":{"id":101,"hp":1}},
	{
	"x":4,"y":9,"dir":2,"pieceid":1001,"floor":{"id":101,"hp":1}},
	{
	"x":5,"y":9,"dir":2,"pieceid":1002,"floor":{"id":101,"hp":1}},
	{
	"x":6,"y":9,"dir":2,"pieceid":1003,"floor":{"id":101,"hp":1}},
	{
	"x":7,"y":9,"dir":2,"pieceid":1004,"floor":{"id":101}},
	{
	"x":2,"y":10,"dir":2,"pieceid":1004,"floor":{"id":101,"hp":1}},
	{
	"x":3,"y":10,"dir":2,"pieceid":1001,"floor":{"id":101,"hp":1}},
	{
	"x":4,"y":10,"dir":2,"pieceid":1002,"floor":{"id":101,"hp":1}},
	{
	"x":5,"y":10,"dir":2,"pieceid":1001,"floor":{"id":101,"hp":1}},
	{
	"x":6,"y":10,"dir":2,"pieceid":1004,"floor":{"id":101,"hp":1}}]
	}}