{
	"level":81,
"steps":24,
"showWindTime":10,
"description":"dialog001",
"flag":[
	"难度，待定"]
	,
"guide":[
	"新手引导，待定"]
	,
"board":{
	
"width":9,
"height":11,
"picieDefult":"1001|100;1002|100;1003|100;1004|100;1005|100",
"entryDefult":"1001|100;1002|100;1003|100;1004|100;1005|100",
"screens":[
	{
	"id":1,"lefttop":[
	0,0]
	,"rightbottom":[
	8,10]
	,
	"goals":[
	{
	"type":3,"id":10071,"num":9},
	{
	"id":101,"num":87,"type":2}]
	}]
	,

"grid":[
	{
	"x":0,"y":0,"dir":2,"pieceid":0,"entry":true},
	{
	"x":1,"y":0,"dir":2,"pieceid":0,"entry":true},
	{
	"x":2,"y":0,"dir":2,"pieceid":0,"entry":true},
	{
	"x":3,"y":0,"dir":2,"pieceid":0,"entry":true},
	{
	"x":4,"y":0,"dir":2,"pieceid":0,"entry":true},
	{
	"x":5,"y":0,"dir":2,"pieceid":0,"entry":true},
	{
	"x":6,"y":0,"dir":2,"pieceid":0,"entry":true},
	{
	"x":7,"y":0,"dir":2,"pieceid":0,"entry":true},
	{
	"x":8,"y":0,"dir":2,"pieceid":0,"entry":true},
	{
	"x":0,"y":1,"dir":2,"pieceid":0},
	{
	"x":1,"y":1,"dir":2,"pieceid":0},
	{
	"x":2,"y":1,"dir":2,"pieceid":0},
	{
	"x":3,"y":1,"dir":2,"pieceid":0},
	{
	"x":4,"y":1,"dir":2,"pieceid":0},
	{
	"x":5,"y":1,"dir":2,"pieceid":0},
	{
	"x":6,"y":1,"dir":2,"pieceid":0},
	{
	"x":7,"y":1,"dir":2,"pieceid":0},
	{
	"x":8,"y":1,"dir":2,"pieceid":0},
	{
	"x":0,"y":2,"dir":2,"pieceid":0},
	{
	"x":1,"y":2,"dir":2,"pieceid":0},
	{
	"x":2,"y":2,"dir":2,"pieceid":0},
	{
	"x":3,"y":2,"dir":2,"pieceid":0},
	{
	"x":4,"y":2,"dir":2,"pieceid":0},
	{
	"x":5,"y":2,"dir":2,"pieceid":0},
	{
	"x":6,"y":2,"dir":2,"pieceid":0},
	{
	"x":7,"y":2,"dir":2,"pieceid":0},
	{
	"x":8,"y":2,"dir":2,"pieceid":0},
	{
	"x":0,"y":3,"dir":2,"pieceid":0},
	{
	"x":1,"y":3,"dir":2,"pieceid":0},
	{
	"x":2,"y":3,"dir":2,"pieceid":0},
	{
	"x":3,"y":3,"dir":2,"pieceid":0,"paddle":{
	"id":11003,"hp":1,"direction":[
	2]
	}},
	{
	"x":4,"y":3,"dir":2,"pieceid":0,"paddle":{
	"id":11003,"hp":1,"direction":[
	2]
	}},
	{
	"x":5,"y":3,"dir":2,"pieceid":0,"paddle":{
	"id":11003,"hp":1,"direction":[
	2]
	}},
	{
	"x":6,"y":3,"dir":2,"pieceid":0},
	{
	"x":7,"y":3,"dir":2,"pieceid":0},
	{
	"x":8,"y":3,"dir":2,"pieceid":0},
	{
	"x":2,"y":4,"dir":2,"pieceid":0,"paddle":{
	"id":11003,"hp":1,"direction":[
	1]
	}},
	{
	"x":3,"y":4,"dir":2,"pieceid":0},
	{
	"x":4,"y":4,"dir":2,"pieceid":0},
	{
	"x":5,"y":4,"dir":2,"pieceid":0,"paddle":{
	"id":11003,"hp":1,"direction":[
	1]
	}},
	{
	"x":6,"y":4,"dir":2,"pieceid":0},
	{
	"x":2,"y":5,"dir":2,"pieceid":0,"paddle":{
	"id":11003,"hp":1,"direction":[
	1]
	}},
	{
	"x":3,"y":5,"dir":2,"pieceid":0},
	{
	"x":4,"y":5,"dir":2,"pieceid":1131,"cover":[{"id":10001,"hp":1}]
	},
	{
	"x":5,"y":5,"dir":2,"pieceid":0,"paddle":{
	"id":11003,"hp":1,"direction":[
	1]
	}},
	{
	"x":6,"y":5,"dir":2,"pieceid":0},
	{
	"x":2,"y":6,"dir":2,"pieceid":0,"paddle":{
	"id":11003,"hp":1,"direction":[
	1]
	}},
	{
	"x":3,"y":6,"dir":2,"pieceid":0,"paddle":{
	"id":11003,"hp":1,"direction":[
	2]
	}},
	{
	"x":4,"y":6,"dir":2,"pieceid":0,"paddle":{
	"id":11003,"hp":1,"direction":[
	2]
	}},
	{
	"x":5,"y":6,"dir":2,"pieceid":0,"paddle":{
	"id":11003,"hp":1,"direction":[
	1,2]
	}},
	{
	"x":6,"y":6,"dir":2,"pieceid":0},
	{
	"x":0,"y":7,"dir":2,"pieceid":0,"cover":[{"id":10031,"hp":2}]
	,"entry":true},
	{
	"x":1,"y":7,"dir":2,"pieceid":0,"cover":[{"id":10031,"hp":2}]
	,"entry":true},
	{
	"x":2,"y":7,"dir":2,"pieceid":0,"cover":[{"id":10031,"hp":2}]
	},
	{
	"x":3,"y":7,"dir":2,"pieceid":0,"cover":[{"id":10031,"hp":2}]
	},
	{
	"x":4,"y":7,"dir":2,"pieceid":0,"cover":[{"id":10031,"hp":2}]
	},
	{
	"x":5,"y":7,"dir":2,"pieceid":0,"cover":[{"id":10031,"hp":2}]
	},
	{
	"x":6,"y":7,"dir":2,"pieceid":0,"cover":[{"id":10031,"hp":2}]
	},
	{
	"x":7,"y":7,"dir":2,"pieceid":0,"cover":[{"id":10031,"hp":2}]
	,"entry":true},
	{
	"x":8,"y":7,"dir":2,"pieceid":0,"cover":[{"id":10031,"hp":2}]
	,"entry":true},
	{
	"x":0,"y":8,"dir":2,"floor":{"id":101,"hp":1}},
	{
	"x":1,"y":8,"dir":2,"floor":{"id":101,"hp":1}},
	{
	"x":2,"y":8,"dir":2,"floor":{"id":101,"hp":1}},
	{
	"x":3,"y":8,"dir":2,"cover":[{"id":10071,"hp":1}]
	},
	{
	"x":4,"y":8,"dir":2,"cover":[{"id":10071,"hp":1}]
	},
	{
	"x":5,"y":8,"dir":2,"cover":[{"id":10071,"hp":1}]
	},
	{
	"x":6,"y":8,"dir":2,"floor":{"id":101,"hp":1}},
	{
	"x":7,"y":8,"dir":2,"floor":{"id":101,"hp":1}},
	{
	"x":8,"y":8,"dir":2,"floor":{"id":101,"hp":1}},
	{
	"x":0,"y":9,"dir":2,"floor":{"id":101,"hp":1}},
	{
	"x":1,"y":9,"dir":2,"floor":{"id":101,"hp":1}},
	{
	"x":2,"y":9,"dir":2,"floor":{"id":101,"hp":1}},
	{
	"x":3,"y":9,"dir":2,"cover":[{"id":10071,"hp":1}]
	},
	{
	"x":4,"y":9,"dir":2,"cover":[{"id":10071,"hp":1}]
	},
	{
	"x":5,"y":9,"dir":2,"cover":[{"id":10071,"hp":1}]
	},
	{
	"x":6,"y":9,"dir":2,"floor":{"id":101,"hp":1}},
	{
	"x":7,"y":9,"dir":2,"floor":{"id":101,"hp":1}},
	{
	"x":8,"y":9,"dir":2,"floor":{"id":101,"hp":1}},
	{
	"x":0,"y":10,"dir":2,"floor":{"id":101,"hp":1}},
	{
	"x":1,"y":10,"dir":2,"floor":{"id":101,"hp":1}},
	{
	"x":2,"y":10,"dir":2,"floor":{"id":101,"hp":1}},
	{
	"x":3,"y":10,"dir":2,"cover":[{"id":10071,"hp":1}]
	},
	{
	"x":4,"y":10,"dir":2,"cover":[{"id":10071,"hp":1}]
	},
	{
	"x":5,"y":10,"dir":2,"cover":[{"id":10071,"hp":1}]
	},
	{
	"x":6,"y":10,"dir":2,"floor":{"id":101,"hp":1}},
	{
	"x":7,"y":10,"dir":2,"floor":{"id":101,"hp":1}},
	{
	"x":8,"y":10,"dir":2,"floor":{"id":101,"hp":1}}]
	}}