{
	"level":84,
"steps":24,
"description":"dialog001",
"flag":[
	"难度，待定"]
	,
"guide":[
	"新手引导，待定"]
	,
"board":{
	
"width":9,
"height":19,
"picieDefult":"1001|100;1002|100;1003|100;1004|100;1005|100",
"entryDefult":"1001|100;1002|100;1003|100;1004|100;1005|100",
"screens":[
	{
	"id":1,"lefttop":[
	0,0]
	,"rightbottom":[
	8,10]
	,
	"goals":[
	{
	"type":1,"id":1301,"num":18}]
	},
	{
	"id":2,"lefttop":[
	0,8]
	,"rightbottom":[
	8,18]
	,
	"goals":[
	{
	"type":1,"id":1301,"num":10}]
	}]
	,

"grid":[
	{
	"x":0,"y":0,"dir":1,"pieceid":0,"entry":true},
	{
	"x":1,"y":0,"dir":1,"pieceid":0},
	{
	"x":2,"y":0,"dir":1,"pieceid":0},
	{
	"x":3,"y":0,"dir":1,"pieceid":1001},
	{
	"x":4,"y":0,"dir":1,"pieceid":1301,"cover":[{"id":11021,"hp":1}]
	},
	{
	"x":5,"y":0,"dir":1,"pieceid":1301,"cover":[{"id":11021,"hp":1}]
	},
	{
	"x":6,"y":0,"dir":1,"pieceid":0},
	{
	"x":7,"y":0,"dir":1,"pieceid":0},
	{
	"x":8,"y":0,"dir":2,"pieceid":0},
	{
	"x":0,"y":1,"dir":1,"pieceid":0,"entry":true},
	{
	"x":1,"y":1,"dir":1,"pieceid":0},
	{
	"x":2,"y":1,"dir":1,"pieceid":0},
	{
	"x":3,"y":1,"dir":1,"pieceid":1001},
	{
	"x":4,"y":1,"dir":1,"pieceid":1301,"cover":[{"id":11021,"hp":1}]
	},
	{
	"x":5,"y":1,"dir":1,"pieceid":1301,"cover":[{"id":11021,"hp":1}]
	},
	{
	"x":6,"y":1,"dir":1,"pieceid":0},
	{
	"x":7,"y":1,"dir":2,"pieceid":0},
	{
	"x":8,"y":1,"dir":2,"pieceid":0},
	{
	"x":0,"y":2,"dir":1,"pieceid":0,"entry":true},
	{
	"x":1,"y":2,"dir":1,"pieceid":0},
	{
	"x":2,"y":2,"dir":1,"pieceid":1001},
	{
	"x":3,"y":2,"dir":1,"pieceid":0},
	{
	"x":4,"y":2,"dir":1,"pieceid":1301,"cover":[{"id":11021,"hp":1}]
	},
	{
	"x":5,"y":2,"dir":1,"pieceid":1301,"cover":[{"id":11021,"hp":1}]
	},
	{
	"x":6,"y":2,"dir":2,"pieceid":0},
	{
	"x":7,"y":2,"dir":2,"pieceid":0},
	{
	"x":8,"y":2,"dir":2,"pieceid":0},
	{
	"x":0,"y":3,"dir":1,"pieceid":0,"entry":true},
	{
	"x":1,"y":3,"dir":1,"pieceid":0},
	{
	"x":2,"y":3,"dir":1,"pieceid":0},
	{
	"x":3,"y":3,"dir":1,"pieceid":1001},
	{
	"x":4,"y":3,"dir":1,"pieceid":1301,"cover":[{"id":11021,"hp":1}]
	},
	{
	"x":5,"y":3,"dir":2,"pieceid":1301,"cover":[{"id":11021,"hp":1}]
	},
	{
	"x":6,"y":3,"dir":2,"pieceid":1002},
	{
	"x":7,"y":3,"dir":2,"pieceid":0},
	{
	"x":8,"y":3,"dir":2,"pieceid":1002},
	{
	"x":5,"y":4,"dir":2,"paddle":{
	"id":11003,"hp":1,"direction":[
	2]
	},
	"pieceid":0,"cover":[{"id":11021,"hp":1}]
	},
	{
	"x":6,"y":4,"dir":2,"pieceid":1002},
	{
	"x":7,"y":4,"dir":2,"pieceid":1002},
	{
	"x":8,"y":4,"dir":2,"paddle":{
	"id":11003,"hp":1,"direction":[
	2]
	},
	"pieceid":0},
	{
	"x":5,"y":5,"dir":2,"paddle":{
	"id":11003,"hp":1,"direction":[
	1]
	},
	"pieceid":0},
	{
	"x":6,"y":5,"dir":2,"paddle":{
	"id":11003,"hp":1,"direction":[
	1]
	},
	"pieceid":1301,"cover":[{"id":11021,"hp":1}]
	},
	{
	"x":7,"y":5,"dir":2,"paddle":{
	"id":11003,"hp":1,"direction":[
	1]
	},
	"pieceid":1301,"cover":[{"id":11021,"hp":1}]
	},
	{
	"x":5,"y":6,"dir":2,"paddle":{
	"id":11003,"hp":1,"direction":[
	1]
	},
	"pieceid":0},
	{
	"x":6,"y":6,"dir":2,"paddle":{
	"id":11003,"hp":1,"direction":[
	1]
	},
	"pieceid":0},
	{
	"x":5,"y":7,"dir":2,"paddle":{
	"id":11003,"hp":1,"direction":[
	1]
	},
	"pieceid":0},
	{
	"x":6,"y":7,"dir":2,"paddle":{
	"id":11003,"hp":1,"direction":[
	1]
	},
	"pieceid":0},
	{
	"x":2,"y":8,"dir":3,"paddle":{
	"id":11003,"hp":1,"direction":[
	2]
	}},
	{
	"x":3,"y":8,"dir":3,"pieceid":1301,"cover":[{"id":11021,"hp":2}]
	},
	{
	"x":5,"y":8,"dir":3,"paddle":{
	"id":11003,"hp":1,"direction":[
	1,2]
	},
	"pieceid":0},
	{
	"x":6,"y":8,"dir":2,"paddle":{
	"id":11003,"hp":1,"direction":[
	1]
	},
	"pieceid":1301,"cover":[{"id":11021,"hp":1}]
	},
	{
	"x":2,"y":9,"dir":2},
	{
	"x":3,"y":9,"dir":3,"pieceid":1301,"cover":[{"id":11021,"hp":2}]
	},
	{
	"x":5,"y":9,"dir":3},
	{
	"x":6,"y":9,"dir":3,"paddle":{
	"id":11003,"hp":1,"direction":[
	2]
	}},
	{
	"x":2,"y":10,"dir":2,"paddle":{
	"id":11003,"hp":1,"direction":[
	2]
	}},
	{
	"x":3,"y":10,"dir":2,"pieceid":1301,"cover":[{"id":11021,"hp":2}]
	},
	{
	"x":5,"y":10,"dir":3},
	{
	"x":6,"y":10,"dir":3},
	{
	"x":2,"y":11,"dir":2},
	{
	"x":3,"y":11,"dir":2,"pieceid":1301,"cover":[{"id":11021,"hp":1}]
	},
	{
	"x":5,"y":11,"dir":3},
	{
	"x":6,"y":11,"dir":3},
	{
	"x":1,"y":12,"dir":2},
	{
	"x":2,"y":12,"dir":2},
	{
	"x":3,"y":12,"dir":2},
	{
	"x":4,"y":12,"dir":2},
	{
	"x":1,"y":13,"dir":2},
	{
	"x":2,"y":13,"dir":2},
	{
	"x":3,"y":13,"dir":2},
	{
	"x":4,"y":13,"dir":2},
	{
	"x":1,"y":14,"dir":2},
	{
	"x":2,"y":14,"dir":2,"paddle":{
	"id":11003,"hp":1,"direction":[
	2]
	}},
	{
	"x":3,"y":14,"dir":2,"paddle":{
	"id":11003,"hp":1,"direction":[
	2]
	}},
	{
	"x":4,"y":14,"dir":2,"paddle":{
	"id":11003,"hp":1,"direction":[
	2]
	}},
	{
	"x":1,"y":15,"dir":2,"paddle":{
	"id":11003,"hp":1,"direction":[
	1]
	}},
	{
	"x":2,"y":15,"dir":2,"pieceid":0},
	{
	"x":3,"y":15,"dir":2,"pieceid":0},
	{
	"x":4,"y":15,"dir":1,"paddle":{
	"id":11003,"hp":1,"direction":[
	1]
	},
	"pieceid":0},
	{
	"x":5,"y":15,"dir":1,"pieceid":1301,"cover":[{"id":11021,"hp":1}]
	},
	{
	"x":6,"y":15,"dir":1,"pieceid":1301,"cover":[{"id":11021,"hp":1}]
	},
	{
	"x":7,"y":15,"dir":1,"pieceid":1301,"cover":[{"id":11021,"hp":1}]
	},
	{
	"x":8,"y":15,"dir":1,"pieceid":0},
	{
	"x":1,"y":16,"dir":2,"paddle":{
	"id":11003,"hp":1,"direction":[
	1]
	}},
	{
	"x":2,"y":16,"dir":2,"pieceid":0},
	{
	"x":3,"y":16,"dir":1,"pieceid":0},
	{
	"x":4,"y":16,"dir":1,"paddle":{
	"id":11003,"hp":1,"direction":[
	1]
	},
	"pieceid":0},
	{
	"x":5,"y":16,"dir":1,"pieceid":0,"cover":[{"id":11021,"hp":1}]
	},
	{
	"x":6,"y":16,"dir":1,"pieceid":1301,"cover":[{"id":11021,"hp":1}]
	},
	{
	"x":7,"y":16,"dir":1,"pieceid":0,"cover":[{"id":11021,"hp":1}]
	},
	{
	"x":8,"y":16,"dir":1,"pieceid":0},
	{
	"x":1,"y":17,"dir":2,"paddle":{
	"id":11003,"hp":1,"direction":[
	1]
	}},
	{
	"x":2,"y":17,"dir":1,"pieceid":0},
	{
	"x":3,"y":17,"dir":1,"pieceid":0},
	{
	"x":4,"y":17,"dir":1,"paddle":{
	"id":11003,"hp":1,"direction":[
	1]
	},
	"pieceid":0},
	{
	"x":5,"y":17,"dir":1,"pieceid":0,"cover":[{"id":11021,"hp":1}]
	},
	{
	"x":6,"y":17,"dir":1,"pieceid":1301,"cover":[{"id":11021,"hp":1}]
	},
	{
	"x":7,"y":17,"dir":1,"pieceid":0,"cover":[{"id":11021,"hp":1}]
	},
	{
	"x":1,"y":18,"dir":1,"paddle":{
	"id":11003,"hp":1,"direction":[
	1]
	}},
	{
	"x":2,"y":18,"dir":1,"pieceid":0},
	{
	"x":3,"y":18,"dir":1,"pieceid":0},
	{
	"x":4,"y":18,"dir":1,"pieceid":0,"paddle":{
	"id":11003,"hp":1,"direction":[
	1]
	}},
	{
	"x":5,"y":18,"dir":1,"pieceid":1301,"cover":[{"id":11021,"hp":1}]
	},
	{
	"x":6,"y":18,"dir":1,"pieceid":1301,"cover":[{"id":11021,"hp":1}]
	},
	{
	"x":7,"y":18,"dir":1,"pieceid":1301,"cover":[{"id":11021,"hp":1}]
	},
	{
	"x":1,"y":8,"dir":2,"paddle":{
	"id":11003,"hp":1,"direction":[
	2]
	}},
	{
	"x":1,"y":9,"dir":2},
	{
	"x":1,"y":10,"dir":2,"paddle":{
	"id":11003,"hp":1,"direction":[
	2]
	}},
	{
	"x":1,"y":11,"dir":2},
	{
	"x":4,"y":8,"dir":3,"pieceid":1301,"cover":[{"id":11021,"hp":2}]
	},
	{
	"x":4,"y":9,"dir":3,"pieceid":1301,"cover":[{"id":11021,"hp":2}]
	},
	{
	"x":4,"y":10,"dir":3,"pieceid":1301,"cover":[{"id":11021,"hp":2}]
	},
	{
	"x":4,"y":11,"dir":2,"pieceid":1301,"cover":[{"id":11021,"hp":1}]
	},
	{
	"x":7,"y":6,"dir":2,"paddle":{
	"id":11003,"hp":1,"direction":[
	1]
	},
	"pieceid":0},
	{
	"x":7,"y":7,"dir":2,"paddle":{
	"id":11003,"hp":1,"direction":[
	1]
	},
	"pieceid":0},
	{
	"x":7,"y":8,"dir":2,"paddle":{
	"id":11003,"hp":1,"direction":[
	1]
	},
	"pieceid":1301,"cover":[{"id":11021,"hp":1}]
	},
	{
	"x":7,"y":9,"dir":2,"paddle":{
	"id":11003,"hp":1,"direction":[
	2]
	}},
	{
	"x":7,"y":10,"dir":3},
	{
	"x":7,"y":11,"dir":3},
	{
	"x":8,"y":5,"dir":2,"pieceid":0},
	{
	"x":8,"y":6,"dir":2,"pieceid":0},
	{
	"x":8,"y":7,"dir":2,"pieceid":0},
	{
	"x":8,"y":8,"dir":2,"paddle":{
	"id":11003,"hp":1,"direction":[
	2]
	},
	"pieceid":0},
	{
	"x":8,"y":9,"dir":2},
	{
	"x":8,"y":10,"dir":2},
	{
	"x":8,"y":11,"dir":3},
	{
	"x":8,"y":17,"dir":1,"pieceid":0},
	{
	"x":8,"y":18,"dir":1,"pieceid":0}]
	}}