{
	"level":9,
	"goals":[
	{
	"type":2,"id":101,"num":63}]
	,
"steps":23,
"description":"dialog001",
"flag":[
	"难度，待定"]
	,
"guide":[
	{
	"desc":"[560808]消除的棋子包含锁链时，\n被锁住棋子的锁链会消失[-]","icon":"npc_icon_001","pos":[
	{
	"x":1,"y":3},
	{
	"x":1,"y":4},
	{
	"x":1,"y":5},
	{
	"x":0,"y":4}]
	,"move":{
	"g1X":0,"g1Y":4,"g2X":1,"g2Y":4}},
	{
	"desc":"[560808]火箭道具的不止可以破坏\n锁链，还可以传导地毯哦[-]","icon":"npc_icon_001","pos":[
	{
	"x":4,"y":2}]
	,"move":{
	"g1X":4,"g1Y":2,"g2X":4,"g2Y":2}}]
	,
"board":{
	
"width":9,
"height":11,
"picieDefult":"1001|100;1002|100;1003|100;1004|100;1005|100",
"entryDefult":"1001|100;1002|100;1003|100;1004|100;1005|100",
"screens":[
	{
	"id":1,"lefttop":[
	0,1]
	,"rightbottom":[
	8,10]
	,
	"goals":[
	{
	"type":2,"id":101,"num":63,"desc":"[560808]消除中包含一块地毯图标，就可将其它地块也铺上地毯[-]"}]
	}]
	,

"grid":[
	{
	"x":3,"y":1,"dir":2,"pieceid":0,"entry":true,"floor":{"id":101,"hp":1}},
	{
	"x":4,"y":1,"dir":2,"pieceid":0,"entry":true,"floor":{"id":101,"hp":1}},
	{
	"x":5,"y":1,"dir":2,"pieceid":0,"entry":true,"floor":{"id":101,"hp":1}},
	{
	"x":2,"y":2,"dir":2,"pieceid":1003,"entry":true,"floor":{"id":101,"hp":1}},
	{
	"x":3,"y":2,"dir":2,"pieceid":1001,"floor":{"id":101,"hp":1}},
	{
	"x":4,"y":2,"dir":2,"pieceid":1105,"floor":{"id":101,"hp":1}},
	{
	"x":5,"y":2,"dir":2,"pieceid":1001,"floor":{"id":101,"hp":1}},
	{
	"x":6,"y":2,"dir":2,"pieceid":1002,"entry":true,"floor":{"id":101,"hp":1}},
	{
	"x":1,"y":3,"dir":2,"pieceid":1003,"entry":true},
	{
	"x":2,"y":3,"dir":2,"pieceid":1002,"cover":[{"id":10001,"hp":1}]
	},
	{
	"x":3,"y":3,"dir":2,"pieceid":1003,"cover":[{"id":10001,"hp":1}]
	},
	{
	"x":4,"y":3,"dir":2,"pieceid":1001,"cover":[{"id":10001,"hp":1}]
	},
	{
	"x":5,"y":3,"dir":2,"pieceid":1002,"cover":[{"id":10001,"hp":1}]
	},
	{
	"x":6,"y":3,"dir":2,"pieceid":1003,"cover":[{"id":10001,"hp":1}]
	},
	{
	"x":7,"y":3,"dir":2,"pieceid":1002,"entry":true},
	{
	"x":0,"y":4,"dir":2,"pieceid":1003,"entry":true,"floor":{"id":101,"hp":1}},
	{
	"x":1,"y":4,"dir":2,"pieceid":1001},
	{
	"x":2,"y":4,"dir":2,"pieceid":1003,"cover":[{"id":10001,"hp":1}]
	},
	{
	"x":3,"y":4,"dir":2,"floor":{"id":101}},
	{
	"x":4,"y":4,"dir":2,"floor":{"id":101}},
	{
	"x":5,"y":4,"dir":2,"floor":{"id":101}},
	{
	"x":6,"y":4,"dir":2,"pieceid":1002,"cover":[{"id":10001,"hp":1}]
	},
	{
	"x":7,"y":4,"dir":2,"pieceid":1001},
	{
	"x":8,"y":4,"dir":2,"pieceid":1002,"entry":true,"floor":{"id":101,"hp":1}},
	{
	"x":0,"y":5,"dir":2,"pieceid":1004,"cover":[{"id":10001,"hp":1}]
	,"floor":{"id":101,"hp":1}},
	{
	"x":1,"y":5,"dir":2,"pieceid":1003,"cover":[{"id":10001,"hp":1}]
	},
	{
	"x":2,"y":5,"dir":2,"pieceid":1002,"cover":[{"id":10001,"hp":1}]
	},
	{
	"x":3,"y":5,"dir":2,"floor":{"id":101}},
	{
	"x":5,"y":5,"dir":2,"floor":{"id":101}},
	{
	"x":6,"y":5,"dir":2,"pieceid":1003,"cover":[{"id":10001,"hp":1}]
	},
	{
	"x":7,"y":5,"dir":2,"pieceid":1002,"cover":[{"id":10001,"hp":1}]
	},
	{
	"x":8,"y":5,"dir":2,"pieceid":1004,"cover":[{"id":10001,"hp":1}]
	,"floor":{"id":101,"hp":1}},
	{
	"x":0,"y":6,"dir":2,"floor":{"id":101,"hp":1}},
	{
	"x":1,"y":6,"dir":2},
	{
	"x":2,"y":6,"dir":2},
	{
	"x":3,"y":6,"dir":2,"floor":{"id":101}},
	{
	"x":4,"y":6,"dir":2,"floor":{"id":101}},
	{
	"x":5,"y":6,"dir":2,"floor":{"id":101}},
	{
	"x":6,"y":6,"dir":2},
	{
	"x":7,"y":6,"dir":2},
	{
	"x":8,"y":6,"dir":2,"floor":{"id":101,"hp":1}},
	{
	"x":1,"y":7,"dir":2},
	{
	"x":2,"y":7,"dir":2},
	{
	"x":3,"y":7,"dir":2},
	{
	"x":4,"y":7,"dir":2},
	{
	"x":5,"y":7,"dir":2},
	{
	"x":6,"y":7,"dir":2},
	{
	"x":7,"y":7,"dir":2},
	{
	"x":1,"y":8,"dir":2},
	{
	"x":2,"y":8,"dir":2},
	{
	"x":3,"y":8,"dir":2},
	{
	"x":4,"y":8,"dir":2,"pieceid":1101},
	{
	"x":5,"y":8,"dir":2},
	{
	"x":6,"y":8,"dir":2},
	{
	"x":7,"y":8,"dir":2},
	{
	"x":2,"y":9,"dir":2,"pieceid":1001},
	{
	"x":3,"y":9,"dir":2,"pieceid":1001},
	{
	"x":4,"y":9,"dir":2,"floor":{"id":101,"hp":1},
	"pieceid":1101},
	{
	"x":5,"y":9,"dir":2,"pieceid":1002},
	{
	"x":6,"y":9,"dir":2,"pieceid":1002},
	{
	"x":3,"y":10,"dir":2,"pieceid":1001},
	{
	"x":4,"y":10,"dir":2,"floor":{"id":101,"hp":1},
	"pieceid":1101},
	{
	"x":5,"y":10,"dir":2,"pieceid":1002}]
	}}