{
	"level":999,
	"goals":[
	{
	"type":1,"id":1001,"num":99999},
	{
	"type":1,"id":1003,"num":99999}]
	,
"steps":5,
"description":"dialog001",
"flag":[
	"难度，待定"]
	,
"guide":[
	{
	"desc":"L型图块连一起，看看会发生什么","icon":"npc_icon_001","pos":[
	{
	"x":2,"y":1},
	{
	"x":2,"y":2},
	{
	"x":2,"y":3},
	{
	"x":1,"y":3},
	{
	"x":3,"y":3},
	{
	"x":4,"y":3}]
	,"move":{
	"g1X":1,"g1Y":3,"g2X":2,"g2Y":3}},
	{
	"desc":"双击一下道具，体验下爆炸的威力","icon":"npc_icon_001","pos":[
	{
	"x":2,"y":3}]
	,"move":{
	"g1X":2,"g1Y":3,"g2X":2,"g2Y":3}},
	{
	"desc":"再试试T形状的合成吧，也会有炸弹哦","icon":"npc_icon_001","pos":[
	{
	"x":6,"y":6},
	{
	"x":6,"y":7},
	{
	"x":6,"y":8},
	{
	"x":4,"y":7},
	{
	"x":5,"y":7},
	{
	"x":7,"y":7}]
	,"move":{
	"g1X":7,"g1Y":7,"g2X":6,"g2Y":7}}]
	,
"board":{
	
"width":9,
"height":11,
"picieDefult":"1001|100;1002|100;1003|100;1004|100;1005|100",
"entryDefult":"1001|100;1002|100;1003|100;1004|100;1005|100",
"screens":[
	{
	"id":1,"lefttop":[
	0,1]
	,"rightbottom":[
	8,10]
	,
	"goals":[
	{
	"type":1,"id":1001,"num":9999},
	{
	"type":1,"id":1003,"num":9999}]
	}]
	,

"grid":[
	{
	"x":2,"y":1,"dir":2,"entry":true,"pieceid":1005},
	{
	"x":3,"y":1,"dir":2,"entry":true,"pieceid":1003},
	{
	"x":4,"y":1,"dir":2,"entry":true,"pieceid":0},
	{
	"x":5,"y":1,"dir":2,"entry":true,"pieceid":0},
	{
	"x":6,"y":1,"dir":2,"entry":true,"pieceid":0},
	{
	"x":1,"y":2,"dir":2,"entry":true,"pieceid":1004},
	{
	"x":2,"y":2,"dir":2,"pieceid":1005,"cover":[{"id":10021,"hp":1}]
	},
	{
	"x":3,"y":2,"dir":2,"pieceid":1001,"cover":[{"id":10021,"hp":1}]
	},
	{
	"x":4,"y":2,"dir":2,"pieceid":1003},
	{
	"x":5,"y":2,"dir":2,"pieceid":0,"cover":[{"id":10081,"hp":1}]
	},
	{
	"x":6,"y":2,"dir":2,"pieceid":0,"cover":[{"id":10081,"hp":1}]
	},
	{
	"x":7,"y":2,"dir":2,"entry":true,"pieceid":0,"cover":[{"id":10081,"hp":1}]
	},
	{
	"x":1,"y":3,"dir":2,"pieceid":1005},
	{
	"x":2,"y":3,"dir":2,"pieceid":1004},
	{
	"x":3,"y":3,"dir":2,"pieceid":1005},
	{
	"x":4,"y":3,"dir":2,"pieceid":1005},
	{
	"x":5,"y":3,"dir":2,"pieceid":1002,"cover":[{"id":10081,"hp":1}]
	},
	{
	"x":6,"y":3,"dir":2,"pieceid":0,"cover":[{"id":10081,"hp":1}]
	},
	{
	"x":7,"y":3,"dir":2,"pieceid":0,"cover":[{"id":10081,"hp":1}]
	},
	{
	"x":1,"y":4,"dir":2,"pieceid":1003},
	{
	"x":2,"y":4,"dir":2,"pieceid":1002},
	{
	"x":3,"y":4,"dir":2,"pieceid":1002},
	{
	"x":4,"y":4,"dir":2,"pieceid":1003},
	{
	"x":5,"y":4,"dir":2,"pieceid":0,"cover":[{"id":10081,"hp":1}]
	},
	{
	"x":6,"y":4,"dir":2,"pieceid":0,"cover":[{"id":10081,"hp":1}]
	},
	{
	"x":7,"y":4,"dir":2,"pieceid":0,"cover":[{"id":10081,"hp":1}]
	},
	{
	"x":1,"y":5,"dir":2,"pieceid":0},
	{
	"x":2,"y":5,"dir":2,"pieceid":0,"floor":{"id":121,"hp":2}},
	{
	"x":3,"y":5,"dir":2,"pieceid":0,"floor":{"id":121,"hp":2}},
	{
	"x":4,"y":5,"dir":2,"pieceid":0,"floor":{"id":121,"hp":2}},
	{
	"x":5,"y":5,"dir":2,"pieceid":0,"floor":{"id":121,"hp":2}},
	{
	"x":6,"y":5,"dir":2,"pieceid":1001},
	{
	"x":7,"y":5,"dir":2,"pieceid":0},
	{
	"x":1,"y":6,"dir":2,"pieceid":0},
	{
	"x":2,"y":6,"dir":2,"pieceid":0,"floor":{"id":121,"hp":2}},
	{
	"x":3,"y":6,"dir":2,"pieceid":0,"floor":{"id":121,"hp":2}},
	{
	"x":4,"y":6,"dir":2,"pieceid":1001,"floor":{"id":121,"hp":2}},
	{
	"x":5,"y":6,"dir":2,"pieceid":1003,"floor":{"id":121,"hp":2}},
	{
	"x":6,"y":6,"dir":2,"pieceid":1002},
	{
	"x":7,"y":6,"dir":2,"pieceid":1004},
	{
	"x":1,"y":7,"dir":2,"pieceid":0},
	{
	"x":2,"y":7,"dir":2,"pieceid":0,"floor":{"id":121,"hp":2}},
	{
	"x":3,"y":7,"dir":2,"pieceid":1005,"floor":{"id":121,"hp":2}},
	{
	"x":4,"y":7,"dir":2,"pieceid":1002,"floor":{"id":121,"hp":2}},
	{
	"x":5,"y":7,"dir":2,"pieceid":1002,"floor":{"id":121,"hp":2}},
	{
	"x":6,"y":7,"dir":2,"pieceid":1004},
	{
	"x":7,"y":7,"dir":2,"pieceid":1002},
	{
	"x":1,"y":8,"dir":2,"pieceid":0},
	{
	"x":2,"y":8,"dir":2,"pieceid":0},
	{
	"x":3,"y":8,"dir":2,"pieceid":0,"cover":[{"id":10021,"hp":3}]
	},
	{
	"x":4,"y":8,"dir":2,"pieceid":1003,"cover":[{"id":10021,"hp":3}]
	},
	{
	"x":5,"y":8,"dir":2,"pieceid":1005},
	{
	"x":6,"y":8,"dir":2,"pieceid":1002},
	{
	"x":7,"y":8,"dir":2,"pieceid":1003},
	{
	"x":2,"y":9,"dir":2,"pieceid":0},
	{
	"x":3,"y":9,"dir":2,"pieceid":0},
	{
	"x":4,"y":9,"dir":2,"pieceid":0},
	{
	"x":5,"y":9,"dir":2,"pieceid":0},
	{
	"x":6,"y":9,"dir":2,"pieceid":0},
	{
	"x":0,"y":1,"dir":2,"pieceid":0},
	{
	"x":0,"y":2,"dir":2,"pieceid":0},
	{
	"x":0,"y":3,"dir":2,"pieceid":0},
	{
	"x":0,"y":4,"dir":2,"pieceid":0},
	{
	"x":0,"y":5,"dir":2,"pieceid":0},
	{
	"x":0,"y":6,"dir":2,"pieceid":0},
	{
	"x":0,"y":7,"dir":2,"pieceid":0},
	{
	"x":0,"y":8,"dir":2,"pieceid":0},
	{
	"x":0,"y":9,"dir":2,"pieceid":0},
	{
	"x":0,"y":10,"dir":2,"pieceid":0},
	{
	"x":1,"y":9,"dir":2,"pieceid":0},
	{
	"x":1,"y":10,"dir":2,"pieceid":0},
	{
	"x":2,"y":10,"dir":2,"pieceid":0},
	{
	"x":3,"y":10,"dir":2,"pieceid":0},
	{
	"x":4,"y":10,"dir":2,"pieceid":0},
	{
	"x":5,"y":10,"dir":2,"pieceid":0},
	{
	"x":6,"y":10,"dir":2,"pieceid":0},
	{
	"x":7,"y":9,"dir":2,"pieceid":0},
	{
	"x":7,"y":10,"dir":2,"pieceid":0},
	{
	"x":8,"y":1,"dir":2,"pieceid":0},
	{
	"x":8,"y":2,"dir":2,"pieceid":0},
	{
	"x":8,"y":3,"dir":2,"pieceid":0},
	{
	"x":8,"y":4,"dir":2,"pieceid":0},
	{
	"x":8,"y":5,"dir":2,"pieceid":0},
	{
	"x":8,"y":6,"dir":2,"pieceid":0},
	{
	"x":8,"y":7,"dir":2,"pieceid":0},
	{
	"x":8,"y":8,"dir":2,"pieceid":0},
	{
	"x":8,"y":9,"dir":2,"pieceid":0},
	{
	"x":8,"y":10,"dir":2,"pieceid":0}]
	}}