{
	"set":
	{
		"con":
		{
			"1":"确定",
			"2":"取消",
			"3":"不再提示",
			"4":"确定({0}s)",
			"5":"",
			"6":"",
			"7":"金币不足!",
			"8":"生命值不足!",
			"9":"活力值不足!",
			"10":"购买{0}x{1}!",
			"11":"钻石不足",
			"13":"万",
			"14":"亿",
			"15":"免费",
			"16":"{0}级",
			"17":"未激活",
			"18":"暂未开放",
			"19":"{0}关开放",
			"20":"请稍后",
			"21":"[e0fffc]获得[8bf089]{0}x{1}[-]",
			"22":"[e0fffc]消耗[cd3753]{0}x{1}[-]}",
			"23":"{0}的家",
			"24":"在线",
			"25":"离线",
			"26":"钻石",
			"27":"小哥哥",
			"28":"小姐姐",
			"29":"当前关卡难度较高,确定不使用增强道具进入关卡吗?",
			"30":"剩余时间:",
			"101":"{0}小时{1}分钟",
			"102":"{0}小时{1}分钟{2}秒",
			"103":"{0}天{1}小时",
			"104":"{0}天",
			"105":"{0}小时",
			"106":"{0}分钟",
			"107":"{0}秒",
			"111":"{0}时{1}分",
			"112":"{0}时{1}分{2}秒",
			"308":"{0}天{1}时{2}分",
			"309":"{0}天{1}时",
			"310":"小时",
			"311":"分钟",
			"312":"秒",
			"313":"天",
			"324":"{0}年{1}月{2}日{3}点",
			"325":"{0}月{1}日{2}点",
			"326":"{0}年{1}月{2}日{3}",
			"340":"{0}月{1}日{2}",
			"341":"{0}月{1}日",
			"352":"{0} 至 {1}",
			"404":"内容含有违法违规内容",
			"460":"{0}元",
			"461":"{0}/小时",
			"462":"金币不足,是否使用钻石购买",
			"463":"消耗{0}金币,购买一个{1}",
			"464":"消耗{0}钻石,购买一个{1}",
			"465":"{0}不足",
			"466":"当前星星不足，需要继续闯关才能继续任务哦!",
			"467":"进关带个",
			"468":"第{0}天奖励",
			"469":"金币",
			"470":"钻石",
			"471":"当前活动第{0}天",
			"472":"已领过本关额外奖励"
		},
		"chongzhi":
		{
			"1":"正在处理...",
			"2":"首充后领奖",
			"3":"[bcb9b3]获 [dba53b]{0} [bcb9b3]元宝[-]",
			"4":"[FCF2A3]充值完所有档次后，重置所有[2dff26]双倍[FCF2A3]和[2dff26]4倍充值奖励[-]",
			"5":"永久有效"
		},
		"createhero":
		{
			"1":"名字中有非法字符，请重新起名！",
			"2":"名字已被使用，请重新起名！",
			"3":"超过6个字符",
			"4":"已开启",
			"5":"请输入名字",
			"6":"您当前没有改名卡，是否消耗{0}钻石购买",
			"7":"只能输入中文、英文或数字哦"
		},
		"system":
		{
			"1":"关卡{0}错误! 请检查是否有对应配置,或配置格式是否有误",
			"2":"组合成道具！金币+1",
			"3":"开始第{0}阶段",
			"4":"生成油污",
			"5":"当前星星点数不足",
			"6":"当前剩余金币",
			"7":"当前剩余钻石",
			"8":"第一次复活可用",
			"9":"携带道具",
			"10":"今日看视频已达最大次数",
			"11":"冷却时间未到",
			"12":"看视频冷却:",
			"13":"能量",
			"14":"收到邮件啦,查看下邮箱吧",
			"15":"今日已达最大次数",
			"16":"邀请新用户登录游戏,能量 + {0}",
			"17":"[4f4f4f]---邀请新玩家点击,可获[4f4f4f] [4c0404]2倍奖励[4c0404] [4f4f4f]---[-]",
			"18":"请稍后点击",
			"19":"需要 vip{0}",
			"20":"观看视频失败"
		},
		"disconnect":
		{
			"0":"未知错误",
			"1":"被管理员强制下线",
			"2":"心跳包检测失败下线",
			"3":"重复登录",
			"4":"连接网关超时",
			"5":"场景地图错误",
			"6":"数据库错误",
			"7":"已在战场中登陆",
			"8":"服务器正在维护",
			"9":"移动速度过快"
		},
		"huodong":
		{
			"1":"获得活跃礼包",
			"2":"获得折扣包",
			"3":"获得道具"
		},
		"offlinereward":
		{
			"1":"[ffffff]离线时长    [dba53b]{0}[-]",
			"2":"[ffffff]客人留下礼金    [dba53b]{0}[-]",
			"3":"[ffffff]来访客人数    [dba53b]{0}[-]",
			"4":"[ffffff]来访好友    [dba53b]{0}[-]",
			"5":"离家时长:{0}"
		},
		"furniture":
		{
			"1":"{0}级{1}",
			"2":"确认消耗 {0} 解锁该家具吗?",
			"3":"请将对应家具升到满级后再试哦!"
		},
		"fashionbox":
		{
			"1":"可免费抽奖",
			"2":"{0}后免费",
			"3":"已有这个拼图",
			"4":"获得全新拼图",
			"5":"获得{0}级时装碎片",
			"6":"自动换成10颗",
			"7":"魅力 ",
			"8":"魅力 +{0}",
			"9":"暂未拥有此套装",
			"10":"此套装还未激活",
			"11":"最大等级",
			"12":"暂不分享",
			"13":"收下套装"
		},
		"shape":
		{
			"1":"今日次数:{0}/{1}"
		},
		"zhuanpan":
		{
			"1":"[72331d]偷偷将 [1f701d]{0} [72331d]家的家具乱放[-]",
			"2":"我的房屋",
			"3":"{0}的房屋",
			"4":"我的魅力",
			"5":"参加宴会,进行魅力PK",
			"6":"领取收益",
			"7":"捣乱",
			"8":"[1f701d]{0} [72331d]也觉得您的房子不错,对你进行了口头鼓励[-]",
			"9":"{0}的魅力",
			"10":"[1f701d]{0} [72331d]的魅力在你之上,下次一定能战胜她[-]",
			"11":"当前体力已满",
			"12":"{0}后恢复{1}点活力",
			"13":"打理",
			"14":"今日剩余打理次数:{0}",
			"15":"消耗 {0} 钻石,购买{1}点活力"
		},
		"life":
		{
			"1":"生命值 + {0}",
			"2":"补满生命",
			"3":"生命值已满",
			"4":"下次生命恢复时间:{0}"
		},
		"meiritask":{
			"1":"{0}活跃礼包",
			"2":"当前周活跃度:",
			"3":"[8c3612]活跃[074211]+{0}[-]",
			"4":"活跃值不足!"
		},
		"__comment":"游戏中显示文字配置"
	}
}