{
	"index":
	{
		"1":
		{
			"test":
			{
				"1121":{"id":1121, "config":"snow", "tex":"snow", "x":666, "y":710},
				"1112":{"id":1112, "config":"fire", "tex":"fire", "x":666, "y":710}
			},
			"__comment":"测试"
		},
		"2":
		{
			"tipIcon":[
				{"icon":"img_loading0", "guan":[1,2,3,4,5]},
				{"icon":"img_loading1"},
				{"icon":"img_loading2"},
				{"icon":"img_loading3"},
				{"icon":"img_loading4"},
				{"icon":"img_loading5"},
				{"icon":"img_loading6", "guan":[7,8,9,10,11,12,16,28,30]},
				{"icon":"img_loading7", "guan":[80,81,82,85,86,94,99,100,110]},
				{"icon":"img_loading8", "guan":[181,182,187,188,190,197,200]},
				{"icon":"img_loading9", "guan":[18,19,20,22,26,27,32,37]},
				{"icon":"img_loading10"},
				{"icon":"img_loading11"},
				{"icon":"img_loading12"}
			],
			"__comment":"进入三消场景等待界面，合成棋子组合提示"
		},
		"3":
		{
			"coverRes":
			{
				"10021":{"res":["cover20","zhaozidb"],"desc":"琥珀"},
				"10001":{"res":["cover30","tieliandb"],"desc":"锁链"},
				"10031":{"res":["cover40","zhixiangdb"],"desc":"箱子"},
				"10041":{"res":["cover50","lihedb"],"desc":"礼盒"},
				"10061":{"res":["cover60", "xiguadb"],"desc":"西瓜"},
				"10011":{"res":["cover70","bingdb"],"desc":"冰块"},
				"10051":{"res":["cover80","shaodianxindb"],"desc":"蛋糕"},
				"11011":{"res":["cover110", "dianzidb"],"desc":"垫子"},
				"11021":{"res":["cover120","zhaozidb"],"desc":"果冻"},
				"11002":{"res":["cover130"],"desc":"果盘"},
				"10101":{"res":["cover140","zhixiangdb"],"desc":"地毯卷"},
				"10111":{"res":["cover150"],"desc":"蝴蝶结"},
				"10121":{"res":["cover160"],"desc":"百叶窗"}
			},
			"__comment":"进关时，资源加载分组:cover20-琥珀 cover30-锁链 cover40-箱子 cover50-礼盒 cover60-西瓜 cover70-冰块 cover80-蛋糕 cover110-垫子 cover120-果冻 cover130-果盘 cover140-地毯卷 cover150-蝴蝶结 cover160-百叶窗 "
		},
		"4":
		{
			"shareData":[
				{"funcType":1,  "title":"消一下提神醒脑，两下充满活力，不信就来试试", 	"img":"share_5"},
				{"funcType":2,  "title":"小心心送给你，快来钻进我怀里~", "img":"share_4"},
				{"funcType":3,  "title":"免费送你漂亮的新衣服，快来跟我一起领取吧~", "img":"share_8"},
				{"funcType":4,  "title":"你的助力，能让我穿越一切阻力", "img":"share_9"},
				{"funcType":5,  "title":"快来领取小心心~把你的心，我的心串一串…", "img":"share_4"},
				{"funcType":6,  "title":"你喜欢什么样子的房子？快来一起享受装修乐趣吧~", "img":"share_6"},
				{"funcType":7,  "title":"我刚收到了一份惊喜礼物，快来帮我拆一下", "img":"share_3"},
				{"funcType":8,  "title":"三个樱桃连成线，能否跟你来点电？", "img":"share_1"},
				{"funcType":9,  "title":"你喜欢什么样子的房子？快来一起享受装修乐趣吧~", "img":"share_6"},
				{"funcType":10, "title":"急事！快帮我一下，就点一下，就点一下！", "img":"share_9"},
				{"funcType":11, "title":"如何融化女神的高冷？就是这么简单的一小步", "img":"share_9"},
				{"funcType":12, "title":"帮我点一下好不好，真的好喜欢这份礼物，也送你一份好不好！", "img":"share_3"},
				{"funcType":13, "title":"我完成了新房装修，快来帮我看看呀~", "img":"share_7"},
				{"funcType":14, "title":"我买了新衣服，是不是很好看？要不要试试？", "img":"share_8"}
			],
			"__comment":"funcType-功能类型, 微信小游戏分享文字、图片(500*400, ..resource的share目录下)"
		},
		"5":
		{
			"mapEffect":
			{
				"1121":{"id":1121, "config":"snow", "tex":"snow", "x":666, "y":710},
				"1112":{"id":1112, "config":"fire", "tex":"fire", "x":666, "y":710}
			},
			"__comment":"地图上显示粒子特效"
		},
		"__comment":"配置"
	},
	"caodi":
		{
			"piece":
		[
			{"id":1001, "desc":"黄色棋子"},
			{"id":1002, "desc":"紫色棋子"},
			{"id":1003, "desc":"绿色棋子"},
			{"id":1004, "desc":"红色棋子"},
			{"id":1005, "desc":"蓝色棋子"},
			{"id":1006, "desc":"壶型棋子"},
			{"id":1101, "desc":"横向火箭"},
			{"id":1105, "desc":"竖向火箭"},
			{"id":1121, "desc":"飞机"},
			{"id":1131, "desc":"炸弹"},
			{"id":1141, "desc":"彩虹球"},

			{"id":1201, "desc":"甜甜圈"},

			{"id":2001, "desc":"黄色喷冰机"},
			{"id":2002, "desc":"紫色喷冰机"},
			{"id":2003, "desc":"绿色喷冰机"},
			{"id":2004, "desc":"红色喷冰机"},
			{"id":2005, "desc":"蓝色喷冰机"}
		],

		"cover":
		[
			{"id":10001, "hp":1, "desc":"锁链"},
			{"id":10011, "hp":1, "desc":"冰块"}
		]
	}
}