{"rp":{"10":{"name":10,"t":[{"t":[{"t":[{"t":[{"dir1":"attaker_anti","name":"j10C","position":"hit","time":"","tn":"eff_body"},{"tn":"valueEffect"}],"tn":"parallel"}],"time":400,"tn":"receptor"}],"time":1,"tn":"seq"}]},"10002":{"name":10002,"t":[{"t":[{"t":[{"t":[{"name":"j10002C","position":"referencePoint","tn":"eff_body"},{"dir8":"attacker","name":"j1001C","position":"hit","time":"","tn":"eff_body"},{"tn":"valueEffect"}],"tn":"parallel"}],"time":400,"tn":"receptor"}],"time":100,"tn":"seq"}]},"10006":{"name":10006,"t":[{"t":[{"t":[{"t":[{"name":"j10006C","position":"referencePoint","tn":"eff_body"},{"dir8":"attacker","name":"j1001C","position":"hit","time":"","tn":"eff_body"},{"tn":"valueEffect"}],"tn":"parallel"}],"time":400,"tn":"receptor"}],"time":100,"tn":"seq"}]},"10016":{"name":10016,"t":[{"t":[{"t":[{"t":[{"duration":500,"finishPoint":"entity=referenceParent position=hit yOffset=1","hRatio":0,"lineRatio":0,"name":"j10016B","startPoint":"entity=attacker position=hit yOffset=0","tn":"fly"},{"name":"j10016C","position":"hit","time":350,"tn":"eff_body"},{"tn":"valueEffect"}],"time":300,"tn":"parallel"}],"tn":"receptor"}],"time":100,"tn":"seq"}]},"10021":{"name":10021,"t":[{"t":[{"t":[{"t":[{"duration":400,"finishPoint":"entity=referenceParent position=hit yOffset=1","hRatio":0,"lineRatio":0,"name":"j10025B","startPoint":"entity=attacker position=hit yOffset=0","tn":"fly"},{"name":"j10025C","position":"referencePoint","time":450,"tn":"eff_body"},{"tn":"valueEffect"}],"time":300,"tn":"parallel"}],"tn":"receptor"}],"time":100,"tn":"seq"}]},"10025":{"name":10025,"t":[{"t":[{"t":[{"t":[{"duration":400,"finishPoint":"entity=referenceParent position=hit yOffset=1","hRatio":0,"lineRatio":0,"name":"j10025B","startPoint":"entity=attacker position=hit yOffset=0","tn":"fly"},{"name":"j10025C","position":"referencePoint","time":450,"tn":"eff_body"},{"tn":"valueEffect"}],"time":300,"tn":"parallel"}],"tn":"receptor"}],"time":100,"tn":"seq"}]},"10027":{"name":10027,"t":[{"t":[{"t":[{"t":[{"name":"j10027C","position":"referencePoint","tn":"eff_body"},{"dir8":"attacker","name":"j1001C","position":"hit","time":"","tn":"eff_body"},{"tn":"valueEffect"}],"tn":"parallel"}],"time":400,"tn":"receptor"}],"time":100,"tn":"seq"}]},"10029":{"name":10029,"t":[{"t":[{"t":[{"t":[{"duration":400,"finishPoint":"entity=referenceParent position=hit yOffset=1","hRatio":0,"lineRatio":0,"name":"j10029B","startPoint":"entity=attacker position=hit yOffset=0","tn":"fly"},{"name":"j10029C","position":"referencePoint","time":450,"tn":"eff_body"},{"tn":"valueEffect"}],"time":300,"tn":"parallel"}],"tn":"receptor"}],"time":100,"tn":"seq"}]},"10035":{"name":10035,"t":[{"t":[{"t":[{"dir1":"body","name":"j10050A","position":"hit","tn":"eff_body"}],"tn":"attacker"},{"t":[{"t":[{"name":"j10050C","position":"hit","time":200,"tn":"eff_body"},{"angle":40,"duration":500,"range":20,"times":6,"tn":"mapShake"},{"tn":"valueEffect"}],"tn":"parallel"}],"tn":"receptor"}],"time":200,"tn":"seq"}]},"10037":{"name":10037,"t":[{"t":[{"t":[{"t":[{"name":"j10037C","position":"referencePoint","tn":"eff_body"},{"dir8":"attacker","name":"j1001C","position":"hit","time":"","tn":"eff_body"},{"tn":"valueEffect"}],"tn":"parallel"}],"time":400,"tn":"receptor"}],"time":100,"tn":"seq"}]},"10043":{"name":10043,"t":[{"t":[{"t":[{"dir1":"body","name":"j10043A","position":"hit","tn":"eff_body"}],"tn":"attacker"},{"t":[{"t":[{"name":"j10043C","position":"hit","time":200,"tn":"eff_body"},{"tn":"valueEffect"}],"tn":"parallel"}],"tn":"receptor"}],"time":200,"tn":"seq"}]},"11":{"name":11,"t":[{"t":[{"t":[{"dir1":"body","name":"j93044A","position":"hit","time":100,"tn":"eff_body"}],"tn":"attacker"},{"t":[{"t":[{"dir1":"attaker_anti","name":"j93044C","position":"hit","time":400,"tn":"eff_body"},{"tn":"valueEffect"}],"tn":"parallel"}],"tn":"receptor"}],"tn":"parallel"}]},"12":{"name":12,"t":[{"t":[{"t":[{"name":"j93023A","position":"hit","staticGround":"true","tn":"eff_body"}],"tn":"attacker"},{"t":[{"tn":"valueEffect"}],"time":600,"tn":"receptor"}],"time":200,"tn":"parallel"}]},"125":{"name":125,"t":[{"t":[{"t":[{"dir1":"body","name":"j12005A","position":"hit","time":"","tn":"eff_body"}],"tn":"attacker"},{"t":[{"t":[{"name":"j12005C","position":"referencePoint","staticGround":"true","tn":"eff_body"},{"angle":40,"duration":500,"range":20,"times":6,"tn":"mapShake"},{"tn":"valueEffect"}],"tn":"parallel"}],"tn":"receptor"}],"tn":"seq"}],"text":" \t\n\t\t"},"13":{"afterCmd":"true","name":13,"t":[{"t":[{"t":[{"t":[{"speed":300,"tn":"entityChongfeng"},{"dir1":"body","name":"j1004A","position":"hit","time":"","tn":"eff_body"},{"angle":40,"duration":500,"range":20,"times":6,"tn":"mapShake"}],"tn":"parallel"}],"tn":"attacker"},{"t":[{"entityMoveCurve":[{"duration":200,"hRatio":20,"lineRatio":20}],"t":[{"tn":"valueEffect"}],"tn":"parallel"}],"time":300,"tn":"receptor"}],"time":100,"tn":"parallel"}]},"14":{"name":14,"t":[{"t":[{"t":[{"dir8":"referenceParent","name":"j1002A","position":"referencePoint","staticGround":"true","time":"","tn":"eff_body"}],"tn":"attacker"},{"t":[{"tn":"valueEffect"}],"time":400,"tn":"receptor"}],"time":200,"tn":"parallel"}]},"15":{"name":15,"t":[{"t":[{"t":[{"name":"j8005A","position":"referencePoint","staticGround":"true","tn":"eff_body"}],"tn":"attacker"},{"t":[{"angle":40,"duration":500,"range":20,"times":6,"tn":"mapShake"},{"tn":"valueEffect"}],"time":300,"tn":"receptor"}],"tn":"parallel"}]},"21":{"name":21,"t":[{"t":[{"t":[{"t":[{"duration":300,"finishPoint":"entity=referenceParent position=hit yOffset=1","hRatio":0,"lineRatio":0,"name":"j12001B","startPoint":"entity=attacker position=hit yOffset=0","time":100,"tn":"fly"},{"dir1":"attaker_anti","name":"j3001C","position":"hit","time":400,"tn":"eff_body"},{"time":400,"tn":"valueEffect"}],"tn":"parallel"}],"tn":"receptor"}],"tn":"parallel"}]},"22":{"name":22,"t":[{"t":[{"t":[{"t":[{"name":"j93016C","position":"referencePoint","staticGround":"true","tn":"eff_body"},{"time":200,"tn":"valueEffect"}],"tn":"parallel"}],"tn":"receptor"}],"time":200,"tn":"seq"}]},"23":{"afterCmd":"true","name":23,"t":[{"t":[{"t":[{"name":"j12003C","position":"referencePoint","tn":"eff_body"}],"tn":"attacker"},{"t":[{"tn":"pkState"}],"tn":"receptor"}],"time":200,"tn":"parallel"}]},"24":{"name":24,"t":[{"t":[{"t":[{"t":[{"name":"j93019C","position":"referencePoint","staticGround":"true","tn":"eff_body"},{"tn":"valueEffect"}],"tn":"parallel"}],"tn":"receptor"}],"time":200,"tn":"seq"}]},"25":{"name":25,"t":[{"t":[{"t":[{"t":[{"name":"j9002A","position":"referencePoint","staticGround":"true","tn":"eff_body"},{"angle":40,"duration":400,"range":20,"times":6,"tn":"mapShake"},{"tn":"valueEffect"}],"tn":"parallel"}],"tn":"receptor"}],"time":200,"tn":"seq"}]},"31":{"name":31,"t":[{"t":[{"t":[{"t":[{"duration":200,"finishPoint":"entity=referenceParent position=hit yOffset=1","hRatio":10,"lineRatio":10,"name":"j13001B","startPoint":"entity=attacker position=hit yOffset=-100","tn":"fly"},{"dir1":"attaker_anti","name":"j13001C","position":"hit","tn":"eff_body"},{"tn":"valueEffect"}],"time":1,"tn":"parallel"}],"tn":"receptor"}],"time":300,"tn":"seq"}]},"32":{"name":32,"t":[{"t":[{"t":[{"t":[{"name":"j3005C","position":"hit","staticGround":"true","tn":"eff_body"},{"tn":"valueEffect"}],"tn":"parallel"}],"time":300,"tn":"receptor"}],"tn":"parallel"}]},"33":{"afterCmd":"true","name":33,"t":[{"t":[{"t":[{"name":"j13003C","position":"referencePoint","tn":"eff_body"}],"tn":"attacker"},{"t":[{"tn":"pkState"}],"tn":"receptor"}],"time":200,"tn":"parallel"}]},"34":{"name":34,"t":[{"t":[{"t":[{"dir1":"body","name":"j3003A","position":"hit","time":"","tn":"eff_body"}],"tn":"attacker"},{"t":[{"t":[{"name":"j93025C","position":"referencePoint","staticGround":"true","tn":"eff_body"},{"time":250,"tn":"valueEffect"}],"time":1,"tn":"parallel"}],"tn":"receptor"}],"time":200,"tn":"seq"}]},"35":{"name":35,"t":[{"t":[{"t":[{"t":[{"name":"j9003A","position":"hit","staticGround":"true","time":"","tn":"eff_body"}],"tn":"seq"}],"tn":"attacker"},{"t":[{"t":[{"name":"j9003C","position":"hit","staticGround":"true","tn":"eff_body"},{"angle":40,"duration":500,"range":20,"time":350,"times":6,"tn":"mapShake"},{"tn":"valueEffect"}],"time":1,"tn":"parallel"}],"tn":"receptor"}],"tn":"seq"}]},"8001":{"afterCmd":"true","name":8001,"t":[{"t":[{"t":[{"t":[{"name":"j8001A","position":"referencePoint","tn":"eff_body"}],"time":1,"tn":"seq"}],"tn":"attacker"},{"t":[{"tn":"pkState"}],"tn":"receptor"}],"time":200,"tn":"parallel"}]},"8002":{"afterCmd":"true","name":8002,"t":[{"t":[{"t":[{"t":[{"name":"j8002A","position":"hit","tn":"eff_body"}],"time":1,"tn":"seq"}],"tn":"attacker"},{"t":[{"tn":"pkState"}],"tn":"receptor"}],"time":200,"tn":"parallel"}]},"8003":{"afterCmd":"true","name":8003,"t":[{"t":[{"t":[{"t":[{"name":"j8003A","position":"referencePoint","tn":"eff_body"}],"time":1,"tn":"seq"}],"tn":"attacker"},{"t":[{"tn":"pkState"}],"tn":"receptor"}],"time":200,"tn":"parallel"}]},"8004":{"afterCmd":"true","name":8004,"t":[{"t":[{"t":[{"t":[{"name":"j8004A","position":"referencePoint","tn":"eff_body"}],"time":1,"tn":"seq"}],"tn":"attacker"},{"t":[{"tn":"pkState"}],"tn":"receptor"}],"time":200,"tn":"parallel"}]},"8005":{"afterCmd":"true","name":8005,"t":[{"t":[{"t":[{"t":[{"name":"j8005A","position":"referencePoint","tn":"eff_body"}],"time":1,"tn":"seq"}],"tn":"attacker"},{"t":[{"tn":"pkState"}],"tn":"receptor"}],"time":200,"tn":"parallel"}]},"8006":{"afterCmd":"true","name":8006,"t":[{"t":[{"t":[{"tn":"pkState"}],"tn":"receptor"}],"time":200,"tn":"parallel"}]},"8007":{"name":8007,"t":[{"t":[{"t":[{"name":"j8014A","position":"referencePoint","tn":"eff_body"}],"tn":"attacker"},{"t":[{"tn":"pkState"}],"tn":"receptor"}],"time":200,"tn":"parallel"}]},"8010":{"afterCmd":"true","name":8010,"t":[{"t":[{"t":[{"t":[{"name":"j8010E","position":"referencePoint","tn":"eff_body"},{"tn":"pkState"}],"tn":"parallel"}],"tn":"receptor"}],"time":200,"tn":"parallel"}]},"80101":{"name":80101,"t":[{"t":[{"t":[{"t":[{"name":"j93045A","pose":"0,200,100;10,300,100;-10,400,100","speed":200,"startPoint":"entity=attacker position=hit yOffset=0","tn":"fly_multiple"}],"tn":"parallel"}],"tn":"attacker"},{"t":[{"t":[{"dir1":"attaker_anti","name":"j93045C","position":"hit","time":500,"tn":"eff_body"},{"time":300,"tn":"valueEffect"}],"tn":"parallel"}],"tn":"receptor"}],"tn":"parallel"}]},"80102":{"name":80102,"t":[{"t":[{"t":[{"t":[{"name":"j80102","position":"referencePoint","staticGround":"true","tn":"eff_body"},{"dir1":"attaker_anti","name":"j10C","position":"hit","time":500,"tn":"eff_body"},{"tn":"valueEffect"}],"tn":"parallel"}],"tn":"receptor"}],"time":200,"tn":"seq"}]},"80103":{"name":80103,"t":[{"t":[{"t":[{"t":[{"name":"j93005C","positions":"180,0, 0,-180, -180,0 ,0,180, 120,-120, -120,-120, -120,120, 120,120","staticGround":"true","timeEmit":100,"tn":"eff_around"}],"tn":"parallel"}],"tn":"attacker"},{"t":[{"t":[{"time":400,"tn":"valueEffect"}],"tn":"parallel"}],"tn":"receptor"}],"tn":"parallel"}]},"8011":{"afterCmd":"true","name":8011,"t":[{"t":[{"t":[{"t":[{"name":"j8011A","position":"referencePoint","tn":"eff_body"},{"tn":"pkState"}],"tn":"parallel"}],"tn":"receptor"}],"time":200,"tn":"parallel"}]},"8012":{"name":8012,"t":[{"t":[{"t":[{"alphaDuration":0.3,"distance":600,"n":8,"name":"j8012A","speed":500,"tn":"eff_Ghost_n_dir"}],"tn":"attacker"},{"t":[{"dir1":"attaker_anti","name":"j10C","position":"hit","time":"","tn":"eff_body"},{"tn":"pkState"}],"tn":"receptor"}],"time":200,"tn":"parallel"}]},"8013":{"name":8013,"t":[{"t":[{"t":[{"alphaDuration":0.3,"distance":600,"n":8,"name":"j8013A","speed":500,"tn":"eff_Ghost_n_dir"}],"tn":"attacker"},{"t":[{"dir1":"attaker_anti","name":"j10C","position":"hit","time":"","tn":"eff_body"},{"tn":"pkState"}],"tn":"receptor"}],"time":200,"tn":"parallel"}]},"80201":{"name":80201,"t":[{"t":[{"t":[{"dir1":"body","name":"j80201","position":"hit","tn":"eff_body"}],"tn":"attacker"},{"t":[{"t":[{"dir1":"attaker_anti","name":"j11004C","position":"hit","time":500,"tn":"eff_body"},{"tn":"valueEffect"}],"tn":"parallel"}],"tn":"receptor"}],"time":200,"tn":"parallel"}]},"80202":{"name":80202,"t":[{"t":[{"t":[{"t":[{"name":"j80202","position":"referencePoint","staticGround":"true","tn":"eff_body"},{"dir1":"attaker_anti","name":"j10C","position":"hit","time":400,"tn":"eff_body"},{"tn":"valueEffect"}],"tn":"parallel"}],"tn":"receptor"}],"time":100,"tn":"seq"}],"text":"\n \t\t"},"80203":{"name":80203,"t":[{"t":[{"t":[{"name":"j80403","position":"referencePoint","staticGround":"true","tn":"eff_body"}],"tn":"attacker"},{"t":[{"t":[{"dir8":"attacker","name":"j93000C","position":"hit","tn":"eff_body"},{"angle":40,"duration":500,"range":20,"times":6,"tn":"mapShake"},{"tn":"valueEffect"}],"tn":"parallel"}],"tn":"receptor"}],"time":200,"tn":"parallel"}]},"80204":{"name":80204,"t":[{"t":[{"t":[{"t":[{"name":"j3005C","position":"hit","staticGround":"true","tn":"eff_body"},{"tn":"valueEffect"}],"tn":"parallel"}],"tn":"receptor"}],"time":300,"tn":"seq"}]},"80301":{"name":80301,"t":[{"t":[{"t":[{"t":[{"name":"j80301","positions":"0,0, 180,0, 0,-180, -180,0, 0,180","staticGround":"true","timeEmit":300,"tn":"eff_around"}],"tn":"parallel"}],"tn":"attacker"},{"t":[{"t":[{"dir1":"attaker_anti","name":"j10C","position":"hit","time":300,"tn":"eff_body"},{"tn":"valueEffect"}],"tn":"parallel"}],"tn":"receptor"}],"time":100,"tn":"parallel"}]},"80302":{"name":80302,"t":[{"t":[{"t":[{"t":[{"name":"j80302","position":"referencePoint","staticGround":"true","tn":"eff_body"},{"dir1":"attaker_anti","name":"j10C","position":"hit","time":500,"tn":"eff_body"},{"tn":"valueEffect"}],"tn":"parallel"}],"tn":"receptor"}],"time":200,"tn":"seq"}]},"80303":{"name":80303,"t":[{"t":[{"t":[{"name":"j80303","position":"referencePoint","staticGround":"true","tn":"eff_body"}],"tn":"attacker"},{"t":[{"t":[{"dir8":"attacker","name":"j93000C","position":"hit","tn":"eff_body"},{"tn":"valueEffect"}],"tn":"parallel"}],"tn":"receptor"}],"time":200,"tn":"parallel"}]},"80304":{"name":80304,"t":[{"t":[{"t":[{"t":[{"name":"j93029C","positions":"180,0, 0,-180, -180,0 ,0,180, 120,-120, -120,-120, -120,120, 120,120","staticGround":"true","timeEmit":200,"tn":"eff_around"}],"tn":"parallel"}],"tn":"attacker"},{"t":[{"t":[{"angle":40,"duration":200,"range":20,"times":6,"tn":"mapShake"},{"dir1":"attaker_anti","name":"j10C","position":"hit","time":500,"tn":"eff_body"},{"tn":"valueEffect"}],"tn":"parallel"}],"tn":"receptor"}],"time":200,"tn":"parallel"}]},"80401":{"name":80401,"t":[{"t":[{"t":[{"t":[{"name":"j80401","position":"referencePoint","staticGround":"true","tn":"eff_body"},{"dir1":"attaker_anti","name":"j10C","position":"hit","time":500,"tn":"eff_body"},{"angle":40,"duration":500,"range":20,"times":6,"tn":"mapShake"},{"tn":"valueEffect"}],"tn":"parallel"}],"tn":"receptor"}],"time":200,"tn":"seq"}]},"80402":{"name":80402,"t":[{"t":[{"t":[{"t":[{"name":"j80402","positions":"70,0, 240,100, 240,0, 240,-100","staticGround":"true","timeEmit":100,"tn":"eff_around"}],"tn":"parallel"}],"tn":"attacker"},{"t":[{"t":[{"dir1":"attaker_anti","name":"j10C","position":"hit","time":500,"tn":"eff_body"},{"angle":40,"duration":500,"range":20,"times":6,"tn":"mapShake"},{"tn":"valueEffect"}],"tn":"parallel"}],"tn":"receptor"}],"time":200,"tn":"parallel"}]},"80403":{"name":80403,"t":[{"t":[{"t":[{"t":[{"name":"j8007A","positions":"120,-120, -120,-120, -120,120, 120,120","timeEmit":200,"tn":"eff_around"}],"tn":"parallel"}],"tn":"attacker"},{"t":[{"t":[{"angle":40,"duration":500,"range":20,"times":6,"tn":"mapShake"},{"dir1":"attaker_anti","name":"j10C","position":"hit","time":500,"tn":"eff_body"},{"time":500,"tn":"valueEffect"}],"tn":"parallel"}],"tn":"receptor"}],"time":200,"tn":"parallel"}]},"80404":{"name":80404,"t":[{"t":[{"t":[{"t":[{"name":"j80404","position":"referencePoint","staticGround":"true","tn":"eff_body"},{"dir1":"attaker_anti","name":"j10C","position":"hit","time":500,"tn":"eff_body"},{"angle":40,"duration":500,"range":20,"times":6,"tn":"mapShake"},{"tn":"valueEffect"}],"tn":"parallel"}],"tn":"receptor"}],"time":200,"tn":"seq"}]},"80405":{"name":80405,"t":[{"t":[{"t":[{"t":[{"name":"j80405","position":"referencePoint","staticGround":"true","time":100,"tn":"eff_body"},{"name":"j8010E","position":"referencePoint","time":300,"tn":"eff_body"},{"angle":40,"duration":200,"range":20,"times":6,"tn":"mapShake"},{"tn":"valueEffect"}],"tn":"parallel"}],"tn":"receptor"}],"tn":"parallel"}]},"80406":{"name":80406,"t":[{"t":[{"t":[{"name":"j80406","position":"referencePoint","staticGround":"true","tn":"eff_body"}],"tn":"attacker"},{"t":[{"t":[{"dir8":"attacker","name":"j93000C","position":"hit","tn":"eff_body"},{"angle":40,"duration":500,"range":20,"times":6,"tn":"mapShake"},{"tn":"valueEffect"}],"tn":"parallel"}],"tn":"receptor"}],"time":200,"tn":"parallel"}]},"80407":{"name":80407,"t":[{"t":[{"t":[{"name":"j93038C","positions":"180,0, 0,-180, -180,0 ,0,180, 120,-120, -120,-120, -120,120, 120,120","staticGround":"true","timeEmit":200,"tn":"eff_around"}],"tn":"attacker"},{"t":[{"t":[{"angle":40,"duration":500,"range":20,"times":6,"tn":"mapShake"},{"dir1":"attaker_anti","name":"j10C","position":"hit","time":500,"tn":"eff_body"},{"tn":"valueEffect"}],"tn":"parallel"}],"tn":"receptor"}],"time":200,"tn":"parallel"}]},"9001":{"name":9001,"t":[{"t":[{"t":[{"tn":"pkState"}],"tn":"receptor"}],"time":200,"tn":"parallel"}]},"9002":{"name":9002,"t":[{"t":[{"t":[{"t":[{"duration":300,"finishPoint":"entity=referenceParent position=hit yOffset=1","hRatio":0,"lineRatio":0,"name":"j12001B","startPoint":"entity=attacker position=hit yOffset=0","time":100,"tn":"fly"},{"dir1":"attaker_anti","name":"j3001C","position":"hit","time":400,"tn":"eff_body"},{"time":400,"tn":"valueEffect"}],"tn":"parallel"}],"tn":"receptor"}],"tn":"parallel"}]},"9003":{"name":9003,"t":[{"t":[{"t":[{"t":[{"name":"j9003A","position":"hit","tn":"eff_body"}],"time":1,"tn":"seq"}],"tn":"attacker"},{"t":[{"t":[{"name":"j9003C","position":"referencePoint","tn":"eff_body"},{"tn":"valueEffect"}],"tn":"parallel"}],"time":600,"tn":"receptor"}],"time":200,"tn":"parallel"}]},"901":{"name":901,"t":[{"t":[{"t":[{"t":[{"name":"j9001A","position":"referencePoint","tn":"eff_body"}],"time":1,"tn":"seq"}],"tn":"attacker"},{"t":[{"t":[{"name":"j9001C","position":"referencePoint","tn":"eff_body"},{"tn":"valueEffect"}],"tn":"parallel"}],"time":600,"tn":"receptor"}],"time":200,"tn":"parallel"}]},"902":{"name":902,"t":[{"t":[{"t":[{"t":[{"name":"j9002A","position":"referencePoint","tn":"eff_body"},{"name":"j9002A2","position":"referencePoint","tn":"eff_body"},{"name":"j9002C","position":"referencePoint","tn":"eff_body"},{"dir1":25,"name":"j9002C","position":"referencePoint","time":550,"tn":"eff_body"},{"dir1":55,"name":"j9002C","position":"referencePoint","time":500,"tn":"eff_body"},{"dir1":95,"name":"j9002C","position":"referencePoint","tn":"eff_body"},{"dir1":110,"name":"j9002C","position":"referencePoint","time":550,"tn":"eff_body"},{"dir1":135,"name":"j9002C","position":"referencePoint","time":500,"tn":"eff_body"},{"dir1":170,"name":"j9002C","position":"referencePoint","tn":"eff_body"},{"dir1":225,"name":"j9002C","position":"referencePoint","time":550,"tn":"eff_body"},{"dir1":253,"name":"j9002C","position":"referencePoint","time":500,"tn":"eff_body"},{"dir1":185,"name":"j9002C","position":"referencePoint","tn":"eff_body"},{"dir1":315,"name":"j9002C","position":"referencePoint","time":550,"tn":"eff_body"},{"dir1":340,"name":"j9002C","position":"referencePoint","time":500,"tn":"eff_body"}],"tn":"parallel"}],"tn":"attacker"},{"t":[{"t":[{"tn":"valueEffect"}],"tn":"parallel"}],"tn":"receptor"}],"time":200,"tn":"parallel"}]},"903":{"name":903,"t":[{"t":[{"t":[{"t":[{"name":"j9003A","position":"hit","tn":"eff_body"}],"time":1,"tn":"seq"}],"tn":"attacker"},{"t":[{"t":[{"name":"j9003C","position":"referencePoint","tn":"eff_body"},{"tn":"valueEffect"}],"tn":"parallel"}],"time":600,"tn":"receptor"}],"time":200,"tn":"parallel"}]},"91002":{"name":91002,"t":[{"t":[{"t":[{"dir1":"body","name":"j10050A","position":"hit","tn":"eff_body"}],"tn":"attacker"},{"t":[{"t":[{"name":"j10050C","position":"hit","time":200,"tn":"eff_body"},{"tn":"valueEffect"}],"tn":"parallel"}],"tn":"receptor"}],"time":200,"tn":"seq"}]},"91003":{"name":91003,"t":[{"t":[{"t":[{"dir8":"referenceParent","name":"j1005A","position":"referencePoint","staticGround":"true","time":"","tn":"eff_body"}],"tn":"attacker"},{"t":[{"t":[{"dir8":"attacker","name":"j1001C","position":"hit","time":300,"tn":"eff_body"},{"tn":"valueEffect"}],"time":300,"tn":"parallel"}],"tn":"receptor"}],"time":100,"tn":"parallel"}]},"92003":{"name":92003,"t":[{"t":[{"t":[{"t":[{"name":"j92003C","position":"referencePoint","tn":"eff_body"},{"tn":"valueEffect"}],"tn":"parallel"}],"time":200,"tn":"receptor"}],"time":100,"tn":"seq"}]},"92004":{"name":92004,"t":[{"t":[{"t":[{"t":[{"name":"j92004C","position":"referencePoint","tn":"eff_body"},{"tn":"valueEffect"}],"tn":"parallel"}],"time":200,"tn":"receptor"}],"time":100,"tn":"seq"}]},"92005":{"afterCmd":"true","name":92005,"t":[{"t":[{"t":[{"t":[{"name":"j92005C","position":"referencePoint","tn":"eff_body"},{"tn":"valueEffect"}],"tn":"parallel"}],"time":200,"tn":"receptor"}],"time":100,"tn":"seq"}]},"93000":{"name":93000,"t":[{"t":[{"t":[{"t":[{"duration":200,"finishPoint":"entity=referenceParent position=hit yOffset=1","hRatio":0,"lineRatio":0,"name":"j3003B","startPoint":"entity=attacker position=hit yOffset=-10","tn":"fly"},{"tn":"valueEffect"}],"tn":"parallel"}],"time":400,"tn":"receptor"}],"tn":"parallel"}]},"93001":{"name":93001,"t":[{"t":[{"t":[{"t":[{"name":"j93001C","position":"referencePoint","staticGround":"true","tn":"eff_body"},{"tn":"valueEffect"}],"tn":"parallel"}],"time":500,"tn":"receptor"}],"tn":"parallel"}]},"93002":{"name":93002,"t":[{"t":[{"t":[{"t":[{"name":"j93002C","position":"referencePoint","staticGround":"true","tn":"eff_body"},{"tn":"valueEffect"}],"tn":"parallel"}],"time":500,"tn":"receptor"}],"tn":"parallel"}]},"93003":{"name":93003,"t":[{"t":[{"t":[{"t":[{"name":"j93003C","position":"referencePoint","staticGround":"true","tn":"eff_body"},{"tn":"valueEffect"}],"tn":"parallel"}],"time":500,"tn":"receptor"}],"tn":"parallel"}]},"93004":{"name":93004,"t":[{"t":[{"t":[{"t":[{"name":"j93004C","position":"referencePoint","staticGround":"true","tn":"eff_body"},{"tn":"valueEffect"}],"tn":"parallel"}],"time":500,"tn":"receptor"}],"tn":"parallel"}]},"93005":{"name":93005,"t":[{"t":[{"t":[{"t":[{"name":"j93005C","position":"referencePoint","staticGround":"true","tn":"eff_body"},{"tn":"valueEffect"}],"tn":"parallel"}],"time":500,"tn":"receptor"}],"tn":"parallel"}]},"93006":{"name":93006,"t":[{"t":[{"t":[{"t":[{"name":"j93006C","position":"referencePoint","staticGround":"true","tn":"eff_body"},{"tn":"valueEffect"}],"tn":"parallel"}],"time":500,"tn":"receptor"}],"tn":"parallel"}]},"93007":{"name":93007,"t":[{"t":[{"t":[{"t":[{"name":"j93007C","position":"referencePoint","staticGround":"true","tn":"eff_body"},{"tn":"valueEffect"}],"tn":"parallel"}],"time":500,"tn":"receptor"}],"tn":"parallel"}]},"93008":{"name":93008,"t":[{"t":[{"t":[{"name":"j93008A","position":"referencePoint","staticGround":"true","tn":"eff_body"}],"tn":"attacker"},{"t":[{"tn":"valueEffect"}],"time":400,"tn":"receptor"}],"tn":"parallel"}]},"93009":{"name":93009,"t":[{"t":[{"t":[{"t":[{"name":"j93009C","position":"referencePoint","staticGround":"true","tn":"eff_body"},{"tn":"valueEffect"}],"tn":"parallel"}],"time":500,"tn":"receptor"}],"tn":"parallel"}]},"93010":{"name":93010,"t":[{"t":[{"t":[{"t":[{"name":"j93010C","position":"referencePoint","staticGround":"true","tn":"eff_body"},{"tn":"valueEffect"}],"tn":"parallel"}],"time":500,"tn":"receptor"}],"tn":"parallel"}]},"93011":{"name":93011,"t":[{"t":[{"t":[{"dir1":"body","name":"j93011A","position":"hit","time":"","tn":"eff_body"}],"time":200,"tn":"attacker"},{"t":[{"tn":"valueEffect"}],"time":500,"tn":"receptor"}],"tn":"parallel"}]},"93012":{"name":93012,"t":[{"t":[{"t":[{"t":[{"name":"j93012C","position":"referencePoint","staticGround":"true","tn":"eff_body"},{"tn":"valueEffect"}],"tn":"parallel"}],"time":500,"tn":"receptor"}],"tn":"parallel"}]},"93013":{"name":93013,"t":[{"t":[{"t":[{"t":[{"name":"j93013C","position":"referencePoint","staticGround":"true","tn":"eff_body"},{"tn":"valueEffect"}],"tn":"parallel"}],"time":500,"tn":"receptor"}],"tn":"parallel"}]},"93014":{"name":93014,"t":[{"t":[{"t":[{"t":[{"name":"j93014C","position":"referencePoint","staticGround":"true","tn":"eff_body"},{"tn":"valueEffect"}],"tn":"parallel"}],"time":500,"tn":"receptor"}],"tn":"parallel"}]},"93015":{"name":93015,"t":[{"t":[{"t":[{"t":[{"duration":200,"finishPoint":"entity=referenceParent position=hit yOffset=1","hRatio":0,"lineRatio":0,"name":"j3003B","startPoint":"entity=attacker position=hit yOffset=-10","tn":"fly"},{"tn":"valueEffect"}],"tn":"parallel"}],"time":500,"tn":"receptor"}],"tn":"parallel"}]},"93016":{"name":93016,"t":[{"t":[{"t":[{"dir8":"referenceParent","name":"j1001A","position":"referencePoint","staticGround":"true","time":"","tn":"eff_body"}],"tn":"attacker"},{"t":[{"tn":"valueEffect"}],"time":400,"tn":"receptor"}],"time":300,"tn":"parallel"}]},"93017":{"name":93017,"t":[{"t":[{"t":[{"dir8":"referenceParent","name":"j1002A","position":"referencePoint","staticGround":"true","time":"","tn":"eff_body"}],"tn":"attacker"},{"t":[{"tn":"valueEffect"}],"time":400,"tn":"receptor"}],"time":300,"tn":"parallel"}]},"93018":{"name":93018,"t":[{"t":[{"t":[{"dir1":"body","name":"j1004A2","position":"hit","tn":"eff_body"}],"tn":"attacker"},{"t":[{"tn":"valueEffect"}],"time":400,"tn":"receptor"}],"time":100,"tn":"parallel"}]},"93019":{"name":93019,"t":[{"t":[{"t":[{"dir1":"body","name":"j1003A","position":"hit","tn":"eff_body"}],"tn":"attacker"},{"t":[{"tn":"valueEffect"}],"time":400,"tn":"receptor"}],"time":300,"tn":"parallel"}]},"93020":{"name":93020,"t":[{"t":[{"t":[{"dir8":"referenceParent","name":"j1005A","position":"referencePoint","staticGround":"true","time":"","tn":"eff_body"}],"tn":"attacker"},{"t":[{"tn":"valueEffect"}],"tn":"receptor"}],"time":100,"tn":"parallel"}]},"93021":{"name":93021,"t":[{"t":[{"t":[{"t":[{"name":"j2005C","position":"referencePoint","staticGround":"true","time":200,"tn":"eff_body"},{"tn":"valueEffect"}],"tn":"parallel"}],"tn":"receptor"}],"time":200,"tn":"seq"}]},"93022":{"name":93022,"t":[{"t":[{"t":[{"t":[{"name":"j3005C","position":"hit","staticGround":"true","time":250,"tn":"eff_body"},{"tn":"pkState"},{"tn":"valueEffect"}],"time":1,"tn":"parallel"}],"tn":"receptor"}],"time":300,"tn":"seq"}]},"93023":{"name":93023,"t":[{"t":[{"t":[{"t":[{"name":"j8005A","position":"referencePoint","tn":"eff_body"}],"time":1,"tn":"seq"}],"tn":"attacker"},{"t":[{"tn":"valueEffect"}],"tn":"receptor"}],"time":200,"tn":"parallel"}]},"93024":{"name":93024,"t":[{"t":[{"t":[{"t":[{"name":"j8007A","position":"referencePoint","staticGround":"true","time":200,"tn":"eff_body"},{"tn":"valueEffect"}],"tn":"parallel"}],"tn":"receptor"}],"time":200,"tn":"seq"}]},"93025":{"name":93025,"t":[{"t":[{"t":[{"t":[{"name":"j8010E","position":"referencePoint","staticGround":"true","time":200,"tn":"eff_body"},{"tn":"valueEffect"}],"tn":"parallel"}],"tn":"receptor"}],"time":200,"tn":"seq"}]},"93026":{"name":93026,"t":[{"t":[{"t":[{"t":[{"name":"j8014A","position":"referencePoint","staticGround":"true","time":200,"tn":"eff_body"},{"tn":"valueEffect"}],"tn":"parallel"}],"tn":"receptor"}],"time":200,"tn":"seq"}]},"93027":{"name":93027,"t":[{"t":[{"t":[{"t":[{"name":"j9002A","position":"referencePoint","staticGround":"true","tn":"eff_body"},{"tn":"valueEffect"}],"tn":"parallel"}],"tn":"receptor"}],"time":200,"tn":"seq"}]},"93028":{"name":93028,"t":[{"t":[{"t":[{"t":[{"name":"j9003A","position":"hit","staticGround":"true","time":200,"tn":"eff_body"},{"tn":"valueEffect"}],"tn":"parallel"}],"tn":"receptor"}],"time":200,"tn":"seq"}]},"93029":{"name":93029,"t":[{"t":[{"t":[{"dir1":"body","name":"j10050A","position":"hit","tn":"eff_body"}],"tn":"attacker"},{"t":[{"t":[{"name":"j10050C","position":"hit","time":200,"tn":"eff_body"},{"tn":"valueEffect"}],"tn":"parallel"}],"tn":"receptor"}],"time":200,"tn":"seq"}]},"93030":{"name":93030,"t":[{"t":[{"t":[{"t":[{"name":"j93015C","position":"referencePoint","staticGround":"true","tn":"eff_body"},{"tn":"valueEffect"}],"tn":"parallel"}],"tn":"receptor"}],"time":200,"tn":"seq"}]},"93031":{"name":93031,"t":[{"t":[{"t":[{"t":[{"name":"j93016C","position":"referencePoint","staticGround":"true","tn":"eff_body"},{"tn":"valueEffect"}],"tn":"parallel"}],"tn":"receptor"}],"time":200,"tn":"seq"}]},"93032":{"name":93032,"t":[{"t":[{"t":[{"dir1":"body","name":"j93017A","position":"hit","tn":"eff_body"}],"tn":"attacker"},{"t":[{"t":[{"tn":"valueEffect"}],"tn":"parallel"}],"tn":"receptor"}],"time":200,"tn":"seq"}]},"93033":{"name":93033,"t":[{"t":[{"t":[{"dir1":"body","name":"j93018A","position":"hit","tn":"eff_body"}],"tn":"attacker"},{"t":[{"t":[{"tn":"valueEffect"}],"tn":"parallel"}],"tn":"receptor"}],"time":200,"tn":"seq"}]},"93034":{"name":93034,"t":[{"t":[{"t":[{"t":[{"name":"j93019C","position":"referencePoint","staticGround":"true","tn":"eff_body"},{"tn":"valueEffect"}],"tn":"parallel"}],"tn":"receptor"}],"time":200,"tn":"seq"}]},"93035":{"name":93035,"t":[{"t":[{"t":[{"t":[{"name":"j93020C","position":"referencePoint","staticGround":"true","tn":"eff_body"},{"tn":"valueEffect"}],"tn":"parallel"}],"tn":"receptor"}],"time":200,"tn":"seq"}]},"93036":{"name":93036,"t":[{"t":[{"t":[{"t":[{"name":"j93021C","position":"referencePoint","staticGround":"true","tn":"eff_body"},{"tn":"valueEffect"}],"tn":"parallel"}],"tn":"receptor"}],"time":200,"tn":"seq"}]},"93037":{"name":93037,"t":[{"t":[{"t":[{"t":[{"name":"j93022C","position":"referencePoint","staticGround":"true","tn":"eff_body"},{"tn":"valueEffect"}],"tn":"parallel"}],"tn":"receptor"}],"time":200,"tn":"seq"}]},"93038":{"name":93038,"t":[{"t":[{"t":[{"dir1":"body","name":"j93023A","position":"hit","tn":"eff_body"}],"tn":"attacker"},{"t":[{"t":[{"tn":"valueEffect"}],"tn":"parallel"}],"tn":"receptor"}],"time":200,"tn":"seq"}]},"93039":{"name":93039,"t":[{"t":[{"t":[{"dir1":"body","name":"j93024A","position":"hit","tn":"eff_body"}],"tn":"attacker"},{"t":[{"t":[{"tn":"valueEffect"}],"tn":"parallel"}],"tn":"receptor"}],"time":200,"tn":"seq"}]},"93040":{"name":93040,"t":[{"t":[{"t":[{"t":[{"name":"j93025C","position":"hit","staticGround":"true","tn":"eff_body"},{"tn":"valueEffect"}],"tn":"parallel"}],"tn":"receptor"}],"time":200,"tn":"seq"}]},"93041":{"name":93041,"t":[{"t":[{"t":[{"t":[{"name":"j93026C","position":"hit","staticGround":"true","tn":"eff_body"},{"tn":"valueEffect"}],"tn":"parallel"}],"tn":"receptor"}],"time":200,"tn":"seq"}]},"93042":{"name":93042,"t":[{"t":[{"t":[{"t":[{"name":"j93027C","position":"hit","staticGround":"true","tn":"eff_body"},{"tn":"valueEffect"}],"tn":"parallel"}],"tn":"receptor"}],"time":200,"tn":"seq"}]},"93043":{"name":93043,"t":[{"t":[{"t":[{"t":[{"name":"j93028C","position":"hit","staticGround":"true","tn":"eff_body"},{"tn":"valueEffect"}],"tn":"parallel"}],"tn":"receptor"}],"time":200,"tn":"seq"}]},"93044":{"name":93044,"t":[{"t":[{"t":[{"t":[{"name":"j93029C","position":"hit","staticGround":"true","tn":"eff_body"},{"tn":"valueEffect"}],"tn":"parallel"}],"tn":"receptor"}],"time":200,"tn":"seq"}]},"93045":{"name":93045,"t":[{"t":[{"t":[{"t":[{"name":"j93030C","position":"hit","staticGround":"true","tn":"eff_body"},{"tn":"valueEffect"}],"tn":"parallel"}],"tn":"receptor"}],"time":200,"tn":"seq"}]}}}