{"greeter":[{"angle":45,"initModel":"c1000_1","x":2600,"y":1250}],"map":[{"id":112,"initX":2627,"initY":1256,"path":[{"id":1,"point":[{"angle":0,"furnitureid":0,"waittime":0,"x":3448,"y":1517},{"angle":315,"desc":"酒吧","furnitureid":104,"waittime":2,"x":3191,"y":1351},{"angle":270,"desc":"钢琴","furnitureid":103,"waittime":2,"x":2950,"y":1107},{"angle":225,"desc":"小门","furnitureid":101,"waittime":0,"x":2789,"y":1118},{"angle":225,"desc":"电视机","furnitureid":101,"waittime":2,"x":2654,"y":1202},{"angle":225,"desc":"冰箱","furnitureid":101,"waittime":1,"x":2360,"y":1357},{"angle":135,"desc":"后花园门","furnitureid":108,"waittime":1,"x":2440,"y":1506},{"angle":225,"desc":"转弯","furnitureid":101,"waittime":0,"x":2789,"y":1555},{"angle":45,"desc":"鞋柜","furnitureid":105,"waittime":2,"x":2973,"y":1476},{"angle":135,"furnitureid":0,"waittime":0,"x":3075,"y":1444},{"angle":135,"furnitureid":0,"waittime":0,"x":3275,"y":1535}]}],"room":[{"desc":"客厅","furniture":[{"id":101,"x":2497,"y":1091},{"id":102,"x":2796,"y":1297},{"id":103,"x":3084,"y":933},{"id":104,"x":3524,"y":1283},{"id":105,"x":2967,"y":1661},{"id":106,"x":2163,"y":1315}],"icon":"icon_zhuangxiuqu1","id":1,"mapstop":"112_1","openguan":1,"shadeImg":"","shadeX":2000,"shadeY":1200},{"desc":"花园","furniture":[{"id":107,"x":2300,"y":1509},{"id":108,"x":1367,"y":1742},{"id":109,"x":1374,"y":2203},{"id":110,"x":2399,"y":2272},{"id":111,"x":2089,"y":1733},{"id":112,"x":2075,"y":1922},{"id":113,"x":1721,"y":2086},{"id":114,"x":1302,"y":2025},{"id":115,"x":2322,"y":533},{"id":116,"x":2748,"y":292},{"id":117,"x":3068,"y":454},{"id":118,"x":1424,"y":750},{"id":119,"x":1846,"y":671},{"id":120,"x":1123,"y":1016},{"id":121,"x":2295,"y":945},{"id":122,"x":1838,"y":1150},{"id":123,"x":1128,"y":1221},{"id":124,"x":0,"y":1458},{"id":125,"x":0,"y":1602},{"id":126,"x":3829,"y":641}],"icon":"icon_zhuangxiuqu2","id":2,"mapstop":"112_2","openguan":100,"shadeImg":"shade_huayuan","shadeX":836,"shadeY":1286},{"desc":"餐厅","id":3,"mapstop":"112_3","openguan":240,"shadeImg":"shade_canting","shadeX":1742,"shadeY":74},{"desc":"卧室","id":4,"mapstop":"112_4","openguan":310,"shadeImg":"shade_woshi","shadeX":726,"shadeY":472},{"desc":"二楼","id":5,"mapstop":"112_5","openguan":800,"shadeImg":"shade_erlou","shadeX":2956,"shadeY":116}]}],"talk":[{"furnitureid":[{"desc":"电视区相关对话","id":101,"menu":[{"hasreward":1,"item":[{"desc":"你家的电视真大啊","name":"visitor"},{"desc":"谢谢你的赞美","name":"self"}]},{"hasreward":1,"item":[{"desc":"这个电视柜布局看着真舒服","name":"visitor"},{"desc":"嘻嘻，都是我亲自摆放的哦！","name":"self"},{"desc":"你可真是又可爱又有才","name":"visitor"}]},{"hasreward":0,"item":[{"desc":"咦，这是电视吗...怎么感觉还没我家Ipad大呢","name":"visitor"},{"desc":"你是不是对Ipad有什么误会","name":"self"},{"desc":"你能像Ipad一样把这电视拿起来吗","name":"self"},{"desc":"哼！","name":"visitor"}]}]},{"desc":"沙发区相关对话","id":102,"menu":[{"hasreward":1,"item":[{"desc":"这个沙发好软啊","name":"visitor"},{"desc":"有空也来我家玩玩哦","name":"self"}]},{"hasreward":1,"item":[{"desc":"这里好大哦，以后我会常来玩的","name":"visitor"},{"desc":"随时欢迎","name":"self"}]},{"hasreward":0,"item":[{"desc":"沙发上似乎有些灰","name":"visitor"},{"desc":"......","name":"self"}]}]},{"desc":"钢琴区相关","id":103,"menu":[{"hasreward":1,"item":[{"desc":"好漂亮的琴，真希望我也有一架","name":"visitor"},{"desc":"你下次来，我弹给你听","name":"self"}]},{"hasreward":1,"item":[{"desc":"这里好大哦，以后我会常来玩的","name":"visitor"},{"desc":"你下次来，我弹给你听","name":"self"}]},{"hasreward":0,"item":[{"desc":"琴似乎不错，但不知道主人会不会弹奏","name":"visitor"},{"desc":"主人只会弹给礼貌的客人听","name":"self"}]}]},{"desc":"酒吧区相关","id":104,"menu":[{"hasreward":1,"item":[{"desc":"好多酒哦，你家人真有品味","name":"visitor"},{"desc":"你可以带一些回去","name":"self"},{"desc":"您真是太客气了，下次我会多带些礼物","name":"visitor"}]},{"hasreward":1,"item":[{"desc":"这里的景色，让我都有些醉了呢","name":"visitor"},{"desc":"这里还有点心，来品尝下吧","name":"self"}]},{"hasreward":0,"item":[{"desc":"酒是挺多，就是不知道真假呢","name":"visitor"},{"desc":"这有杯82年的可乐，请您笑纳","name":"self"}]}]},{"desc":"鞋子区相关","id":105,"menu":[{"hasreward":1,"item":[{"desc":"哇，好多限量版的鞋子","name":"visitor"},{"desc":"您真有眼光","name":"self"},{"desc":"我会常来和您讨教怎么选好看的鞋子","name":"visitor"}]},{"hasreward":1,"item":[{"desc":"这么精致的鞋柜，主人真是有品位","name":"visitor"},{"desc":"这里还有点心，来品尝下吧","name":"self"}]},{"hasreward":0,"item":[{"desc":"看着乱乱的呢","name":"visitor"},{"desc":"给你3秒钟重新理下思路，重说一次","name":"self"},{"desc":"我家里还有些事先回去了","name":"visitor"}]}]},{"desc":"篱笆","id":108,"menu":[{"hasreward":1,"item":[{"desc":"你们家的院子好大哦，真是羡慕","name":"visitor"},{"desc":"您可以常来玩","name":"self"}]},{"hasreward":1,"item":[{"desc":"这里的景色真美","name":"visitor"},{"desc":"下次来我们一起烧烤","name":"self"}]},{"hasreward":0,"item":[{"desc":"这里有蚊子呢，真是讨厌","name":"visitor"},{"desc":"还有只苍蝇在嗡嗡嗡","name":"self"}]}]},{"desc":"篱笆","id":109,"menu":[{"hasreward":1,"item":[{"desc":"你们家的院子好大哦，真是羡慕","name":"visitor"},{"desc":"您可以常来玩","name":"self"}]},{"hasreward":1,"item":[{"desc":"这里的景色真美","name":"visitor"},{"desc":"下次来我们一起烧烤","name":"self"}]},{"hasreward":0,"item":[{"desc":"这里有蚊子呢，真是讨厌","name":"visitor"},{"desc":"还有只苍蝇在嗡嗡嗡","name":"self"}]}]},{"desc":"篱笆","id":110,"menu":[{"hasreward":1,"item":[{"desc":"你们家的院子好大哦，真是羡慕","name":"visitor"},{"desc":"您可以常来玩","name":"self"}]},{"hasreward":1,"item":[{"desc":"这里的景色真美","name":"visitor"},{"desc":"下次来我们一起烧烤","name":"self"}]},{"hasreward":0,"item":[{"desc":"这里有蚊子呢，真是讨厌","name":"visitor"},{"desc":"还有只苍蝇在嗡嗡嗡","name":"self"}]}]}]}]}