{
	"group":{
		"10":{"id":10,"login":{"port":8005,"text":"193.112.215.1"}},
		"11":{"id":11,"isWSS":"true","login":{"port":1037,"text":"hldmx-logic.cmcm.com"}}
	},
	"platform":{
		"1":{
			"desc":"内网",
			"groupID":1,
			"id":1,
			"login":{"port":1122,"text":"119.29.16.190"},
			"mark":"neiwang"
		},
		"5":{
			"desc":"玩吧测评版本，内网登录方式",
			"groupID":1,
			"id":5,
			"login":{"port":7002,"text":"s5.app1105424536.qqopenapp.com"},
			"mark":"neiwang"
		},
		"110":{
			"desc":"快乐小游戏平台，内网登录方式",
			"groupID":10,
			"id":110,
			"login":{"port":8005,"text":"193.112.215.1"},
			"isWSS":true,
			"mark":"neiwang"
		},
		"111":{
			"desc":"微信小游戏平台，内网登录方式",
			"groupID":11,
			"id":111,
			"login":{"port":1037,"text":"hldmx-logic.cmcm.com"},
			"isWSS":true,
			"mark":"neiwang"
		}
	}
}