<?xml version="1.0" encoding="UTF-8"?>
<config>	
	<ani name="gatePiece">
		<AniComposeSequence>
			<AniPropertys attributes="alpha=0" duration="0.08" />
			<AniSetProperty id="1" />
			<AniPropertys attributes="alpha=1" duration="0.08" />		
		</AniComposeSequence>
	</ani>
	<ani name="entryPiece">
		<AniComposeSequence>
			<AniPropertys attributes="alpha=1" duration="0.04" />			
			<AniPropertys id="1" duration="0.1" />
		</AniComposeSequence>
	</ani>
	<ani name="disappearPiece">
		<AniComposeSequence>
			<AniPropertys attributes="scaleX=1.4 scaleY=1.4" duration="0.1" />			
			<AniPropertys id="1" attributes="scaleX=0.9 scaleY=0.9" duration="0.1" />			
			<AniPropertys attributes="scaleX=0 scaleY=0 alpha=0" duration="0.15" />
		</AniComposeSequence>
	</ani>
	<ani name="disappearPieceForprop">
		<AniComposeSequence>
			<AniPropertys attributes="scaleX=1.1 scaleY=1.1" duration="0.1" />			
			<AniPropertys attributes="alpha=0" duration="0.3" />
		</AniComposeSequence>
	</ani>
	<ani name="onlyDisappearPiece">
		<AniComposeSequence>
			<AniPropertys attributes="alpha=0" duration="0.05" />
		</AniComposeSequence>
	</ani>
	<ani name="moveComposePiece">
		<AniComposeParallel>
			<AniPropertys attributes="scaleX=0.6 scaleY=0.6 alpha=0.6" duration="0.1" />
			<AniToDestPostion_BezierCurve1 id="1" duration="0.15" ease="EASE_Cubic_easeIn" />
		</AniComposeParallel>
	</ani>
	<ani name="combinePieceCompose">
		<AniComposeSequence>
			<AniPropertys attributes="scaleX=1.8 scaleY=1.8" duration="0.01"/>
			<AniPropertys attributes="scaleX=1 scaleY=1" duration="0.1"/>
		</AniComposeSequence>
	</ani>
	<ani name="exchangePieceTop">
		<AniComposeParallel>
			<AniToDestPostion_BezierCurve1 id="1" duration="0.2"/>
			<AniComposeSequence>
				<AniPropertys attributes="scaleX=1.4 scaleY=1.4" duration="0.1" />
				<AniSetProperty id="1" duration="0.05"/>
				<AniPropertys attributes="scaleX=1 scaleY=1" duration="0.1" />
			</AniComposeSequence>
		</AniComposeParallel>
	</ani>
	<ani name="exchangePieceBottom">
		<AniComposeParallel>
			<AniToDestPostion_BezierCurve1 id="1" duration="0.2"/>
			<AniComposeSequence>
				<AniPropertys attributes="scaleX=0.6 scaleY=0.6" duration="0.125" />
				<AniSetProperty id="1" duration="0.05"/>
				<AniPropertys attributes="scaleX=1 scaleY=1" duration="0.125" />
			</AniComposeSequence>
		</AniComposeParallel>
	</ani>
	<ani name="airplaneFlying">
		<AniComposeSequence initAttributes="scaleX=0.2 scaleY=0.2">
			<AniComposeParallel>
				<AniPropertys attributes="scaleX=0.6 scaleY=0.6" duration="0.2" />
				<AniComposeSequence>
				<AniPropertys attributes="rotation=-10" duration="0.05" />
				<AniPropertys attributes="rotation=10" duration="0.1" />
				<AniPropertys attributes="rotation=0" duration="0.05" />
				</AniComposeSequence>
			</AniComposeParallel>
			<AniToDestPostion_BezierCurve2 id="1" attributes="destX=0 destY=0 MidX=500 MidY=600" duration="1" ease="EASE_Quadratic_easeIn" />
			<AniPropertys attributes="scaleX=0.6 scaleY=0.6 alpha=0" duration="0.15" />
		</AniComposeSequence>
	</ani>
	<ani name="getSpecialPiece">
		<AniComposeSequence initAttributes="scaleX=0.5 scaleY=0.5">
			<AniPropertys id="1" attributes="scaleX=0.6 scaleY=0.6" duration="0.1" />
			<AniToDestPostion_BezierCurve2 id="2" attributes="destX=0 destY=0 MidX=320 MidY=600 scaleX=0.5 scaleY=0.5" duration="0.7" ease="EASE_Quadratic_easeIn"/>
			<AniPropertys attributes="scaleX=0.2 scaleY=0.2 alpha=0" duration="0.01" />
		</AniComposeSequence>
	</ani>
	<ani name="victoryEffect">
		<AniComposeSequence initAttributes="scaleX=0.5 scaleY=0.5">
			<AniToDestPostion_BezierCurve2 id="2" attributes="destX=0 destY=0 MidX=320 MidY=600 " duration="1" ease="EASE_Quadratic_easeIn"/>
			<AniPropertys attributes="scaleX=0.2 scaleY=0.2 alpha=0" duration="0.01" />
		</AniComposeSequence>
	</ani>
	<ani name="addGift">
		<AniComposeSequence initAttributes="scaleX=0.1 scaleY=0.1">
			<AniPropertys id="1" attributes="scaleX=0.5 scaleY=0.5" duration="0.01" />
			<AniToDestPostion_BezierCurve2 id="2" attributes="destX=0 destY=0 MidX=320 MidY=600 " duration="1" ease="EASE_Quadratic_easeIn"/>
		</AniComposeSequence>
	</ani>
	
</config>