{"dang":[{"icon":"","id":1,"jiankong":1,"name":"超值特购","rmb":1,"shou_chong_song_yuanbao":0,"text":"特殊购买","type":1,"vipvalue":10,"yuanbao":10},{"icon":"","id":2,"jiankong":28,"name":"月卡","rmb":8,"shou_chong_song_yuanbao":0,"text":"每日领取大礼包，共计30天","type":2,"vipvalue":"","yuanbao":""},{"icon":"","id":3,"jiankong":188,"name":"终生卡","rmb":30,"shou_chong_song_yuanbao":0,"text":"每日领取超值包，终生可享","type":2,"vipvalue":"","yuanbao":""},{"icon":"","id":4,"jiankong":388,"name":"黄金终生卡","rmb":25,"shou_chong_song_yuanbao":0,"text":"每日可领取一组特殊道具，终生","type":2,"vipvalue":"","yuanbao":""},{"icon":"obj_chongzhiyuanbao1","id":5,"jiankong":6,"name":"60钻石","rmb":6,"shou_chong_song_yuanbao":120,"text":"首充3倍奖励选1","type":3,"vipvalue":60,"yuanbao":60},{"icon":"img_zuanshitu01","id":11,"jiankong":6,"name":"60钻石","rmb":6,"shou_chong_song_yuanbao":60,"text":"首充额外送60钻石","type":4,"vipvalue":60,"yuanbao":60},{"icon":"img_zuanshitu01","id":12,"jiankong":30,"name":"300钻石","rmb":30,"shou_chong_song_yuanbao":300,"text":"首充额外送300钻石","type":4,"vipvalue":300,"yuanbao":300},{"icon":"img_zuanshitu01","id":13,"jiankong":98,"name":"980钻石","rmb":98,"shou_chong_song_yuanbao":980,"text":"首充额外送980钻石","type":4,"vipvalue":980,"yuanbao":980},{"icon":"img_zuanshitu01","id":14,"jiankong":198,"name":"1980钻石","rmb":198,"shou_chong_song_yuanbao":1980,"text":"首充额外送1980钻石","type":4,"vipvalue":1980,"yuanbao":1980},{"icon":"img_zuanshitu01","id":15,"jiankong":328,"name":"3280钻石","rmb":328,"shou_chong_song_yuanbao":3280,"text":"首充额外送3280钻石","type":4,"vipvalue":3280,"yuanbao":3280},{"icon":"img_zuanshitu01","id":16,"jiankong":648,"name":"6480钻石","rmb":648,"shou_chong_song_yuanbao":6480,"text":"首充额外送6480钻石","type":4,"vipvalue":6480,"yuanbao":6480},{"icon":"img_zuanshitu01","id":17,"jiankong":6,"name":"60钻石","rmb":6,"shou_chong_song_yuanbao":0,"text":"首充6元","type":6,"vipvalue":60,"yuanbao":60},{"icon":"img_zuanshitu01","id":18,"jiankong":18,"name":"180钻石","rmb":18,"shou_chong_song_yuanbao":0,"text":"首充18元","type":6,"vipvalue":180,"yuanbao":180},{"icon":"img_zuanshitu01","id":19,"jiankong":98,"name":"980钻石","rmb":98,"shou_chong_song_yuanbao":0,"text":"首充98元","type":6,"vipvalue":980,"yuanbao":980},{"icon":"","id":20,"jiankong":98,"name":"折扣礼包1","rmb":98,"shou_chong_song_yuanbao":0,"text":"折扣礼包","type":7,"vipvalue":980,"yuanbao":0},{"icon":"","id":21,"jiankong":60,"name":"折扣礼包2","rmb":60,"shou_chong_song_yuanbao":0,"text":"折扣礼包","type":7,"vipvalue":600,"yuanbao":0},{"icon":"","id":22,"jiankong":30,"name":"折扣礼包3","rmb":30,"shou_chong_song_yuanbao":0,"text":"折扣礼包","type":7,"vipvalue":300,"yuanbao":0},{"icon":"","id":23,"jiankong":16,"name":"折扣礼包4","rmb":16,"shou_chong_song_yuanbao":0,"text":"折扣礼包","type":7,"vipvalue":160,"yuanbao":0}]}