{"type":{"1":{"clothes":[{"id":10001,"jinbi":1000,"name":"优雅宴会"},{"id":10002,"jinbi":1000,"name":"黑色星空"},{"id":10003,"jinbi":1000,"name":"欧式风情"},{"id":10004,"jinbi":1000,"name":"神秘东方"}],"id":1,"name":"头发"},"2":{"clothes":[{"id":20001,"jinbi":2000,"name":"优雅宴会"},{"id":20002,"jinbi":2000,"name":"黑色星空"},{"id":20003,"jinbi":2000,"name":"欧式风情"},{"id":20004,"jinbi":2000,"name":"神秘东方"},{"id":20005,"jinbi":2000,"name":"青春洋溢"}],"id":2,"name":"上衣"},"3":{"clothes":[{"id":30001,"jinbi":1000,"name":""},{"id":30002,"jinbi":1000,"name":""},{"id":30003,"jinbi":1000,"name":""}],"id":3,"name":"裤子"},"4":{"clothes":[{"id":40001,"jinbi":1000,"name":""},{"id":40002,"jinbi":1000,"name":""},{"id":40003,"jinbi":1000,"name":""}],"id":4,"name":"鞋子"}}}