{"baoxiang":[{"bigBox_lengque":40,"bigBox_zuanshi":350,"jinbiBox_addjinbi":4500,"jinbiBox_jinbi":500,"jinbi_rmoveCount":0,"smallBox_lengque":8,"smallBox_zuanshi":120}],"choujiang":[{"id":1,"percent":1000},{"id":2,"percent":2000},{"id":3,"percent":2000},{"id":4,"percent":2000},{"id":5,"percent":3000}],"fashion":{"1":{"close":0,"icon":"obj_clothes1001","id":1,"img":"img_clothse1001","level":{"1":{"color":1,"eff":"","effIcon":"texiao01","fEff":"","id":1,"meili":100,"suipian":"0=1001101 1=1001102 2=1001103 3=1001104","suipianNum":4,"wEff":""},"2":{"color":2,"eff":"","effIcon":"texiao02","id":2,"meili":150,"suipian":"0=1001201 1=1001202 2=1001203 3=1001204","suipianNum":4},"3":{"color":3,"eff":"","effIcon":"texiao03","id":3,"meili":200,"suipian":"0=1001301 1=1001302 2=1001303 3=1001304 4=1001305 5=1001306 6=1001307 7=1001308 8=1001309","suipianNum":9},"4":{"color":4,"eff":"","effIcon":"texiao01","id":4,"meili":250,"suipian":"0=1001401 1=1001402 2=1001403 3=1001404 4=1001405 5=1001406 6=1001407 7=1001408 8=1001409","suipianNum":9},"5":{"color":5,"eff":"","effIcon":"texiao02","id":5,"meili":300,"suipian":"0=1001501 1=1001502 2=1001503 3=1001504 4=1001505 5=1001506 6=1001507 7=1001508 8=1001509","suipianNum":9}},"model":"c101","modelDB":"gril","name":"阳光沙滩","objid":1001},"10":{"close":1,"icon":"obj_clothes1010","id":10,"img":"img_clothse1010","level":{"1":{"color":1,"eff":"","effIcon":"texiao01","fEff":"","id":1,"meili":100,"suipian":"0=1010101 1=1010102 2=1010103 3=1010104","suipianNum":4,"wEff":""},"2":{"color":2,"eff":"","effIcon":"texiao02","fEff":"","id":2,"meili":150,"suipian":"0=1010201 1=1010202 2=1010203 3=1010204","suipianNum":4,"wEff":""},"3":{"color":3,"eff":"","effIcon":"texiao03","fEff":"","id":3,"meili":200,"suipian":"0=1010301 1=1010302 2=1010303 3=1010304 4=1010305 5=1010306 6=1010307 7=1010308 8=1010309","suipianNum":9,"wEff":""},"4":{"color":4,"eff":"","effIcon":"texiao01","fEff":"","id":4,"meili":250,"suipian":"0=1010401 1=1010402 2=1010403 3=1010404 4=1010405 5=1010406 6=1010407 7=1010408 8=1010409","suipianNum":9,"wEff":""},"5":{"color":5,"eff":"","effIcon":"texiao02","fEff":"","id":5,"meili":300,"suipian":"0=1010501 1=1010502 2=1010503 3=1010504 4=1010505 5=1010506 6=1010507 7=1010508 8=1010509","suipianNum":9,"wEff":""}},"model":"c110","modelDB":"girl_09","name":"仙女本仙","objid":1010},"2":{"close":0,"icon":"obj_clothes1002","id":2,"img":"img_clothse1002","level":{"1":{"color":1,"eff":"","effIcon":"texiao01","fEff":"","id":1,"meili":100,"suipian":"0=1002101 1=1002102 2=1002103 3=1002104","suipianNum":4,"wEff":""},"2":{"color":2,"eff":"","effIcon":"texiao02","fEff":"","id":2,"meili":150,"suipian":"0=1002201 1=1002202 2=1002203 3=1002204","suipianNum":4,"wEff":""},"3":{"color":3,"eff":"","effIcon":"texiao03","fEff":"","id":3,"meili":200,"suipian":"0=1002301 1=1002302 2=1002303 3=1002304 4=1002305 5=1002306 6=1002307 7=1002308 8=1002309","suipianNum":9,"wEff":""},"4":{"color":4,"eff":"","effIcon":"texiao01","fEff":"","id":4,"meili":250,"suipian":"0=1002401 1=1002402 2=1002403 3=1002404 4=1002405 5=1002406 6=1002407 7=1002408 8=1002409","suipianNum":9,"wEff":""},"5":{"color":5,"eff":"","effIcon":"texiao02","fEff":"","id":5,"meili":300,"suipian":"0=1002501 1=1002502 2=1002503 3=1002504 4=1002505 5=1002506 6=1002507 7=1002508 8=1002509","suipianNum":9,"wEff":""}},"model":"c102","modelDB":"girl_08","name":"优雅洋装","objid":1002},"3":{"close":0,"icon":"obj_clothes1003","id":3,"img":"img_clothse1003","level":{"1":{"color":1,"eff":"","effIcon":"texiao01","fEff":"","id":1,"meili":100,"suipian":"0=1003101 1=1003102 2=1003103 3=1003104","suipianNum":4,"wEff":""},"2":{"color":2,"eff":"","effIcon":"texiao02","fEff":"","id":2,"meili":150,"suipian":"0=1003201 1=1003202 2=1003203 3=1003204","suipianNum":4,"wEff":""},"3":{"color":3,"eff":"","effIcon":"texiao03","fEff":"","id":3,"meili":200,"suipian":"0=1003301 1=1003302 2=1003303 3=1003304 4=1003305 5=1003306 6=1003307 7=1003308 8=1003309","suipianNum":9,"wEff":""},"4":{"color":4,"eff":"","effIcon":"texiao01","fEff":"","id":4,"meili":250,"suipian":"0=1003401 1=1003402 2=1003403 3=1003404 4=1003405 5=1003406 6=1003407 7=1003408 8=1003409","suipianNum":9,"wEff":""},"5":{"color":5,"eff":"","effIcon":"texiao02","fEff":"","id":5,"meili":300,"suipian":"0=1003501 1=1003502 2=1003503 3=1003504 4=1003505 5=1003506 6=1003507 7=1003508 8=1003509","suipianNum":9,"wEff":""}},"model":"c103","modelDB":"girl_07","name":"青春洋溢","objid":1003},"4":{"close":0,"icon":"obj_clothes1004","id":4,"img":"img_clothse1004","level":{"1":{"color":1,"eff":"","effIcon":"texiao01","fEff":"","id":1,"meili":100,"suipian":"0=1004101 1=1004102 2=1004103 3=1004104","suipianNum":4,"wEff":""},"2":{"color":2,"eff":"","effIcon":"texiao02","fEff":"","id":2,"meili":150,"suipian":"0=1004201 1=1004202 2=1004203 3=1004204","suipianNum":4,"wEff":""},"3":{"color":3,"eff":"","effIcon":"texiao03","fEff":"","id":3,"meili":200,"suipian":"0=1004301 1=1004302 2=1004303 3=1004304 4=1004305 5=1004306 6=1004307 7=1004308 8=1004309","suipianNum":9,"wEff":""},"4":{"color":4,"eff":"","effIcon":"texiao01","fEff":"","id":4,"meili":250,"suipian":"0=1004401 1=1004402 2=1004403 3=1004404 4=1004405 5=1004406 6=1004407 7=1004408 8=1004409","suipianNum":9,"wEff":""},"5":{"color":5,"eff":"","effIcon":"texiao02","fEff":"","id":5,"meili":300,"suipian":"0=1004501 1=1004502 2=1004503 3=1004504 4=1004505 5=1004506 6=1004507 7=1004508 8=1004509","suipianNum":9,"wEff":""}},"model":"c104","modelDB":"girl_02","name":"活力四射","objid":1004},"5":{"close":0,"icon":"obj_clothes1005","id":5,"img":"img_clothse1005","level":{"1":{"color":1,"eff":"","effIcon":"texiao01","fEff":"","id":1,"meili":100,"suipian":"0=1005101 1=1005102 2=1005103 3=1005104","suipianNum":4,"wEff":""},"2":{"color":2,"eff":"","effIcon":"texiao02","fEff":"","id":2,"meili":150,"suipian":"0=1005201 1=1005202 2=1005203 3=1005204","suipianNum":4,"wEff":""},"3":{"color":3,"eff":"","effIcon":"texiao03","fEff":"","id":3,"meili":200,"suipian":"0=1005301 1=1005302 2=1005303 3=1005304 4=1005305 5=1005306 6=1005307 7=1005308 8=1005309","suipianNum":9,"wEff":""},"4":{"color":4,"eff":"","effIcon":"texiao01","fEff":"","id":4,"meili":250,"suipian":"0=1005401 1=1005402 2=1005403 3=1005404 4=1005405 5=1005406 6=1005407 7=1005408 8=1005409","suipianNum":9,"wEff":""},"5":{"color":5,"eff":"","effIcon":"texiao02","fEff":"","id":5,"meili":300,"suipian":"0=1005501 1=1005502 2=1005503 3=1005504 4=1005505 5=1005506 6=1005507 7=1005508 8=1005509","suipianNum":9,"wEff":""}},"model":"c105","modelDB":"girl_06","name":"神秘主义","objid":1005},"6":{"close":0,"icon":"obj_clothes1006","id":6,"img":"img_clothse1006","level":{"1":{"color":1,"eff":"","effIcon":"texiao01","fEff":"","id":1,"meili":100,"suipian":"0=1006101 1=1006102 2=1006103 3=1006104","suipianNum":4,"wEff":""},"2":{"color":2,"eff":"","effIcon":"texiao02","fEff":"","id":2,"meili":150,"suipian":"0=1006201 1=1006202 2=1006203 3=1006204","suipianNum":4,"wEff":""},"3":{"color":3,"eff":"","effIcon":"texiao03","fEff":"","id":3,"meili":200,"suipian":"0=1006301 1=1006302 2=1006303 3=1006304 4=1006305 5=1006306 6=1006307 7=1006308 8=1006309","suipianNum":9,"wEff":""},"4":{"color":4,"eff":"","effIcon":"texiao01","fEff":"","id":4,"meili":250,"suipian":"0=1006401 1=1006402 2=1006403 3=1006404 4=1006405 5=1006406 6=1006407 7=1006408 8=1006409","suipianNum":9,"wEff":""},"5":{"color":5,"eff":"","effIcon":"texiao02","fEff":"","id":5,"meili":300,"suipian":"0=1006501 1=1006502 2=1006503 3=1006504 4=1006505 5=1006506 6=1006507 7=1006508 8=1006509","suipianNum":9,"wEff":""}},"model":"c106","modelDB":"girl_03","name":"俏皮女仆","objid":1006},"7":{"close":0,"icon":"obj_clothes1007","id":7,"img":"img_clothse1007","level":{"1":{"color":1,"eff":"","effIcon":"texiao01","fEff":"","id":1,"meili":100,"suipian":"0=1007101 1=1007102 2=1007103 3=1007104","suipianNum":4,"wEff":""},"2":{"color":2,"eff":"","effIcon":"texiao02","fEff":"","id":2,"meili":150,"suipian":"0=1007201 1=1007202 2=1007203 3=1007204","suipianNum":4,"wEff":""},"3":{"color":3,"eff":"","effIcon":"texiao03","fEff":"","id":3,"meili":200,"suipian":"0=1007301 1=1007302 2=1007303 3=1007304 4=1007305 5=1007306 6=1007307 7=1007308 8=1007309","suipianNum":9,"wEff":""},"4":{"color":4,"eff":"","effIcon":"texiao01","fEff":"","id":4,"meili":250,"suipian":"0=1007401 1=1007402 2=1007403 3=1007404 4=1007405 5=1007406 6=1007407 7=1007408 8=1007409","suipianNum":9,"wEff":""},"5":{"color":5,"eff":"","effIcon":"texiao02","fEff":"","id":5,"meili":300,"suipian":"0=1007501 1=1007502 2=1007503 3=1007504 4=1007505 5=1007506 6=1007507 7=1007508 8=1007509","suipianNum":9,"wEff":""}},"model":"c107","modelDB":"girl_01","name":"空姐风情","objid":1007},"8":{"close":0,"icon":"obj_clothes1008","id":8,"img":"img_clothse1008","level":{"1":{"color":1,"eff":"","effIcon":"texiao01","fEff":"","id":1,"meili":100,"suipian":"0=1008101 1=1008102 2=1008103 3=1008104","suipianNum":4,"wEff":""},"2":{"color":2,"eff":"","effIcon":"texiao02","fEff":"","id":2,"meili":150,"suipian":"0=1008201 1=1008202 2=1008203 3=1008204","suipianNum":4,"wEff":""},"3":{"color":3,"eff":"","effIcon":"texiao03","fEff":"","id":3,"meili":200,"suipian":"0=1008301 1=1008302 2=1008303 3=1008304 4=1008305 5=1008306 6=1008307 7=1008308 8=1008309","suipianNum":9,"wEff":""},"4":{"color":4,"eff":"","effIcon":"texiao01","fEff":"","id":4,"meili":250,"suipian":"0=1008401 1=1008402 2=1008403 3=1008404 4=1008405 5=1008406 6=1008407 7=1008408 8=1008409","suipianNum":9,"wEff":""},"5":{"color":5,"eff":"","effIcon":"texiao02","fEff":"","id":5,"meili":300,"suipian":"0=1008501 1=1008502 2=1008503 3=1008504 4=1008505 5=1008506 6=1008507 7=1008508 8=1008509","suipianNum":9,"wEff":""}},"model":"c108","modelDB":"girl_04","name":"野性难驯","objid":1008},"9":{"close":1,"icon":"obj_clothes1009","id":9,"img":"img_clothse1009","level":{"1":{"color":1,"eff":"","effIcon":"texiao01","fEff":"","id":1,"meili":100,"suipian":"0=1009101 1=1009102 2=1009103 3=1009104","suipianNum":4,"wEff":""},"2":{"color":2,"eff":"","effIcon":"texiao02","fEff":"","id":2,"meili":150,"suipian":"0=1009201 1=1009202 2=1009203 3=1009204","suipianNum":4,"wEff":""},"3":{"color":3,"eff":"","effIcon":"texiao03","fEff":"","id":3,"meili":200,"suipian":"0=1009301 1=1009302 2=1009303 3=1009304 4=1009305 5=1009306 6=1009307 7=1009308 8=1009309","suipianNum":9,"wEff":""},"4":{"color":4,"eff":"","effIcon":"texiao01","fEff":"","id":4,"meili":250,"suipian":"0=1009401 1=1009402 2=1009403 3=1009404 4=1009405 5=1009406 6=1009407 7=1009408 8=1009409","suipianNum":9,"wEff":""},"5":{"color":5,"eff":"","effIcon":"texiao02","fEff":"","id":5,"meili":300,"suipian":"0=1009501 1=1009502 2=1009503 3=1009504 4=1009505 5=1009506 6=1009507 7=1009508 8=1009509","suipianNum":9,"wEff":""}},"model":"c109","modelDB":"girl_05","name":"公主驾到","objid":1009}}}