{"furniture":[{"change":[{"consume":0,"icon":"jiaju_10110","id":1,"model":"1ting1tianshi10","name":"电视墙","profit":210,"type":0},{"consume":6000,"icon":"jiaju_10110_1","id":2,"model":"1ting1tianshi10_1","name":"欢度春节电视墙","profit":50,"type":0},{"consume":6000,"icon":"jiaju_10110_2","id":3,"model":"1ting1tianshi10_2","name":"时尚家居电视墙","profit":50,"type":0}],"icon":"piece.0","id":101,"level":[{"consume":0,"icon":"jiaju_10101","id":1,"model":"1ting1tianshi01","profit":30},{"consume":0,"icon":"jiaju_10102","id":2,"model":"1ting1tianshi02","profit":50},{"consume":0,"icon":"jiaju_10103","id":3,"mcEff":"e_firework1 e_firework3 e_firework2 e_firework3","model":"1ting1tianshi03","profit":70},{"consume":0,"icon":"jiaju_10104","id":4,"mcEff":"e_firework1 e_firework3 e_firework1 e_firework3","model":"1ting1tianshi04","profit":90},{"consume":0,"icon":"jiaju_10105","id":5,"mcEff":"e_firework1 e_firework2 e_firework3 e_firework3","model":"1ting1tianshi05","profit":110},{"consume":0,"icon":"jiaju_10106","id":6,"mcEff":"e_firework1 e_firework3 e_firework3 e_firework3","model":"1ting1tianshi06","profit":130},{"consume":0,"icon":"jiaju_10107","id":7,"mcEff":"e_firework1 e_firework2 e_firework3 e_firework3","model":"1ting1tianshi07","profit":150},{"consume":0,"icon":"jiaju_10110","id":8,"mcEff":"e_firework1 e_firework3","model":"1ting1tianshi10","profit":170}],"name":"电视区","openlevel":2},{"change":[{"consume":0,"icon":"jiaju_10210","id":1,"model":"1ting2shafa10","name":"沙发","profit":210},{"consume":20000,"icon":"jiaju_10210_1","id":2,"model":"1ting2shafa10_1","name":"欢度春节沙发区","profit":50},{"consume":20000,"icon":"jiaju_10210_2","id":3,"model":"1ting2shafa10_2","name":"时尚家居沙发区","profit":50}],"icon":"piece.0","id":102,"level":[{"consume":0,"icon":"jiaju_10201","id":1,"model":"1ting2shafa01","profit":30},{"consume":0,"icon":"jiaju_10202","id":2,"model":"1ting2shafa02","profit":50},{"consume":0,"icon":"jiaju_10203","id":3,"mcEff":"e_firework1 e_firework3 e_firework2 e_firework3","model":"1ting2shafa03","profit":70},{"consume":0,"icon":"jiaju_10204","id":4,"mcEff":"e_firework1 e_firework3 e_firework2 e_firework3","model":"1ting2shafa04","profit":90},{"consume":0,"icon":"jiaju_10205","id":5,"mcEff":"e_firework1 e_firework3 e_firework2 e_firework3","model":"1ting2shafa05","profit":110},{"consume":0,"icon":"jiaju_10206","id":6,"mcEff":"e_firework1 e_firework3 e_firework2 e_firework3","model":"1ting2shafa06","profit":130},{"consume":0,"icon":"jiaju_10207","id":7,"mcEff":"e_firework1 e_firework3 e_firework2 e_firework3","model":"1ting2shafa07","profit":150},{"consume":0,"icon":"jiaju_10208","id":8,"mcEff":"e_firework1 e_firework3 e_firework2 e_firework3","model":"1ting2shafa08","profit":170},{"consume":0,"icon":"jiaju_10209","id":9,"mcEff":"e_firework1 e_firework3 e_firework2 e_firework3","model":"1ting2shafa09","profit":190},{"consume":0,"icon":"jiaju_10210","id":10,"mcEff":"e_firework1 e_firework3 e_firework2 e_firework3","model":"1ting2shafa10","profit":210}],"name":"沙发区","openlevel":2},{"change":[{"consume":0,"icon":"jiaju_10311","id":1,"model":"1ting3gangqing11","name":"钢琴区","profit":230},{"consume":80000,"icon":"jiaju_10311_1","id":2,"model":"1ting3gangqing11_1","name":"欢度春节钢琴区","profit":100},{"consume":80000,"icon":"jiaju_10311_2","id":3,"model":"1ting3gangqing11_2","name":"时尚家居钢琴区","profit":100}],"icon":"piece.0","id":103,"level":[{"consume":0,"icon":"jiaju_10301","id":1,"model":"1ting3gangqing01","profit":30},{"consume":0,"icon":"jiaju_10302","id":2,"mcEff":"e_firework1 e_firework3 e_firework2 e_firework3","model":"1ting3gangqing02","profit":50},{"consume":0,"icon":"jiaju_10303","id":3,"mcEff":"e_firework1 e_firework3 e_firework2 e_firework3","model":"1ting3gangqing03","profit":70},{"consume":0,"icon":"jiaju_10304","id":4,"mcEff":"e_firework1 e_firework3 e_firework2 e_firework3","model":"1ting3gangqing04","profit":90},{"consume":0,"icon":"jiaju_10305","id":5,"mcEff":"e_firework1 e_firework3 e_firework2 e_firework3","model":"1ting3gangqing05","profit":110},{"consume":0,"icon":"jiaju_10306","id":6,"mcEff":"e_firework1 e_firework3 e_firework2 e_firework3","model":"1ting3gangqing06","profit":130},{"consume":0,"icon":"jiaju_10307","id":7,"mcEff":"e_firework1 e_firework3 e_firework2 e_firework3","model":"1ting3gangqing07","profit":150},{"consume":0,"icon":"jiaju_10308","id":8,"mcEff":"e_firework1 e_firework3 e_firework2 e_firework3","model":"1ting3gangqing08","profit":170},{"consume":0,"icon":"jiaju_10309","id":9,"mcEff":"e_firework1 e_firework3 e_firework2 e_firework3","model":"1ting3gangqing09","profit":190},{"consume":0,"icon":"jiaju_10310","id":10,"mcEff":"e_firework1 e_firework3 e_firework2 e_firework3","model":"1ting3gangqing10","profit":210},{"consume":0,"icon":"jiaju_10311","id":11,"mcEff":"e_firework1 e_firework3 e_firework2 e_firework3","model":"1ting3gangqing11","profit":230}],"name":"钢琴区","openlevel":2},{"change":[{"consume":0,"icon":"jiaju_10415","id":1,"model":"1ting4jiuba15","name":"酒吧1","profit":310},{"consume":100000,"icon":"jiaju_10415_1","id":2,"model":"1ting4jiuba15_1","name":"欢度春节酒吧区","profit":100},{"consume":100000,"icon":"jiaju_10415_2","id":3,"model":"1ting4jiuba15_2","name":"时尚家居酒吧区","profit":100}],"icon":"piece.0","id":104,"level":[{"consume":0,"icon":"jiaju_10401","id":1,"model":"1ting4jiuba01","profit":30},{"consume":0,"icon":"jiaju_10402","id":2,"mcEff":"e_firework1 e_firework3 e_firework2 e_firework3","model":"1ting4jiuba02","profit":50},{"consume":0,"icon":"jiaju_10403","id":3,"mcEff":"e_firework1 e_firework3 e_firework2 e_firework3","model":"1ting4jiuba03","profit":70},{"consume":0,"icon":"jiaju_10404","id":4,"mcEff":"e_firework1 e_firework3 e_firework2 e_firework3","model":"1ting4jiuba04","profit":90},{"consume":0,"icon":"jiaju_10405","id":5,"mcEff":"e_firework1 e_firework3 e_firework2 e_firework3","model":"1ting4jiuba05","profit":110},{"consume":0,"icon":"jiaju_10406","id":6,"mcEff":"e_firework1 e_firework3 e_firework2 e_firework3","model":"1ting4jiuba06","profit":130},{"consume":0,"icon":"jiaju_10407","id":7,"mcEff":"e_firework1 e_firework3 e_firework2 e_firework3","model":"1ting4jiuba07","profit":150},{"consume":0,"icon":"jiaju_10408","id":8,"mcEff":"e_firework1 e_firework3 e_firework2 e_firework3","model":"1ting4jiuba08","profit":170},{"consume":0,"icon":"jiaju_10409","id":9,"mcEff":"e_firework1 e_firework3 e_firework2 e_firework3","model":"1ting4jiuba09","profit":190},{"consume":0,"icon":"jiaju_10410","id":10,"mcEff":"e_firework1 e_firework3 e_firework2 e_firework3","model":"1ting4jiuba10","profit":210},{"consume":0,"icon":"jiaju_10411","id":11,"mcEff":"e_firework1 e_firework3 e_firework2 e_firework3","model":"1ting4jiuba11","profit":230},{"consume":0,"icon":"jiaju_10412","id":12,"mcEff":"e_firework1 e_firework3 e_firework2 e_firework3","model":"1ting4jiuba12","profit":250},{"consume":0,"icon":"jiaju_10413","id":13,"mcEff":"e_firework1 e_firework3 e_firework2 e_firework3","model":"1ting4jiuba13","profit":270},{"consume":0,"icon":"jiaju_10414","id":14,"mcEff":"e_firework1 e_firework3 e_firework2 e_firework3","model":"1ting4jiuba14","profit":290},{"consume":0,"icon":"jiaju_10415","id":15,"mcEff":"e_firework1 e_firework3 e_firework2 e_firework3","model":"1ting4jiuba15","profit":310}],"name":"酒吧区","openlevel":2},{"change":[{"consume":0,"icon":"jiaju_10513","id":1,"model":"1ting5xiezi13","name":"鞋柜区","profit":270},{"consume":120000,"icon":"jiaju_10513_1","id":2,"model":"1ting5xiezi13_1","name":"欢度春节鞋柜","profit":100},{"consume":120000,"icon":"jiaju_10513_2","id":3,"model":"1ting5xiezi13_2","name":"时尚家居鞋柜","profit":100}],"icon":"piece.0","id":105,"level":[{"consume":0,"icon":"jiaju_10501","id":1,"model":"1ting5xiezi01","profit":30},{"consume":0,"icon":"jiaju_10502","id":2,"mcEff":"e_firework1 e_firework3 e_firework2 e_firework3","model":"1ting5xiezi02","profit":50},{"consume":0,"icon":"jiaju_10503","id":3,"mcEff":"e_firework1 e_firework3 e_firework2 e_firework3","model":"1ting5xiezi03","profit":70},{"consume":0,"icon":"jiaju_10504","id":4,"mcEff":"e_firework1 e_firework3 e_firework2 e_firework3","model":"1ting5xiezi04","profit":90},{"consume":0,"icon":"jiaju_10505","id":5,"mcEff":"e_firework1 e_firework3 e_firework2 e_firework3","model":"1ting5xiezi05","profit":110},{"consume":0,"icon":"jiaju_10506","id":6,"mcEff":"e_firework1 e_firework3 e_firework2 e_firework3","model":"1ting5xiezi06","profit":130},{"consume":0,"icon":"jiaju_10507","id":7,"mcEff":"e_firework1 e_firework3 e_firework2 e_firework3","model":"1ting5xiezi07","profit":150},{"consume":0,"icon":"jiaju_10508","id":8,"mcEff":"e_firework1 e_firework3 e_firework2 e_firework3","model":"1ting5xiezi08","profit":170},{"consume":0,"icon":"jiaju_10509","id":9,"mcEff":"e_firework1 e_firework3 e_firework2 e_firework3","model":"1ting5xiezi09","profit":190},{"consume":0,"icon":"jiaju_10510","id":10,"mcEff":"e_firework1 e_firework3 e_firework2 e_firework3","model":"1ting5xiezi10","profit":210},{"consume":0,"icon":"jiaju_10511","id":11,"mcEff":"e_firework1 e_firework3 e_firework2 e_firework3","model":"1ting5xiezi11","profit":230},{"consume":0,"icon":"jiaju_10512","id":12,"mcEff":"e_firework1 e_firework3 e_firework2 e_firework3","model":"1ting5xiezi12","profit":250},{"consume":0,"icon":"jiaju_10513","id":13,"mcEff":"e_firework1 e_firework3 e_firework2 e_firework3","model":"1ting5xiezi13","profit":270}],"name":"鞋柜区","openlevel":2},{"change":[{"consume":0,"icon":"jiaju_10606","id":1,"model":"1ting6kongtiao06","name":"空调区","profit":130},{"consume":60000,"icon":"jiaju_10606_1","id":2,"model":"1ting6kongtiao06_1","name":"时尚家居鱼缸","profit":50}],"icon":"piece.0","id":106,"level":[{"consume":0,"icon":"jiaju_10601","id":1,"model":"1ting6kongtiao01","profit":30},{"consume":0,"icon":"jiaju_10602","id":2,"mcEff":"e_firework1 e_firework3 e_firework2 e_firework3","model":"1ting6kongtiao02","profit":50},{"consume":0,"icon":"jiaju_10603","id":3,"mcEff":"e_firework1 e_firework3 e_firework2 e_firework3","model":"1ting6kongtiao03","profit":70},{"consume":0,"icon":"jiaju_10604","id":4,"mcEff":"e_firework1 e_firework3 e_firework2 e_firework3","model":"1ting6kongtiao04","profit":90},{"consume":0,"icon":"jiaju_10605","id":5,"mcEff":"e_firework1 e_firework3 e_firework2 e_firework3","model":"1ting6kongtiao05","profit":110},{"consume":0,"icon":"jiaju_10606","id":6,"mcEff":"e_firework1 e_firework3 e_firework2 e_firework3","model":"1ting6kongtiao06","profit":130}],"name":"空调区","openlevel":2},{"change":[{"consume":0,"icon":"jiaju_10708","id":1,"model":"2yuan1men08","name":"院门","profit":170},{"consume":100000,"icon":"jiaju_10708_1","id":2,"model":"2yuan1men08_1","name":"欢度春节庭院区","profit":100}],"icon":"piece.0","id":107,"level":[{"consume":0,"icon":"jiaju_10701","id":1,"model":"2yuan1men01","profit":30},{"consume":0,"icon":"jiaju_10702","id":2,"mcEff":"e_firework1 e_firework3 e_firework2 e_firework3","model":"2yuan1men02","profit":50},{"consume":0,"icon":"jiaju_10703","id":3,"mcEff":"e_firework1 e_firework3 e_firework2 e_firework3","model":"2yuan1men03","profit":70},{"consume":0,"icon":"jiaju_10704","id":4,"mcEff":"e_firework1 e_firework3 e_firework2 e_firework3","model":"2yuan1men04","profit":90},{"consume":0,"icon":"jiaju_10705","id":5,"mcEff":"e_firework1 e_firework3 e_firework2 e_firework3","model":"2yuan1men05","profit":110},{"consume":0,"icon":"jiaju_10706","id":6,"mcEff":"e_firework1 e_firework3 e_firework2 e_firework3","model":"2yuan1men06","profit":130},{"consume":0,"icon":"jiaju_10707","id":7,"mcEff":"e_firework1 e_firework3 e_firework2 e_firework3","model":"2yuan1men07","profit":150},{"consume":0,"icon":"jiaju_10708","id":8,"mcEff":"e_firework1 e_firework3 e_firework2 e_firework3","model":"2yuan1men08","profit":170}],"name":"院门区","openlevel":2},{"icon":"piece.0","id":108,"level":[{"consume":0,"icon":"jiaju_10801","id":1,"model":"2yuan2lishang01","profit":30},{"consume":0,"icon":"jiaju_10802","id":2,"model":"2yuan2lishang02","profit":50},{"consume":0,"icon":"jiaju_10803","id":3,"model":"2yuan2lishang03","profit":70},{"consume":0,"icon":"jiaju_10804","id":4,"mcEff":"e_firework1 e_firework3 e_firework2 e_firework3","model":"2yuan2lishang04","profit":90},{"consume":0,"icon":"jiaju_10805","id":5,"mcEff":"e_firework1 e_firework3 e_firework2 e_firework3","model":"2yuan2lishang05","profit":110},{"consume":0,"icon":"jiaju_10806","id":6,"mcEff":"e_firework1 e_firework3 e_firework2 e_firework3","model":"2yuan2lishang06","profit":130},{"consume":0,"icon":"jiaju_10807","id":7,"mcEff":"e_firework1 e_firework3 e_firework2 e_firework3","model":"2yuan2lishang07","profit":150},{"consume":0,"icon":"jiaju_10808","id":8,"mcEff":"e_firework1 e_firework3 e_firework2 e_firework3","model":"2yuan2lishang08","profit":170},{"consume":0,"icon":"jiaju_10809","id":9,"mcEff":"e_firework1 e_firework3 e_firework2 e_firework3","model":"2yuan2lishang09","profit":190}],"name":"篱笆上","openlevel":2},{"icon":"piece.0","id":109,"level":[{"consume":0,"icon":"jiaju_10901","id":1,"model":"2yuan3lixia01","profit":30},{"consume":0,"icon":"jiaju_10902","id":2,"model":"2yuan3lixia02","profit":50},{"consume":0,"icon":"jiaju_10903","id":3,"model":"2yuan3lixia03","profit":70}],"name":"篱笆下","openlevel":2},{"icon":"piece.0","id":110,"level":[{"consume":0,"icon":"jiaju_11001","id":1,"model":"2yuan4liyou01","profit":30},{"consume":0,"icon":"jiaju_11002","id":2,"model":"2yuan4liyou02","profit":50},{"consume":0,"icon":"jiaju_11003","id":3,"model":"2yuan4liyou03","profit":70},{"consume":0,"icon":"jiaju_11004","id":4,"mcEff":"e_firework1 e_firework3 e_firework2 e_firework3","model":"2yuan4liyou04","profit":90},{"consume":0,"icon":"jiaju_11005","id":5,"mcEff":"e_firework1 e_firework3 e_firework2 e_firework3","model":"2yuan4liyou05","profit":110},{"consume":0,"icon":"jiaju_11006","id":6,"mcEff":"e_firework1 e_firework3 e_firework2 e_firework3","model":"2yuan4liyou06","profit":130},{"consume":0,"icon":"jiaju_11007","id":7,"mcEff":"e_firework1 e_firework3 e_firework2 e_firework3","model":"2yuan4liyou07","profit":150},{"consume":0,"icon":"jiaju_11008","id":8,"mcEff":"e_firework1 e_firework3 e_firework2 e_firework3","model":"2yuan4liyou08","profit":170}],"name":"篱笆右","openlevel":2},{"icon":"piece.0","id":111,"level":[{"consume":0,"icon":"jiaju_11101","id":1,"model":"2yuan5zhongqu01","profit":30},{"consume":0,"icon":"jiaju_11102","id":2,"model":"2yuan5zhongqu02","profit":50},{"consume":0,"icon":"jiaju_11103","id":3,"model":"2yuan5zhongqu03","profit":70},{"consume":0,"icon":"jiaju_11104","id":4,"model":"2yuan5zhongqu04","profit":90},{"consume":0,"icon":"jiaju_11105","id":5,"model":"2yuan5zhongqu05","profit":110},{"consume":0,"icon":"jiaju_11106","id":6,"mcEff":"e_firework1 e_firework3 e_firework2 e_firework3","model":"2yuan5zhongqu06","profit":130},{"consume":0,"icon":"jiaju_11107","id":7,"mcEff":"e_firework1 e_firework3 e_firework2 e_firework3","model":"2yuan5zhongqu07","profit":150},{"consume":0,"icon":"jiaju_11108","id":8,"mcEff":"e_firework1 e_firework3 e_firework2 e_firework3","model":"2yuan5zhongqu08","profit":170},{"consume":0,"icon":"jiaju_11109","id":9,"mcEff":"e_firework1 e_firework3 e_firework2 e_firework3","model":"2yuan5zhongqu09","profit":190},{"consume":0,"icon":"jiaju_11110","id":10,"mcEff":"e_firework1 e_firework3 e_firework2 e_firework3","model":"2yuan5zhongqu10","profit":210}],"name":"院子中圈","openlevel":2},{"icon":"piece.0","id":112,"level":[{"consume":0,"id":0,"profit":0},{"consume":0,"icon":"jiaju_11201","id":1,"mcEff":"e_firework1 e_firework3 e_firework2 e_firework3","model":"2yuan6pengquan01","profit":30},{"consume":0,"icon":"jiaju_11202","id":2,"mcEff":"e_firework1 e_firework3 e_firework2 e_firework3","model":"2yuan6pengquan02","profit":50},{"consume":0,"icon":"jiaju_11203","id":3,"mcEff":"e_firework1 e_firework3 e_firework2 e_firework3","model":"2yuan6pengquan03","profit":70},{"consume":0,"icon":"jiaju_11204","id":4,"mcEff":"e_firework1 e_firework3 e_firework2 e_firework3","model":"2yuan6pengquan04","profit":90}],"name":"喷泉","openlevel":2},{"icon":"piece.0","id":113,"level":[{"consume":0,"id":0,"profit":0},{"consume":0,"icon":"jiaju_11301","id":1,"model":"2yuan7yongchi01","profit":30},{"consume":0,"icon":"jiaju_11302","id":2,"model":"2yuan7yongchi02","profit":50},{"consume":0,"icon":"jiaju_11303","id":3,"model":"2yuan7yongchi03","profit":70},{"consume":0,"icon":"jiaju_11304","id":4,"mcEff":"e_firework1 e_firework3 e_firework2 e_firework3","model":"2yuan7yongchi04","profit":90},{"consume":0,"icon":"jiaju_11305","id":5,"mcEff":"e_firework1 e_firework3 e_firework2 e_firework3","model":"2yuan7yongchi05","profit":110},{"consume":0,"icon":"jiaju_11306","id":6,"mcEff":"e_firework1 e_firework3 e_firework2 e_firework3","model":"2yuan7yongchi06","profit":130},{"consume":0,"icon":"jiaju_11307","id":7,"mcEff":"e_firework1 e_firework3 e_firework2 e_firework3","model":"2yuan7yongchi07","profit":150},{"consume":0,"icon":"jiaju_11308","id":8,"mcEff":"e_firework1 e_firework3 e_firework2 e_firework3","model":"2yuan7yongchi08","profit":170},{"consume":0,"icon":"jiaju_11309","id":9,"mcEff":"e_firework1 e_firework3 e_firework2 e_firework3","model":"2yuan7yongchi09","profit":190},{"consume":0,"icon":"jiaju_11310","id":10,"mcEff":"e_firework1 e_firework3 e_firework2 e_firework3","model":"2yuan7yongchi10","profit":210},{"consume":0,"icon":"jiaju_11311","id":11,"mcEff":"e_firework1 e_firework3 e_firework2 e_firework3","model":"2yuan7yongchi11","profit":230},{"consume":0,"icon":"jiaju_11312","id":12,"mcEff":"e_firework1 e_firework3 e_firework2 e_firework3","model":"2yuan7yongchi12","profit":250}],"name":"泳池","openlevel":2},{"icon":"piece.0","id":114,"level":[{"consume":0,"id":0,"profit":0},{"consume":0,"icon":"jiaju_11401","id":1,"model":"2yuan8shaokao01","profit":30},{"consume":0,"icon":"jiaju_11402","id":2,"model":"2yuan8shaokao02","profit":50},{"consume":0,"icon":"jiaju_11403","id":3,"mcEff":"e_firework1 e_firework3 e_firework2 e_firework3","model":"2yuan8shaokao03","profit":70},{"consume":0,"icon":"jiaju_11404","id":4,"mcEff":"e_firework1 e_firework3 e_firework2 e_firework3","model":"2yuan8shaokao04","profit":90},{"consume":0,"icon":"jiaju_11405","id":5,"mcEff":"e_firework1 e_firework3 e_firework2 e_firework3","model":"2yuan8shaokao05","profit":110},{"consume":0,"icon":"jiaju_11406","id":6,"mcEff":"e_firework1 e_firework3 e_firework2 e_firework3","model":"2yuan8shaokao06","profit":130},{"consume":0,"icon":"jiaju_11407","id":7,"mcEff":"e_firework1 e_firework3 e_firework2 e_firework3","model":"2yuan8shaokao07","profit":150},{"consume":0,"icon":"jiaju_11408","id":8,"mcEff":"e_firework1 e_firework3 e_firework2 e_firework3","model":"2yuan8shaokao08","profit":170}],"name":"烧烤","openlevel":2},{"icon":"piece.0","id":115,"level":[{"consume":0,"icon":"jiaju_11501","id":1,"model":"3can1zhongjian01","profit":30},{"consume":0,"icon":"jiaju_11502","id":2,"model":"3can1zhongjian02","profit":50},{"consume":0,"icon":"jiaju_11503","id":3,"model":"3can1zhongjian03","profit":70},{"consume":0,"icon":"jiaju_11504","id":4,"mcEff":"e_firework1 e_firework3 e_firework2 e_firework3","model":"3can1zhongjian04","profit":90},{"consume":0,"icon":"jiaju_11505","id":5,"mcEff":"e_firework1 e_firework3 e_firework2 e_firework3","model":"3can1zhongjian05","profit":110},{"consume":0,"icon":"jiaju_11506","id":6,"mcEff":"e_firework1 e_firework3 e_firework2 e_firework3","model":"3can1zhongjian06","profit":130},{"consume":0,"icon":"jiaju_11507","id":7,"mcEff":"e_firework1 e_firework3 e_firework2 e_firework3","model":"3can1zhongjian07","profit":150},{"consume":0,"icon":"jiaju_11508","id":8,"mcEff":"e_firework1 e_firework3 e_firework2 e_firework3","model":"3can1zhongjian08","profit":170},{"consume":0,"icon":"jiaju_11509","id":9,"mcEff":"e_firework1 e_firework3 e_firework2 e_firework3","model":"3can1zhongjian09","profit":190},{"consume":0,"icon":"jiaju_11510","id":10,"mcEff":"e_firework1 e_firework3 e_firework2 e_firework3","model":"3can1zhongjian10","profit":210},{"consume":0,"icon":"jiaju_11511","id":11,"mcEff":"e_firework1 e_firework3 e_firework2 e_firework3","model":"3can1zhongjian11","profit":230},{"consume":0,"icon":"jiaju_11512","id":12,"mcEff":"e_firework1 e_firework3 e_firework2 e_firework3","model":"3can1zhongjian12","profit":250},{"consume":0,"icon":"jiaju_11513","id":13,"mcEff":"e_firework1 e_firework3 e_firework2 e_firework3","model":"3can1zhongjian13","profit":270},{"consume":0,"icon":"jiaju_11514","id":14,"mcEff":"e_firework1 e_firework3 e_firework2 e_firework3","model":"3can1zhongjian14","profit":290},{"consume":0,"icon":"jiaju_11515","id":15,"mcEff":"e_firework1 e_firework3 e_firework2 e_firework3","model":"3can1zhongjian15","profit":310},{"consume":0,"icon":"jiaju_11516","id":16,"mcEff":"e_firework1 e_firework3 e_firework2 e_firework3","model":"3can1zhongjian16","profit":330}],"name":"餐厅中区","openlevel":2},{"icon":"piece.0","id":116,"level":[{"consume":0,"icon":"jiaju_11601","id":1,"model":"3can2luzao01","profit":30},{"consume":0,"icon":"jiaju_11602","id":2,"model":"3can2luzao02","profit":50},{"consume":0,"icon":"jiaju_11603","id":3,"mcEff":"e_firework1 e_firework3 e_firework2 e_firework3","model":"3can2luzao03","profit":70},{"consume":0,"icon":"jiaju_11604","id":4,"mcEff":"e_firework1 e_firework3 e_firework2 e_firework3","model":"3can2luzao04","profit":90},{"consume":0,"icon":"jiaju_11605","id":5,"mcEff":"e_firework1 e_firework3 e_firework2 e_firework3","model":"3can2luzao05","profit":110},{"consume":0,"icon":"jiaju_11606","id":6,"mcEff":"e_firework1 e_firework3 e_firework2 e_firework3","model":"3can2luzao06","profit":130}],"name":"炉灶区","openlevel":2},{"icon":"piece.0","id":117,"level":[{"consume":0,"id":0,"profit":0},{"consume":0,"icon":"jiaju_11701","id":1,"model":"3can3bingxiang01","profit":30},{"consume":0,"icon":"jiaju_11702","id":2,"mcEff":"e_firework1 e_firework3 e_firework2 e_firework3","model":"3can3bingxiang02","profit":50},{"consume":0,"icon":"jiaju_11703","id":3,"mcEff":"e_firework1 e_firework3 e_firework2 e_firework3","model":"3can3bingxiang03","profit":70},{"consume":0,"icon":"jiaju_11704","id":4,"mcEff":"e_firework1 e_firework3 e_firework2 e_firework3","model":"3can3bingxiang04","profit":90},{"consume":0,"icon":"jiaju_11705","id":5,"mcEff":"e_firework1 e_firework3 e_firework2 e_firework3","model":"3can3bingxiang05","profit":110}],"name":"冰箱区","openlevel":2},{"icon":"piece.0","id":118,"level":[{"consume":0,"icon":"jiaju_11801","id":1,"model":"4wo1chuang01","profit":30},{"consume":0,"icon":"jiaju_11802","id":2,"mcEff":"e_firework1 e_firework3 e_firework2 e_firework3","model":"4wo1chuang02","profit":50},{"consume":0,"icon":"jiaju_11803","id":3,"mcEff":"e_firework1 e_firework3 e_firework2 e_firework3","model":"4wo1chuang03","profit":70},{"consume":0,"icon":"jiaju_11804","id":4,"mcEff":"e_firework1 e_firework3 e_firework2 e_firework3","model":"4wo1chuang04","profit":90},{"consume":0,"icon":"jiaju_11805","id":5,"mcEff":"e_firework1 e_firework3 e_firework2 e_firework3","model":"4wo1chuang05","profit":110}],"name":"床","openlevel":2},{"icon":"piece.0","id":119,"level":[{"consume":0,"id":0,"profit":0},{"consume":0,"icon":"jiaju_11901","id":1,"model":"4wo2gengyi01","profit":30},{"consume":0,"icon":"jiaju_11902","id":2,"model":"4wo2gengyi02","profit":50},{"consume":0,"icon":"jiaju_11903","id":3,"mcEff":"e_firework1 e_firework3 e_firework2 e_firework3","model":"4wo2gengyi03","profit":70},{"consume":0,"icon":"jiaju_11904","id":4,"mcEff":"e_firework1 e_firework3 e_firework2 e_firework3","model":"4wo2gengyi04","profit":90},{"consume":0,"icon":"jiaju_11905","id":5,"mcEff":"e_firework1 e_firework3 e_firework2 e_firework3","model":"4wo2gengyi05","profit":110},{"consume":0,"icon":"jiaju_11906","id":6,"mcEff":"e_firework1 e_firework3 e_firework2 e_firework3","model":"4wo2gengyi06","profit":130},{"consume":0,"icon":"jiaju_11907","id":7,"mcEff":"e_firework1 e_firework3 e_firework2 e_firework3","model":"4wo2gengyi07","profit":150},{"consume":0,"icon":"jiaju_11908","id":8,"mcEff":"e_firework1 e_firework3 e_firework2 e_firework3","model":"4wo2gengyi08","profit":170},{"consume":0,"icon":"jiaju_11909","id":9,"mcEff":"e_firework1 e_firework3 e_firework2 e_firework3","model":"4wo2gengyi09","profit":190},{"consume":0,"icon":"jiaju_11910","id":10,"mcEff":"e_firework1 e_firework3 e_firework2 e_firework3","model":"4wo2gengyi10","profit":210},{"consume":0,"icon":"jiaju_11910","id":11,"mcEff":"e_firework1 e_firework3 e_firework2 e_firework3","model":"4wo2gengyi10","profit":220}],"name":"更衣间","openlevel":2},{"icon":"piece.0","id":120,"level":[{"consume":0,"id":0,"profit":0},{"consume":0,"icon":"jiaju_12001","id":1,"model":"4wo3diannao01","profit":30},{"consume":0,"icon":"jiaju_12002","id":2,"mcEff":"e_firework1 e_firework3 e_firework2 e_firework3","model":"4wo3diannao02","profit":50},{"consume":0,"icon":"jiaju_12003","id":3,"mcEff":"e_firework1 e_firework3 e_firework2 e_firework3","model":"4wo3diannao03","profit":70}],"name":"电脑","openlevel":2},{"icon":"piece.0","id":121,"level":[{"consume":0,"icon":"jiaju_12101","id":1,"model":"4wo4worukou01","profit":30},{"consume":0,"icon":"jiaju_12102","id":2,"mcEff":"e_firework1 e_firework3 e_firework2 e_firework3","model":"4wo4worukou02","profit":50},{"consume":0,"icon":"jiaju_12103","id":3,"mcEff":"e_firework1 e_firework3 e_firework2 e_firework3","model":"4wo4worukou03","profit":70},{"consume":0,"icon":"jiaju_12104","id":4,"mcEff":"e_firework1 e_firework3 e_firework2 e_firework3","model":"4wo4worukou04","profit":90}],"name":"卧室入口","openlevel":2},{"icon":"piece.0","id":122,"level":[{"consume":0,"id":0,"profit":0},{"consume":0,"icon":"jiaju_12201","id":1,"model":"4wo5shafa01","profit":30},{"consume":0,"icon":"jiaju_12202","id":2,"mcEff":"e_firework1 e_firework3 e_firework2 e_firework3","model":"4wo5shafa02","profit":50},{"consume":0,"icon":"jiaju_12203","id":3,"mcEff":"e_firework1 e_firework3 e_firework2 e_firework3","model":"4wo5shafa03","profit":70},{"consume":0,"icon":"jiaju_12204","id":4,"mcEff":"e_firework1 e_firework3 e_firework2 e_firework3","model":"4wo5shafa04","profit":90},{"consume":0,"icon":"jiaju_12205","id":5,"mcEff":"e_firework1 e_firework3 e_firework2 e_firework3","model":"4wo5shafa05","profit":110}],"name":"卧室沙发","openlevel":2},{"icon":"piece.0","id":123,"level":[{"consume":0,"icon":"jiaju_12301","id":1,"model":"4wo6yangtai01","profit":30},{"consume":0,"icon":"jiaju_12302","id":2,"mcEff":"e_firework1 e_firework3 e_firework2 e_firework3","model":"4wo6yangtai02","profit":50},{"consume":0,"icon":"jiaju_12303","id":3,"mcEff":"e_firework1 e_firework3 e_firework2 e_firework3","model":"4wo6yangtai03","profit":70},{"consume":0,"icon":"jiaju_12304","id":4,"mcEff":"e_firework1 e_firework3 e_firework2 e_firework3","model":"4wo6yangtai04","profit":90}],"name":"小阳台","openlevel":2},{"icon":"piece.0","id":124,"level":[{"consume":0,"id":1,"model":"5yuan1lishang01","profit":30}],"name":"院子2篱笆","openlevel":2},{"icon":"piece.0","id":125,"level":[{"consume":0,"id":1,"model":"5yuan1lixia01","profit":30}],"name":"院子2篱笆","openlevel":2},{"icon":"piece.0","id":126,"level":[{"consume":0,"id":1,"model":"6gelou01","profit":30}],"name":"阁楼","openlevel":2}]}