{"buyxin":[{"diamond":150,"id":1,"num":5},{"diamond":30,"id":2,"num":1},{"diamond":90,"id":3,"num":3}],"fixedvalue":[{"diamond":0,"maxpass":360,"pass":10}],"friendVisit":[{"maxValue":200,"maxdali":10,"minValue":50,"objid":1}],"initial":[{"lasttime":7200,"maxxin":5,"xin":5,"xing":0,"yinbi":500}],"jiesuan":[{"id":1,"open":10031,"pass":5},{"id":2,"open":101,"pass":7},{"id":3,"open":10001,"pass":9},{"id":4,"open":11021,"pass":13},{"id":5,"open":1201,"pass":18},{"id":6,"open":11011,"pass":32},{"id":7,"open":1,"pass":39},{"icon":"piece_131","id":8,"open":"","pass":51},{"id":9,"open":11003,"pass":74},{"id":10,"open":10071,"pass":80},{"id":11,"open":10011,"pass":116},{"icon":"rukou_huojian","id":12,"open":"","pass":131},{"id":13,"open":10051,"pass":141},{"id":14,"open":10041,"pass":161},{"id":15,"open":111,"pass":181},{"id":16,"open":10061,"pass":201},{"id":17,"open":10091,"pass":221},{"id":18,"open":2002,"pass":241},{"id":19,"open":10101,"pass":271},{"id":20,"open":10081,"pass":301}],"pass":{"1":{"buyobj_percent":100,"diamond_percent":0,"id":1,"jinbi_percent":200,"maxpass":30,"minpass":1,"revive_percent":150,"xing":1,"yinbi":50},"2":{"buyobj_percent":150,"diamond_percent":0,"id":2,"jinbi_percent":500,"maxpass":60,"minpass":31,"revive_percent":240,"xing":1,"yinbi":100},"3":{"buyobj_percent":240,"diamond_percent":0,"id":3,"jinbi_percent":1000,"maxpass":100,"minpass":61,"revive_percent":330,"xing":1,"yinbi":150},"4":{"buyobj_percent":300,"diamond_percent":0,"id":4,"jinbi_percent":1500,"maxpass":150,"minpass":101,"revive_percent":420,"xing":1,"yinbi":200},"5":{"buyobj_percent":400,"diamond_percent":0,"id":5,"jinbi_percent":1500,"maxpass":200,"minpass":151,"revive_percent":520,"xing":1,"yinbi":200},"6":{"buyobj_percent":550,"diamond_percent":0,"id":6,"jinbi_percent":1500,"maxpass":240,"minpass":201,"revive_percent":720,"xing":1,"yinbi":200},"7":{"buyobj_percent":750,"diamond_percent":0,"id":7,"jinbi_percent":1500,"maxpass":270,"minpass":241,"revive_percent":920,"xing":1,"yinbi":200},"8":{"buyobj_percent":1000,"diamond_percent":0,"id":8,"jinbi_percent":1500,"maxpass":300,"minpass":271,"revive_percent":1200,"xing":1,"yinbi":200},"9":{"buyobj_percent":1300,"diamond_percent":0,"id":9,"jinbi_percent":1500,"maxpass":500,"minpass":301,"revive_percent":1500,"xing":1,"yinbi":200}},"reward":{"1":{"id":1,"obj":[{"id":100001,"num":1},{"id":100002,"num":1},{"id":100003,"num":1},{"id":100004,"num":1},{"id":100101,"num":1},{"id":100102,"num":1},{"id":100103,"num":2}]}},"song_diamond":[{"lasttime":300,"reward":{"1":{"id":1,"num":30},"2":{"id":2,"num":40},"3":{"id":3,"num":50}}}],"visitor":[{"delay":10,"pro":50,"refreshnum":"0=0 1=100"}]}