{
	"warpgate":
	[
		{"id":1, "icons":["warpgate.10_png", "warpgate.11_png"], "eff":"chongsong_blue", "desc":"传送门","length":136},
		{"id":2, "icons":["warpgate.20_png", "warpgate.21_png"], "eff":"chongsong_yellow", "desc":"传送门","length":136}
	],
	"floor":
	[
		{"id":101, "type":1, "icons":["floor.101_png"], "desc":"草地"},
		{"id":111, "type":2, "icons":["floor.111_png"], "desc":"黄油"},
		{"id":121, "type":3, "icons":["floor.cizhuan2_png","floor.cizhuan1_png"], "desc":"瓷砖"}
	],
	"piece":
	[
		{"id":1001, "type":1, "color":1, "icon":"piece.0_png", "desc":"黄色棋子"},
		{"id":1002, "type":1, "color":2, "icon":"piece.1_png", "desc":"紫色棋子"},
		{"id":1003, "type":1, "color":3, "icon":"piece.2_png", "desc":"绿色棋子"},
		{"id":1004, "type":1, "color":4, "icon":"piece.3_png", "desc":"红色棋子"},
		{"id":1005, "type":1, "color":5, "icon":"piece.4_png", "desc":"蓝色棋子"},
		{"id":1006, "type":1, "color":6, "icon":"piece.5_png", "desc":"壶型棋子"},
		{"id":1101, "type":2, "priority":3, "icon":"piece.6_png", "eff":"", "desc":"横向火箭"},
		{"id":1105, "type":2, "priority":3, "icon":"piece.10_png", "eff":"", "desc":"竖向火箭"},
		{"id":1121, "type":2, "priority":4, "icon":"piece.7_png", "eff":"", "desc":"飞机"},
		{"id":1131, "type":2, "priority":2, "icon":"piece.8_png", "eff":"", "desc":"炸弹"},
		{"id":1141, "type":2, "priority":5, "icon":"piece.9_png", "eff":"", "desc":"彩虹球"},

		{"id":1201, "type":3, "icon":"piece.11_png", "eff":"", "desc":"气球"},

		{"id":1301, "type":5, "icon":"piece.12_png", "eff":"", "desc":"樱桃"},

		{"id":1401, "type":6, "color":1, "icon":"piece.1401_png", "eff":"", "desc":"黄色蝴蝶"},
		{"id":1402, "type":6, "color":2, "icon":"piece.1402_png", "eff":"", "desc":"紫色蝴蝶"},
		{"id":1403, "type":6, "color":3, "icon":"piece.1403_png", "eff":"", "desc":"绿色蝴蝶"},
		{"id":1404, "type":6, "color":4, "icon":"piece.1404_png", "eff":"", "desc":"红色蝴蝶"},
		{"id":1405, "type":6, "color":5, "icon":"piece.1405_png", "eff":"", "desc":"蓝色蝴蝶"},
		{"id":1406, "type":6, "color":6, "icon":"piece.1406_png", "eff":"", "desc":"壶型蝴蝶"},

		{"id":2001, "type":4, "color":1, "icon":"piece.20_png", "desc":"液氮球"},
		{"id":2002, "type":4, "color":2, "icon":"piece.21_png", "desc":"液氮球"},
		{"id":2003, "type":4, "color":3, "icon":"piece.22_png", "desc":"液氮球"},
		{"id":2004, "type":4, "color":4, "icon":"piece.23_png", "desc":"液氮球"},
		{"id":2005, "type":4, "color":5, "icon":"piece.24_png", "desc":"液氮球"}

	],
	"cover":
	[
		{"id":10001,  "priority":4, "canMove":false, "canSwap":false, "matchID":1, "canClear":true, "stopClearID":[], "handleSideClearID":[], "icons":["cover30.31_png", "cover30.32_png"], "desc":"锁链"},
		{"id":10011,  "priority":1, "canMove":true, "canSwap":false, "matchID":1, "canClear":true, "stopClearID":[], "handleSideClearID":[], "icons":["cover70.71_png", "cover70.72_png"], "desc":"冰块","length":156},
		{"id":10021,  "priority":5, "canMove":false, "canSwap":false, "matchID":0, "canClear":true, "stopClearID":[], "handleSideClearID":[1,2,3,4,5], "icons":["cover20.21_png", "cover20.22_png", "cover20.23_png", "cover20.24_png", "cover20.25_png"], "desc":"琥珀","length":148},
		{"id":10031,  "priority":10, "canMove":false, "canSwap":false, "matchID":0, "canClear":true, "stopClearID":[], "handleSideClearID":[1,5], "icons":["cover40.41_png", "cover40.42_png", "cover40.43_png", "cover40.44_png", "cover40.45_png"], "desc":"纸箱","length":156},
		{"id":10041,  "priority":-1, "canMove":false, "canSwap":false, "matchID":0, "canClear":true, "stopClearID":[], "handleSideClearID":[1,5], "icons":["cover50.51_png", "cover50.52_png", "cover50.53_png", "cover50.54_png", "cover50.55_png"], "desc":"礼盒"},
		{"id":10051,  "priority":-1, "canMove":false, "canSwap":false, "matchID":0, "canClear":true, "stopClearID":[], "handleSideClearID":[], "icons":["cover80.81_png", "cover80.82_png", "cover80.83_png", "cover80.84_png", "cover80.85_png"], "desc":"蛋糕"},
		{"id":10061,  "priority":-1, "canMove":true, "canSwap":true, "matchID":0, "canClear":true, "stopClearID":[], "handleSideClearID":[], "icons":["cover60.61_png", "cover60.62_png", "cover60.63_png"], "desc":"西瓜"},
		{"id":10071,  "priority":-1, "canMove":false, "canSwap":false, "matchID":0, "canClear":true, "stopClearID":[], "handleSideClearID":[1,4,5], "icons":["cover.91_png"], "desc":"泡沫","length":150},
		{"id":10081,  "priority":-1, "canMove":false, "canSwap":false, "matchID":0, "canClear":true, "stopClearID":[], "handleSideClearID":[1,4,5], "icons":["cover.92_png", "cover.93_png"], "desc":"蜂蜜","length":150},
		{"id":10091,  "priority":-1, "canMove":false, "canSwap":false, "matchID":0, "canClear":false, "stopClearID":[], "handleSideClearID":[], "icons":["cover.2_png"], "desc":"洗手液"},
		{"id":11002,  "priority":-1, "canMove":false, "canSwap":false, "matchID":0, "canClear":true, "stopClearID":[], "handleSideClearID":[1], "icons":["cover130.1_png"],"subicon":"cover130.131_png", "desc":"汉堡"},
		{"id":11003,  "priority":4, "canMove":false, "canSwap":false, "matchID":1, "canClear":true, "stopClearID":[], "handleSideClearID":[], "icons":["cover.171_png"], "desc":"隔板"},
		{"id":11011,  "priority":-1, "canMove":true, "canSwap":true, "matchID":0, "canClear":true, "stopClearID":[4,8,9], "handleSideClearID":[1], "icons":["cover110.111_png", "cover110.112_png", "cover110.113_png","cover110.114_png","cover110.115_png"], "desc":"垫子"},
		{"id":11021,  "priority":2, "canMove":false, "canSwap":false, "matchID":0, "canClear":true, "stopClearID":[], "handleSideClearID":[1,2,3,5], "icons":["cover120.122_png", "cover120.123_png", "cover120.124_png"], "desc":"果冻"},
		{"id":11022,  "priority":2, "canMove":false, "canSwap":false, "matchID":0, "canClear":true, "stopClearID":[], "handleSideClearID":[1,2,5], "icons":["cover120.125_png", "cover120.124_png"], "desc":"果冻障碍空"},		
		

		{"id":10101,  "priority":-1, "canMove":false, "canSwap":false, "matchID":0, "canClear":true, "stopClearID":[], "handleSideClearID":[1], "icons":["cover140.141_png", "cover140.142_png", "cover140.143_png", "cover140.144_png", "cover140.145_png"], "desc":"草地卷"},
		{"id":10111,  "priority":-1, "canMove":false, "canSwap":false, "matchID":0, "canClear":true, "stopClearID":[], "handleSideClearID":[1], "icons":["cover150.151_png", "cover150.152_png", "cover150.153_png", "cover150.154_png", "cover150.155_png"], "desc":"蝴蝶结"},
		{"id":10121,  "priority":11, "canMove":false, "canSwap":false, "matchID":0, "canClear":true, "stopClearID":[], "handleSideClearID":[1], "icons":["cover160.161_png", "cover160.162_png", "cover160.163_png", "cover160.164_png"], "desc":"百叶窗","length":166}
	],
	
	"shape":
	[
	]
}