{"huodong":{"1":{"bopen":"true","id":1,"name":"开放客人访问","param":"openformfunc   id=49"},"11":{"bopen":"true","id":11,"name":"签到任务","param":"openformfunc  id=26 page=0"},"12":{"bopen":"true","id":12,"name":"每日协助","param":"openformfunc  id=26 page=1"},"13":{"bopen":"true","id":13,"name":"好友","param":"openformfunc   id=27"},"14":{"bopen":"true","id":14,"name":"邮件","param":"openformfunc   id=24"},"2":{"bopen":"true","id":2,"name":"时装宝箱按钮","param":"openformfunc   id=17"},"21":{"bopen":"true","id":21,"name":"换装","param":"openformfunc   id=5"},"22":{"bopen":"true","id":22,"name":"转盘","param":"openformfunc   id=19"},"23":{"bopen":"true","id":23,"name":"装修","param":"openformfunc   id=66"},"24":{"bopen":"true","id":24,"name":"每日任务","param":"openformfunc   id=67"},"25":{"bopen":"true","id":25,"name":"折扣包","param":"openformfunc   id=71"},"31":{"bopen":"true","id":31,"name":"首充大礼包","param":"openformfunc   id=39"},"32":{"bopen":"true","id":32,"name":"钻石包","param":"openformfunc   id=56"},"33":{"bopen":"true","id":33,"name":"生命包","param":"openformfunc   id=23"},"34":{"bopen":"true","id":34,"name":"目标","param":"openformfunc   id=47"},"35":{"bopen":"true","id":35,"name":"任务","param":"openformfunc   id=3"},"51":{"bopen":"false","id":51,"name":"月卡","param":"openformfunc   id=40"},"52":{"bopen":"false","id":52,"name":"充值","param":"openformfunc   id=44 page=0"},"61":{"bopen":"true","id":61,"name":"小钻石包","param":"openformfunc   id=57"}}}