{"rule":[{"addhuoli":2,"buyNum":20,"buyNumNeed":400,"maxhuoli":20}],"zhuanpan":{"1":{"desc":"恭喜获得时装碎片","icon":"","id":1,"name":"时装箱子","weight":2},"2":{"desc":"发现满满一箱钻石","icon":"","id":2,"name":"钻石奖励","weight":10,"zuanshi":30},"3":{"desc":"发现一小堆金币","icon":"","id":3,"maxValue":100,"minValue":50,"name":"小金币包","weight":15},"4":{"desc":"哇塞！发现一大堆金币","icon":"","id":4,"maxValue":150,"minValue":100,"name":"大金币包","weight":13},"5":{"desc":"获得道具","icon":"","id":5,"name":"关卡道具包","value":1,"weight":10},"6":{"desc":"去邻居家看看","icon":"","id":6,"maxValue":120,"minValue":80,"name":"参观小屋","value":70,"weight":20,"zuanshi":10},"7":{"desc":"捣乱嘿嘿嘿...","icon":"","id":7,"maxValue":150,"minValue":100,"name":"捣乱","value":1,"weight":10},"8":{"desc":"逛街","icon":"","id":8,"maxValue":100,"minValue":70,"name":"逛街","weight":20,"zuanshi":10}}}