{"pass":[{"id":1,"maxpass":30,"minpass":1,"percent":200},{"id":2,"maxpass":60,"minpass":31,"percent":300},{"id":3,"maxpass":90,"minpass":61,"percent":350},{"id":4,"maxpass":120,"minpass":91,"percent":400},{"id":5,"maxpass":200,"minpass":121,"percent":500},{"id":6,"maxpass":300,"minpass":201,"percent":600},{"id":7,"maxpass":1000,"minpass":301,"percent":700}],"task":[{"addhuoyue":10,"condition":100,"count":1,"desc":"每日登陆游戏","id":1,"reward":[{"id":1,"num":200}]},{"addhuoyue":10,"condition":101,"count":3,"desc":"完成3局游戏","id":2,"reward":[{"id":1,"num":200}]},{"addhuoyue":10,"condition":102,"count":30,"desc":"累计在线游戏30分钟","id":3,"reward":[{"id":1,"num":200}]},{"addhuoyue":10,"condition":103,"count":2,"desc":"完成2次事件","id":4,"reward":[{"id":1,"num":200}]},{"addhuoyue":10,"condition":104,"count":2,"desc":"拜访2名好友","id":5,"reward":[{"id":1,"num":200}]},{"addhuoyue":10,"condition":106,"count":2,"desc":"完成2次转盘","id":7,"reward":[{"id":1,"num":200}]},{"addhuoyue":10,"condition":107,"count":2,"desc":"开启时装宝箱","id":8,"reward":[{"id":1,"num":200}]},{"addhuoyue":10,"condition":108,"count":2,"desc":"携带道具进入关卡","id":9,"reward":[{"id":1,"num":200}]},{"addhuoyue":10,"condition":109,"count":2,"desc":"关卡中使用道具","id":10,"reward":[{"id":1,"num":200}]},{"addhuoyue":10,"condition":110,"count":3,"desc":"完成分享","id":11,"reward":[{"id":1,"num":200}]}],"weekreward":[{"id":1,"needhuoyue":250,"vipreward":[{"desc":"周活跃达到250可领取","icon":"btn_libao1","level":0,"num":300,"objid":3}]},{"id":2,"needhuoyue":500,"vipreward":[{"desc":"周活跃达到500可领取","icon":"btn_libao2","level":0,"num":4,"objid":12}]}]}