{"mubiao":[{"condition":1,"desc":"可以邀请客人来访，并收礼物","funicon":"icon_mubiao01","id":1,"max":7,"mubiaoDesc":"通过第6关","name":"闯关达到","pagebg":"bg_mubiaojiangli","pageicon":"icon_mubiao01","param":"openformfunc id=11","reward":[{"num":2000,"objid":1}],"value":0},{"condition":1,"desc":"达成目标后可领奖励","funicon":"icon_mubiao00","id":10,"max":9,"mubiaoDesc":"通过第8关","name":"闯关达到","pagebg":"bg_mubiaojiangli","pageicon":"icon_mubiao00","param":"openformfunc id=11","reward":[{"num":3500,"objid":1}],"value":7},{"condition":2,"desc":"达成目标后可领奖励","funicon":"icon_mubiao00","id":20,"max":10,"name":"消耗星星","pagebg":"bg_mubiaojiangli","pageicon":"icon_mubiao00","param":"openformfunc id=3","reward":[{"num":2000,"objid":1}],"value":0},{"condition":1,"desc":"达成目标后可领奖励","funicon":"icon_mubiao00","id":30,"max":12,"mubiaoDesc":"通过第11关","name":"闯关达到","pagebg":"bg_mubiaojiangli","pageicon":"icon_mubiao03","param":"openformfunc id=11","reward":[{"num":1,"objid":100101},{"num":500,"objid":1}],"value":9},{"condition":1,"desc":"达成目标后可领奖励","funicon":"icon_mubiao00","id":40,"max":14,"mubiaoDesc":"通过第13关","name":"闯关达到","pagebg":"bg_mubiaojiangli","pageicon":"icon_mubiao04","param":"openformfunc id=11","reward":[{"num":1,"objid":100001},{"num":500,"objid":1}],"value":12},{"condition":1,"desc":"达成目标后可领奖励","funicon":"icon_mubiao00","id":50,"max":17,"mubiaoDesc":"通过第16关","name":"闯关达到","pagebg":"bg_mubiaojiangli","pageicon":"icon_mubiao05","param":"openformfunc id=11","reward":[{"num":1,"objid":100002},{"num":600,"objid":1}],"value":14},{"condition":1,"desc":"达成目标后可领奖励","funicon":"icon_mubiao00","id":60,"max":20,"mubiaoDesc":"通过第19关","name":"闯关达到","pagebg":"bg_mubiaojiangli","pageicon":"icon_mubiao06","param":"openformfunc id=11","reward":[{"num":1,"objid":100001},{"num":700,"objid":1}],"value":17},{"condition":2,"desc":"达成目标后可领奖励","funicon":"icon_mubiao07","id":70,"max":23,"name":"消耗星星","pagebg":"bg_mubiaojiangli","pageicon":"icon_mubiao00","param":"openformfunc id=3","reward":[{"num":1,"objid":1002},{"num":500,"objid":1}],"value":10},{"condition":2,"desc":"达成目标后可领奖励","funicon":"icon_mubiao00","id":75,"max":26,"mubiaoDesc":"通过第25关","name":"闯关达到","pagebg":"bg_mubiaojiangli","pageicon":"icon_mubiao00","param":"openformfunc id=11","reward":[{"num":2500,"objid":1}],"value":20},{"condition":1,"desc":"达成目标后可领奖励","funicon":"icon_mubiao00","id":80,"max":28,"mubiaoDesc":"通过第27关","name":"闯关达到","pagebg":"bg_mubiaojiangli","pageicon":"icon_mubiao09","param":"openformfunc id=11","reward":[{"num":1,"objid":100003},{"num":700,"objid":1}],"value":26},{"condition":1,"desc":"达成目标后可领奖励","funicon":"icon_mubiao00","id":90,"max":31,"mubiaoDesc":"通过第30关","name":"闯关达到","pagebg":"bg_mubiaojiangli","pageicon":"icon_mubiao10","param":"openformfunc id=11","reward":[{"num":1,"objid":100103},{"num":700,"objid":1}],"value":28},{"condition":2,"desc":"达成目标后可领奖励","funicon":"icon_mubiao00","id":100,"max":33,"name":"消耗星星","pagebg":"bg_mubiaojiangli","pageicon":"icon_mubiao00","param":"openformfunc id=3","reward":[{"num":1,"objid":1002},{"num":500,"objid":1}],"value":23},{"condition":2,"desc":"达成目标后可领奖励","funicon":"icon_mubiao11","id":110,"max":36,"name":"消耗星星","pagebg":"bg_mubiaojiangli","pageicon":"icon_mubiao00","param":"openformfunc id=3","reward":[{"num":1,"objid":1002},{"num":700,"objid":1}],"value":33},{"condition":1,"desc":"达成目标后可领奖励","funicon":"icon_mubiao00","id":120,"max":40,"mubiaoDesc":"通过第39关","name":"闯关达到","pagebg":"bg_mubiaojiangli","pageicon":"icon_mubiao12","param":"openformfunc id=11","reward":[{"num":1,"objid":100004},{"num":700,"objid":1}],"value":31},{"condition":1,"desc":"达成目标后可领奖励","funicon":"icon_mubiao00","id":130,"max":44,"mubiaoDesc":"通过第43关","name":"闯关达到","pagebg":"bg_mubiaojiangli","pageicon":"icon_mubiao12","param":"openformfunc id=11","reward":[{"num":1,"objid":1002},{"num":700,"objid":1}],"value":40},{"condition":2,"desc":"达成目标后可领奖励","funicon":"icon_mubiao00","id":140,"max":45,"name":"消耗星星","pagebg":"bg_mubiaojiangli","pageicon":"icon_mubiao00","param":"openformfunc id=3","reward":[{"num":1,"objid":100001},{"num":700,"objid":1}],"value":36},{"condition":2,"desc":"达成目标后可领奖励","funicon":"icon_mubiao00","id":150,"max":50,"name":"消耗星星","pagebg":"bg_mubiaojiangli","pageicon":"icon_mubiao00","param":"openformfunc id=3","reward":[{"num":100,"objid":3},{"num":700,"objid":1}],"value":45},{"condition":1,"desc":"达成目标后可领奖励","funicon":"icon_mubiao00","id":160,"max":55,"mubiaoDesc":"通过第54关","name":"闯关达到","pagebg":"bg_mubiaojiangli","pageicon":"icon_mubiao00","param":"openformfunc id=11","reward":[{"num":2000,"objid":1}],"value":44},{"condition":2,"desc":"达成目标后可领奖励","funicon":"icon_mubiao00","id":170,"max":57,"name":"消耗星星","pagebg":"bg_mubiaojiangli","pageicon":"icon_mubiao00","param":"openformfunc id=3","reward":[{"num":2300,"objid":1}],"value":45},{"condition":1,"desc":"达成目标后可领奖励","funicon":"icon_mubiao00","id":180,"max":61,"mubiaoDesc":"通过第60关","name":"闯关达到","pagebg":"bg_mubiaojiangli","pageicon":"icon_mubiao00","param":"openformfunc id=11","reward":[{"num":2500,"objid":1}],"value":55},{"condition":2,"desc":"达成目标后可领奖励","funicon":"icon_mubiao00","id":190,"max":65,"name":"消耗星星","pagebg":"bg_mubiaojiangli","pageicon":"icon_mubiao00","param":"openformfunc id=3","reward":[{"num":1,"objid":100001},{"num":700,"objid":1}],"value":57},{"condition":1,"desc":"达成目标后可领奖励","funicon":"icon_mubiao00","id":200,"max":70,"mubiaoDesc":"通过第69关","name":"闯关达到","pagebg":"bg_mubiaojiangli","pageicon":"icon_mubiao00","param":"openformfunc id=11","reward":[{"num":3000,"objid":1}],"value":61},{"condition":2,"desc":"达成目标后可领奖励","funicon":"icon_mubiao00","id":210,"max":75,"name":"消耗星星","pagebg":"bg_mubiaojiangli","pageicon":"icon_mubiao00","param":"openformfunc id=3","reward":[{"num":1,"objid":100002},{"num":1000,"objid":1}],"value":65},{"condition":1,"desc":"达成目标后可领奖励","funicon":"icon_mubiao00","id":220,"max":80,"mubiaoDesc":"通过第79关","name":"闯关达到","pagebg":"bg_mubiaojiangli","pageicon":"icon_mubiao00","param":"openformfunc id=11","reward":[{"num":3000,"objid":1}],"value":70},{"condition":2,"desc":"达成目标后可领奖励","funicon":"icon_mubiao00","id":230,"max":85,"name":"消耗星星","pagebg":"bg_mubiaojiangli","pageicon":"icon_mubiao00","param":"openformfunc id=3","reward":[{"num":1,"objid":1001},{"num":1000,"objid":1}],"value":75},{"condition":1,"desc":"达成目标后可领奖励","funicon":"icon_mubiao00","id":240,"max":90,"mubiaoDesc":"通过第89关","name":"闯关达到","pagebg":"bg_mubiaojiangli","pageicon":"icon_mubiao00","param":"openformfunc id=11","reward":[{"num":3000,"objid":1}],"value":80},{"condition":4,"desc":"达成目标后可领奖励","funicon":"icon_mubiao00","id":250,"max":300,"name":"魅力达到","pagebg":"bg_mubiaojiangli","pageicon":"icon_mubiao00","param":"openformfunc id=5","reward":[{"num":1,"objid":100002},{"num":2000,"objid":1}]},{"condition":1,"desc":"达成目标后可领奖励","funicon":"icon_mubiao00","id":260,"max":100,"mubiaoDesc":"通过第99关","name":"闯关达到","pagebg":"bg_mubiaojiangli","pageicon":"icon_mubiao00","param":"openformfunc id=11","reward":[{"num":5000,"objid":1}],"value":90},{"condition":1,"desc":"达成目标后可领奖励","funicon":"icon_mubiao00","id":270,"max":110,"mubiaoDesc":"通过第109关","name":"闯关达到","pagebg":"bg_mubiaojiangli","pageicon":"icon_mubiao00","param":"openformfunc id=11","reward":[{"num":6000,"objid":1}],"value":100},{"condition":4,"desc":"达成目标后可领奖励","funicon":"icon_mubiao00","id":280,"max":400,"name":"魅力达到","pagebg":"bg_mubiaojiangli","pageicon":"icon_mubiao00","param":"openformfunc id=5","reward":[{"num":1,"objid":100003},{"num":3000,"objid":1}],"value":300},{"condition":1,"desc":"达成目标后可领奖励","funicon":"icon_mubiao00","id":390,"max":120,"mubiaoDesc":"通过第119关","name":"闯关达到","pagebg":"bg_mubiaojiangli","pageicon":"icon_mubiao00","param":"openformfunc id=11","reward":[{"num":7000,"objid":1}],"value":110},{"condition":1,"desc":"达成目标后可领奖励","funicon":"icon_mubiao00","id":400,"max":130,"mubiaoDesc":"通过第129关","name":"闯关达到","pagebg":"bg_mubiaojiangli","pageicon":"icon_mubiao00","param":"openformfunc id=11","reward":[{"num":7000,"objid":1}],"value":120},{"condition":4,"desc":"达成目标后可领奖励","funicon":"icon_mubiao00","id":410,"max":500,"name":"魅力达到","pagebg":"bg_mubiaojiangli","pageicon":"icon_mubiao00","param":"openformfunc id=5","reward":[{"num":1,"objid":13},{"num":3000,"objid":1}],"value":400},{"condition":1,"desc":"达成目标后可领奖励","funicon":"icon_mubiao00","id":420,"max":140,"mubiaoDesc":"通过第139关","name":"闯关达到","pagebg":"bg_mubiaojiangli","pageicon":"icon_mubiao00","param":"openformfunc id=11","reward":[{"num":9000,"objid":1}],"value":130},{"condition":1,"desc":"达成目标后可领奖励","funicon":"icon_mubiao00","id":430,"max":150,"mubiaoDesc":"通过第149关","name":"闯关达到","pagebg":"bg_mubiaojiangli","pageicon":"icon_mubiao00","param":"openformfunc id=11","reward":[{"num":10000,"objid":1}],"value":140},{"condition":1,"desc":"达成目标后可领奖励","funicon":"icon_mubiao00","id":440,"max":160,"mubiaoDesc":"通过第159关","name":"闯关达到","pagebg":"bg_mubiaojiangli","pageicon":"icon_mubiao00","param":"openformfunc id=11","reward":[{"num":12000,"objid":1}],"value":150},{"condition":1,"desc":"达成目标后可领奖励","funicon":"icon_mubiao00","id":450,"max":170,"mubiaoDesc":"通过第169关","name":"闯关达到","pagebg":"bg_mubiaojiangli","pageicon":"icon_mubiao00","param":"openformfunc id=11","reward":[{"num":13000,"objid":1}],"value":160},{"condition":1,"desc":"达成目标后可领奖励","funicon":"icon_mubiao00","id":460,"max":180,"mubiaoDesc":"通过第179关","name":"闯关达到","pagebg":"bg_mubiaojiangli","pageicon":"icon_mubiao00","param":"openformfunc id=11","reward":[{"num":14000,"objid":1}],"value":170},{"condition":1,"desc":"达成目标后可领奖励","funicon":"icon_mubiao00","id":470,"max":190,"mubiaoDesc":"通过第189关","name":"闯关达到","pagebg":"bg_mubiaojiangli","pageicon":"icon_mubiao00","param":"openformfunc id=11","reward":[{"num":15000,"objid":1}],"value":180},{"condition":1,"desc":"达成目标后可领奖励","funicon":"icon_mubiao00","id":480,"max":200,"mubiaoDesc":"通过第199关","name":"闯关达到","pagebg":"bg_mubiaojiangli","pageicon":"icon_mubiao00","param":"openformfunc id=11","reward":[{"num":16000,"objid":1}],"value":190},{"condition":1,"desc":"达成目标后可领奖励","funicon":"icon_mubiao00","id":490,"max":210,"mubiaoDesc":"通过第209关","name":"闯关达到","pagebg":"bg_mubiaojiangli","pageicon":"icon_mubiao00","param":"openformfunc id=11","reward":[{"num":17000,"objid":1}],"value":200}]}