{"obj":{"100001":{"id":100001,"name":"炸弹火箭组","num":3,"price":300,"type":1},"100002":{"id":100002,"name":"彩虹球","num":3,"price":600,"type":1},"100003":{"id":100003,"name":"双飞机效果","num":3,"price":450,"type":1},"100004":{"id":100004,"name":"增加三步","num":3,"price":150,"type":1},"100101":{"id":100101,"name":"锤子","num":1,"price":2000,"type":2},"100102":{"id":100102,"name":"筢子","num":1,"price":5000,"type":2},"100103":{"id":100103,"name":"手套","num":1,"price":8000,"type":2}}}