{"platform":{"1":{"fun":{"1":{"id":1,"maxNum":5,"name":"活力+5","shareType":3,"watchNum":5},"10":{"id":10,"maxNum":9999,"name":"关卡失败后免费复活","shareType":3,"watchNum":99},"11":{"id":11,"maxNum":3,"name":"小钻石包","shareType":3,"watchNum":3},"12":{"id":12,"maxNum":5,"name":"钻石包","shareType":4,"watchNum":0},"13":{"id":13,"maxNum":0,"name":"BANNER条点击","shareType":0,"watchNum":0},"14":{"id":14,"maxNum":5,"name":"关卡转盘","shareType":0,"watchNum":5},"2":{"id":2,"maxNum":5,"name":"生命","shareType":3,"watchNum":0},"3":{"id":3,"maxNum":1,"name":"时装宝箱","shareType":3,"watchNum":0},"4":{"id":4,"maxNum":5,"name":"增加三步","shareType":3,"watchNum":5},"5":{"id":5,"maxNum":5,"name":"获取生命","shareType":3,"watchNum":5},"6":{"id":6,"maxNum":9999,"name":"签到","shareType":3,"watchNum":8},"7":{"id":7,"maxNum":9999,"name":"首充","shareType":3,"watchNum":5},"8":{"id":8,"maxNum":9999,"name":"结算奖励","shareType":3,"watchNum":99},"9":{"id":9,"maxNum":9999,"name":"离线奖励","shareType":3,"watchNum":99}},"id":1,"name":"默认配置","shareMax":999,"watchCold":0,"watchMax":8},"100":{"fun":{"1":{"id":1,"maxNum":5,"name":"活力+5","shareType":3,"watchNum":5},"10":{"id":10,"maxNum":999,"name":"关卡失败后免费复活","shareType":3,"watchNum":99},"11":{"id":11,"maxNum":3,"name":"小钻石包","shareType":3,"watchNum":3},"12":{"id":12,"maxNum":5,"name":"钻石包","shareType":4,"watchNum":0},"13":{"id":13,"maxNum":0,"name":"BANNER条点击","shareType":0,"watchNum":0},"14":{"id":14,"maxNum":5,"name":"关卡转盘","shareType":0,"watchNum":5},"2":{"id":2,"maxNum":5,"name":"生命","shareType":3,"watchNum":0},"3":{"id":3,"maxNum":1,"name":"时装宝箱","shareType":3,"watchNum":0},"4":{"id":4,"maxNum":5,"name":"增加三步","shareType":3,"watchNum":5},"5":{"id":5,"maxNum":5,"name":"获取生命","shareType":3,"watchNum":5},"6":{"id":6,"maxNum":999,"name":"签到","shareType":3,"watchNum":8},"7":{"id":7,"maxNum":999,"name":"首充","shareType":3,"watchNum":5},"8":{"id":8,"maxNum":999,"name":"结算奖励","shareType":3,"watchNum":99},"9":{"id":9,"maxNum":999,"name":"离线奖励","shareType":3,"watchNum":99}},"id":100,"name":"内网test","shareMax":999,"watchCold":8,"watchMax":8},"110":{"fun":{"1":{"id":1,"maxNum":5,"name":"活力+5","shareType":1,"watchNum":5},"10":{"id":10,"maxNum":999,"name":"关卡失败后免费复活","shareType":3,"watchNum":5},"11":{"id":11,"maxNum":3,"name":"小钻石包","shareType":3,"watchNum":3},"12":{"id":12,"maxNum":0,"name":"钻石包","shareType":4,"watchNum":0},"13":{"id":13,"maxNum":0,"name":"BANNER条点击","shareType":0,"watchNum":0},"14":{"id":14,"maxNum":5,"name":"关卡转盘","shareType":0,"watchNum":5},"2":{"id":2,"maxNum":5,"name":"生命","shareType":2,"watchNum":5},"3":{"id":3,"maxNum":2,"name":"时装宝箱","shareType":3,"watchNum":5},"4":{"id":4,"maxNum":5,"name":"增加三步","shareType":1,"watchNum":5},"5":{"id":5,"maxNum":5,"name":"获取生命","shareType":1,"watchNum":0},"6":{"id":6,"maxNum":999,"name":"签到","shareType":2,"watchNum":8},"7":{"id":7,"maxNum":999,"name":"首充","shareType":3,"watchNum":5},"8":{"id":8,"maxNum":999,"name":"结算奖励","shareType":1,"watchNum":5},"9":{"id":9,"maxNum":999,"name":"离线奖励","shareType":2,"watchNum":5}},"id":110,"name":"快乐小游戏","shareMax":0,"watchCold":40,"watchMax":999},"111":{"fun":{"1":{"id":1,"maxNum":5,"name":"活力+5","shareType":3,"watchNum":5},"10":{"id":10,"maxNum":9999,"name":"关卡失败后免费复活","shareType":3,"watchNum":99},"11":{"id":11,"maxNum":3,"name":"小钻石包","shareType":3,"watchNum":3},"12":{"id":12,"maxNum":5,"name":"钻石包","shareType":4,"watchNum":0},"13":{"id":13,"maxNum":0,"name":"BANNER条点击","shareType":0,"watchNum":0},"14":{"id":14,"maxNum":5,"name":"关卡转盘","shareType":0,"watchNum":5},"2":{"id":2,"maxNum":5,"name":"生命","shareType":3,"watchNum":0},"3":{"id":3,"maxNum":1,"name":"时装宝箱","shareType":3,"watchNum":0},"4":{"id":4,"maxNum":5,"name":"增加三步","shareType":3,"watchNum":5},"5":{"id":5,"maxNum":5,"name":"获取生命","shareType":3,"watchNum":5},"6":{"id":6,"maxNum":9999,"name":"签到","shareType":3,"watchNum":8},"7":{"id":7,"maxNum":9999,"name":"首充","shareType":3,"watchNum":5},"8":{"id":8,"maxNum":9999,"name":"结算奖励","shareType":3,"watchNum":99},"9":{"id":9,"maxNum":9999,"name":"离线奖励","shareType":3,"watchNum":99}},"id":111,"name":"微信小游戏-默认（生成版本）","shareMax":9999,"watchCold":0,"watchMax":8},"112":{"fun":{"1":{"id":1,"maxNum":5,"name":"活力+5","shareType":3,"watchNum":5},"10":{"id":10,"maxNum":9999,"name":"关卡失败后免费复活","shareType":3,"watchNum":99},"11":{"id":11,"maxNum":3,"name":"小钻石包","shareType":3,"watchNum":3},"12":{"id":12,"maxNum":5,"name":"钻石包","shareType":4,"watchNum":0},"13":{"id":13,"maxNum":0,"name":"BANNER条点击","shareType":0,"watchNum":0},"14":{"id":14,"maxNum":5,"name":"关卡转盘","shareType":0,"watchNum":5},"2":{"id":2,"maxNum":5,"name":"生命","shareType":3,"watchNum":0},"3":{"id":3,"maxNum":1,"name":"时装宝箱","shareType":3,"watchNum":0},"4":{"id":4,"maxNum":5,"name":"增加三步","shareType":3,"watchNum":5},"5":{"id":5,"maxNum":5,"name":"获取生命","shareType":3,"watchNum":5},"6":{"id":6,"maxNum":9999,"name":"签到","shareType":3,"watchNum":8},"7":{"id":7,"maxNum":9999,"name":"首充","shareType":3,"watchNum":5},"8":{"id":8,"maxNum":9999,"name":"结算奖励","shareType":3,"watchNum":99},"9":{"id":9,"maxNum":9999,"name":"离线奖励","shareType":3,"watchNum":99}},"id":112,"name":"微信小游戏-默认（体验(测试)版本、审核版本）","shareMax":9999,"watchCold":0,"watchMax":20}},"wxsharetime":[{"time":3000}]}