{"count":{"1":{"id":1,"price":1800,"step":5,"zuanshi":50},"2":{"id":2,"price":2800,"reward":[{"id":1101,"num":1}],"step":5,"zuanshi":75},"3":{"id":3,"price":4000,"reward":[{"id":1101,"num":2}],"step":5,"zuanshi":100},"4":{"id":4,"price":5200,"reward":[{"id":1141,"num":1},{"id":1121,"num":1}],"step":5,"zuanshi":125},"5":{"id":5,"price":6400,"reward":[{"id":1141,"num":1},{"id":1131,"num":1}],"step":5,"zuanshi":150},"6":{"id":6,"price":7600,"reward":[{"id":1121,"num":1},{"id":1141,"num":1}],"step":10,"zuanshi":175},"7":{"id":7,"price":9000,"reward":[{"id":1121,"num":2},{"id":1141,"num":1}],"step":10,"zuanshi":200}}}