{"add_energy":[{"friend_energy":20,"video_energy":10,"video_max":99}],"dang":{"17":{"bg":"bg_shouchong1_png","energy":60,"id":17,"model":"girl_05","reward":[{"num":3,"objid":100001},{"num":1,"objid":1009},{"num":60,"objid":3}],"user":4},"18":{"bg":"bg_shouchong2_png","energy":300,"id":18,"model":"girl_05","reward":[{"num":3,"objid":100001},{"num":3,"objid":1009},{"num":180,"objid":3}],"user":8},"19":{"bg":"bg_shouchong3_png","energy":1280,"id":19,"model":"girl_09","reward":[{"num":10,"objid":100001},{"num":10,"objid":100003},{"num":4,"objid":1010},{"num":980,"objid":3}],"user":16}}}