{"talk":{"1":{"desc":[{"icon":"","name":"self","pic":"self","side":1,"text":"<font color=0x510505><font color=0x21781c>{chenghu}</font>，这就是你新家的设计图吗，还不错哦！</font>"},{"icon":"","name":"self","pic":"self","side":1,"text":"<font color=0x510505>本姑娘可以帮你布置哦，不过你要能帮我回答问题才行！这就开始吧</font>"}],"id":1,"name":"刚进游戏"},"100001":{"desc":[{"icon":"","name":"self","pic":"self","side":1,"text":"<font color=0x661212>好幸运！花了预算一半的钱，就租到一套漂亮的大别墅！就要</font><font color=0xd32121>进屋了</font>，心里还有点小激动呢！</font>"}],"id":100001,"name":"刚进游戏"},"100002":{"desc":[{"icon":"","name":"self","pic":"self","side":1,"text":"<font color=0xd32121>房东先生</font><font color=0x661212>！这房间和你当初给我看的照片差别也太大了吧！你这完全是用卖家秀来坑我！</font>"}],"id":100002,"name":"与房东对话"},"100003":{"desc":[{"icon":"","name":"player","pic":"player","side":2,"text":"<font color=0x661212>这房子我空置蛮久，自己也有一两年没来过了。看上去是不太好，我们先看看之前约定的</font><font color=0xd32121>房间照片</font><font color=0x661212>样式吧！ </font>"}],"id":100003,"name":"房东回答"},"100004":{"desc":[{"icon":"","name":"self","pic":"self","side":1,"text":"<font color=0x661212>这才是我租的房子嘛！</font><font color=0xd32121>开派对</font><font color=0x661212>的邀请我都发给</font><font color=0xd32121>闺蜜们</font><font color=0x661212>了，这下怎么办？</font>"},{"icon":"","name":"player","pic":"player","side":2,"text":"<font color=0x661212>还有时间，就让我们一起把这个房子恢复成最初的样子，办一场最棒的派对吧！</font>"}],"id":100004,"name":"预览满级后对话"},"100005":{"desc":[{"icon":"","name":"self","pic":"self","side":1,"text":"<font color=0x661212>灰尘怎么那么大，让我感觉回到了冬天的北京！搭把手，我们先把灰尘清扫干净吧！</font>"}],"id":100005,"name":"第二关通关后引导"},"100006":{"desc":[{"icon":"","name":"self","pic":"self","side":1,"text":"<font color=0x661212>房东，我大清还没亡吗？居然连一个</font><font color=0xd32121>电视机</font><font color=0x661212>都没有，简直不能忍！</font>"}],"id":100006,"name":"星星不够再次引导点击提交任务"},"100007":{"desc":[{"icon":"","name":"self","pic":"self","side":1,"text":"<font color=0x661212>你的表现已经在我心里成为了好朋友，朋友之前应该有</font><font color=0xd32121>亲昵的称呼</font><font color=0x661212>，你想怎么称呼我呢？</font>"}],"id":100007,"name":"引导玩家改名"},"101":{"desc":[{"name":"self","pic":"self","side":1,"text":"<font color=0x510505>这些红毯长短正好</font>"},{"name":"self","pic":"self","side":1,"text":"<font color=0x510505><font color=0x21781c>{chenghu}</font>，我站在红毯上，给我拍张照片吧。</font>"}],"id":101,"name":"铺地毯"},"105":{"desc":[{"name":"self","pic":"self","side":1,"text":"<font color=0x510505><font color=0x21781c>{chenghu}</font>，来看看我们的花园吧</font>"},{"name":"self","pic":"self","side":1,"text":"<font color=0x510505>虽然很整洁了，但总觉得缺些什么呢。</font>"}],"id":105,"name":"完美的花园"},"108":{"desc":[{"name":"self","pic":"self","side":1,"text":"<font color=0x510505><font color=0x21781c>{chenghu}</font>，这些花都是给我的吗</font>"},{"name":"self","pic":"self","side":1,"text":"<font color=0x510505>太漂亮了，谢谢！</font>"}],"id":108,"name":"拆封鲜花"},"11":{"desc":[{"icon":"","name":"self","pic":"self","side":1,"text":"<font color=0x510505>房间那么大，我们就先从电视柜这里开始打扫吧！</font>"}],"id":11,"name":"清理电视"},"112":{"desc":[{"name":"self","pic":"self","side":1,"text":"<font color=0x510505><font color=0x21781c>{chenghu}</font>，有花还不够吗？为什么还要树？</font>"},{"name":"self","pic":"self","side":1,"text":"<font color=0x510505>好吧好吧，我说不过你</font>"}],"id":112,"name":"移植树丛"},"114":{"desc":[{"name":"self","pic":"self","side":1,"text":"<font color=0x510505>这些小树缺少灵魂呢！</font>"},{"name":"self","pic":"self","side":1,"text":"<font color=0x510505>看我的，魔法之剪！！啦啦啦！</font>"}],"id":114,"name":"修剪树丛"},"116":{"desc":[{"name":"self","pic":"self","side":1,"text":"<font color=0x510505><font color=0x21781c>{chenghu}</font>虽然这里被我打扫的很干净了，但是.....</font>"},{"name":"self","pic":"self","side":1,"text":"<font color=0x510505>你也别直接坐在草地上啊！会把土带到客厅的！</font>"},{"name":"self","pic":"self","side":1,"text":"<font color=0x510505>我还是添加几把椅子吧</font>"}],"id":116,"name":"购买椅子"},"117":{"desc":[{"name":"self","pic":"self","side":1,"text":"<font color=0x510505><font color=0x21781c>{chenghu}</font>，买鱼缸的时候你不是拒绝的吗.....</font>"},{"name":"self","pic":"self","side":1,"text":"<font color=0x510505>为什么忽然又要弄个喷泉</font>"},{"name":"self","pic":"self","side":1,"text":"<font color=0x510505>会把人家衣服弄湿的</font>"}],"id":117,"name":"购买喷泉"},"12":{"desc":[{"icon":"","name":"player","pic":"player","side":2,"text":"<font color=0x661212>租房包家电是应该的！喂，</font><font color=0xd32121>大米旗舰店</font><font color=0x661212>吗？麻烦送一台你们最新的</font><font color=0xd32121>液晶电视</font><font color=0x661212>来！ </font>","type":2},{"name":"self","pic":"self","side":1,"text":"<font color=0x510505>我好像听到了门铃声，一定是电视送到了，忽然感觉房东你还是很值得信赖的嘛</font>","type":2}],"id":12,"name":"购买电视"},"121":{"desc":[{"name":"self","pic":"self","side":1,"text":"<font color=0x510505>有了活水，果然花园像有了生命呢</font>"},{"name":"self","pic":"self","side":1,"text":"<font color=0x510505>讨厌！<font color=0x21781c>{chenghu}</font>，不要往我身上泼</font>"}],"id":121,"name":"安装喷泉"},"124":{"desc":[{"name":"self","pic":"self","side":1,"text":"<font color=0x510505><font color=0x21781c>{chenghu}</font>，风水这个词我是知道的</font>"},{"name":"self","pic":"self","side":1,"text":"<font color=0x510505>但是，“风水”的意思是透风的地方就一定要有水吗？</font>"},{"name":"self","pic":"self","side":1,"text":"<font color=0x510505>就算要有水，咱们一定要挖个泳池来装那么多水吗？</font>"},{"name":"self","pic":"self","side":1,"text":"<font color=0x510505>......好吧，好吧，你赢了，我这就找人来挖个泳池</font>"}],"id":124,"name":"挖个泳池"},"127":{"desc":[{"name":"self","pic":"self","side":1,"text":"<font color=0x510505>没想到你还有些艺术细胞，竟然想到要买些雕塑</font>"},{"name":"self","pic":"self","side":1,"text":"<font color=0x510505>我很乐意帮你选一个</font>"}],"id":127,"name":"购买雕塑"},"13":{"desc":[{"name":"self","pic":"self","side":1,"text":"<font color=0x510505>这么大的电视机，如果配合一套</font><font color=0xd32121>卡拉OK</font><font color=0x661212>，到时候我就可以和闺蜜们一起唱到天亮了！</font>","type":2},{"icon":"","name":"player","pic":"player","side":2,"text":"<font color=0x661212>卡拉OK小菜一碟，但是大小姐你们到时候可千万别扰民啊</font>","type":2}],"id":13,"name":"购买卡拉OK"},"131":{"desc":[{"name":"self","pic":"self","side":1,"text":"<font color=0x510505>虽然我到现在还是觉得你的想法有些疯狂</font>"},{"name":"self","pic":"self","side":1,"text":"<font color=0x510505>但是这泳池修葺好之后，看起来还是不错的</font>"}],"id":131,"name":"修葺泳池"},"132":{"desc":[{"name":"self","pic":"self","side":1,"text":"<font color=0x510505><font color=0x21781c>{chenghu}</font>，我！要！吃！烧烤！！</font>"},{"name":"self","pic":"self","side":1,"text":"<font color=0x510505>我不要再吃那些冰箱里拿出来的食物了，我要体验火焰的艺术！</font>"}],"id":132,"name":"购买烧烤架"},"135":{"desc":[{"name":"self","pic":"self","side":1,"text":"<font color=0x510505><font color=0x21781c>{chenghu}</font>，你是有多懒，室内躺着也就算了</font>"},{"name":"self","pic":"self","side":1,"text":"<font color=0x510505>泳池旁边也要躺着，难道你不是为了运动才挖的泳池吗？</font>"}],"id":135,"name":"购买躺椅"},"136":{"desc":[{"name":"self","pic":"self","side":1,"text":"<font color=0x510505><font color=0x21781c>{chenghu}</font>，我要一个我专属的椅子！</font>"},{"name":"self","pic":"self","side":1,"text":"<font color=0x510505>当然是秋千才符合我小公主的身份！</font>"}],"id":136,"name":"购买秋千"},"14":{"desc":[{"name":"self","pic":"self","side":1,"text":"<font color=0x510505>房东，这个9.9包邮的电脑音箱破音很厉害啊！</font>","type":2},{"icon":"","name":"player","pic":"player","side":2,"text":"<font color=0x661212>我这里刚好有一套闲置的高档音箱，让我们接上卡拉OK试试效果！</font>","type":2}],"id":14,"name":"更换音箱"},"141":{"desc":[{"name":"self","pic":"self","side":1,"text":"<font color=0x510505><font color=0x21781c>{chenghu}</font>，有一个好消息一个坏消息，你先听哪个？</font>"},{"name":"self","pic":"self","side":1,"text":"<font color=0x510505>好消息是，我准备帮你在泳池边准备休息的软垫哦！</font>"},{"name":"self","pic":"self","side":1,"text":"<font color=0x510505>坏消息是，躺椅以后就专属于我了！嘻嘻！</font>"}],"id":141,"name":"购买软垫"},"144":{"desc":[{"name":"self","pic":"self","side":1,"text":"<font color=0x510505><font color=0x21781c>{chenghu}</font>，有一个好消息一个坏消息，你先听哪个？</font>"},{"name":"self","pic":"self","side":1,"text":"<font color=0x510505>好消息是，我准备帮你在泳池边准备休息的软垫哦！</font>"},{"name":"self","pic":"self","side":1,"text":"<font color=0x510505>坏消息是，躺椅以后就专属于我了！嘻嘻！</font>"}],"id":144,"name":"购买玩具"},"15":{"desc":[{"name":"self","pic":"self","side":1,"text":"<font color=0x510505>电视墙如此平庸，看我加以点缀，让客厅第一眼美美哒！</font>"}],"id":15,"name":"装饰电视墙"},"16":{"desc":[{"name":"self","pic":"self","side":1,"text":"<font color=0x510505>嘻嘻，完美的电视和音箱，怎么能缺少游戏主机呢！</font>"}],"id":16,"name":"购买游戏机"},"18":{"desc":[{"name":"self","pic":"self","side":1,"text":"<font color=0x510505>房间里怎么能缺少鲜花来点缀呢！</font>"}],"id":18,"name":"购买花瓶"},"19":{"desc":[{"icon":"img_lingju","name":"邻居","pic":"","side":2,"text":"<font color=0x510505><font color=0x21781c>{selfname}</font>你好啊，我们来玩了，这是给你带的礼物！</font>"},{"name":"self","pic":"self","side":1,"text":"<font color=0x510505>太客气了，房子没清理好呢，谢谢你的礼物</font>"}],"id":19,"name":"招待客人"},"2":{"desc":[{"icon":"","name":"self","pic":"self","side":1,"text":"<font color=0x510505>您好，我给你带了封信</font>"}],"id":2,"name":"刚进游戏，送信"},"20":{"desc":[{"name":"self","pic":"self","side":1,"text":"<font color=0x510505>算你有良心，还知道带我出来逛街</font>"},{"icon":"img_dakuannan","name":"店主","pic":"","side":2,"text":"<font color=0x510505>小妹妹你真可爱，能不能在我店门口拍个照当展示</font>"},{"name":"self","pic":"self","side":1,"text":"<font color=0x510505>听说拍照都有礼物的哦!</font>"},{"icon":"img_dakuannan","name":"店主","pic":"","side":2,"text":"<font color=0x510505>......</font>"}],"id":20,"name":"出来逛街"},"21":{"desc":[{"name":"self","pic":"self","side":1,"text":"<font color=0x510505>是时候把沙发整理出来了，客人似乎有些多呢</font>"}],"id":21,"name":"清理沙发"},"22":{"desc":[{"name":"self","pic":"self","side":1,"text":"<font color=0x510505>墙角这里也需要清理下，这么大地方，需要好好想想怎么利用起来</font>"}],"id":22,"name":"清理墙角"},"23":{"desc":[{"name":"self","pic":"self","side":1,"text":"<font color=0x510505><font color=0x21781c>{chenghu}</font>能不能把吃的东西从沙发上拿开，弄脏了沙发我还怎么坐！</font>"},{"name":"self","pic":"self","side":1,"text":"<font color=0x510505>好吧，你赢了，我去选一个桌子来放你的零食</font>"}],"id":23,"name":"购买桌子"},"24":{"desc":[{"name":"self","pic":"self","side":1,"text":"<font color=0x510505>空间大，正好可以放个钢琴，啦啦啦~</font>"}],"id":24,"name":"购买钢琴"},"26":{"desc":[{"name":"self","pic":"self","side":1,"text":"<font color=0x510505>房间里还是要添加些花朵，才更像个家呢</font>"}],"id":26,"name":"购买鲜花"},"27":{"desc":[{"name":"self","pic":"self","side":1,"text":"<font color=0x510505>电视墙装修的差不多了呢！</font>"},{"name":"self","pic":"self","side":1,"text":"<font color=0x510505>如果你还有不满意的地方，可以长按电视区域，进行家具风格整体的替换哦！</font>"}],"id":27,"name":"完成电视墙"},"28":{"desc":[{"icon":"img_lingju","name":"邻居","pic":"","side":2,"text":"<font color=0x510505>我带了个新邻居一起来玩了....爱丽丝，这是<font color=0x21781c>{selfname}</font></font>"},{"name":"self","pic":"self","side":1,"text":"<font color=0x510505>您好，我这里有些点心，您可以尝尝</font>"},{"icon":"img_huainv1","name":"爱丽丝","pic":"","side":2,"text":"<font color=0x510505>呵，那么小的沙发，我还是下次来吧</font>"},{"name":"self","pic":"self","side":1,"text":"<font color=0x510505>抱歉，看来家里需要添加些沙发呢</font>"}],"id":28,"name":"买更多沙发"},"29":{"desc":[{"icon":"img_huainv1","name":"爱丽丝","pic":"","side":2,"text":"<font color=0x510505>哟，这套房子挺大，可惜装饰品味不怎么样</font>"},{"name":"self","pic":"self","side":1,"text":"<font color=0x510505>...抱歉，既然您觉得不好，就请出去！</font>"},{"icon":"img_huainv1","name":"爱丽丝","pic":"","side":2,"text":"<font color=0x510505>好啊，你竟然敢这样对我说话</font>"}],"id":29,"name":"招待客人"},"30":{"desc":[{"name":"self","pic":"self","side":1,"text":"<font color=0x510505><font color=0x21781c>{chenghu}</font>真好，还知道带我出来买衣服</font>"},{"icon":"img_huainv1","name":"爱丽丝","pic":"","side":2,"text":"<font color=0x510505>哟，你来服装店干嘛，家里没衣柜来街上过眼瘾吗</font>"},{"name":"self","pic":"self","side":1,"text":"<font color=0x510505>！！我是来买衣服的，请不要挡我的路</font>"}],"id":30,"name":"买衣服"},"32":{"desc":[{"name":"self","pic":"self","side":1,"text":"<font color=0x510505>累死了，总算快要把沙发安装好了</font>"},{"icon":"img_lingju","name":"邻居","pic":"","side":2,"text":"<font color=0x510505>哎呀，好漂亮的沙发</font>"}],"id":32,"name":"拆封沙发"},"33":{"desc":[{"icon":"img_huainv2","name":"音乐老师","pic":"","side":2,"text":"<font color=0x510505>很好，你进步的很快，可以用钢琴练习了</font>"},{"name":"self","pic":"self","side":1,"text":"<font color=0x510505>谢谢夸奖，我家的钢琴早就准备好了呢</font>"}],"id":33,"name":"拆封钢琴"},"34":{"desc":[{"icon":"img_dakuannan","name":"店主","pic":"","side":2,"text":"<font color=0x510505>客人，本店大酬宾，您上次买的沙发还有赠品哦！</font>"},{"name":"self","pic":"self","side":1,"text":"<font color=0x510505>太好了，是什么赠品呢</font>"},{"icon":"img_dakuannan","name":"店主","pic":"","side":2,"text":"<font color=0x510505>当然是五星好评沙发凳啊！您懂得</font>"},{"name":"self","pic":"self","side":1,"text":"<font color=0x510505>......好吧好吧，放下吧，我会给你好评的</font>"}],"id":34,"name":"购买凳子"},"35":{"desc":[{"name":"self","pic":"self","side":1,"text":"<font color=0x510505>这音乐太棒了，这样我学琴一定能更快呢</font>"},{"name":"self","pic":"self","side":1,"text":"<font color=0x510505><font color=0x21781c>{chenghu}</font>，你也要陪我一起欣赏经典名曲哦！不要老看电影</font>"}],"id":35,"name":"安装留声机"},"36":{"desc":[{"name":"self","pic":"self","side":1,"text":"<font color=0x510505>沙发区域装修好了呢，之后要换家具款式的话，长按沙发区域就行</font>"}],"id":36,"name":"完成沙发区"},"37":{"desc":[{"icon":"img_huainv2","name":"音乐老师","pic":"","side":2,"text":"<font color=0x510505>你是我学生里最有天赋的，这是我珍藏多年的黑胶唱片</font>"},{"icon":"img_huainv2","name":"音乐老师","pic":"","side":2,"text":"<font color=0x510505>送给你了，多听听大师们的音乐作品，有助提高</font>"},{"name":"self","pic":"self","side":1,"text":"<font color=0x510505>谢谢老师，我这就回家听</font>"},{"name":"self","pic":"self","side":1,"text":"<font color=0x510505><font color=0x21781c>{chenghu}</font>你能用电视播放我的黑胶唱片么？</font>"},{"name":"self","pic":"self","side":1,"text":"<font color=0x510505>不行还不帮我买个留声机？\t\t<font color=0x21781c>{chenghu}</font>！</font>"}],"id":37,"name":"购买留声机"},"38":{"desc":[{"icon":"img_dakuannan","name":"店主","pic":"","side":2,"text":"<font color=0x510505>哎呀，钢琴家的手怎么能用来安装钢琴呢，我来我来</font>"},{"name":"self","pic":"self","side":1,"text":"<font color=0x510505>谢谢啦，放心，我会记得你的五星好评</font>"},{"icon":"img_dakuannan","name":"店主","pic":"","side":2,"text":"<font color=0x510505>您这话说的，能早日听到您悠扬的琴声才是对我最大的奖励</font>"},{"name":"self","pic":"self","side":1,"text":"<font color=0x510505>好吧，那以后就不评价，只给你弹琴吧</font>"},{"icon":"img_dakuannan","name":"店主","pic":"","side":2,"text":"<font color=0x510505>......</font>"}],"id":38,"name":"拆封钢琴"},"39":{"desc":[{"name":"self","pic":"self","side":1,"text":"<font color=0x510505><font color=0x21781c>{chenghu}</font>，最近在评选文明小区活动哦！很多人为了家里的人气，会给来家里的客人礼物哦！</font>"},{"name":"self","pic":"self","side":1,"text":"<font color=0x510505>那你当然应该多加些好友啊！然后我们就可以去他们家里玩了呢！</font>"},{"name":"self","pic":"self","side":1,"text":"<font color=0x510505>什么？你以为我是为那些礼物才去串门的？！！！好吧，恭喜你答对了！</font>"}],"id":39,"name":"添加好友"},"40":{"desc":[{"icon":"img_huainv2","name":"音乐老师","pic":"","side":2,"text":"<font color=0x510505>这是你们的新同学，爱丽丝</font>"},{"icon":"img_huainv1","name":"爱丽丝","pic":"","side":2,"text":"<font color=0x510505>呵呵，又见面了，没想到你竟然还懂音乐</font>"},{"icon":"img_huainv2","name":"音乐老师","pic":"","side":2,"text":"<font color=0x510505>他是我们教室最出色的学生，爱丽丝你也要向她学习</font>"},{"icon":"img_huainv1","name":"爱丽丝","pic":"","side":2,"text":"<font color=0x510505>哼！</font>"}],"id":40,"name":"钢琴比赛"},"41":{"desc":[{"name":"self","pic":"self","side":1,"text":"<font color=0x510505>需要放的乐谱太多了，是时候加个桌子了</font>"},{"name":"self","pic":"self","side":1,"text":"<font color=0x510505><font color=0x21781c>{chenghu}</font>你有没有觉得你放影碟和游戏的柜子太大了？</font>"}],"id":41,"name":"购买桌子"},"43":{"desc":[{"icon":"img_huainv1","name":"爱丽丝","pic":"","side":2,"text":"<font color=0x510505>呵呵，我又来了，听说你钢琴弹得不错</font>"},{"name":"self","pic":"self","side":1,"text":"<font color=0x510505>抱歉，我现在没有弹琴的心情呢</font>"},{"icon":"img_huainv1","name":"爱丽丝","pic":"","side":2,"text":"<font color=0x510505>不用勉强，这种连鞋架都没有的破屋子，我也不会多呆</font>"},{"name":"self","pic":"self","side":1,"text":"<font color=0x510505><font color=0x21781c>{chenghu}</font>，我要买个鞋柜</font>"}],"id":43,"name":"购买鞋柜"},"44":{"desc":[{"name":"self","pic":"self","side":1,"text":"<font color=0x510505>弹琴的时候手很冷呢，<font color=0x21781c>{chenghu}</font>，你过来给我暖暖手</font>"},{"name":"self","pic":"self","side":1,"text":"<font color=0x510505>好吧，你不愿意过来，就买个空调代替你吧</font>"}],"id":44,"name":"安装空调"},"45":{"desc":[{"icon":"img_dakuannan","name":"店主","pic":"","side":2,"text":"<font color=0x510505>亲，我上门来给您安装鞋柜了，比较复杂，请给我多些时间</font>"},{"name":"self","pic":"self","side":1,"text":"<font color=0x510505>那就拜托你了</font>"}],"id":45,"name":"组装鞋柜"},"46":{"desc":[{"name":"self","pic":"self","side":1,"text":"<font color=0x510505>钢琴角已经很完美了呢，你如果要更换其他款式，自己看着办吧</font>"}],"id":46,"name":"完成钢琴角"},"48":{"desc":[{"icon":"img_lingju","name":"邻居","pic":"","side":2,"text":"<font color=0x510505>亲爱的，<font color=0x21781c>{chenghu}</font>让我帮他买的酒我拿过来了，下次我们来喝哦，先走了！</font>"},{"name":"self","pic":"self","side":1,"text":"<font color=0x510505><font color=0x21781c>{chenghu}</font>你只会买买买，有认真想过这些酒要放哪里吗？</font>"},{"name":"self","pic":"self","side":1,"text":"<font color=0x510505>好吧好吧，我就知道，又要我来处理</font>"}],"id":48,"name":"购买酒桌"},"49":{"desc":[{"icon":"img_lingju","name":"邻居","pic":"","side":2,"text":"<font color=0x510505>好消息啊，我们小区评上文明小区了，现在门口新增了大冒险转盘，转到什么活动都必须参加哦</font>"},{"name":"self","pic":"self","side":1,"text":"<font color=0x510505>听起来没什么意思啊</font>"},{"icon":"img_lingju","name":"邻居","pic":"","side":2,"text":"<font color=0x510505>嘿嘿，关键是，只要去参与转盘，就会有奖励哦！这下有意思了吗？</font>"},{"name":"self","pic":"self","side":1,"text":"<font color=0x510505><font color=0x21781c>{chenghu}</font>，你怎么还坐的住，快，快，一起去吧！</font>"}],"id":49,"name":"转盘"},"50":{"desc":[{"icon":"img_dakuannan","name":"店主","pic":"","side":2,"text":"<font color=0x510505>亲爱的<font color=0x21781c>{selfname}</font>，你来了正好</font>"},{"name":"self","pic":"self","side":1,"text":"<font color=0x510505>我上街是要购物的？很忙呢！</font>"},{"icon":"img_dakuannan","name":"店主","pic":"","side":2,"text":"<font color=0x510505>我需要找人拍个宣传照，这不你正好来了吗</font>"},{"name":"self","pic":"self","side":1,"text":"<font color=0x510505>但是我要给<font color=0x21781c>{chenghu}</font>买酒啊！</font>"},{"icon":"img_dakuannan","name":"店主","pic":"","side":2,"text":"<font color=0x510505>小事，小事，你先帮我拍照，明天我就把酒送到你家</font>"}],"id":50,"name":"逛街买酒"},"52":{"desc":[{"icon":"img_dakuannan","name":"店主","pic":"","side":2,"text":"<font color=0x510505>上次你拍宣传照的那些商品销量很好呢，真是帮了大忙呢</font>"},{"icon":"img_dakuannan","name":"店主","pic":"","side":2,"text":"<font color=0x510505>这次我把上次答应你的酒带来了</font>"},{"name":"self","pic":"self","side":1,"text":"<font color=0x510505>真是太感谢了！！</font>"}],"id":52,"name":"获赠美酒"},"53":{"desc":[{"name":"self","pic":"self","side":1,"text":"<font color=0x510505><font color=0x21781c>{chenghu}</font>，我们吃饱了，也要考虑到别人，对不对？</font>"},{"name":"self","pic":"self","side":1,"text":"<font color=0x510505>所以你看，鞋柜的肚子饿的空空的，是不是不大合适！！</font>"}],"id":53,"name":"逛街买鞋"},"54":{"desc":[{"icon":"img_dakuannan","name":"店主","pic":"","side":2,"text":"<font color=0x510505>我这批酒可是上好的货色，之前爱丽丝想买我都没有卖给她</font>"},{"name":"self","pic":"self","side":1,"text":"<font color=0x510505>爱丽丝.....</font>"}],"id":54,"name":"打开美酒"},"55":{"desc":[{"name":"self","pic":"self","side":1,"text":"<font color=0x510505>啦，啦，啦，我最爱的鞋子们，终于可以出来透透气了</font>"},{"name":"self","pic":"self","side":1,"text":"<font color=0x510505><font color=0x21781c>{chenghu}</font>，这里也有你的哦！不用太感动，是民族品牌的，嘻嘻</font>"}],"id":55,"name":"拆封鞋子"},"56":{"desc":[{"icon":"img_huainv1","name":"爱丽丝","pic":"","side":2,"text":"<font color=0x510505>听说店长那批洋酒在你那，为了我们的友谊，就卖给我一半吧</font>"},{"name":"self","pic":"self","side":1,"text":"<font color=0x510505>抱歉，我正要买个酒柜来给他们住，没法给你了</font>"},{"icon":"img_huainv1","name":"爱丽丝","pic":"","side":2,"text":"<font color=0x510505>你！</font>"},{"name":"self","pic":"self","side":1,"text":"<font color=0x510505><font color=0x21781c>{chenghu}</font>你再不去买酒柜，就看不到你那些酒了哦</font>"}],"id":56,"name":"购买酒柜"},"57":{"desc":[{"name":"self","pic":"self","side":1,"text":"<font color=0x510505>嘻嘻，鞋子似乎买太多了</font>"},{"name":"self","pic":"self","side":1,"text":"<font color=0x510505><font color=0x21781c>{chenghu}</font>，你觉得我们住的空间那么大，是不是也应该给鞋子们购置新屋呢？</font>"}],"id":57,"name":"购买柜子"},"59":{"desc":[{"icon":"img_dakuannan","name":"店主","pic":"","side":2,"text":"<font color=0x510505>亲爱的<font color=0x21781c>{selfname}</font>，现在本店出售至尊会员卡，就适合您这样的美少女，来了解一下吧</font>"},{"name":"self","pic":"self","side":1,"text":"<font color=0x510505>好的，我看看</font>"},{"name":"self","pic":"self","side":1,"text":"<font color=0x510505><font color=0x21781c>{chenghu}</font>，似乎不错呢，你有动心吗</font>"}],"id":59,"name":"月卡福利"},"62":{"desc":[{"icon":"img_lingju","name":"邻居","pic":"","side":2,"text":"<font color=0x510505>亲爱的，我又来了，这次带了酒作为礼物呢</font>"},{"name":"self","pic":"self","side":1,"text":"<font color=0x510505>您真是太客气了，家里已经有不少好酒了</font>"},{"icon":"img_lingju","name":"邻居","pic":"","side":2,"text":"<font color=0x510505>老来你家聚会也挺麻烦你的，我们这些邻居凑钱给你买个吧台吧</font>"},{"name":"self","pic":"self","side":1,"text":"<font color=0x510505>真是谢谢您了，以后你们一定要常来</font>"}],"id":62,"name":"购买吧台"},"64":{"desc":[{"name":"self","pic":"self","side":1,"text":"<font color=0x510505><font color=0x21781c>{chenghu}</font>为什么你的吧台也要我来弄</font>"},{"name":"self","pic":"self","side":1,"text":"<font color=0x510505>而你不帮我组装鞋柜！！你的良心不会痛吗？</font>"}],"id":64,"name":"组装吧台"},"65":{"desc":[{"name":"self","pic":"self","side":1,"text":"<font color=0x510505><font color=0x21781c>{chenghu}</font>，这些鞋柜，拆起来有点累呢</font>"},{"name":"self","pic":"self","side":1,"text":"<font color=0x510505>不要装傻，再不帮忙，鞋柜装好后，你的鞋是住不进去的！</font>"}],"id":65,"name":"拆封柜子2"},"66":{"desc":[{"icon":"img_lingju","name":"邻居","pic":"","side":2,"text":"<font color=0x510505>你这吧台区真是漂亮，我带了些甜点，你这，下次聚会一起吃</font>"},{"name":"self","pic":"self","side":1,"text":"<font color=0x510505>太好了，我准备个冰箱来放置他们</font>"}],"id":66,"name":"购买冰箱"},"67":{"desc":[{"icon":"img_huainv2","name":"音乐老师","pic":"","side":2,"text":"<font color=0x510505>听说你这里有个很多漂亮的鞋子，我特地来看看</font>"},{"name":"self","pic":"self","side":1,"text":"<font color=0x510505>谢谢老师夸奖，我去准备个桌子，我们可以慢慢看哦</font>"}],"id":67,"name":"购买小桌"},"68":{"desc":[{"name":"self","pic":"self","side":1,"text":"<font color=0x510505>终于将冰箱装好了，这下可以多存些好酒了</font>"}],"id":68,"name":"拆封冰箱"},"71":{"desc":[{"icon":"img_lingju","name":"邻居","pic":"","side":2,"text":"<font color=0x510505>亲爱的，我们准备在你这搞个聚会，需要添加些家具哦</font>"},{"name":"self","pic":"self","side":1,"text":"<font color=0x510505>没问题，有什么需要的我会提前准备好的</font>"},{"icon":"img_lingju","name":"邻居","pic":"","side":2,"text":"<font color=0x510505>不是很重要的东西，就是给吧台加一些椅子就够了</font>"}],"id":71,"name":"购买吧椅"},"72":{"desc":[{"icon":"img_dakuannan","name":"店主","pic":"","side":2,"text":"<font color=0x510505>亲爱的，我一看到你来就知道有好事</font>"},{"name":"self","pic":"self","side":1,"text":"<font color=0x510505>你猜对了，我家要搞个聚会，需要一些酒</font>"},{"icon":"img_dakuannan","name":"店主","pic":"","side":2,"text":"<font color=0x510505>这简直就不叫事，我这就派人送到你家</font>"},{"name":"self","pic":"self","side":1,"text":"<font color=0x510505>五折优惠！！我在酒上给你家店打广告</font>"},{"icon":"img_dakuannan","name":"店主","pic":"","side":2,"text":"<font color=0x510505>......</font>"}],"id":72,"name":"购买啤酒"},"74":{"desc":[{"name":"self","pic":"self","side":1,"text":"<font color=0x510505>客人们快来了，我得提前准备些吃的招待他们</font>"},{"name":"self","pic":"self","side":1,"text":"<font color=0x510505><font color=0x21781c>{chenghu}</font>，你不能偷吃哦，这是给客人准备的！</font>"}],"id":74,"name":"制作小吃"},"75":{"desc":[{"icon":"img_lingju","name":"邻居","pic":"","side":2,"text":"<font color=0x510505>亲爱的，我们来了，看，我们带了些花来</font>"},{"name":"self","pic":"self","side":1,"text":"<font color=0x510505>真是太漂亮了，我这就给他们找个新家</font>"}],"id":75,"name":"装饰柜子"},"76":{"desc":[{"name":"self","pic":"self","side":1,"text":"<font color=0x510505>客人一多，空调就有些不给力了呢</font>"},{"name":"self","pic":"self","side":1,"text":"<font color=0x510505><font color=0x21781c>{chenghu}</font>，是时候买个新款的空调了</font>"}],"id":76,"name":"买新空调"},"78":{"desc":[{"name":"self","pic":"self","side":1,"text":"<font color=0x510505>你要去院子晒太阳为什么要我劳动？</font>"},{"name":"self","pic":"self","side":1,"text":"<font color=0x510505>好吧，好吧，看你帮我解决那么多难题的份上，我先去院子看看</font>"}],"id":78,"name":"打开院门"},"82":{"desc":[{"name":"self","pic":"self","side":1,"text":"<font color=0x510505>这面墙有些孤独呢，增加些装饰来陪伴他吧</font>"}],"id":82,"name":"购买鱼缸"},"83":{"desc":[{"name":"self","pic":"self","side":1,"text":"<font color=0x510505>这里简直是灾难，我可清理不完，看来是时候要找外援了</font>"},{"icon":"img_dakuannan","name":"店主","pic":"","side":2,"text":"<font color=0x510505>亲爱的，有什么需要我效劳的么</font>"},{"name":"self","pic":"self","side":1,"text":"<font color=0x510505>我要找人帮忙打扫院子，你帮我找个合适的吧</font>"}],"id":83,"name":"清理院子"},"84":{"desc":[{"name":"self","pic":"self","side":1,"text":"<font color=0x510505>你看，这些鱼多自在，真希望我们能像他们一样</font>"}],"id":84,"name":"拆封鱼缸"},"87":{"desc":[{"name":"self","pic":"self","side":1,"text":"<font color=0x510505>院子里当然要放漂亮的花朵才像样嘛！</font>"},{"name":"self","pic":"self","side":1,"text":"<font color=0x510505><font color=0x21781c>{chenghu}</font>既然让我帮忙，就得听我的哦！</font>"}],"id":87,"name":"购买盆景"},"9000":{"desc":[{"name":"self","pic":"self","side":1,"text":"<font color=0x510505>恭喜你目标达成了!</font>"}],"id":9000,"name":"目标达成"},"9001":{"desc":[{"name":"self","pic":"self","side":1,"text":"<font color=0x510505>正好达成通关条件!您真是神机妙算!</font>"}],"id":9001,"name":"目标达成"},"9002":{"desc":[{"name":"self","pic":"self","side":1,"text":"<font color=0x510505>您是故意的吗，正好达成目标了呢！</font>"}],"id":9002,"name":"目标达成"},"9011":{"desc":[{"name":"self","pic":"self","side":1,"text":"<font color=0x510505>成功通关!看来您还有余力呢</font>"}],"id":9011,"name":"目标达成"},"9012":{"desc":[{"name":"self","pic":"self","side":1,"text":"<font color=0x510505>那么快就通关了？我还以为您还要多走几步呢</font>"}],"id":9012,"name":"目标达成"},"9021":{"desc":[{"name":"self","pic":"self","side":1,"text":"<font color=0x510505>哇!好厉害，提前那么多就通关了！</font>"}],"id":9021,"name":"目标达成"},"9022":{"desc":[{"name":"self","pic":"self","side":1,"text":"<font color=0x510505>呀，那么简单就通关啦！？看来大家都小看你了呢</font>"}],"id":9022,"name":"目标达成"},"9031":{"desc":[{"name":"self","pic":"self","side":1,"text":"<font color=0x510505>这对你来说简直太容易了!我一口可乐都还没喝下去你就通关了！</font>"}],"id":9031,"name":"目标达成"},"9032":{"desc":[{"name":"self","pic":"self","side":1,"text":"<font color=0x510505>真是奇迹！世上还有什么难题能困扰你吗？</font>"}],"id":9032,"name":"目标达成"},"9041":{"desc":[{"name":"self","pic":"self","side":1,"text":"<font color=0x510505>如此轻易就通关了!我都想不出词汇赞叹你的杰出了</font>"}],"id":9041,"name":"目标达成"},"9042":{"desc":[{"name":"self","pic":"self","side":1,"text":"<font color=0x510505>这就通关了！？我怎么感觉我们不是在玩同一个游戏</font>"}],"id":9042,"name":"目标达成"},"91":{"desc":[{"name":"self","pic":"self","side":1,"text":"<font color=0x510505>啦啦啦，有花才叫花园嘛</font>"},{"name":"self","pic":"self","side":1,"text":"<font color=0x510505><font color=0x21781c>{chenghu}</font>，你说是这些花漂亮，还是我更漂亮？</font>"}],"id":91,"name":"种上鲜花"},"92":{"desc":[{"name":"self","pic":"self","side":1,"text":"<font color=0x510505>这些花圃太久没有修剪了，我们需要个专业的园丁来帮忙哦</font>"},{"icon":"img_dakuannan","name":"店主","pic":"","side":2,"text":"<font color=0x510505>您的吩咐，就是我的使命！</font>"}],"id":92,"name":"修剪花圃1"},"94":{"desc":[{"name":"self","pic":"self","side":1,"text":"<font color=0x510505>虽然修剪之后看着赏心悦目多了，但这工作量也太大了</font>"},{"icon":"img_dakuannan","name":"店主","pic":"","side":2,"text":"<font color=0x510505>您别急，全部修整好之后一定会有惊喜的</font>"}],"id":94,"name":"修剪花圃2"}}}