{"condition":{"1":{"des":"闯到{0}关","id":1,"params":"openformfunc id=11"},"100":{"des":"每日登陆游戏","id":100,"params":"openformfunc id=65"},"101":{"des":"完成{0}局游戏","id":101,"params":"openformfunc id=11"},"102":{"des":"累计在线{0}分钟","id":102,"params":"openformfunc id=49"},"103":{"des":"完成{0}次事件","id":103,"params":"openformfunc id=3"},"104":{"des":"拜访{0}名好友","id":104,"params":"openformfunc id=27"},"105":{"des":"购买任意{0}个礼包","id":105,"params":"openformfunc id=56"},"106":{"des":"转盘转{0}次","id":106,"params":"openformfunc id=19"},"107":{"des":"开启时装宝箱{0}次","id":107,"params":"openformfunc id=17"},"108":{"des":"进关携带{0}次道具","id":108,"params":"openformfunc id=11"},"109":{"des":"关卡中使用{0}次道具","id":109,"params":"openformfunc id=11"},"110":{"des":"完成{0}次分享","id":110,"params":"openformfunc id=64"},"2":{"des":"消耗{0}颗星星","id":2,"params":"openformfunc id=3"},"3":{"des":"房屋价值达到{0}/每小时","id":3,"params":"openformfunc id=3"},"4":{"des":"个人魅力达到{0}","id":4,"params":"openformfunc id=5"},"5":{"des":"好友数量达到{0}","id":5,"params":"openformfunc id=27"}}}