{"open":[{"guan":8,"huodong":1,"icon":"xingongneng_01","id":1,"name":"客人来了可以收礼"},{"guan":19,"huodong":12,"icon":"xingongneng_03","id":2,"name":"邀请好友可得大礼"},{"guan":40,"huodong":22,"icon":"xingongneng_05","id":3,"name":"每日转转幸运满值"},{"guan":1,"huodong":11,"icon":"xingongneng_02","id":4,"name":"每天上线领取大礼"},{"guan":1,"huodong":14,"icon":"xingongneng_08","id":5,"name":"开放邮件"},{"guan":2,"huodong":35,"icon":"xingongneng_16","id":6,"name":"有趣故事等你完成"},{"guan":6,"huodong":34,"icon":"xingongneng_07","id":7,"name":"每天定个小目标"},{"guan":16,"huodong":21,"icon":"xingongneng_04","id":8,"name":"可以更换衣服啦"},{"guan":15,"huodong":31,"icon":"xingongneng_12","id":9,"name":"可激活特殊大礼包"},{"guan":10,"huodong":61,"icon":"xingongneng_13","id":10,"name":"可以免费领钻咯"},{"guan":13,"huodong":32,"icon":"xingongneng_10","id":13,"name":"与好友一起分享钻石"},{"guan":14,"huodong":33,"icon":"xingongneng_11","id":14,"name":"与好友分享生命"},{"guan":22,"huodong":13,"icon":"xingongneng_09","id":15,"name":"去好友的家里看看吧"},{"huodong":23,"icon":"xingongneng_17","id":17,"name":"装修房间","opentask":"map=1 day=1 task=11"},{"guan":7,"huodong":24,"icon":"xingongneng_18","id":18,"name":"每日任务"}]}