{"yindao":{"1":{"content":{"1":{"id":1,"text":"<font color=0x661212>点击</font><font color=0xd32121>右下角闯关</font><font color=0x661212>，用您的智慧，尽快将我们的小屋打理的更美丽吧</font>"}},"guan":1,"id":1,"name":"欢迎来到美少女梦工厂","type":2},"10":{"content":{"1":{"id":1,"text":"<font color=0x661212>平时多关注下小目标哦，会有阶段大礼给您</font>"},"2":{"id":2,"text":"<font color=0x661212>快来领取你的奖励吧</font>"}},"guan":3,"id":10,"name":"达成目标","type":1},"101":{"content":{"1":{"id":1,"text":"<font color=0x661212>时不时点开这里，就能收到好友们给的礼物了</font>"},"2":{"id":2,"text":"<font color=0x661212>在线时候的礼物集中在这领取，离线也会累积礼物</font>"}},"guan":0,"id":101,"name":"客人来家里您可以收礼物啦！","type":1},"102":{"content":{"1":{"id":1,"text":"<font color=0x661212>现在可以给我更换衣服了哦，打开衣柜看看吧</font>"},"2":{"id":2,"text":"<font color=0x661212>获得新衣服可以在箱子中获得哦，打开看看吧</font>"},"3":{"id":3,"text":"<font color=0x661212>看看我们能获得哪些漂亮的衣服</font>"}},"guan":0,"id":102,"name":"衣柜开放引导","type":1},"103":{"content":{"1":{"id":1,"text":"<font color=0x661212>可以添加好友了，好友多了会有不少额外奖励</font>"},"2":{"id":2,"text":"<font color=0x661212>这里可以获得更多好友哦</font>"},"3":{"id":3,"text":"<font color=0x661212>点击打开菜单栏</font>"}},"guan":0,"id":103,"name":"好友开放引导","type":1},"104":{"content":{"1":{"id":1,"text":"<font color=0x661212>看看每日的幸运是否能降临到你身上吧</font>"},"2":{"id":2,"text":"<font color=0x661212>点击转转盘，每天都有不同惊喜哦</font>"}},"guan":0,"id":104,"name":"转盘开放引导","type":1},"2":{"content":{"1":{"id":1,"text":"<font color=0x661212>点击</font><font color=0xd32121>事件按钮</font><font color=0x661212>，和您的访客一起查看</font><font color=0xd32121>待办事项</font>"},"2":{"id":2,"text":"<font color=0x661212>星星可以让您的房间更美丽</font>"}},"guan":2,"id":2,"name":"升级电视","type":1},"202":{"content":{"1":{"id":1,"text":"<font color=0x661212>灰尘怎么那么大，让我感觉回到了冬天的北京！麻烦搭把手，我们先把灰尘清扫干净吧！</font>"}},"guan":3,"id":202,"name":"引导点击任务","type":1},"203":{"content":{"1":{"id":1,"text":"<font color=0x661212>房东，我大清还没亡吗？居然连一个</font><font color=0xd32121>电视机</font><font color=0x661212>都没有，简直不能忍！</font>"}},"guan":3,"id":203,"name":"引导点击任务","type":1},"204":{"content":{"1":{"id":1}},"guan":4,"id":204,"name":"引导点击任务","type":1},"205":{"content":{"1":{"id":1}},"guan":5,"id":205,"name":"引导点击任务","type":1},"3":{"content":{"1":{"id":1,"text":"<font color=0x661212>现在可以使用增强道具啦,选中的道具，进关后会把他们召唤出来</font>"}},"guan":14,"id":3,"name":"火箭炸弹","type":1},"301":{"content":{"1":{"id":1,"text":"<font color=0x661212>携带一个火箭加炸弹能有效帮助你通关哦</font>"}},"guan":14,"id":301,"name":"闯关失败引导火箭炸弹","type":1},"302":{"content":{"1":{"id":1,"text":"<font color=0x661212>携带一个彩虹球能有效帮助你通关哦</font>"}},"guan":14,"id":302,"name":"闯关失败引导彩虹球","type":1},"303":{"content":{"1":{"id":1,"text":"<font color=0x661212>使用一个增加步数道具能有效帮助你通关哦</font>"}},"guan":14,"id":303,"name":"闯关失败引导增加步数","type":1},"4":{"content":{"1":{"id":1,"text":"<font color=0x661212>小锤子可以对任意格子进行一次攻击，不消耗步数哦</font>"},"2":{"id":2,"text":"<font color=0x661212>尝试使用小锤子，砸开这个障碍吧</font>"}},"guan":10,"id":4,"name":"使用道具","type":1},"401":{"content":{"1":{"id":1,"text":"<font color=0x661212>星星累积的足够多了呢，先把电视区升到满级吧！</font>"}},"guan":9,"id":401,"name":"第九关满级家具引导","type":1},"5":{"content":{"1":{"id":1,"text":"<font color=0x661212>使用道具,进入关卡后会额外召唤一个彩虹球!</font>"}},"guan":17,"id":5,"name":"使用彩虹球","type":1},"6":{"content":{"1":{"id":1,"text":"<font color=0x661212>恭喜你开放了新的道具耙子,可以对大十字格发动攻击哦</font>"},"2":{"id":2,"text":"<font color=0x661212>用大耙子来攻击这里,看看会发生什么</font>"}},"guan":26,"id":6,"name":"使用耙子","type":1},"7":{"content":{"1":{"id":1,"text":"<font color=0x661212>双倍飞机开放了哦，关卡中所有飞机变成双倍</font>"},"2":{"id":2,"text":"<font color=0x661212>点击开始游戏</font>"}},"guan":28,"id":7,"name":"使用双飞机","type":1},"8":{"content":{"1":{"id":1,"text":"<font color=0x661212>手套可以任意移动棋子,并且不消耗步数</font>"},"2":{"id":2,"text":"<font color=0x661212>点击第一个棋子</font>"},"3":{"id":3,"text":"<font color=0x661212>点击第二个棋子</font>"}},"guan":31,"id":8,"name":"使用手套","type":1},"9":{"content":{"1":{"id":1,"text":"<font color=0x661212>进关前带上它，每关都可额外增加步数哦</font>"},"2":{"id":2,"text":"<font color=0x661212>点击开始游戏</font>"}},"guan":40,"id":9,"name":"增加步数","type":1}}}