{"card":{"2":{"desc":[{"text":"<font color=0x7a1414>每次过关额外增加</font><font color=0x44c10d>50金币</font>"},{"text":"<font color=0x7a1414>金币时装箱，每日</font><font color=0x44c10d>降价1档</font>"},{"text":"<font color=0x7a1414>离线金币奖励</font><font color=0x44c10d>+50%</font>"}],"fun":[{"id":1,"name":"过关结算加钱权利","num":50},{"id":2,"name":"金币时装箱每天减少的购买次数","num":1},{"id":3,"name":"离线金币的奖励增加百分比","num":50}],"icon1":"img_yuekabox1","icon2":"img_yuekabox2","id":2,"lastday":30,"name":"月卡","reward":[{"objid":3,"objnum":20},{"objid":1,"objnum":2000}]},"3":{"desc":[{"text":"<font color=0x7a1414>每次过关额外增加</font><font color=0x44c10d>100金币</font>"},{"text":"<font color=0x7a1414>离线金币奖励</font><font color=0x44c10d>+100%</font>"}],"fun":[{"id":1,"name":"过关结算加钱权利","num":100},{"id":3,"name":"离线金币的奖励增加百分比","num":100}],"icon1":"img_yuekabox3","icon2":"img_yuekabox2","id":3,"lastday":100000,"name":"终生卡","reward":[{"objid":3,"objnum":30},{"objid":12,"objnum":1}]}}}