{"box":[{"day":{"1":{"dang":20,"id":1,"zhe":8},"2":{"dang":21,"id":2,"zhe":6},"3":{"dang":22,"id":3,"zhe":4},"5":{"dang":23,"id":5,"zhe":1}},"id":1,"intervalTime":2,"openpass":999,"reward":[{"objid":100001,"objnum":5},{"objid":100002,"objnum":5},{"objid":100003,"objnum":5},{"objid":100004,"objnum":5}]},{"day":{"1":{"dang":20,"id":1,"zhe":8},"2":{"dang":21,"id":2,"zhe":6},"3":{"dang":22,"id":3,"zhe":4},"5":{"dang":23,"id":5,"zhe":1}},"id":2,"intervalObjNum":10,"intervalTime":86400,"reward":[{"objid":100001,"objnum":5},{"objid":100002,"objnum":5},{"objid":100003,"objnum":5},{"objid":100004,"objnum":5}]},{"day":{"1":{"dang":20,"id":1,"zhe":8},"2":{"dang":21,"id":2,"zhe":6},"3":{"dang":22,"id":3,"zhe":4},"5":{"dang":23,"id":5,"zhe":1}},"id":3,"intervalObjNum":10,"intervalTime":86400,"reward":[{"objid":100001,"objnum":5},{"objid":100002,"objnum":5},{"objid":100003,"objnum":5},{"objid":100004,"objnum":5}]}]}