{"frameRate":30,"name":"2Tcanliu","version":"5.5","compatibleVersion":"5.5","armature":[{"type":"Armature","frameRate":30,"name":"2Tcanliu","aabb":{"x":-17,"y":-359.76,"width":45.19,"height":509.63},"bone":[{"name":"root"},{"name":"weizhi","parent":"root","transform":{"y":162.04}},{"name":"LZ1","parent":"weizhi","transform":{"y":-324.86}},{"name":"LZ6","parent":"weizhi","transform":{"y":-153.14,"scY":-1}},{"name":"LZ16","parent":"weizhi","transform":{"y":-380.83,"scX":-1}},{"name":"sx","parent":"weizhi","transform":{"y":-162.04,"scX":0.6}},{"name":"LZ11","parent":"weizhi","transform":{"y":-137.88,"scX":-1}},{"name":"LZ21","parent":"weizhi","transform":{"y":-380.83,"scX":-1}},{"name":"LZ5","parent":"LZ1","transform":{"y":-128.47}},{"name":"LZ2","parent":"LZ1"},{"name":"LZ9","parent":"LZ6","transform":{"y":-50.88}},{"name":"LZ4","parent":"LZ1","transform":{"y":-50.88}},{"name":"LZ3","parent":"LZ1","transform":{"y":-128.47}},{"name":"LZ8","parent":"LZ6","transform":{"y":-128.47}},{"name":"LZ7","parent":"LZ6"},{"name":"LZ14","parent":"LZ11","transform":{"y":-50.88}},{"name":"LZ15","parent":"LZ11","transform":{"y":-128.47}},{"name":"LZ10","parent":"LZ6","transform":{"y":-128.47}},{"name":"LZ17","parent":"LZ16"},{"name":"LZ18","parent":"LZ16","transform":{"y":-128.47}},{"name":"LZ19","parent":"LZ16","transform":{"y":-50.88}},{"name":"LZ20","parent":"LZ16","transform":{"y":-128.47}},{"name":"LZ12","parent":"LZ11"},{"name":"LZ22","parent":"LZ21","transform":{"y":91.76}},{"name":"LZ23","parent":"LZ21","transform":{"y":133.37}},{"name":"LZ24","parent":"LZ21","transform":{"y":304.96}},{"name":"LZ25","parent":"LZ21","transform":{"x":-11.19,"y":-24.78}},{"name":"LZ13","parent":"LZ11","transform":{"y":-128.47}}],"slot":[{"displayIndex":-1,"name":"sx","parent":"sx"},{"blendMode":"add","name":"point01","parent":"LZ2"},{"blendMode":"add","name":"point4","parent":"LZ7"},{"blendMode":"add","name":"point8","parent":"LZ12"},{"blendMode":"add","name":"point12","parent":"LZ17"},{"blendMode":"add","name":"point16","parent":"LZ22"},{"blendMode":"add","name":"point2","parent":"LZ4"},{"blendMode":"add","name":"point6","parent":"LZ9"},{"blendMode":"add","name":"point10","parent":"LZ14"},{"blendMode":"add","name":"point14","parent":"LZ19"},{"blendMode":"add","name":"point18","parent":"LZ24"},{"blendMode":"add","name":"point1","parent":"LZ3"},{"blendMode":"add","name":"point5","parent":"LZ8"},{"blendMode":"add","name":"point9","parent":"LZ13"},{"blendMode":"add","name":"point13","parent":"LZ18"},{"blendMode":"add","name":"point17","parent":"LZ23"},{"blendMode":"add","name":"point3","parent":"LZ5"},{"blendMode":"add","name":"point7","parent":"LZ10"},{"blendMode":"add","name":"point11","parent":"LZ15"},{"blendMode":"add","name":"point15","parent":"LZ20"},{"blendMode":"add","name":"point19","parent":"LZ25"}],"skin":[{"slot":[{"name":"point9","display":[{"name":"point01"}]},{"name":"point11","display":[{"name":"point01"}]},{"name":"point17","display":[{"name":"point"}]},{"name":"point5","display":[{"name":"point01"}]},{"name":"point1","display":[{"name":"point01"}]},{"name":"point14","display":[{"name":"point01"}]},{"name":"point4","display":[{"name":"point01"}]},{"name":"point6","display":[{"name":"point01"}]},{"name":"point8","display":[{"name":"point01"}]},{"name":"point19","display":[{"name":"point"}]},{"name":"point01","display":[{"name":"point01"}]},{"name":"point7","display":[{"name":"point01"}]},{"name":"point13","display":[{"name":"point01"}]},{"name":"point3","display":[{"name":"point01"}]},{"name":"point18","display":[{"name":"point"}]},{"name":"point10","display":[{"name":"point01"}]},{"name":"point16","display":[{"name":"point"}]},{"name":"point12","display":[{"name":"point01"}]},{"name":"point2","display":[{"name":"point01"}]},{"name":"sx","display":[{"name":"38/xz_03"},{"name":"38/xz_04"}]},{"name":"point15","display":[{"name":"point01"}]}]}],"animation":[{"duration":30,"name":"animation","bone":[{"name":"sx","translateFrame":[{"duration":3,"tweenEasing":0},{"duration":4,"tweenEasing":0,"y":-235.97},{"duration":4,"tweenEasing":0,"y":89.97},{"duration":19,"y":-235.63}],"scaleFrame":[{"duration":3,"tweenEasing":0,"x":0.67},{"duration":4,"tweenEasing":0,"x":0.67},{"duration":4,"tweenEasing":0,"x":0.67,"y":6},{"duration":19,"x":0.67,"y":14}]},{"name":"LZ2","translateFrame":[{"duration":13,"tweenEasing":0},{"duration":9,"tweenEasing":0},{"duration":8,"x":66.14,"y":-39.43}],"scaleFrame":[{"duration":13,"tweenEasing":0},{"duration":9,"tweenEasing":0},{"duration":8,"x":0,"y":0}]},{"name":"LZ3","translateFrame":[{"duration":13,"tweenEasing":0},{"duration":13,"tweenEasing":0},{"duration":4,"x":67.42,"y":-62.33}],"scaleFrame":[{"duration":13,"tweenEasing":0},{"duration":13,"tweenEasing":0,"x":0.8,"y":0.8},{"duration":4,"x":0,"y":0}]},{"name":"LZ4","translateFrame":[{"duration":13,"tweenEasing":0},{"duration":13,"tweenEasing":0,"y":-38.16},{"duration":4,"x":69.96,"y":3.82}],"scaleFrame":[{"duration":13,"tweenEasing":0},{"duration":13,"tweenEasing":0,"x":0.6,"y":0.6},{"duration":4,"x":0,"y":0}]},{"name":"LZ5","translateFrame":[{"duration":16,"tweenEasing":0},{"duration":11,"tweenEasing":0,"x":-12.72,"y":34.34},{"duration":3,"x":12.72,"y":-62.33}],"scaleFrame":[{"duration":16,"tweenEasing":0},{"duration":11,"tweenEasing":0,"x":0.8,"y":0.8},{"duration":3,"x":0,"y":0}]},{"name":"LZ7","translateFrame":[{"duration":13,"tweenEasing":0},{"duration":9,"tweenEasing":0},{"duration":8,"x":66.14,"y":-39.43}],"scaleFrame":[{"duration":13,"tweenEasing":0},{"duration":9,"tweenEasing":0},{"duration":8,"x":0,"y":0}]},{"name":"LZ8","translateFrame":[{"duration":13,"tweenEasing":0},{"duration":13,"tweenEasing":0},{"duration":4,"x":67.42,"y":-62.33}],"scaleFrame":[{"duration":13,"tweenEasing":0},{"duration":13,"tweenEasing":0,"x":0.8,"y":0.8},{"duration":4,"x":0,"y":0}]},{"name":"LZ9","translateFrame":[{"duration":13,"tweenEasing":0},{"duration":13,"tweenEasing":0,"y":-38.16},{"duration":4,"x":69.96,"y":3.82}],"scaleFrame":[{"duration":13,"tweenEasing":0},{"duration":13,"tweenEasing":0,"x":0.6,"y":0.6},{"duration":4,"x":0,"y":0}]},{"name":"LZ10","translateFrame":[{"duration":16,"tweenEasing":0},{"duration":11,"tweenEasing":0,"x":-12.72,"y":34.34},{"duration":3,"x":12.72,"y":-62.33}],"scaleFrame":[{"duration":16,"tweenEasing":0},{"duration":11,"tweenEasing":0,"x":0.8,"y":0.8},{"duration":3,"x":0,"y":0}]},{"name":"LZ12","translateFrame":[{"duration":13,"tweenEasing":0},{"duration":9,"tweenEasing":0},{"duration":8,"x":66.14,"y":-39.43}],"scaleFrame":[{"duration":13,"tweenEasing":0},{"duration":9,"tweenEasing":0},{"duration":8,"x":0,"y":0}]},{"name":"LZ13","translateFrame":[{"duration":13,"tweenEasing":0},{"duration":13,"tweenEasing":0},{"duration":4,"x":67.42,"y":-62.33}],"scaleFrame":[{"duration":13,"tweenEasing":0},{"duration":13,"tweenEasing":0,"x":0.8,"y":0.8},{"duration":4,"x":0,"y":0}]},{"name":"LZ14","translateFrame":[{"duration":13,"tweenEasing":0},{"duration":13,"tweenEasing":0,"y":-38.16},{"duration":4,"x":69.96,"y":3.82}],"scaleFrame":[{"duration":13,"tweenEasing":0},{"duration":13,"tweenEasing":0,"x":0.6,"y":0.6},{"duration":4,"x":0,"y":0}]},{"name":"LZ15","translateFrame":[{"duration":16,"tweenEasing":0},{"duration":11,"tweenEasing":0,"x":-12.72,"y":34.34},{"duration":3,"x":12.72,"y":-62.33}],"scaleFrame":[{"duration":16,"tweenEasing":0},{"duration":11,"tweenEasing":0,"x":0.8,"y":0.8},{"duration":3,"x":0,"y":0}]},{"name":"LZ17","translateFrame":[{"duration":13,"tweenEasing":0},{"duration":9,"tweenEasing":0},{"duration":8,"x":66.14,"y":-39.43}],"scaleFrame":[{"duration":13,"tweenEasing":0},{"duration":9,"tweenEasing":0},{"duration":8,"x":0,"y":0}]},{"name":"LZ18","translateFrame":[{"duration":13,"tweenEasing":0},{"duration":13,"tweenEasing":0},{"duration":4,"x":67.42,"y":-62.33}],"scaleFrame":[{"duration":13,"tweenEasing":0},{"duration":13,"tweenEasing":0,"x":0.8,"y":0.8},{"duration":4,"x":0,"y":0}]},{"name":"LZ19","translateFrame":[{"duration":13,"tweenEasing":0},{"duration":13,"tweenEasing":0,"y":-38.16},{"duration":4,"x":69.96,"y":3.82}],"scaleFrame":[{"duration":13,"tweenEasing":0},{"duration":13,"tweenEasing":0,"x":0.6,"y":0.6},{"duration":4,"x":0,"y":0}]},{"name":"LZ20","translateFrame":[{"duration":16,"tweenEasing":0},{"duration":11,"tweenEasing":0,"x":-12.72,"y":34.34},{"duration":3,"x":12.72,"y":-62.33}],"scaleFrame":[{"duration":16,"tweenEasing":0},{"duration":11,"tweenEasing":0,"x":0.8,"y":0.8},{"duration":3,"x":0,"y":0}]},{"name":"LZ22","translateFrame":[{"duration":13,"tweenEasing":0},{"duration":13,"tweenEasing":0,"y":89.52},{"duration":4,"x":48.99,"y":115.74}],"scaleFrame":[{"duration":13,"tweenEasing":0},{"duration":13,"tweenEasing":0,"x":1.4,"y":1.4},{"duration":4,"x":0.5,"y":0.5}]},{"name":"LZ23","translateFrame":[{"duration":13,"tweenEasing":0},{"duration":16,"tweenEasing":0},{"x":-80.75,"y":-62.33}],"rotateFrame":[{"duration":13,"tweenEasing":0},{"duration":16,"tweenEasing":0},{"rotate":52.8}],"scaleFrame":[{"duration":13,"tweenEasing":0},{"duration":16,"tweenEasing":0,"x":1.2,"y":1.2},{"x":0.6,"y":0.6}]},{"name":"LZ24","translateFrame":[{"duration":13,"tweenEasing":0},{"duration":17,"tweenEasing":0,"y":-38.16},{"duration":0,"x":69.96,"y":3.82}],"scaleFrame":[{"duration":13,"tweenEasing":0},{"duration":17,"tweenEasing":0},{"duration":0,"x":0,"y":0}]},{"name":"LZ25","translateFrame":[{"duration":16,"tweenEasing":0},{"duration":14,"tweenEasing":0,"x":-12.72,"y":34.34},{"duration":0,"x":12.72,"y":-62.33}],"scaleFrame":[{"duration":16,"tweenEasing":0},{"duration":14,"tweenEasing":0,"x":1.3,"y":1.3},{"duration":0,"x":0.4,"y":0.4}]},{"name":"weizhi","translateFrame":[{"duration":30,"y":-185.59}]}],"slot":[{"name":"point01","displayFrame":[{"duration":13,"value":-1},{"duration":17}]},{"name":"point1","displayFrame":[{"duration":13,"value":-1},{"duration":17}]},{"name":"point2","displayFrame":[{"duration":13,"value":-1},{"duration":17}]},{"name":"point3","displayFrame":[{"duration":16,"value":-1},{"duration":14}]},{"name":"point4","displayFrame":[{"duration":13,"value":-1},{"duration":17}]},{"name":"point5","displayFrame":[{"duration":13,"value":-1},{"duration":17}]},{"name":"point6","displayFrame":[{"duration":13,"value":-1},{"duration":17}]},{"name":"point7","displayFrame":[{"duration":16,"value":-1},{"duration":14}]},{"name":"point8","displayFrame":[{"duration":13,"value":-1},{"duration":17}]},{"name":"point9","displayFrame":[{"duration":13,"value":-1},{"duration":17}]},{"name":"point10","displayFrame":[{"duration":13,"value":-1},{"duration":17}]},{"name":"point11","displayFrame":[{"duration":16,"value":-1},{"duration":14}]},{"name":"point12","displayFrame":[{"duration":13,"value":-1},{"duration":17}]},{"name":"point13","displayFrame":[{"duration":13,"value":-1},{"duration":17}]},{"name":"point14","displayFrame":[{"duration":13,"value":-1},{"duration":17}]},{"name":"point15","displayFrame":[{"duration":16,"value":-1},{"duration":14}]},{"name":"point16","displayFrame":[{"duration":13,"value":-1},{"duration":17}],"colorFrame":[{"duration":13,"tweenEasing":0},{"duration":9,"tweenEasing":0,"value":{"aM":60}},{"duration":4,"tweenEasing":0,"value":{"aM":60}},{"duration":4,"value":{"aM":0}}]},{"name":"point17","displayFrame":[{"duration":13,"value":-1},{"duration":17}],"colorFrame":[{"duration":24,"tweenEasing":0},{"duration":5,"tweenEasing":0},{"value":{"aM":0}}]},{"name":"point18","displayFrame":[{"duration":13,"value":-1},{"duration":17}]},{"name":"point19","displayFrame":[{"duration":16,"value":-1},{"duration":14}],"colorFrame":[{"duration":16,"tweenEasing":0},{"duration":9,"tweenEasing":0,"value":{"aM":60}},{"duration":5,"tweenEasing":0,"value":{"aM":60}},{"duration":0,"value":{"aM":0}}]},{"name":"sx","displayFrame":[{"duration":7,"value":-1},{"duration":4},{"duration":4,"value":1},{"duration":3},{"duration":4,"value":1},{"duration":8,"value":-1}],"colorFrame":[{"duration":7,"tweenEasing":0},{"duration":11,"tweenEasing":0,"value":{"aM":60}},{"duration":4,"tweenEasing":0,"value":{"aM":60}},{"duration":8,"value":{"aM":0}}]}]}],"defaultActions":[{"gotoAndPlay":"animation"}]}]}