{"width":512,"SubTexture":[{"width":25,"y":123,"height":117,"name":"YAN/yan_03","x":292},{"frameHeight":120,"y":1,"frameWidth":27,"frameX":0,"width":26,"frameY":0,"height":120,"name":"YAN/yan_04","x":292},{"width":23,"y":123,"height":99,"name":"YAN/yan_00","x":319},{"width":67,"y":1,"height":179,"name":"ertijiao_00","x":223},{"width":64,"y":182,"height":55,"name":"ertijiao_01","x":223},{"width":92,"y":1,"height":254,"name":"guagnzhu","x":1},{"width":62,"y":1,"height":254,"name":"bai/bai_01","x":159},{"width":62,"y":1,"height":254,"name":"bai/bai_02","x":95}],"height":256,"name":"2Tguochen","imagePath":"2Tguochen_tex.png"}