{"frameRate":30,"name":"2Tguochen","version":"5.5","compatibleVersion":"5.5","armature":[{"type":"Armature","frameRate":30,"name":"2Tguochen","aabb":{"x":-46,"y":-127,"width":92,"height":254},"bone":[{"name":"root"},{"name":"ertijiao","parent":"root"},{"name":"etj","parent":"ertijiao"},{"name":"etj2","parent":"ertijiao","transform":{"scX":0.7}},{"name":"gz","parent":"ertijiao","transform":{"scX":0.7}},{"name":"yan","parent":"ertijiao","transform":{"scX":0.5}},{"name":"guangsu","parent":"etj","transform":{"scX":0.45}}],"slot":[{"displayIndex":-1,"name":"yan","parent":"yan","color":{"aM":67}},{"name":"ertijiao_2","parent":"etj2"},{"name":"ertijiao_01","parent":"etj"},{"blendMode":"add","name":"ertijiao_1","parent":"etj2"},{"blendMode":"add","name":"guagnzhu","parent":"gz"},{"blendMode":"add","displayIndex":-1,"name":"guangsu","parent":"guangsu"}],"skin":[{"slot":[{"name":"ertijiao_2","display":[{"name":"ertijiao_00"}]},{"name":"guangsu","display":[{"name":"bai/bai_01"},{"name":"bai/bai_02"}]},{"name":"guagnzhu","display":[{"name":"guagnzhu"}]},{"name":"ertijiao_1","display":[{"name":"ertijiao_00"}]},{"name":"ertijiao_01","display":[{"name":"ertijiao_01","transform":{"y":-12.61}}]},{"name":"yan","display":[{"name":"YAN/yan_00"},{"name":"YAN/yan_03"},{"name":"YAN/yan_04"}]}]}],"animation":[{"duration":31,"name":"animation","bone":[{"name":"etj2","translateFrame":[{"duration":31,"y":86.18}],"scaleFrame":[{"duration":31,"x":1.3,"y":1.3}]},{"name":"etj","scaleFrame":[{"duration":31,"x":1.2,"y":1.2}]},{"name":"ertijiao","translateFrame":[{"duration":31,"y":-160.3}]},{"name":"gz","translateFrame":[{"tweenEasing":0},{"tweenEasing":0,"y":128.44},{"tweenEasing":0,"y":246.91},{"duration":4,"tweenEasing":0,"y":246.91},{"duration":24,"y":594.95}],"scaleFrame":[{"tweenEasing":0},{"tweenEasing":0},{"tweenEasing":0,"y":2},{"duration":4,"tweenEasing":0,"x":1.2,"y":2.6},{"duration":24,"y":5}]},{"name":"yan","translateFrame":[{"duration":3,"tweenEasing":0,"y":59.15},{"duration":3,"tweenEasing":0,"y":111.69},{"duration":3,"tweenEasing":0,"y":253.53},{"duration":9,"tweenEasing":0,"y":350.45},{"duration":13,"y":440.63}],"scaleFrame":[{"duration":3,"tweenEasing":0,"x":3,"y":3.34},{"duration":3,"tweenEasing":0,"x":5,"y":5},{"duration":3,"tweenEasing":0,"x":5,"y":7},{"duration":9,"tweenEasing":0,"x":5,"y":8},{"duration":13,"x":5,"y":10}]},{"name":"guangsu","translateFrame":[{"duration":5,"tweenEasing":0,"y":122.18},{"duration":5,"tweenEasing":0,"y":404.83},{"duration":21,"y":448.94}],"scaleFrame":[{"duration":5,"tweenEasing":0},{"duration":5,"tweenEasing":0,"y":2},{"duration":21,"y":3}]}],"slot":[{"name":"ertijiao_1","colorFrame":[{"duration":8,"value":{"aM":20}},{"duration":7,"tweenEasing":0,"value":{"aM":20}},{"duration":16,"value":{"aM":0}}]},{"name":"ertijiao_01","colorFrame":[{"duration":10,"tweenEasing":0,"value":{"aM":70}},{"duration":4,"tweenEasing":0,"value":{"aM":70}},{"duration":17,"value":{"aM":0}}]},{"name":"ertijiao_2","colorFrame":[{"duration":8,"value":{"aM":30}},{"duration":7,"tweenEasing":0,"value":{"aM":30}},{"duration":16,"value":{"aM":0}}]},{"name":"guagnzhu","displayFrame":[{"value":-1},{"duration":30}],"colorFrame":[{"tweenEasing":0},{"duration":2,"tweenEasing":0,"value":{"aM":20}},{"duration":7,"value":{"aM":55}},{"duration":6,"tweenEasing":0,"value":{"aM":55}},{"duration":15,"value":{"aM":0}}]},{"name":"guangsu","displayFrame":[{"duration":5,"value":-1},{"duration":5},{"duration":21,"value":1}],"colorFrame":[{"duration":5,"tweenEasing":0},{"duration":20,"tweenEasing":0,"value":{"aM":50}},{"duration":2,"tweenEasing":0,"value":{"aM":50}},{"duration":4,"value":{"aM":0}}]},{"name":"yan","displayFrame":[{"duration":12},{"duration":3,"value":1},{"duration":16,"value":2}],"colorFrame":[{"duration":21,"tweenEasing":0,"value":{"aM":40}},{"duration":9,"tweenEasing":0,"value":{"aM":40}},{"value":{"aM":0}}]}],"zOrder":{"frame":[{"duration":31}]}}],"defaultActions":[{"gotoAndPlay":"animation"}]}]}