{"frameRate":30,"name":"2Tjh","version":"5.5","compatibleVersion":"5.5","armature":[{"type":"Armature","frameRate":30,"name":"2Tjh","aabb":{"x":-35,"y":-35,"width":70,"height":70},"bone":[{"name":"root"},{"name":"SF","parent":"root"},{"name":"2T","parent":"SF"},{"name":"2T2","parent":"SF"}],"slot":[{"name":"2Tjiao","parent":"2T"},{"blendMode":"add","name":"2Tjiao2","parent":"2T2"},{"name":"XK","parent":"root"}],"skin":[{"slot":[{"name":"2Tjiao","display":[{"name":"2Tjiao","path":"ertj"}]},{"name":"XK","display":[{"name":"XK"}]},{"name":"2Tjiao2","display":[{"name":"XK","path":"ertj"}]}]}],"animation":[{"duration":32,"name":"animation","bone":[{"name":"SF","rotateFrame":[{"duration":3,"tweenEasing":0,"rotate":-18},{"duration":3,"tweenEasing":0,"rotate":10},{"duration":3,"tweenEasing":0,"rotate":-18},{"duration":3,"tweenEasing":0,"rotate":10},{"duration":20}],"scaleFrame":[{"duration":12,"tweenEasing":0},{"duration":5,"tweenEasing":0},{"duration":5,"tweenEasing":0,"x":1.2,"y":1.2},{"duration":10}]},{"name":"2T2","scaleFrame":[{"duration":20,"tweenEasing":0},{"duration":12,"tweenEasing":0},{"duration":0,"x":1.4,"y":1.4}]}],"slot":[{"name":"2Tjiao2","colorFrame":[{"duration":16,"value":{"aM":0}},{"duration":6,"tweenEasing":0,"value":{"aM":0}},{"duration":10,"tweenEasing":0},{"duration":0,"value":{"aM":0}}]}]}],"defaultActions":[{"gotoAndPlay":"animation"}]}]}