{"frameRate":30,"name":"2Tqishi","version":"5.5","compatibleVersion":"5.5","armature":[{"type":"Armature","frameRate":30,"name":"2Tqishi","aabb":{"x":-34,"y":-47.1,"width":68,"height":199.38},"bone":[{"name":"root"},{"name":"ertijiao","parent":"root"},{"name":"etj","parent":"ertijiao"},{"name":"etj2","parent":"ertijiao"}],"slot":[{"name":"ertijiao_2","parent":"etj2"},{"name":"ertijiao_01","parent":"etj"},{"blendMode":"add","name":"ertijiao_1","parent":"etj2"}],"skin":[{"slot":[{"name":"ertijiao_1","display":[{"name":"ertijiao_00","transform":{"y":62.78}}]},{"name":"ertijiao_01","display":[{"name":"ertijiao_01","transform":{"y":-13.1}}]},{"name":"ertijiao_2","display":[{"name":"ertijiao_00","transform":{"y":62.78}}]}]}],"animation":[{"duration":16,"name":"animation","bone":[{"name":"etj2","scaleFrame":[{"duration":5,"tweenEasing":0,"y":0},{"duration":10,"tweenEasing":0,"x":1.12,"y":0},{"x":1.3,"y":1.3}]},{"name":"etj","scaleFrame":[{"duration":5,"tweenEasing":0,"y":0},{"duration":11,"x":1.2,"y":1.2}]},{"name":"ertijiao","translateFrame":[{"duration":5},{"duration":10,"tweenEasing":0},{"y":-160.33}]}],"slot":[{"name":"ertijiao_1","colorFrame":[{"duration":16,"value":{"aM":25}}]},{"name":"ertijiao_2","colorFrame":[{"duration":16,"value":{"aM":50}}]},{"name":"ertijiao_01","colorFrame":[{"duration":16},{"duration":0,"value":{"aM":70}}]}]}],"defaultActions":[{"gotoAndPlay":"animation"}]}]}