{"width":256,"SubTexture":[{"frameX":-47,"frameHeight":128,"y":81,"frameY":-15,"frameWidth":128,"width":33,"height":77,"name":"baiguang/baiguang_05","x":73},{"frameX":-47,"frameHeight":128,"y":167,"frameY":-15,"frameWidth":128,"width":35,"height":77,"name":"baiguang/baiguang_13","x":1},{"frameX":-47,"frameHeight":128,"y":154,"frameY":-15,"frameWidth":128,"width":32,"height":77,"name":"baiguang/baiguang_06","x":141},{"frameX":-47,"frameHeight":128,"y":165,"frameY":-14,"frameWidth":128,"width":32,"height":80,"name":"baiguang/baiguang_07","x":38},{"frameX":-47,"frameHeight":128,"y":86,"frameY":-15,"frameWidth":128,"width":34,"height":77,"name":"baiguang/baiguang_12","x":37},{"frameX":-47,"frameHeight":128,"y":1,"frameY":-16,"frameWidth":128,"width":33,"height":78,"name":"baiguang/baiguang_09","x":72},{"frameX":-48,"frameHeight":128,"y":1,"frameY":-15,"frameWidth":128,"width":32,"height":83,"name":"baiguang/baiguang_03","x":38},{"frameX":-48,"frameHeight":128,"y":165,"frameY":-16,"frameWidth":128,"width":32,"height":80,"name":"baiguang/baiguang_02","x":72},{"frameX":-47,"frameHeight":128,"y":1,"frameY":-16,"frameWidth":128,"width":34,"height":74,"name":"baiguang/baiguang_11","x":107},{"frameX":-48,"frameHeight":128,"y":160,"frameY":-16,"frameWidth":128,"width":33,"height":76,"name":"baiguang/baiguang_01","x":106},{"frameX":-47,"frameHeight":128,"y":83,"frameY":-16,"frameWidth":128,"width":34,"height":82,"name":"baiguang/baiguang_00","x":1},{"frameX":-47,"frameHeight":128,"y":154,"frameY":-15,"frameWidth":128,"width":32,"height":77,"name":"baiguang/baiguang_08","x":175},{"frameX":-47,"frameHeight":128,"y":1,"frameY":-16,"frameWidth":128,"width":33,"height":74,"name":"baiguang/baiguang_10","x":209},{"frameX":-47,"frameHeight":128,"y":1,"frameY":-15,"frameWidth":128,"width":35,"height":80,"name":"baiguang/baiguang_14","x":1},{"frameX":-47,"frameHeight":128,"y":77,"frameY":-15,"frameWidth":128,"width":33,"height":75,"name":"baiguang/baiguang_04","x":108}],"height":256,"name":"baiguang","imagePath":"baiguang_tex.png"}