{"frameRate":15,"name":"baiguang","version":"5.5","compatibleVersion":"5.5","armature":[{"type":"Armature","frameRate":15,"name":"baiguang","aabb":{"x":-64,"y":0.48,"width":128,"height":128},"bone":[{"name":"root"},{"name":"bone","parent":"root","transform":{"y":64.4767,"scX":2,"scY":2}}],"slot":[{"displayIndex":14,"name":"bone","parent":"bone"}],"skin":[{"slot":[{"name":"bone","display":[{"name":"baiguang/baiguang_14"},{"name":"baiguang/baiguang_13"},{"name":"baiguang/baiguang_12"},{"name":"baiguang/baiguang_11"},{"name":"baiguang/baiguang_10"},{"name":"baiguang/baiguang_09"},{"name":"baiguang/baiguang_08"},{"name":"baiguang/baiguang_07"},{"name":"baiguang/baiguang_06"},{"name":"baiguang/baiguang_05"},{"name":"baiguang/baiguang_04"},{"name":"baiguang/baiguang_03"},{"name":"baiguang/baiguang_02"},{"name":"baiguang/baiguang_01"},{"name":"baiguang/baiguang_00"}]}]}],"animation":[{"duration":15,"playTimes":0,"name":"baiguang","slot":[{"name":"bone","displayFrame":[{"value":14},{"value":13},{"value":12},{"value":11},{"value":10},{"value":9},{"value":8},{"value":7},{"value":6},{"value":5},{"value":4},{"value":3},{"value":2},{"value":1},{},{"duration":0,"value":14}]}]}],"defaultActions":[{"gotoAndPlay":"baiguang"}]}]}