{"SubTexture":[{"width":73,"y":474,"height":73,"name":"yan/yan_02","x":426},{"width":107,"y":334,"height":112,"name":"yan/yan_12","x":109},{"width":99,"y":474,"height":106,"name":"yan/yan_15","x":325},{"width":95,"y":210,"height":91,"name":"yan/yan_04","x":416},{"width":104,"y":448,"height":110,"name":"yan/yan_14","x":108},{"width":101,"y":368,"height":104,"name":"yan/yan_07","x":325},{"width":105,"y":368,"height":110,"name":"yan/yan_13","x":218},{"width":106,"y":218,"height":114,"name":"yan/yan_10","x":109},{"width":104,"y":449,"height":106,"name":"yan/yan_08","x":1},{"width":89,"y":560,"height":88,"name":"yan/yan_03","x":106},{"width":106,"y":218,"height":117,"name":"yan/yan_11","x":1},{"width":39,"y":218,"height":38,"name":"yan/yan_00","x":217},{"width":105,"y":337,"height":110,"name":"yan/yan_09","x":1},{"width":103,"y":557,"height":103,"name":"yan/yan_06","x":1},{"width":52,"y":303,"height":49,"name":"yan/yan_01","x":416},{"width":99,"y":480,"height":98,"name":"yan/yan_05","x":214},{"width":255,"y":1,"height":215,"name":"ci_00","x":1},{"width":156,"y":210,"height":156,"name":"glow_00","x":258},{"width":207,"y":1,"height":207,"name":"huan_00","x":258}],"width":512,"height":1024,"name":"baozha","imagePath":"baozha_tex.png"}