{"width":1024,"imagePath":"bing_tex.png","SubTexture":[{"frameWidth":512,"y":190,"frameHeight":512,"width":347,"frameX":-51,"height":165,"name":"bing/bing_19","frameY":-170,"x":671},{"frameWidth":512,"y":541,"frameHeight":512,"width":246,"frameX":-123,"height":161,"name":"bing/bing_09","frameY":-79,"x":574},{"frameWidth":512,"y":376,"frameHeight":512,"width":353,"frameX":-46,"height":147,"name":"bing/bing_20","frameY":-202,"x":295},{"frameWidth":512,"y":556,"frameHeight":512,"width":262,"frameX":-113,"height":168,"name":"bing/bing_10","frameY":-77,"x":1},{"frameWidth":512,"y":704,"frameHeight":512,"width":352,"frameX":-42,"height":101,"name":"bing/bing_21","frameY":-219,"x":574},{"frameWidth":512,"y":376,"frameHeight":512,"width":292,"frameX":-95,"height":178,"name":"bing/bing_12","frameY":-80,"x":1},{"frameWidth":512,"y":807,"frameHeight":512,"width":358,"frameX":-39,"height":91,"name":"bing/bing_22","frameY":-251,"x":497},{"frameWidth":512,"y":675,"frameHeight":512,"width":77,"frameX":-219,"height":80,"name":"bing/bing_01","frameY":-202,"x":928},{"frameWidth":512,"y":525,"frameHeight":512,"width":277,"frameX":-104,"height":174,"name":"bing/bing_11","frameY":-77,"x":295},{"frameWidth":512,"y":855,"frameHeight":512,"width":102,"frameX":-205,"height":92,"name":"bing/bing_02","frameY":-176,"x":389},{"frameWidth":512,"y":357,"frameHeight":512,"width":305,"frameX":-87,"height":182,"name":"bing/bing_13","frameY":-85,"x":671},{"frameWidth":512,"y":807,"frameHeight":512,"width":126,"frameX":-192,"height":102,"name":"bing/bing_03","frameY":-153,"x":857},{"frameWidth":512,"y":190,"frameHeight":512,"width":317,"frameX":-80,"height":184,"name":"bing/bing_14","frameY":-92,"x":1},{"frameWidth":512,"y":871,"frameHeight":512,"width":150,"frameX":-180,"height":111,"name":"bing/bing_04","frameY":-135,"x":1},{"frameWidth":512,"y":188,"frameHeight":512,"width":328,"frameX":-73,"height":186,"name":"bing/bing_15","frameY":-101,"x":341},{"frameWidth":512,"y":855,"frameHeight":512,"width":171,"frameX":-170,"height":121,"name":"bing/bing_05","frameY":-119,"x":216},{"frameWidth":512,"y":1,"frameHeight":512,"width":338,"frameX":-67,"height":187,"name":"bing/bing_16","frameY":-111,"x":1},{"frameWidth":512,"y":541,"frameHeight":512,"width":192,"frameX":-158,"height":132,"name":"bing/bing_06","frameY":-104,"x":822},{"frameWidth":512,"y":1,"frameHeight":512,"width":332,"frameX":-62,"height":187,"name":"bing/bing_17","frameY":-123,"x":683},{"frameWidth":512,"y":726,"frameHeight":512,"width":213,"frameX":-145,"height":143,"name":"bing/bing_07","frameY":-93,"x":1},{"frameWidth":512,"y":1,"frameHeight":512,"width":340,"frameX":-56,"height":185,"name":"bing/bing_18","frameY":-137,"x":341},{"frameWidth":512,"y":701,"frameHeight":512,"width":230,"frameX":-134,"height":152,"name":"bing/bing_08","frameY":-85,"x":265}],"height":1024,"name":"bing"}