{"frameRate":30,"name":"bing","version":"5.5","compatibleVersion":"5.5","armature":[{"type":"Armature","frameRate":30,"name":"bing","bone":[{"name":"root"},{"name":"bing","parent":"root"}],"slot":[{"displayIndex":-1,"name":"bing","parent":"bing"}],"skin":[{"slot":[{"name":"bing","display":[{"name":"bing/bing_01"},{"name":"bing/bing_02"},{"name":"bing/bing_03"},{"name":"bing/bing_04"},{"name":"bing/bing_05"},{"name":"bing/bing_06"},{"name":"bing/bing_07"},{"name":"bing/bing_08"},{"name":"bing/bing_09"},{"name":"bing/bing_10"},{"name":"bing/bing_11"},{"name":"bing/bing_12"},{"name":"bing/bing_13"},{"name":"bing/bing_14"},{"name":"bing/bing_15"},{"name":"bing/bing_16"},{"name":"bing/bing_17"},{"name":"bing/bing_18"},{"name":"bing/bing_19"},{"name":"bing/bing_20"},{"name":"bing/bing_21"},{"name":"bing/bing_22"}]}]}],"animation":[{"duration":23,"name":"bing","slot":[{"name":"bing","displayFrame":[{},{"value":1},{"value":2},{"value":3},{"value":4},{"value":5},{"value":6},{"value":7},{"value":8},{"value":9},{"value":10},{"value":11},{"value":12},{"value":13},{"value":14},{"value":15},{"value":16},{"value":17},{"value":18},{"value":19},{"value":20},{"duration":2,"value":21},{"duration":0,"value":-1}]}]}],"defaultActions":[{"gotoAndPlay":"bing"}]}]}