{"imagePath":"caihonghe_tex.png","width":1024,"SubTexture":[{"frameY":-36,"y":374,"frameWidth":256,"frameX":-36,"frameHeight":256,"width":186,"height":183,"name":"hecheng/hecheng_05","x":375},{"frameY":-36,"y":1,"frameWidth":256,"frameX":-36,"frameHeight":256,"width":184,"height":185,"name":"hecheng/hecheng_10","x":259},{"width":256,"y":259,"height":256,"name":"hecheng/hecheng_00","x":1},{"frameY":-36,"y":188,"frameWidth":256,"frameX":-35,"frameHeight":256,"width":185,"height":184,"name":"hecheng/hecheng_11","x":259},{"frameY":-37,"y":373,"frameWidth":256,"frameX":-36,"frameHeight":256,"width":186,"height":182,"name":"hecheng/hecheng_06","x":563},{"frameY":-34,"y":704,"frameWidth":256,"frameX":-36,"frameHeight":256,"width":184,"height":186,"name":"hecheng/hecheng_01","x":1},{"frameY":-36,"y":517,"frameWidth":256,"frameX":-35,"frameHeight":256,"width":185,"height":184,"name":"hecheng/hecheng_12","x":188},{"frameY":-37,"y":188,"frameWidth":256,"frameX":-36,"frameHeight":256,"width":186,"height":183,"name":"hecheng/hecheng_07","x":446},{"frameY":-35,"y":1,"frameWidth":256,"frameX":-37,"frameHeight":256,"width":184,"height":185,"name":"hecheng/hecheng_02","x":559},{"frameY":-35,"y":1,"frameWidth":256,"frameX":-35,"frameHeight":256,"width":183,"height":184,"name":"hecheng/hecheng_13","x":747},{"frameY":-36,"y":517,"frameWidth":256,"frameX":-36,"frameHeight":256,"width":185,"height":185,"name":"hecheng/hecheng_08","x":1},{"frameY":-36,"y":559,"frameWidth":256,"frameX":-36,"frameHeight":256,"width":186,"height":183,"name":"hecheng/hecheng_04","x":559},{"frameY":-35,"y":704,"frameWidth":256,"frameX":-36,"frameHeight":256,"width":184,"height":186,"name":"hecheng/hecheng_09","x":187},{"frameY":-35,"y":703,"frameWidth":256,"frameX":-37,"frameHeight":256,"width":184,"height":185,"name":"hecheng/hecheng_03","x":373},{"frameY":-39,"y":187,"frameWidth":256,"frameX":-39,"frameHeight":256,"width":175,"height":177,"name":"hecheng/hecheng_14","x":747},{"width":256,"y":1,"height":256,"name":"hecheng/hecheng_15","x":1},{"frameY":-50,"y":557,"frameWidth":256,"frameX":-47,"frameHeight":256,"width":157,"height":151,"name":"he_02","x":747},{"frameY":-52,"y":366,"frameWidth":256,"frameX":-52,"frameHeight":256,"width":152,"height":152,"name":"he_03","x":751},{"frameY":-54,"y":710,"frameWidth":256,"frameX":-54,"frameHeight":256,"width":149,"height":149,"name":"he_01","x":747}],"height":1024,"name":"caihonghe"}