{"frameRate":30,"name":"caihonghe","version":"5.5","compatibleVersion":"5.5","armature":[{"type":"Armature","frameRate":30,"name":"caihonghe","aabb":{"x":-128,"y":-128,"width":256,"height":256},"bone":[{"name":"root"},{"name":"he_01","parent":"root","transform":{"scX":1.2,"scY":1.2}},{"name":"he_02","parent":"root","transform":{"scX":1.2,"scY":1.2}},{"name":"he_03","parent":"root","transform":{"scX":1.2,"scY":1.2}},{"name":"hecheng","parent":"root"}],"slot":[{"blendMode":"add","displayIndex":15,"name":"hecheng","parent":"hecheng"},{"blendMode":"add","name":"he_02","parent":"he_02"},{"blendMode":"add","name":"he_03","parent":"he_03"},{"blendMode":"add","name":"he_01","parent":"he_01"}],"skin":[{"slot":[{"name":"he_02","display":[{"name":"he_02"}]},{"name":"he_03","display":[{"name":"he_03"}]},{"name":"he_01","display":[{"name":"he_01"}]},{"name":"hecheng","display":[{"name":"hecheng/hecheng_00"},{"name":"hecheng/hecheng_01"},{"name":"hecheng/hecheng_02"},{"name":"hecheng/hecheng_03"},{"name":"hecheng/hecheng_04"},{"name":"hecheng/hecheng_05"},{"name":"hecheng/hecheng_06"},{"name":"hecheng/hecheng_07"},{"name":"hecheng/hecheng_08"},{"name":"hecheng/hecheng_09"},{"name":"hecheng/hecheng_10"},{"name":"hecheng/hecheng_11"},{"name":"hecheng/hecheng_12"},{"name":"hecheng/hecheng_13"},{"name":"hecheng/hecheng_14"},{"name":"hecheng/hecheng_15"}]}]}],"animation":[{"duration":40,"name":"caihonghe","bone":[{"name":"he_03","scaleFrame":[{"duration":25,"x":0.3,"y":0.3},{"duration":2,"tweenEasing":0,"x":0.3,"y":0.3},{"duration":13,"tweenEasing":0},{"duration":0,"x":1.3,"y":1.3}]},{"name":"he_02","scaleFrame":[{"duration":25,"x":0.66,"y":0.66},{"duration":4,"tweenEasing":0,"x":0.66,"y":0.66},{"duration":11,"tweenEasing":0,"x":1.4,"y":1.4},{"duration":0,"x":1.54,"y":1.54}]},{"name":"he_01","scaleFrame":[{"duration":20,"x":1.8,"y":1.8},{"duration":5,"tweenEasing":0,"x":1.8,"y":1.8},{"duration":3,"tweenEasing":0,"x":0.5,"y":0.5},{"duration":12,"x":0.3,"y":0.3}]}],"slot":[{"name":"he_01","colorFrame":[{"duration":20,"value":{"aM":0}},{"duration":2,"tweenEasing":0,"value":{"aM":0}},{"duration":3},{"duration":3,"tweenEasing":0},{"duration":12,"value":{"aM":0}}]},{"name":"he_02","colorFrame":[{"duration":25,"value":{"aM":0}},{"duration":2,"tweenEasing":0,"value":{"aM":0}},{"duration":13,"tweenEasing":0},{"duration":0,"value":{"aM":0}}]},{"name":"he_03","colorFrame":[{"duration":25,"value":{"aM":0}},{"duration":2,"tweenEasing":0,"value":{"aM":0}},{"duration":2},{"duration":11,"tweenEasing":0},{"duration":0,"value":{"aM":0}}]},{"name":"hecheng","displayFrame":[{"duration":2},{"duration":2,"value":1},{"duration":2,"value":2},{"duration":2,"value":3},{"duration":2,"value":4},{"duration":2,"value":5},{"duration":2,"value":6},{"duration":2,"value":7},{"duration":2,"value":8},{"duration":2,"value":9},{"duration":2,"value":10},{"duration":2,"value":11},{"duration":2,"value":12},{"duration":2,"value":13},{"duration":2,"value":14},{"duration":10,"value":15}]}]}],"defaultActions":[{"gotoAndPlay":"caihonghe"}]}]}