{"frameRate":30,"name":"change_glow","version":"5.5","compatibleVersion":"5.5","armature":[{"type":"Armature","frameRate":30,"name":"change_glow","bone":[{"name":"root"},{"name":"change_glow","parent":"root"}],"slot":[{"blendMode":"add","displayIndex":-1,"name":"change_glow","parent":"change_glow"}],"skin":[{"slot":[{"name":"change_glow","display":[{"name":"change_glow/change_glow_01"},{"name":"change_glow/change_glow_02"},{"name":"change_glow/change_glow_03"},{"name":"change_glow/change_glow_04"},{"name":"change_glow/change_glow_05"},{"name":"change_glow/change_glow_06"},{"name":"change_glow/change_glow_07"},{"name":"change_glow/change_glow_08"},{"name":"change_glow/change_glow_09"},{"name":"change_glow/change_glow_10"},{"name":"change_glow/change_glow_11"},{"name":"change_glow/change_glow_12"},{"name":"change_glow/change_glow_13"}]}]}],"animation":[{"duration":21,"name":"animation","slot":[{"name":"change_glow","displayFrame":[{"value":-1},{"duration":2},{"value":1},{"duration":2,"value":2},{"value":3},{"duration":2,"value":4},{"value":5},{"duration":2,"value":6},{"value":7},{"duration":2,"value":8},{"value":9},{"duration":2,"value":10},{"value":11},{"duration":2,"value":12},{"duration":0,"value":-1}]}]}],"defaultActions":[{"gotoAndPlay":"animation"}]}]}