{"width":512,"imagePath":"change_tex.png","height":512,"name":"change","SubTexture":[{"y":107,"frameX":-60,"frameHeight":256,"frameY":-79,"width":136,"frameWidth":256,"height":98,"name":"change/change_09","x":282},{"y":113,"frameX":-60,"frameHeight":256,"frameY":-77,"width":135,"frameWidth":256,"height":99,"name":"change/change_04","x":1},{"y":1,"frameX":-60,"frameHeight":256,"frameY":-79,"width":136,"frameWidth":256,"height":104,"name":"change/change_05","x":284},{"y":1,"frameX":-59,"frameHeight":256,"frameY":-79,"width":137,"frameWidth":256,"height":104,"name":"change/change_06","x":145},{"y":213,"frameX":-64,"frameHeight":256,"frameY":-83,"width":133,"frameWidth":256,"height":92,"name":"change/change_01","x":138},{"y":107,"frameX":-62,"frameHeight":256,"frameY":-79,"width":135,"frameWidth":256,"height":104,"name":"change/change_07","x":145},{"y":307,"frameX":-68,"frameHeight":256,"frameY":-79,"width":126,"frameWidth":256,"height":97,"name":"change/change_02","x":138},{"y":1,"frameX":-59,"frameHeight":256,"frameY":-73,"width":142,"frameWidth":256,"height":110,"name":"change/change_08","x":1},{"y":207,"frameX":-66,"frameHeight":256,"frameY":-77,"width":126,"frameWidth":256,"height":99,"name":"change/change_03","x":282}]}