{"width":512,"imagePath":"change_glow_tex.png","height":256,"name":"change_glow","SubTexture":[{"width":76,"y":78,"height":72,"name":"change_glow/change_glow_09","x":77},{"width":75,"y":78,"height":72,"name":"change_glow/change_glow_10","x":155},{"width":72,"y":1,"height":71,"name":"change_glow/change_glow_11","x":227},{"width":71,"y":1,"height":73,"name":"change_glow/change_glow_01","x":154},{"width":76,"y":155,"height":72,"name":"change_glow/change_glow_04","x":75},{"width":74,"y":152,"height":72,"name":"change_glow/change_glow_02","x":227},{"width":75,"y":1,"height":75,"name":"change_glow/change_glow_05","x":1},{"width":74,"y":1,"height":71,"name":"change_glow/change_glow_03","x":78},{"width":72,"y":152,"height":76,"name":"change_glow/change_glow_06","x":153},{"width":71,"y":74,"height":71,"name":"change_glow/change_glow_12","x":232},{"width":72,"y":155,"height":76,"name":"change_glow/change_glow_07","x":1},{"width":67,"y":1,"height":68,"name":"change_glow/change_glow_13","x":301},{"width":74,"y":78,"height":75,"name":"change_glow/change_glow_08","x":1}]}