{"frameRate":30,"name":"change","version":"5.5","compatibleVersion":"5.5","armature":[{"type":"Armature","frameRate":30,"name":"change","bone":[{"name":"root"},{"name":"change","parent":"root"}],"slot":[{"blendMode":"add","displayIndex":-1,"name":"change","parent":"change"}],"skin":[{"slot":[{"name":"change","display":[{"name":"change/change_01"},{"name":"change/change_02"},{"name":"change/change_03"},{"name":"change/change_04"},{"name":"change/change_05"},{"name":"change/change_06"},{"name":"change/change_07"},{"name":"change/change_08"},{"name":"change/change_09"}]}]}],"animation":[{"duration":9,"name":"change","slot":[{"name":"change","displayFrame":[{},{"value":1},{"value":2},{"value":3},{"value":4},{"value":5},{"value":6},{"value":7},{"value":8},{"duration":0,"value":-1}]}]}],"defaultActions":[{"gotoAndPlay":"change"}]}]}