{"frameRate":30,"name":"choice","version":"5.5","compatibleVersion":"5.5","armature":[{"type":"Armature","frameRate":30,"name":"choice","bone":[{"name":"root"},{"name":"choice","parent":"root"}],"slot":[{"blendMode":"add","displayIndex":-1,"name":"choice","parent":"choice"}],"skin":[{"slot":[{"name":"choice","display":[{"name":"choice"}]}]}],"animation":[{"duration":20,"name":"choice","slot":[{"name":"choice","displayFrame":[{"duration":20}],"colorFrame":[{"duration":10,"tweenEasing":0,"value":{"aM":0}},{"duration":10,"tweenEasing":0},{"duration":0,"value":{"aM":0}}]}]}],"defaultActions":[{"gotoAndPlay":"choice"}]}]}