{"frameRate":30,"name":"chuansong","version":"5.5","compatibleVersion":"5.5","armature":[{"type":"Armature","frameRate":30,"name":"chuansong","bone":[{"name":"root"},{"name":"bo_blue","parent":"root","transform":{"x":-1.53,"y":13.3}},{"name":"bo_yellow","parent":"root","transform":{"x":-1.53,"y":13.3}},{"name":"glow","parent":"root","transform":{"y":-11.85}}],"slot":[{"blendMode":"add","displayIndex":-1,"name":"bo_yellow","parent":"bo_yellow"},{"blendMode":"add","displayIndex":-1,"name":"bo_blue","parent":"bo_blue"},{"blendMode":"add","displayIndex":-1,"name":"glow","parent":"glow"}],"skin":[{"slot":[{"name":"glow","display":[{"name":"glow_blue"},{"name":"glow_yellow"}]},{"name":"bo_yellow","display":[{"name":"bo_yellow/bo_yellow_00"},{"name":"bo_yellow/bo_yellow_01"},{"name":"bo_yellow/bo_yellow_02"},{"name":"bo_yellow/bo_yellow_03"},{"name":"bo_yellow/bo_yellow_04"},{"name":"bo_yellow/bo_yellow_05"},{"name":"bo_yellow/bo_yellow_06"},{"name":"bo_yellow/bo_yellow_07"},{"name":"bo_yellow/bo_yellow_08"},{"name":"bo_yellow/bo_yellow_09"},{"name":"bo_yellow/bo_yellow_10"},{"name":"bo_yellow/bo_yellow_11"},{"name":"bo_yellow/bo_yellow_12"},{"name":"bo_yellow/bo_yellow_13"},{"name":"bo_yellow/bo_yellow_14"},{"name":"bo_yellow/bo_yellow_15"},{"name":"bo_yellow/bo_yellow_16"},{"name":"bo_yellow/bo_yellow_17"},{"name":"bo_yellow/bo_yellow_18"},{"name":"bo_yellow/bo_yellow_19"}]},{"name":"bo_blue","display":[{"name":"bo_blue/bo_blue_00"},{"name":"bo_blue/bo_blue_01"},{"name":"bo_blue/bo_blue_02"},{"name":"bo_blue/bo_blue_03"},{"name":"bo_blue/bo_blue_04"},{"name":"bo_blue/bo_blue_05"},{"name":"bo_blue/bo_blue_06"},{"name":"bo_blue/bo_blue_07"},{"name":"bo_blue/bo_blue_08"},{"name":"bo_blue/bo_blue_09"},{"name":"bo_blue/bo_blue_10"},{"name":"bo_blue/bo_blue_11"},{"name":"bo_blue/bo_blue_12"},{"name":"bo_blue/bo_blue_13"},{"name":"bo_blue/bo_blue_14"},{"name":"bo_blue/bo_blue_15"},{"name":"bo_blue/bo_blue_16"},{"name":"bo_blue/bo_blue_17"},{"name":"bo_blue/bo_blue_18"},{"name":"bo_blue/bo_blue_19"}]}]}],"animation":[{"duration":80,"name":"chongsong_blue","slot":[{"name":"bo_blue","displayFrame":[{"duration":2},{"duration":2,"value":1},{"duration":2,"value":2},{"duration":2,"value":3},{"duration":2,"value":4},{"duration":2,"value":5},{"duration":2,"value":6},{"duration":2,"value":7},{"duration":2,"value":8},{"duration":2,"value":9},{"duration":2,"value":10},{"duration":2,"value":11},{"duration":2,"value":12},{"duration":2,"value":13},{"duration":2,"value":14},{"duration":2,"value":15},{"duration":2,"value":16},{"duration":2,"value":17},{"duration":2,"value":18},{"duration":2,"value":19},{"duration":2},{"duration":2,"value":1},{"duration":2,"value":2},{"duration":2,"value":3},{"duration":2,"value":4},{"duration":2,"value":5},{"duration":2,"value":6},{"duration":2,"value":7},{"duration":2,"value":8},{"duration":2,"value":9},{"duration":2,"value":10},{"duration":2,"value":11},{"duration":2,"value":12},{"duration":2,"value":13},{"duration":2,"value":14},{"duration":2,"value":15},{"duration":2,"value":16},{"duration":2,"value":17},{"duration":2,"value":18},{"duration":2,"value":19},{"duration":0}],"colorFrame":[{"duration":2,"tweenEasing":0,"value":{"aM":70}},{"duration":78}]},{"name":"glow","displayFrame":[{"duration":80}],"colorFrame":[{"duration":10,"tweenEasing":0,"value":{"aM":50}},{"duration":10,"tweenEasing":0},{"duration":10,"tweenEasing":0,"value":{"aM":50}},{"duration":10,"tweenEasing":0},{"duration":10,"tweenEasing":0,"value":{"aM":50}},{"duration":10,"tweenEasing":0},{"duration":10,"tweenEasing":0,"value":{"aM":50}},{"duration":10,"tweenEasing":0},{"duration":0,"value":{"aM":50}}]}]},{"duration":80,"name":"chongsong_yellow","slot":[{"name":"bo_yellow","displayFrame":[{"duration":2},{"duration":2,"value":1},{"duration":2,"value":2},{"duration":2,"value":3},{"duration":2,"value":4},{"duration":2,"value":5},{"duration":2,"value":6},{"duration":2,"value":7},{"duration":2,"value":8},{"duration":2,"value":9},{"duration":2,"value":10},{"duration":2,"value":11},{"duration":2,"value":12},{"duration":2,"value":13},{"duration":2,"value":14},{"duration":2,"value":15},{"duration":2,"value":16},{"duration":2,"value":17},{"duration":2,"value":18},{"duration":2,"value":19},{"duration":2},{"duration":2,"value":1},{"duration":2,"value":2},{"duration":2,"value":3},{"duration":2,"value":4},{"duration":2,"value":5},{"duration":2,"value":6},{"duration":2,"value":7},{"duration":2,"value":8},{"duration":2,"value":9},{"duration":2,"value":10},{"duration":2,"value":11},{"duration":2,"value":12},{"duration":2,"value":13},{"duration":2,"value":14},{"duration":2,"value":15},{"duration":2,"value":16},{"duration":2,"value":17},{"duration":2,"value":18},{"duration":2,"value":19},{"duration":0}],"colorFrame":[{"duration":2,"tweenEasing":0,"value":{"aM":70}},{"duration":78}]},{"name":"glow","displayFrame":[{"duration":80,"value":1}],"colorFrame":[{"duration":10,"tweenEasing":0,"value":{"aM":50}},{"duration":10,"tweenEasing":0},{"duration":10,"tweenEasing":0,"value":{"aM":50}},{"duration":10,"tweenEasing":0},{"duration":10,"tweenEasing":0,"value":{"aM":50}},{"duration":10,"tweenEasing":0},{"duration":10,"tweenEasing":0,"value":{"aM":50}},{"duration":10,"tweenEasing":0},{"duration":0,"value":{"aM":50}}]}]}],"defaultActions":[{"gotoAndPlay":"chongsong_blue"}]}]}