{"frameRate":30,"name":"chuanglian","version":"5.5","compatibleVersion":"5.5","armature":[{"type":"Armature","frameRate":30,"name":"chuanglian","aabb":{"x":-279.48,"y":-369.17,"width":550.95,"height":758.97},"bone":[{"name":"root"},{"length":201,"name":"chuanglian_01","parent":"root","transform":{"x":-256.92,"y":-358.31}},{"length":187,"name":"chuanglian_02","parent":"root","transform":{"x":259.27,"y":-358.51,"skX":180,"skY":180}},{"length":46,"name":"xidai","parent":"root","transform":{"x":-332.08,"y":143.55,"skX":0.94,"skY":0.94,"scX":1.518,"scY":1.518}},{"length":61,"name":"shouchuanglian_02","parent":"root","transform":{"x":248.05,"y":-95.93,"skX":-2.79,"skY":-2.79}},{"length":64,"name":"chuanglian_2","parent":"chuanglian_02","transform":{"x":208.21,"y":-14.87,"skX":-91.19,"skY":-91.19}},{"length":65,"name":"chuanglian_1","parent":"chuanglian_01","transform":{"x":203.96,"y":15.37,"skX":91.22,"skY":91.22}},{"length":67,"name":"chuanglian_11","parent":"chuanglian_02","transform":{"x":132.5,"y":-18.93,"skX":-90,"skY":-90}},{"length":62,"name":"chuanglian_46","parent":"chuanglian_01","transform":{"x":14.97,"y":23.51,"skX":91.22,"skY":91.22}},{"length":58,"name":"chuanglian_37","parent":"chuanglian_01","transform":{"x":104.35,"y":20.85,"skX":88.7,"skY":88.7}},{"length":68,"name":"chuanglian_20","parent":"chuanglian_02","transform":{"x":49.6,"y":-19.24,"skX":-92.39,"skY":-92.39}},{"length":68,"name":"chuanglian_47","parent":"chuanglian_46","transform":{"x":62.71,"skX":-0.1,"skY":-0.1}},{"length":61,"name":"chuanglian_38","parent":"chuanglian_37","transform":{"x":58.71,"skX":0.06,"skY":0.06}},{"length":58,"name":"chuanglian_21","parent":"chuanglian_20","transform":{"x":68.22,"skX":0.99,"skY":0.99}},{"length":63,"name":"chuanglian_12","parent":"chuanglian_11","transform":{"x":67.6}},{"length":70,"name":"chuanglian_3","parent":"chuanglian_2","transform":{"x":64.91,"skX":1.19,"skY":1.19}},{"length":58,"name":"chuanglian_29","parent":"chuanglian_1","transform":{"x":65.67,"skX":-2.58,"skY":-2.58}},{"length":63,"name":"chuanglian_13","parent":"chuanglian_12","transform":{"x":63.54,"skX":1.22,"skY":1.22}},{"length":66,"name":"chuanglian_48","parent":"chuanglian_47","transform":{"x":68.05,"skX":-2.27,"skY":-2.27}},{"length":71,"name":"chuanglian_4","parent":"chuanglian_3","transform":{"x":70.3,"skX":1.08,"skY":1.08}},{"length":65,"name":"chuanglian_30","parent":"chuanglian_29","transform":{"x":58.69,"skX":1.36,"skY":1.36}},{"length":66,"name":"chuanglian_22","parent":"chuanglian_21","transform":{"x":58.24,"skX":0.18,"skY":0.18}},{"length":68,"name":"chuanglian_39","parent":"chuanglian_38","transform":{"x":61.38,"skX":1.25,"skY":1.25}},{"length":75,"name":"chuanglian_5","parent":"chuanglian_4","transform":{"x":68.94,"y":-1.3,"skX":-0.06,"skY":-0.06}},{"length":70,"name":"chuanglian_14","parent":"chuanglian_13","transform":{"x":63.56,"skX":-1.22,"skY":-1.22}},{"length":68,"name":"chuanglian_49","parent":"chuanglian_48","transform":{"x":66.71,"skX":1.15,"skY":1.15}},{"length":68,"name":"chuanglian_23","parent":"chuanglian_22","transform":{"x":66.76,"skX":0.03,"skY":0.03}},{"length":69,"name":"chuanglian_31","parent":"chuanglian_30","transform":{"x":65.66}},{"length":68,"name":"chuanglian_40","parent":"chuanglian_39","transform":{"x":68.03,"skX":-2.25,"skY":-2.25}},{"length":82,"name":"chuanglian_6","parent":"chuanglian_5","transform":{"x":75.72,"skX":-0.08,"skY":-0.08}},{"length":71,"name":"chuanglian_24","parent":"chuanglian_23","transform":{"x":68.17,"skX":-2.24,"skY":-2.24}},{"length":74,"name":"chuanglian_15","parent":"chuanglian_14","transform":{"x":70.3}},{"length":68,"name":"chuanglian_50","parent":"chuanglian_49","transform":{"x":68.03}},{"length":72,"name":"chuanglian_41","parent":"chuanglian_40","transform":{"x":68.09,"skX":3.31,"skY":3.31}},{"length":71,"name":"chuanglian_32","parent":"chuanglian_31","transform":{"x":69.85,"skX":-1.12,"skY":-1.12}},{"length":83,"name":"chuanglian_33","parent":"chuanglian_32","transform":{"x":71.26,"skX":0.17,"skY":0.17}},{"length":75,"name":"chuanglian_16","parent":"chuanglian_15","transform":{"x":74.36}},{"length":76,"name":"chuanglian_42","parent":"chuanglian_41","transform":{"x":72.05,"skX":-2.07,"skY":-2.07}},{"length":76,"name":"chuanglian_51","parent":"chuanglian_50","transform":{"x":68.03,"skX":-1.01,"skY":-1.01}},{"length":75,"name":"chuanglian_25","parent":"chuanglian_24","transform":{"x":71.13,"skX":4.51,"skY":4.51}},{"length":82,"name":"chuanglian_7","parent":"chuanglian_6","transform":{"x":82.48}},{"length":70,"name":"chuanglian_43","parent":"chuanglian_42","transform":{"x":76.03,"y":1.33,"skX":1.01,"skY":1.01}},{"length":77,"name":"chuanglian_17","parent":"chuanglian_16","transform":{"x":75.71}},{"length":76,"name":"chuanglian_52","parent":"chuanglian_51","transform":{"x":76.05,"skX":1.01,"skY":1.01}},{"length":75,"name":"chuanglian_26","parent":"chuanglian_25","transform":{"x":75.27,"skX":-3.24,"skY":-3.24}},{"length":71,"name":"chuanglian_34","parent":"chuanglian_33","transform":{"x":83.83,"skX":-1.29,"skY":-1.29}},{"length":73,"name":"chuanglian_8","parent":"chuanglian_7","transform":{"x":75.7,"y":-1.24,"skX":1.18,"skY":1.18}},{"length":76,"name":"chuanglian_44","parent":"chuanglian_43","transform":{"x":70.7,"skX":-2.01,"skY":-2.01}},{"length":75,"name":"chuanglian_35","parent":"chuanglian_34","transform":{"x":71.3,"skX":3.31,"skY":3.31}},{"length":78,"name":"chuanglian_9","parent":"chuanglian_8","transform":{"x":73.06,"skX":1.82,"skY":1.82}},{"length":75,"name":"chuanglian_18","parent":"chuanglian_17","transform":{"x":77.06}},{"length":80,"name":"chuanglian_27","parent":"chuanglian_26","transform":{"x":75.31,"skX":2.16,"skY":2.16}},{"length":78,"name":"chuanglian_53","parent":"chuanglian_52","transform":{"x":76.04}},{"length":66,"name":"chuanglian_54","parent":"chuanglian_53","transform":{"x":76.04,"skX":1.15,"skY":1.15}},{"length":58,"name":"chuanglian_28","parent":"chuanglian_27","transform":{"x":80.94,"skX":-4.18,"skY":-4.18}},{"length":70,"name":"chuanglian_45","parent":"chuanglian_44","transform":{"x":76.08,"skX":0.93,"skY":0.93}},{"length":74,"name":"chuanglian_36","parent":"chuanglian_35","transform":{"x":75.45,"skX":-2.14,"skY":-2.14}},{"length":60,"name":"chuanglian_19","parent":"chuanglian_18","transform":{"x":70.78,"y":2.38,"skX":1.97,"skY":1.97}},{"length":56,"name":"chuanglian_10","parent":"chuanglian_9","transform":{"x":78.6,"skX":-1.22,"skY":-1.22}}],"slot":[{"name":"shouchuanglian_02","parent":"shouchuanglian_02"},{"name":"chuanglian_01","parent":"chuanglian_01"},{"name":"chuanglian_02","parent":"chuanglian_02"},{"displayIndex":-1,"name":"xidai","parent":"xidai"}],"skin":[{"slot":[{"name":"shouchuanglian_02","display":[{"name":"shouchuanglian_02","transform":{"x":-33.55,"y":75.72,"skX":2.79,"skY":2.79}}]},{"name":"xidai","display":[{"name":"xidai","transform":{"x":84.03,"y":7.29,"skX":-0.94,"skY":-0.94,"scX":-1}}]},{"name":"chuanglian_02","display":[{"type":"mesh","name":"chuanglian_02","width":272,"height":691,"vertices":[-2.77,-369.18,-2.78,-322.62,-2.78,-259.7,-2.78,-176.19,-2.78,-102.97,-2.77,-27.47,-2.78,52.88,-2.78,131.81,-2.77,209.6,-2.77,288.54,19.68,317.14,51.72,321.82,81.45,316,104.33,321.82,139.79,321.82,170.68,314.85,193.55,302.27,233.6,303.43,269.22,317.16,269.22,295.42,269.23,207.33,269.23,128.39,266.78,54.04,269.22,-33.4,269.23,-103.18,269.23,-171.83,269.23,-258.78,269.23,-332,269.23,-369.17,210.72,-369.17,132.93,-369.17,65.43,-369.17,52.85,211.39,145.51,210.24,222.16,209.12,52.84,131.31,145.08,129.2,222.97,130.18,53.99,54.66,145.97,52.51,218.73,53.53,56.91,-27.29,144.46,-27.28,219.8,-28.3,54.88,-100.58,146.5,-98.54,221.84,-99.56,56.92,-174.9,145.48,-169.8,218.79,-168.78,50.81,-259.38,143.44,-259.38,215.74,-256.33,51.83,-322.5,138.35,-321.48,214.71,-320.46],"uvs":[0,0,0,0.06737,0,0.15843,0,0.27928,0,0.38524,0,0.49451,0,0.61079,0,0.72502,0,0.8376,0,0.95184,0.08253,0.99323,0.2003,1,0.30965,0.99157,0.39377,1,0.52415,1,0.63771,0.98991,0.72182,0.9717,0.86903,0.97336,1,0.99323,1,0.96177,1,0.83429,1,0.72006,0.991,0.61244,1,0.4859,1,0.38491,1,0.28557,1,0.15975,1,0.05379,1,0,0.78491,0,0.49891,0,0.25077,0,0.2045,0.84019,0.54518,0.83853,0.82697,0.83688,0.2045,0.7243,0.5436,0.72123,0.82994,0.72264,0.20871,0.61338,0.54688,0.61025,0.81435,0.61172,0.21946,0.49477,0.54132,0.49477,0.81828,0.49329,0.21197,0.3887,0.54881,0.39164,0.82577,0.39017,0.21946,0.28115,0.54507,0.28852,0.81454,0.28999,0.197,0.15887,0.53758,0.15887,0.80331,0.16329,0.20075,0.06753,0.51887,0.06901,0.79957,0.07048],"triangles":[40,37,22,43,40,22,49,46,24,22,37,21,21,37,20,37,34,20,43,22,23,24,46,23,46,43,23,20,34,19,34,17,19,17,18,19,49,24,25,52,49,25,52,25,26,55,52,26,55,26,27,29,55,27,29,27,28,51,48,52,52,48,49,39,36,40,39,40,43,42,39,43,45,43,46,49,45,46,40,36,37,33,16,34,37,36,34,36,33,34,34,16,17,54,51,55,55,51,52,48,45,49,45,42,43,29,54,55,30,54,29,33,15,16,33,14,15,13,14,33,53,50,54,54,50,51,50,47,51,12,13,33,32,12,33,35,32,33,51,47,48,47,44,48,42,41,39,41,38,39,35,33,36,39,38,36,38,35,36,41,42,45,44,41,45,48,44,45,30,31,54,31,53,54,32,11,12,9,10,11,9,11,32,2,3,50,1,2,50,1,50,53,7,8,35,8,9,32,35,8,32,4,5,44,7,35,38,6,7,38,5,6,38,50,3,47,4,44,47,3,4,47,5,38,41,44,5,41,0,53,31,0,1,53],"weights":[1,5,1,2,5,0.94325,15,0.05675,3,5,0.22487,15,0.7312,19,0.04394,2,15,0.12347,19,0.87653,3,19,0.47476,23,0.43428,29,0.09097,4,19,0.01026,23,0.07886,29,0.88184,40,0.02903,2,29,0.09194,40,0.90806,3,40,0.61682,46,0.31233,49,0.07085,4,40,0.012,46,0.02217,49,0.89716,58,0.06866,2,49,0.01654,58,0.98346,1,58,1,2,58,0.90076,57,0.09924,2,58,0.50271,57,0.49729,3,58,0.19397,57,0.80103,54,0.005,4,58,0.00847,50,0.00985,57,0.86657,54,0.11512,3,50,0.03753,57,0.61577,54,0.3467,3,50,0.04137,57,0.304,54,0.65463,3,50,0.00076,57,0.01023,54,0.98902,1,54,1,1,54,1,2,51,0.75714,54,0.24286,3,39,0.0011,44,0.67614,51,0.32277,3,30,0.00214,39,0.71224,44,0.28562,3,26,0.04537,30,0.80995,39,0.14467,3,21,0.05837,26,0.77277,30,0.16886,3,13,0.06187,21,0.78888,26,0.14924,4,2,0.01757,10,0.34157,13,0.60399,21,0.03687,4,2,0.61362,10,0.37996,13,0.00616,21,0.00026,1,2,1,1,2,1,1,2,1,2,2,0.86879,5,0.13121,3,49,0.92869,50,0.00836,57,0.06295,5,42,0.00104,50,0.87254,44,0.00003,51,0.09064,54,0.03574,3,50,0.00071,57,0.00001,51,0.99928,4,46,0.97081,42,0.02638,50,0.00267,57,0.00014,4,42,0.85292,50,0.0129,44,0.09808,51,0.0361,1,44,1,4,40,0.95262,46,0.01548,36,0.02762,42,0.00429,5,36,0.78884,42,0.06135,30,0.00021,39,0.104,44,0.04559,4,31,0.00008,36,0.0047,42,0.0011,39,0.99412,3,29,0.95364,31,0.0418,36,0.00457,6,24,0.00038,31,0.82605,36,0.04744,26,0.00229,30,0.09798,39,0.02586,1,30,1,3,23,0.9826,24,0.01532,31,0.00208,6,17,0.00014,24,0.79553,31,0.04874,21,0.00396,26,0.12643,30,0.0252,3,21,0.00046,26,0.98442,30,0.01513,5,19,0.95938,23,0.00688,14,0.00125,17,0.03005,24,0.00244,6,14,0.00474,17,0.80459,24,0.03874,13,0.00432,21,0.12997,26,0.01764,2,13,0.00031,21,0.99969,3,5,0.00011,15,0.99962,19,0.00027,5,7,0.14264,14,0.73137,10,0.04218,13,0.08219,21,0.00162,2,2,0.00021,13,0.99979,4,2,0.00136,5,0.99683,15,0.00002,7,0.00179,5,2,0.03752,7,0.90782,14,0.00136,10,0.05306,13,0.00025,2,2,0.01615,10,0.98385],"slotPose":[1,0,0,1,0,0],"bonePose":[5,0.020768,0.999784,-0.999784,0.020768,51.06,-343.64,13,0.024432,0.999701,-0.999701,0.024432,212.514861,-271.109343,15,0,1,-1,0,52.408046,-278.744,23,-0.017801,0.999842,-0.999842,-0.017801,52.408404,-139.491744,19,-0.018848,0.999822,-0.999822,-0.018848,52.408046,-208.444,29,-0.016405,0.999865,-0.999865,-0.016405,51.06048,-63.783742,40,-0.016405,0.999865,-0.999865,-0.016405,49.707366,18.685158,46,-0.036993,0.999316,-0.999316,-0.036993,49.705314,94.395313,49,-0.068712,0.997637,-0.997637,-0.068712,47.002639,167.405307,58,-0.047455,0.998873,-0.998873,-0.047455,41.601892,245.81954,57,-0.034376,0.999409,-0.999409,-0.034376,123.036718,223.315592,54,0.07289,0.99734,-0.99734,0.07289,222.45032,224.469135,50,0,1,-1,0,125.416718,152.535592,51,0,1,-1,0,222.45032,143.529135,39,-0.018848,0.999822,-0.999822,-0.018848,221.030595,-6.983984,44,0.03769,0.999289,-0.999289,0.03769,219.611872,68.272644,30,0.059829,0.998209,-0.998209,0.059829,216.774955,-77.986565,26,0.020768,0.999784,-0.999784,0.020768,215.359205,-146.141862,21,0.021291,0.999773,-0.999773,0.021291,213.937791,-212.886728,2,-1,0,0,-1,259.27,-358.51,10,0.041701,0.99913,-0.99913,0.041701,209.67,-339.27,42,0,1,-1,0,125.416718,75.475592,36,0,1,-1,0,125.416718,-0.234408,31,0,1,-1,0,125.416718,-74.594408,24,0,1,-1,0,125.416718,-144.894408,17,-0.021291,0.999773,-0.999773,-0.021291,126.77,-208.44,14,0,1,-1,0,126.77,-271.98,7,0,1,-1,0,126.77,-339.58],"edges":[0,1,1,2,2,3,3,4,4,5,5,6,6,7,7,8,8,9,9,10,10,11,11,12,12,13,13,14,14,15,15,16,16,17,17,18,18,19,19,20,20,21,21,22,22,23,23,24,24,25,25,26,26,27,27,28,28,29,29,30,30,31,31,0],"userEdges":[8,32,32,33,33,34,34,20,7,35,35,36,36,37,37,21,6,38,38,39,39,40,40,22,5,41,41,42,42,43,43,23,4,44,44,45,45,46,46,24,3,47,47,48,48,49,49,25,2,50,50,51,51,52,52,26,1,53,53,54,54,55,55,27,11,32,32,35,35,38,38,41,41,44,44,47,47,50,50,53,53,31,30,54,54,51,51,48,48,45,45,42,42,39,39,36,36,33,33,14,17,34,34,37,37,40,40,43,43,46,46,49,49,52,52,55,55,29]}]},{"name":"chuanglian_01","display":[{"type":"mesh","name":"chuanglian_01","width":277,"height":698,"vertices":[-273.72,-369.17,-216.8,-369.17,-134.34,-369.17,-47.54,-369.17,3.28,-369.17,3.28,-308.36,3.28,-238.92,3.27,-159.72,3.28,-85.94,3.27,-9.99,3.26,68.13,3.26,148.42,3.24,227.63,3.23,300.33,-18.3,315.51,-58.45,326.36,-99.69,328.83,-129.85,326.69,-149.61,325.28,-160.45,305.75,-192.96,310.08,-212.46,326.36,-253.68,328.82,-273.71,328.82,-273.71,313.33,-273.7,242.8,-273.71,162.52,-273.7,75.72,-273.71,-2.4,-273.71,-79.43,-273.71,-155.76,-273.71,-230.63,-273.71,-297.9,-217.88,240.09,-128.97,239.02,-53.01,237.93,-216.79,161.97,-127.88,161.99,-49.74,159.81,-215.71,76.25,-126.78,76.28,-48.64,78.44,-213.54,-1.22,-126.77,-3.38,-45.38,-3.38,-212.46,-79.33,-127.85,-79.33,-44.29,-79.33,-211.37,-153.11,-123.5,-154.18,-43.21,-155.28,-214.62,-231.03,-122.41,-231.03,-42.12,-229.95,-210.29,-296.14,-123.48,-298.3,-45.37,-298.3],"uvs":[0,0,0.20549,0,0.50318,0,0.81653,0,1,0,1,0.08712,1,0.1866,1,0.30007,1,0.40578,1,0.51459,1,0.62651,1,0.74154,1,0.85501,1,0.95916,0.92229,0.98092,0.77737,0.99646,0.62852,1,0.51965,0.99692,0.44834,0.99491,0.40917,0.96693,0.29166,0.97315,0.22116,0.99646,0.07231,1,0,1,0,0.97781,0,0.87677,0,0.76174,0,0.63739,0,0.52547,0,0.4151,0,0.30575,0,0.19849,0,0.10211,0.20157,0.87288,0.52276,0.87133,0.79695,0.86977,0.20549,0.76096,0.52668,0.76096,0.8087,0.75785,0.20941,0.63816,0.5306,0.63816,0.81262,0.64127,0.21724,0.52716,0.5306,0.52405,0.82437,0.52405,0.22116,0.41524,0.52668,0.41524,0.82829,0.41524,0.22507,0.30954,0.54235,0.30799,0.8322,0.30643,0.21332,0.1979,0.54626,0.1979,0.83612,0.19946,0.22899,0.10464,0.54235,0.10153,0.82437,0.10153],"triangles":[44,41,10,50,47,8,44,10,9,8,47,9,47,44,9,35,14,13,3,56,5,3,5,4,50,8,7,53,50,7,5,56,6,56,53,6,53,7,6,35,13,12,38,35,12,10,41,11,41,38,11,38,12,11,35,15,14,16,15,35,34,16,35,37,34,35,37,35,38,40,37,38,40,38,41,43,40,41,2,55,3,43,41,44,3,55,56,55,52,56,49,46,47,43,44,47,46,43,47,52,49,50,49,47,50,52,50,53,56,52,53,19,17,34,34,17,16,19,18,17,36,33,34,36,34,37,39,36,37,48,45,46,46,45,43,45,42,43,39,37,40,43,42,40,42,39,40,48,46,49,2,54,55,48,49,52,51,48,52,55,54,52,54,51,52,1,54,2,33,19,34,33,20,19,33,24,21,24,22,21,33,21,20,26,25,33,25,24,33,0,32,1,26,33,36,27,26,36,27,36,39,31,30,51,32,31,51,27,39,42,28,27,42,28,42,45,29,28,45,51,30,48,29,45,48,30,29,48,32,51,54,1,32,54,24,23,22],"weights":[2,1,0.99882,8,0.00118,1,1,1,1,1,1,2,1,0.89709,6,0.10291,2,1,0.24412,6,0.75588,3,1,0.00775,16,0.15504,6,0.83721,3,20,0.24197,16,0.67115,6,0.08688,4,34,0.00133,27,0.38877,20,0.59672,16,0.01318,4,35,0.00083,34,0.45834,27,0.53428,20,0.00654,3,35,0.56125,34,0.43523,27,0.00352,2,45,0.43394,35,0.56606,3,56,0.00007,48,0.55838,45,0.44155,2,56,0.57847,48,0.42153,2,56,0.99955,48,0.00045,1,56,1,2,55,0.12527,56,0.87473,2,55,0.54648,56,0.45352,3,53,0.00018,55,0.83467,56,0.16515,3,53,0.01,55,0.92231,56,0.0677,4,52,0.00125,53,0.09555,55,0.89388,56,0.00932,3,52,0.00558,53,0.56274,55,0.43168,3,52,0.00035,53,0.83014,55,0.16951,2,53,0.99333,55,0.00667,1,53,1,1,53,1,2,52,0.07488,53,0.92512,2,43,0.1978,52,0.8022,2,38,0.49784,43,0.50216,2,32,0.5466,38,0.4534,2,25,0.79309,32,0.20691,2,18,0.89362,25,0.10638,2,11,0.96211,18,0.03789,3,1,0.00103,8,0.95053,11,0.04844,4,52,0.26744,53,0.52339,47,0.03408,55,0.17509,4,47,0.03437,55,0.86622,56,0.07444,48,0.02497,3,47,0.00349,55,0.01599,56,0.98052,6,43,0.16874,52,0.59513,53,0.01299,41,0.04307,47,0.17771,55,0.00236,4,41,0.02595,47,0.84345,48,0.08732,45,0.04328,4,41,0.00124,47,0.00625,55,0.00013,48,0.99238,5,38,0.28166,43,0.42267,37,0.00141,41,0.29416,47,0.0001,4,37,0.43444,41,0.4196,45,0.0817,35,0.06426,2,45,0.89076,35,0.10924,5,32,0.34844,38,0.3749,33,0.10485,37,0.12406,41,0.04775,4,33,0.26175,37,0.585,35,0.09405,34,0.0592,2,35,0.93717,34,0.06283,4,25,0.5083,32,0.20314,28,0.13514,33,0.15342,4,28,0.37899,33,0.48457,34,0.07469,27,0.06176,2,34,0.71711,27,0.28289,6,11,0.00156,18,0.55539,25,0.1264,12,0.0007,22,0.18929,28,0.12666,5,22,0.5079,28,0.29667,27,0.09128,20,0.104,16,0.00014,2,27,0.35953,20,0.64047,6,8,0.00837,11,0.65689,18,0.0478,9,0.00696,12,0.20097,22,0.07899,6,9,0.00525,12,0.59155,22,0.18035,20,0.06928,16,0.1454,6,0.00816,3,20,0.10778,16,0.89108,6,0.00115,5,1,0.03583,8,0.58287,11,0.06981,9,0.22534,12,0.08615,5,1,0.07113,9,0.6461,12,0.10527,16,0.04097,6,0.13653,2,16,0.03122,6,0.96878],"slotPose":[1,0,0,1,0,0],"bonePose":[1,1,0,0,1,-256.92,-358.31,8,-0.021291,0.999773,-0.999773,-0.021291,-241.95,-334.8,6,-0.021291,0.999773,-0.999773,-0.021291,-52.96,-342.94,16,0.023734,0.999718,-0.999718,0.023734,-54.358207,-277.284887,20,0,1,-1,0,-52.965244,-218.611419,34,0.019546,0.999809,-0.999809,0.019546,-52.965244,-83.101419,27,0,1,-1,0,-52.965244,-152.951419,35,0.01658,0.999863,-0.999863,0.01658,-51.572364,-11.855034,45,0.039085,0.999236,-0.999236,0.039085,-50.182474,71.963444,56,0.018674,0.999826,-0.999826,0.018674,-48.804632,218.645805,48,-0.018674,0.999826,-0.999826,-0.018674,-47.395684,143.208961,55,0.018674,0.999826,-0.999826,0.018674,-145.965821,213.481206,53,-0.02007,0.999799,-0.999799,-0.02007,-241.935927,226.807531,52,0,1,-1,0,-241.935927,150.767531,43,0,1,-1,0,-241.935927,74.727531,38,0.017627,0.999845,-0.999845,0.017627,-243.276454,-1.310653,32,0,1,-1,0,-243.276454,-69.340653,25,0,1,-1,0,-243.276454,-137.370653,18,0.02007,0.999799,-0.999799,0.02007,-244.61532,-204.067217,11,-0.019546,0.999809,-0.999809,-0.019546,-243.285184,-272.104216,47,0.034899,0.999391,-0.999391,0.034899,-148.620974,137.447551,41,-0.000175,1,-1,-0.000175,-148.608635,66.747553,37,0.017452,0.999848,-0.999848,0.017452,-148.605744,-9.294079,33,-0.018674,0.999826,-0.999826,-0.018674,-147.260287,-81.331516,28,0.039085,0.999236,-0.999236,0.039085,-149.921613,-149.369486,12,0.02164,0.999766,-0.999766,0.02164,-151.238027,-278.765111,22,-0.000175,1,-1,-0.000175,-149.909739,-217.399485,9,0.022687,0.999743,-0.999743,0.022687,-152.57,-337.46],"edges":[0,32,32,31,31,30,30,29,29,28,28,27,27,26,26,25,25,24,24,23,23,22,22,21,21,20,20,19,19,18,18,17,17,16,16,15,15,14,14,13,13,12,12,11,11,10,10,9,9,8,8,7,7,6,6,5,5,4,4,3,3,2,2,1,1,0],"userEdges":[25,33,33,34,34,35,35,12,26,36,36,37,37,38,38,11,27,39,39,40,40,41,41,10,28,42,42,43,43,44,44,9,29,45,45,46,46,47,47,8,30,48,48,49,49,50,50,7,31,51,51,52,52,53,53,6,32,54,54,55,55,56,56,5,3,56,56,53,53,50,50,47,47,44,44,41,41,38,38,35,35,15,34,17,34,37,37,40,40,43,43,46,46,49,49,52,52,55,55,2,1,54,54,51,51,48,48,45,45,42,42,39,39,36,36,33,33,21]}]}]}],"animation":[{"duration":120,"name":"1","bone":[{"name":"chuanglian_44","rotateFrame":[{"curve":[0.348,0.66,0.682,1],"rotate":0.68},{"duration":4,"curve":[0.284,0,0.625,0.38],"rotate":0.7},{"duration":16,"curve":[0.32,0.29,0.757,1],"rotate":0.54},{"duration":19,"curve":[0.247,0,0.729,0.91],"rotate":-0.53},{"duration":20,"curve":[0.25,0,0.625,0.5],"rotate":0.68},{"duration":20,"curve":[0.375,0.5,0.75,1],"rotate":-8.86},{"duration":20,"curve":[0.25,0,0.75,1],"rotate":-11},{"duration":20,"rotate":-17.89}]},{"name":"chuanglian_53","rotateFrame":[{"duration":6,"curve":[0.382,0.58,0.731,1],"rotate":0.55},{"duration":4,"curve":[0.284,0,0.625,0.38],"rotate":0.77},{"duration":16,"curve":[0.32,0.29,0.757,1],"rotate":0.67},{"duration":14,"curve":[0.243,0,0.655,0.63]},{"duration":20,"curve":[0.25,0,0.625,0.5],"rotate":0.58},{"duration":60,"rotate":-1.45}]},{"name":"chuanglian_31","rotateFrame":[{"duration":8,"curve":[0.381,0.55,0.742,1],"rotate":0.11},{"duration":20,"curve":[0.25,0,0.75,1],"rotate":-0.28},{"duration":12,"curve":[0.245,0,0.637,0.56],"rotate":0.78},{"duration":40,"curve":[0.25,0,0.75,1],"rotate":0.11},{"duration":20,"curve":[0.25,0,0.75,1],"rotate":2.55},{"duration":20,"rotate":3.61}]},{"name":"chuanglian_23","rotateFrame":[{"duration":10,"curve":[0.278,0.15,0.651,0.61],"rotate":0.01},{"duration":8,"curve":[0.381,0.55,0.742,1],"rotate":-0.74},{"duration":20,"curve":[0.25,0,0.75,1],"rotate":-1.2},{"duration":2,"curve":[0.305,0,0.64,0.36],"rotate":0.06},{"duration":40,"curve":[0.25,0,0.75,1],"rotate":0.01},{"duration":40,"rotate":-0.37}]},{"name":"chuanglian_18","rotateFrame":[{"duration":4,"curve":[0.375,0.62,0.716,1],"rotate":0.44},{"duration":3,"curve":[0.294,0,0.631,0.37],"rotate":0.62},{"duration":17,"curve":[0.306,0.23,0.756,1],"rotate":0.51},{"duration":16,"curve":[0.243,0,0.68,0.71],"rotate":-0.77},{"duration":20,"curve":[0.25,0,0.625,0.5],"rotate":0.44},{"duration":20,"curve":[0.375,0.5,0.75,1],"rotate":6.11},{"duration":20,"curve":[0.25,0,0.75,1],"rotate":-0.61},{"duration":20,"rotate":24.79}]},{"name":"chuanglian_10","translateFrame":[{"duration":80,"curve":[0.25,0,0.75,1]},{"duration":15,"curve":[0.2485,0,0.7395,0.955]},{"duration":5,"curve":[0.348,0.66,0.682,1],"x":-9.91,"y":40.03},{"duration":20}],"rotateFrame":[{"duration":20,"curve":[0.25,0,0.75,1],"rotate":0.68},{"duration":20,"curve":[0.25,0,0.75,1],"rotate":-0.34},{"duration":20,"curve":[0.25,0,0.625,0.5],"rotate":0.68},{"duration":20,"curve":[0.375,0.5,0.75,1],"rotate":6.35},{"duration":15,"curve":[0.2485,0,0.7395,0.955],"rotate":-0.38},{"duration":5,"curve":[0.348,0.66,0.682,1],"rotate":-0.38},{"duration":20,"rotate":42.65}]},{"name":"chuanglian_52","rotateFrame":[{"duration":4,"curve":[0.375,0.62,0.716,1],"rotate":0.63},{"duration":6,"curve":[0.269,0,0.618,0.42],"rotate":0.77},{"duration":14,"curve":[0.345,0.37,0.757,1],"rotate":0.58},{"duration":16,"curve":[0.243,0,0.68,0.71]},{"duration":20,"curve":[0.25,0,0.625,0.5],"rotate":0.67},{"duration":60,"rotate":-1.36}]},{"name":"chuanglian_1","translateFrame":[{"duration":80,"curve":[0.36,0.64,0.695,1]},{"duration":20,"curve":[0.25,0,0.75,1]},{"duration":20,"x":7.48,"y":4.96}],"rotateFrame":[{"duration":2,"curve":[0.36,0.64,0.695,1],"rotate":-0.23},{"duration":20,"curve":[0.25,0,0.75,1],"rotate":-0.28},{"duration":18,"curve":[0.245,0,0.711,0.83],"rotate":0.78},{"duration":40,"curve":[0.25,0,0.75,1],"rotate":-0.23},{"duration":20,"curve":[0.25,0,0.75,1],"rotate":2.2},{"duration":20,"rotate":-4.47}]},{"name":"chuanglian_32","rotateFrame":[{"duration":10,"curve":[0.375,0.5,0.75,1],"rotate":0.25},{"duration":20,"curve":[0.25,0,0.75,1],"rotate":-0.28},{"duration":10,"curve":[0.25,0,0.625,0.5],"rotate":0.78},{"duration":40,"curve":[0.25,0,0.75,1],"rotate":0.25},{"duration":20,"curve":[0.25,0,0.75,1],"rotate":2.69},{"duration":20,"rotate":2.79}]},{"name":"chuanglian_35","rotateFrame":[{"duration":16,"curve":[0.32,0.29,0.757,1],"rotate":0.64},{"duration":20,"curve":[0.25,0,0.75,1],"rotate":-0.28},{"duration":4,"curve":[0.284,0,0.625,0.38],"rotate":0.78},{"duration":20,"curve":[0.25,0,0.625,0.5],"rotate":0.64},{"duration":20,"curve":[0.375,0.5,0.75,1],"rotate":-8.89},{"duration":20,"curve":[0.25,0,0.75,1],"rotate":-11.04},{"duration":20,"rotate":-70.56}]},{"name":"chuanglian_17","rotateFrame":[{"duration":2,"curve":[0.36,0.64,0.695,1],"rotate":0.56},{"duration":5,"curve":[0.276,0,0.621,0.4],"rotate":0.62},{"duration":15,"curve":[0.333,0.33,0.758,1],"rotate":0.37},{"duration":18,"curve":[0.245,0,0.711,0.83],"rotate":-0.77},{"duration":20,"curve":[0.25,0,0.625,0.5],"rotate":0.56},{"duration":20,"curve":[0.375,0.5,0.75,1],"rotate":6.23},{"duration":20,"curve":[0.25,0,0.75,1],"rotate":-0.49},{"duration":20,"rotate":-30.2}]},{"name":"chuanglian_49","rotateFrame":[{"duration":10,"curve":[0.278,0.15,0.651,0.61],"rotate":0.7},{"duration":8,"curve":[0.381,0.55,0.742,1],"rotate":0.29},{"duration":20,"curve":[0.25,0,0.75,1]},{"duration":2,"curve":[0.305,0,0.64,0.36],"rotate":0.77},{"duration":20,"curve":[0.25,0,0.625,0.5],"rotate":0.74},{"duration":60,"rotate":0.46}]},{"name":"chuanglian_12","rotateFrame":[{"duration":7,"curve":[0.344,0.37,0.696,0.76],"rotate":0.01},{"duration":4,"curve":[0.375,0.62,0.716,1],"rotate":-0.59},{"duration":20,"curve":[0.25,0,0.75,1],"rotate":-0.77},{"duration":9,"curve":[0.253,0,0.621,0.48],"rotate":0.62},{"duration":40,"curve":[0.25,0,0.75,1],"rotate":0.01},{"duration":20,"curve":[0.25,0,0.75,1],"rotate":-1.04},{"duration":20,"rotate":3.56}]},{"name":"chuanglian_02","scaleFrame":[{"duration":40},{"duration":40,"curve":[0.25,0,0.75,1]},{"duration":20,"curve":[0.25,0,0.75,1],"x":0.31},{"duration":20,"x":0.27}]},{"name":"chuanglian_9","translateFrame":[{"duration":92,"curve":[0.306,0.23,0.756,1]},{"duration":3,"curve":[0.367,0.5,0.708,0.87]},{"duration":5,"curve":[0.348,0.66,0.682,1],"x":8.98,"y":7.11},{"duration":20,"x":22.04,"y":-9.91}],"rotateFrame":[{"duration":17,"curve":[0.306,0.23,0.756,1],"rotate":0.59},{"duration":20,"curve":[0.25,0,0.75,1],"rotate":-0.34},{"duration":3,"curve":[0.294,0,0.631,0.37],"rotate":0.68},{"duration":20,"curve":[0.25,0,0.625,0.5],"rotate":0.59},{"duration":20,"curve":[0.375,0.5,0.75,1],"rotate":6.26},{"duration":12,"curve":[0.2445,0,0.698,0.79],"rotate":-0.46},{"duration":3,"curve":[0.367,0.5,0.708,0.87],"rotate":55.02},{"duration":5,"curve":[0.348,0.66,0.682,1],"rotate":52.54},{"duration":20,"rotate":55.29}]},{"name":"chuanglian_36","rotateFrame":[{"duration":18,"curve":[0.289,0.17,0.755,1],"rotate":0.74},{"duration":20,"curve":[0.25,0,0.75,1],"rotate":-0.28},{"duration":2,"curve":[0.305,0,0.64,0.36],"rotate":0.78},{"duration":20,"curve":[0.25,0,0.625,0.5],"rotate":0.74},{"duration":20,"curve":[0.375,0.5,0.75,1],"rotate":-8.8},{"duration":40,"rotate":-10.94}]},{"name":"chuanglian_19","rotateFrame":[{"duration":7,"curve":[0.382,0.57,0.737,1],"rotate":0.2},{"duration":20,"curve":[0.25,0,0.75,1],"rotate":0.62},{"duration":13,"curve":[0.244,0,0.646,0.59],"rotate":-0.77},{"duration":20,"curve":[0.25,0,0.625,0.5],"rotate":0.2},{"duration":20,"curve":[0.375,0.5,0.75,1],"rotate":5.87},{"duration":20,"curve":[0.25,0,0.75,1],"rotate":-0.85},{"duration":20,"rotate":38.82}]},{"name":"chuanglian_42","rotateFrame":[{"duration":5,"curve":[0.301,0.22,0.645,0.59],"rotate":0.6},{"duration":12,"curve":[0.363,0.44,0.755,1],"rotate":0.25},{"duration":20,"curve":[0.25,0,0.75,1],"rotate":-0.53},{"duration":3,"curve":[0.294,0,0.631,0.37],"rotate":0.7},{"duration":40,"curve":[0.25,0,0.75,1],"rotate":0.6},{"duration":40,"rotate":3.03}]},{"name":"chuanglian_41","rotateFrame":[{"duration":5,"curve":[0.314,0.27,0.657,0.64],"rotate":0.47},{"duration":10,"curve":[0.375,0.5,0.75,1],"rotate":0.08},{"duration":20,"curve":[0.25,0,0.75,1],"rotate":-0.53},{"duration":5,"curve":[0.276,0,0.621,0.4],"rotate":0.7},{"duration":40,"curve":[0.25,0,0.75,1],"rotate":0.47},{"duration":40,"rotate":2.91}]},{"name":"chuanglian_37","rotateFrame":[{"duration":5,"curve":[0.362,0.45,0.706,0.82],"rotate":-0.16},{"duration":2,"curve":[0.36,0.64,0.695,1],"rotate":-0.48},{"duration":20,"curve":[0.25,0,0.75,1],"rotate":-0.53},{"duration":13,"curve":[0.244,0,0.646,0.59],"rotate":0.7},{"duration":40,"curve":[0.25,0,0.75,1],"rotate":-0.16},{"duration":20,"curve":[0.25,0,0.75,1],"rotate":2.27},{"duration":20,"rotate":-10.94}]},{"name":"chuanglian_33","rotateFrame":[{"duration":12,"curve":[0.363,0.44,0.755,1],"rotate":0.39},{"duration":20,"curve":[0.25,0,0.75,1],"rotate":-0.28},{"duration":8,"curve":[0.258,0,0.619,0.45],"rotate":0.78},{"duration":40,"curve":[0.25,0,0.75,1],"rotate":0.39},{"duration":20,"curve":[0.25,0,0.75,1],"rotate":2.83},{"duration":20,"rotate":17.52}]},{"name":"chuanglian_11","rotateFrame":[{"duration":7,"curve":[0.362,0.44,0.715,0.84],"rotate":-0.17},{"duration":2,"curve":[0.36,0.64,0.695,1],"rotate":-0.71},{"duration":20,"curve":[0.25,0,0.75,1],"rotate":-0.77},{"duration":11,"curve":[0.247,0,0.63,0.53],"rotate":0.62},{"duration":40,"curve":[0.25,0,0.75,1],"rotate":-0.17},{"duration":20,"curve":[0.25,0,0.75,1],"rotate":-1.23},{"duration":20,"rotate":0.29}]},{"name":"chuanglian_43","rotateFrame":[{"duration":5,"curve":[0.286,0.11,0.63,0.5],"rotate":0.68},{"duration":14,"curve":[0.345,0.37,0.757,1],"rotate":0.4},{"duration":20,"curve":[0.25,0,0.75,1],"rotate":-0.53},{"curve":[0.318,0,0.652,0.34],"rotate":0.7},{"duration":20,"curve":[0.25,0,0.625,0.5],"rotate":0.68},{"duration":20,"curve":[0.375,0.5,0.75,1],"rotate":-8.85},{"duration":20,"curve":[0.25,0,0.75,1],"rotate":-11},{"duration":20,"rotate":-6.33}]},{"name":"chuanglian_45","rotateFrame":[{"duration":3,"curve":[0.369,0.63,0.706,1],"rotate":0.6},{"duration":2,"curve":[0.305,0,0.64,0.36],"rotate":0.7},{"duration":18,"curve":[0.289,0.17,0.755,1],"rotate":0.65},{"duration":17,"curve":[0.244,0,0.694,0.77],"rotate":-0.53},{"duration":20,"curve":[0.25,0,0.625,0.5],"rotate":0.6},{"duration":20,"curve":[0.375,0.5,0.75,1],"rotate":-8.94},{"duration":20,"curve":[0.25,0,0.75,1],"rotate":-11.08},{"duration":20,"rotate":-17.98}]},{"name":"chuanglian_6","rotateFrame":[{"duration":11,"curve":[0.37,0.47,0.753,1],"rotate":0.24},{"duration":20,"curve":[0.25,0,0.75,1],"rotate":-0.34},{"duration":9,"curve":[0.253,0,0.621,0.48],"rotate":0.68},{"duration":40,"curve":[0.25,0,0.75,1],"rotate":0.24},{"duration":12,"curve":[0.242,0,0.667,0.67],"rotate":-0.81},{"duration":8,"curve":[0.379,0.6,0.724,1],"rotate":3.09},{"duration":20,"rotate":6.71}]},{"name":"chuanglian_7","translateFrame":[{"duration":80,"curve":[0.354,0.41,0.756,1]},{"duration":12,"curve":[0.242,0,0.667,0.67]},{"duration":3,"curve":[0.373,0.55,0.716,0.935],"x":0.37,"y":-15.15},{"duration":5,"curve":[0.348,0.66,0.682,1],"x":0.37,"y":-15.15},{"duration":20}],"rotateFrame":[{"duration":13,"curve":[0.354,0.41,0.756,1],"rotate":0.37},{"duration":20,"curve":[0.25,0,0.75,1],"rotate":-0.34},{"duration":7,"curve":[0.263,0,0.618,0.43],"rotate":0.68},{"duration":20,"curve":[0.25,0,0.625,0.5],"rotate":0.37},{"duration":20,"curve":[0.375,0.5,0.75,1],"rotate":6.04},{"duration":12,"curve":[0.242,0,0.667,0.67],"rotate":-0.68},{"duration":3,"curve":[0.373,0.55,0.716,0.935],"rotate":-38.78},{"duration":5,"curve":[0.348,0.66,0.682,1],"rotate":-35.17},{"duration":20,"rotate":-21.66}]},{"name":"chuanglian_46","translateFrame":[{"duration":60,"curve":[0.349,0.39,0.722,0.85]},{"duration":20},{"duration":15,"curve":[0.242,0,0.667,0.67],"x":4.3},{"duration":5,"curve":[0.379,0.6,0.724,1],"x":7.89},{"duration":20,"x":4.3}],"rotateFrame":[{"duration":10,"curve":[0.349,0.39,0.722,0.85],"rotate":0.45},{"duration":2,"curve":[0.36,0.64,0.695,1],"rotate":0.04},{"duration":20,"curve":[0.25,0,0.75,1]},{"duration":8,"curve":[0.258,0,0.619,0.45],"rotate":0.77},{"duration":20,"curve":[0.25,0,0.6875,0.75],"rotate":0.48},{"duration":60,"rotate":0.2}]},{"name":"chuanglian_48","translateFrame":[{"duration":80,"curve":[0.303,0.24,0.674,0.69]},{"duration":20,"curve":[0.25,0,0.75,1]},{"duration":20,"x":-0.23,"y":-8.26}],"rotateFrame":[{"duration":10,"curve":[0.303,0.24,0.674,0.69],"rotate":0.63},{"duration":6,"curve":[0.382,0.58,0.731,1],"rotate":0.19},{"duration":20,"curve":[0.25,0,0.75,1]},{"duration":4,"curve":[0.284,0,0.625,0.38],"rotate":0.77},{"duration":20,"curve":[0.25,0,0.625,0.5],"rotate":0.67},{"duration":60,"rotate":0.39}]},{"name":"chuanglian_5","rotateFrame":[{"duration":8,"curve":[0.381,0.55,0.742,1],"rotate":0.04},{"duration":20,"curve":[0.25,0,0.75,1],"rotate":-0.34},{"duration":12,"curve":[0.245,0,0.637,0.56],"rotate":0.68},{"duration":40,"curve":[0.25,0,0.75,1],"rotate":0.04},{"duration":12,"curve":[0.242,0,0.667,0.67],"rotate":-1.02},{"duration":8,"curve":[0.379,0.6,0.724,1],"rotate":-7.04},{"duration":20,"rotate":-5.86}]},{"name":"chuanglian_14","rotateFrame":[{"duration":7,"curve":[0.312,0.27,0.664,0.66],"rotate":0.37},{"duration":8,"curve":[0.381,0.55,0.742,1],"rotate":-0.26},{"duration":20,"curve":[0.25,0,0.75,1],"rotate":-0.77},{"duration":5,"curve":[0.276,0,0.621,0.4],"rotate":0.62},{"duration":40,"curve":[0.25,0,0.75,1],"rotate":0.37},{"duration":20,"curve":[0.25,0,0.75,1],"rotate":-0.69},{"duration":20,"rotate":-19.61}]},{"name":"chuanglian_50","translateFrame":[{"duration":80,"curve":[0.25,0,0.625,0.5]},{"duration":15,"curve":[0.242,0,0.667,0.67]},{"duration":25,"x":-0.08,"y":-3.59}],"rotateFrame":[{"duration":10,"curve":[0.25,0,0.625,0.5],"rotate":0.73},{"duration":10,"curve":[0.375,0.5,0.75,1],"rotate":0.39},{"duration":20,"curve":[0.25,0,0.75,1]},{"duration":20,"curve":[0.25,0,0.625,0.5],"rotate":0.77},{"duration":60,"rotate":0.49}]},{"name":"chuanglian_26","rotateFrame":[{"duration":5,"curve":[0.379,0.6,0.724,1],"rotate":-0.18},{"duration":5,"curve":[0.276,0,0.621,0.4],"rotate":0.06},{"duration":15,"curve":[0.333,0.33,0.758,1],"rotate":-0.18},{"duration":15,"curve":[0.242,0,0.667,0.67],"rotate":-1.2},{"duration":20,"curve":[0.25,0,0.625,0.5],"rotate":-0.18},{"duration":20,"curve":[0.375,0.5,0.75,1],"rotate":6.17},{"duration":15,"curve":[0.247,0,0.729,0.91],"rotate":-0.55},{"duration":5,"curve":[0.348,0.66,0.682,1],"rotate":23.15},{"duration":20,"rotate":-24.5}]},{"name":"chuanglian_22","rotateFrame":[{"duration":10,"curve":[0.303,0.24,0.674,0.69],"rotate":-0.11},{"duration":6,"curve":[0.382,0.58,0.731,1],"rotate":-0.9},{"duration":20,"curve":[0.25,0,0.75,1],"rotate":-1.2},{"duration":4,"curve":[0.284,0,0.625,0.38],"rotate":0.06},{"duration":40,"curve":[0.25,0,0.75,1],"rotate":-0.11},{"duration":40,"rotate":-0.48}]},{"name":"chuanglian_51","rotateFrame":[{"duration":2,"curve":[0.36,0.64,0.695,1],"rotate":0.7},{"duration":8,"curve":[0.258,0,0.619,0.45],"rotate":0.77},{"duration":12,"curve":[0.363,0.44,0.755,1],"rotate":0.49},{"duration":18,"curve":[0.245,0,0.711,0.83]},{"duration":20,"curve":[0.25,0,0.625,0.5],"rotate":0.74},{"duration":60,"rotate":0.46}]},{"name":"chuanglian_01","translateFrame":[{"duration":40},{"duration":40,"curve":[0.25,0,0.75,1]},{"duration":20,"curve":[0.25,0,0.75,1],"x":-8.89,"y":-0.05},{"duration":20,"x":-12.25,"y":-0.07}],"scaleFrame":[{"duration":40},{"duration":40,"curve":[0.25,0,0.75,1]},{"duration":20,"curve":[0.25,0,0.75,1],"x":0.41},{"duration":20,"x":0.33}]},{"name":"chuanglian_39","rotateFrame":[{"duration":5,"curve":[0.337,0.34,0.68,0.71],"rotate":0.16},{"duration":6,"curve":[0.382,0.58,0.731,1],"rotate":-0.23},{"duration":20,"curve":[0.25,0,0.75,1],"rotate":-0.53},{"duration":9,"curve":[0.253,0,0.621,0.48],"rotate":0.7},{"duration":40,"curve":[0.25,0,0.75,1],"rotate":0.16},{"duration":20,"curve":[0.25,0,0.75,1],"rotate":2.6},{"duration":20,"rotate":11.59}]},{"name":"chuanglian_38","rotateFrame":[{"duration":5,"curve":[0.349,0.39,0.692,0.75]},{"duration":4,"curve":[0.375,0.62,0.716,1],"rotate":-0.37},{"duration":20,"curve":[0.25,0,0.75,1],"rotate":-0.53},{"duration":11,"curve":[0.247,0,0.63,0.53],"rotate":0.7},{"duration":40,"curve":[0.25,0,0.75,1]},{"duration":20,"curve":[0.25,0,0.75,1],"rotate":2.43},{"duration":20,"rotate":12.61}]},{"name":"chuanglian_21","rotateFrame":[{"duration":10,"curve":[0.326,0.31,0.697,0.76],"rotate":-0.25},{"duration":4,"curve":[0.375,0.62,0.716,1],"rotate":-1.04},{"duration":20,"curve":[0.25,0,0.75,1],"rotate":-1.2},{"duration":6,"curve":[0.269,0,0.618,0.42],"rotate":0.06},{"duration":40,"curve":[0.25,0,0.75,1],"rotate":-0.25},{"duration":40,"rotate":-0.63}]},{"name":"chuanglian_15","rotateFrame":[{"duration":7,"curve":[0.295,0.2,0.647,0.6],"rotate":0.51},{"duration":10,"curve":[0.375,0.5,0.75,1],"rotate":-0.07},{"duration":20,"curve":[0.25,0,0.75,1],"rotate":-0.77},{"duration":3,"curve":[0.294,0,0.631,0.37],"rotate":0.62},{"duration":40,"curve":[0.25,0,0.75,1],"rotate":0.51},{"duration":20,"curve":[0.25,0,0.75,1],"rotate":-0.54},{"duration":20,"rotate":-2.84}]},{"name":"chuanglian_13","rotateFrame":[{"duration":7,"curve":[0.328,0.32,0.68,0.71],"rotate":0.2},{"duration":6,"curve":[0.382,0.58,0.731,1],"rotate":-0.43},{"duration":20,"curve":[0.25,0,0.75,1],"rotate":-0.77},{"duration":7,"curve":[0.263,0,0.618,0.43],"rotate":0.62},{"duration":40,"curve":[0.25,0,0.75,1],"rotate":0.2},{"duration":20,"curve":[0.25,0,0.75,1],"rotate":-0.86},{"duration":20,"rotate":-0.35}]},{"name":"chuanglian_24","rotateFrame":[{"duration":10,"curve":[0.25,0,0.625,0.5],"rotate":0.06},{"duration":10,"curve":[0.375,0.5,0.75,1],"rotate":-0.57},{"duration":20,"curve":[0.25,0,0.75,1],"rotate":-1.2},{"duration":40,"curve":[0.25,0,0.75,1],"rotate":0.06},{"duration":40,"rotate":-0.32}]},{"name":"chuanglian_4","rotateFrame":[{"duration":6,"curve":[0.382,0.58,0.731,1],"rotate":-0.09},{"duration":20,"curve":[0.25,0,0.75,1],"rotate":-0.34},{"duration":14,"curve":[0.243,0,0.655,0.63],"rotate":0.68},{"duration":40,"curve":[0.25,0,0.75,1],"rotate":-0.09},{"duration":12,"curve":[0.242,0,0.667,0.67],"rotate":-1.14},{"duration":8,"curve":[0.379,0.6,0.724,1],"rotate":-2.47},{"duration":20,"rotate":-10.22}]},{"name":"chuanglian_27","rotateFrame":[{"duration":8,"curve":[0.381,0.55,0.742,1],"rotate":-0.41},{"duration":2,"curve":[0.305,0,0.64,0.36],"rotate":0.06},{"duration":18,"curve":[0.289,0.17,0.755,1]},{"duration":12,"curve":[0.245,0,0.637,0.56],"rotate":-1.2},{"duration":20,"curve":[0.25,0,0.625,0.5],"rotate":-0.41},{"duration":20,"curve":[0.375,0.5,0.75,1],"rotate":5.94},{"duration":15,"curve":[0.247,0,0.729,0.91],"rotate":-0.78},{"duration":5,"curve":[0.348,0.66,0.682,1],"rotate":-9.5},{"duration":20,"rotate":29.35}]},{"name":"chuanglian_16","rotateFrame":[{"duration":7,"curve":[0.263,0,0.618,0.43],"rotate":0.62},{"duration":13,"curve":[0.354,0.41,0.756,1],"rotate":0.2},{"duration":20,"curve":[0.25,0,0.75,1],"rotate":-0.77},{"duration":40,"curve":[0.25,0,0.75,1],"rotate":0.62},{"duration":20,"curve":[0.25,0,0.75,1],"rotate":-0.43},{"duration":20,"rotate":-2.52}]},{"name":"chuanglian_28","rotateFrame":[{"duration":10,"curve":[0.375,0.5,0.75,1],"rotate":-0.57},{"duration":20,"curve":[0.25,0,0.75,1],"rotate":0.06},{"duration":10,"curve":[0.25,0,0.625,0.5],"rotate":-1.2},{"duration":20,"curve":[0.25,0,0.625,0.5],"rotate":-0.57},{"duration":20,"curve":[0.375,0.5,0.75,1],"rotate":5.78},{"duration":15,"curve":[0.247,0,0.729,0.91],"rotate":-0.95},{"duration":5,"curve":[0.348,0.66,0.682,1],"rotate":9.01},{"duration":20,"rotate":21.19}]},{"name":"chuanglian_29","rotateFrame":[{"duration":4,"curve":[0.375,0.62,0.716,1],"rotate":-0.14},{"duration":20,"curve":[0.25,0,0.75,1],"rotate":-0.28},{"duration":16,"curve":[0.243,0,0.68,0.71],"rotate":0.78},{"duration":40,"curve":[0.25,0,0.75,1],"rotate":-0.14},{"duration":20,"curve":[0.25,0,0.75,1],"rotate":2.29},{"duration":20,"rotate":1.94}]},{"name":"chuanglian_47","rotateFrame":[{"duration":10,"curve":[0.326,0.31,0.697,0.76],"rotate":0.54},{"duration":4,"curve":[0.375,0.62,0.716,1],"rotate":0.1},{"duration":20,"curve":[0.25,0,0.75,1]},{"duration":6,"curve":[0.269,0,0.618,0.42],"rotate":0.77},{"duration":20,"curve":[0.25,0,0.625,0.5],"rotate":0.58},{"duration":60,"rotate":0.3}]},{"name":"chuanglian_40","rotateFrame":[{"duration":5,"curve":[0.326,0.31,0.669,0.67],"rotate":0.32},{"duration":8,"curve":[0.381,0.55,0.742,1],"rotate":-0.08},{"duration":20,"curve":[0.25,0,0.75,1],"rotate":-0.53},{"duration":7,"curve":[0.263,0,0.618,0.43],"rotate":0.7},{"duration":40,"curve":[0.25,0,0.75,1],"rotate":0.32},{"duration":20,"curve":[0.25,0,0.75,1],"rotate":2.76},{"duration":20,"rotate":3.57}]},{"name":"chuanglian_20","rotateFrame":[{"duration":10,"curve":[0.349,0.39,0.722,0.85],"rotate":-0.41},{"duration":2,"curve":[0.36,0.64,0.695,1],"rotate":-1.15},{"duration":20,"curve":[0.25,0,0.75,1],"rotate":-1.2},{"duration":8,"curve":[0.258,0,0.619,0.45],"rotate":0.06},{"duration":40,"curve":[0.25,0,0.75,1],"rotate":-0.41},{"duration":40,"rotate":-0.79}]},{"name":"chuanglian_3","rotateFrame":[{"duration":4,"curve":[0.375,0.62,0.716,1],"rotate":-0.2},{"duration":20,"curve":[0.25,0,0.75,1],"rotate":-0.34},{"duration":16,"curve":[0.243,0,0.68,0.71],"rotate":0.68},{"duration":40,"curve":[0.25,0,0.75,1],"rotate":-0.2},{"duration":20,"curve":[0.25,0,0.75,1],"rotate":-1.26},{"duration":20,"rotate":-7.88}]},{"name":"chuanglian_25","rotateFrame":[{"duration":3,"curve":[0.369,0.63,0.706,1],"rotate":-0.05},{"duration":7,"curve":[0.263,0,0.618,0.43],"rotate":0.06},{"duration":13,"curve":[0.354,0.41,0.756,1],"rotate":-0.33},{"duration":17,"curve":[0.244,0,0.694,0.77],"rotate":-1.2},{"duration":40,"curve":[0.25,0,0.75,1],"rotate":-0.05},{"duration":20,"curve":[0.25,0,0.75,1],"rotate":-0.42},{"duration":20,"rotate":-12.95}]},{"name":"chuanglian_54","rotateFrame":[{"duration":8,"curve":[0.381,0.55,0.742,1],"rotate":0.45},{"duration":2,"curve":[0.305,0,0.64,0.36],"rotate":0.77},{"duration":18,"curve":[0.289,0.17,0.755,1],"rotate":0.74},{"duration":12,"curve":[0.245,0,0.637,0.56]},{"duration":20,"curve":[0.25,0,0.625,0.5],"rotate":0.49},{"duration":60,"rotate":-1.54}]},{"name":"chuanglian_30","rotateFrame":[{"duration":6,"curve":[0.382,0.58,0.731,1],"rotate":-0.02},{"duration":20,"curve":[0.25,0,0.75,1],"rotate":-0.28},{"duration":14,"curve":[0.243,0,0.655,0.63],"rotate":0.78},{"duration":40,"curve":[0.25,0,0.75,1],"rotate":-0.02},{"duration":20,"curve":[0.25,0,0.75,1],"rotate":2.41},{"duration":20,"rotate":9.99}]},{"name":"chuanglian_34","translateFrame":[{"duration":80,"curve":[0.345,0.37,0.757,1]},{"duration":20,"curve":[0.25,0,0.75,1]},{"duration":20,"x":9.74,"y":13.83}],"rotateFrame":[{"duration":14,"curve":[0.345,0.37,0.757,1],"rotate":0.52},{"duration":20,"curve":[0.25,0,0.75,1],"rotate":-0.28},{"duration":6,"curve":[0.269,0,0.618,0.42],"rotate":0.78},{"duration":20,"curve":[0.25,0,0.625,0.5],"rotate":0.52},{"duration":20,"curve":[0.375,0.5,0.75,1],"rotate":-9.01},{"duration":20,"curve":[0.25,0,0.75,1],"rotate":-11.16},{"duration":20,"rotate":32.6}]},{"name":"chuanglian_2","translateFrame":[{"duration":80,"curve":[0.36,0.64,0.695,1]},{"duration":20,"curve":[0.25,0,0.75,1]},{"duration":20,"x":-15.29}],"rotateFrame":[{"duration":2,"curve":[0.36,0.64,0.695,1],"rotate":-0.29},{"duration":20,"curve":[0.25,0,0.75,1],"rotate":-0.34},{"duration":18,"curve":[0.245,0,0.711,0.83],"rotate":0.68},{"duration":40,"curve":[0.25,0,0.75,1],"rotate":-0.29},{"duration":20,"curve":[0.25,0,0.75,1],"rotate":-1.35},{"duration":20,"rotate":3.68}]},{"name":"chuanglian_8","translateFrame":[{"duration":92,"curve":[0.333,0.33,0.758,1]},{"duration":3,"curve":[0.367,0.5,0.708,0.87]},{"duration":5,"curve":[0.348,0.66,0.682,1],"x":15.62,"y":-12.83},{"duration":20}],"rotateFrame":[{"duration":15,"curve":[0.333,0.33,0.758,1],"rotate":0.49},{"duration":20,"curve":[0.25,0,0.75,1],"rotate":-0.34},{"duration":5,"curve":[0.276,0,0.621,0.4],"rotate":0.68},{"duration":20,"curve":[0.25,0,0.625,0.5],"rotate":0.49},{"duration":20,"curve":[0.375,0.5,0.75,1],"rotate":6.16},{"duration":12,"curve":[0.2445,0,0.698,0.79],"rotate":-0.56},{"duration":3,"curve":[0.367,0.5,0.708,0.87],"rotate":-19.72},{"duration":5,"curve":[0.348,0.66,0.682,1],"rotate":-25.4},{"duration":20,"rotate":-21.35}]},{"name":"xidai","translateFrame":[{"duration":95,"tweenEasing":0},{"duration":25,"x":-76.71,"y":-42.61}],"scaleFrame":[{"duration":95,"tweenEasing":0},{"duration":25,"x":1.25,"y":0.81}]}],"slot":[{"name":"chuanglian_02","colorFrame":[{"duration":86,"tweenEasing":0},{"duration":14,"curve":[0.25,0,0.75,1]},{"duration":20,"value":{"aM":0}}]},{"name":"shouchuanglian_02","displayFrame":[{"duration":88,"value":-1},{"duration":32}],"colorFrame":[{"duration":88,"curve":[0.125,0,0.875,1]},{"duration":12,"tweenEasing":0,"value":{"aM":0}},{"duration":20}]},{"name":"xidai","displayFrame":[{"duration":95,"value":-1},{"duration":25}],"colorFrame":[{"duration":95,"tweenEasing":0},{"duration":5,"tweenEasing":0,"value":{"aM":0}},{"duration":20}]}]},{"duration":40,"name":"animation","bone":[{"name":"chuanglian_2","rotateFrame":[{"duration":2,"curve":[0.36,0.64,0.695,1],"rotate":-0.29},{"duration":20,"curve":[0.25,0,0.75,1],"rotate":-0.34},{"duration":18,"curve":[0.245,0,0.711,0.83],"rotate":0.68},{"duration":0,"rotate":-0.29}]},{"name":"chuanglian_3","rotateFrame":[{"duration":4,"curve":[0.375,0.62,0.716,1],"rotate":-0.2},{"duration":20,"curve":[0.25,0,0.75,1],"rotate":-0.34},{"duration":16,"curve":[0.243,0,0.68,0.71],"rotate":0.68},{"duration":0,"rotate":-0.2}]},{"name":"chuanglian_4","rotateFrame":[{"duration":6,"curve":[0.382,0.58,0.731,1],"rotate":-0.09},{"duration":20,"curve":[0.25,0,0.75,1],"rotate":-0.34},{"duration":14,"curve":[0.243,0,0.655,0.63],"rotate":0.68},{"duration":0,"rotate":-0.09}]},{"name":"chuanglian_5","rotateFrame":[{"duration":8,"curve":[0.381,0.55,0.742,1],"rotate":0.04},{"duration":20,"curve":[0.25,0,0.75,1],"rotate":-0.34},{"duration":12,"curve":[0.245,0,0.637,0.56],"rotate":0.68},{"duration":0,"rotate":0.04}]},{"name":"chuanglian_6","rotateFrame":[{"duration":11,"curve":[0.37,0.47,0.753,1],"rotate":0.24},{"duration":20,"curve":[0.25,0,0.75,1],"rotate":-0.34},{"duration":9,"curve":[0.253,0,0.621,0.48],"rotate":0.68},{"duration":0,"rotate":0.24}]},{"name":"chuanglian_7","rotateFrame":[{"duration":13,"curve":[0.354,0.41,0.756,1],"rotate":0.37},{"duration":20,"curve":[0.25,0,0.75,1],"rotate":-0.34},{"duration":7,"curve":[0.263,0,0.618,0.43],"rotate":0.68},{"duration":0,"rotate":0.37}]},{"name":"chuanglian_8","rotateFrame":[{"duration":15,"curve":[0.333,0.33,0.758,1],"rotate":0.49},{"duration":20,"curve":[0.25,0,0.75,1],"rotate":-0.34},{"duration":5,"curve":[0.276,0,0.621,0.4],"rotate":0.68},{"duration":0,"rotate":0.49}]},{"name":"chuanglian_9","rotateFrame":[{"duration":17,"curve":[0.306,0.23,0.756,1],"rotate":0.59},{"duration":20,"curve":[0.25,0,0.75,1],"rotate":-0.34},{"duration":3,"curve":[0.294,0,0.631,0.37],"rotate":0.68},{"duration":0,"rotate":0.59}]},{"name":"chuanglian_10","rotateFrame":[{"duration":20,"curve":[0.25,0,0.75,1],"rotate":0.68},{"duration":20,"curve":[0.25,0,0.75,1],"rotate":-0.34},{"duration":0,"rotate":0.68}]},{"name":"chuanglian_11","rotateFrame":[{"duration":7,"curve":[0.362,0.44,0.715,0.84],"rotate":-0.17},{"duration":2,"curve":[0.36,0.64,0.695,1],"rotate":-0.71},{"duration":20,"curve":[0.25,0,0.75,1],"rotate":-0.77},{"duration":11,"curve":[0.247,0,0.63,0.53],"rotate":0.62},{"duration":0,"rotate":-0.17}]},{"name":"chuanglian_12","rotateFrame":[{"duration":7,"curve":[0.344,0.37,0.696,0.76],"rotate":0.01},{"duration":4,"curve":[0.375,0.62,0.716,1],"rotate":-0.59},{"duration":20,"curve":[0.25,0,0.75,1],"rotate":-0.77},{"duration":9,"curve":[0.253,0,0.621,0.48],"rotate":0.62},{"duration":0,"rotate":0.01}]},{"name":"chuanglian_13","rotateFrame":[{"duration":7,"curve":[0.328,0.32,0.68,0.71],"rotate":0.2},{"duration":6,"curve":[0.382,0.58,0.731,1],"rotate":-0.43},{"duration":20,"curve":[0.25,0,0.75,1],"rotate":-0.77},{"duration":7,"curve":[0.263,0,0.618,0.43],"rotate":0.62},{"duration":0,"rotate":0.2}]},{"name":"chuanglian_14","rotateFrame":[{"duration":7,"curve":[0.312,0.27,0.664,0.66],"rotate":0.37},{"duration":8,"curve":[0.381,0.55,0.742,1],"rotate":-0.26},{"duration":20,"curve":[0.25,0,0.75,1],"rotate":-0.77},{"duration":5,"curve":[0.276,0,0.621,0.4],"rotate":0.62},{"duration":0,"rotate":0.37}]},{"name":"chuanglian_15","rotateFrame":[{"duration":7,"curve":[0.295,0.2,0.647,0.6],"rotate":0.51},{"duration":10,"curve":[0.375,0.5,0.75,1],"rotate":-0.07},{"duration":20,"curve":[0.25,0,0.75,1],"rotate":-0.77},{"duration":3,"curve":[0.294,0,0.631,0.37],"rotate":0.62},{"duration":0,"rotate":0.51}]},{"name":"chuanglian_16","rotateFrame":[{"duration":7,"curve":[0.263,0,0.618,0.43],"rotate":0.62},{"duration":13,"curve":[0.354,0.41,0.756,1],"rotate":0.2},{"duration":20,"curve":[0.25,0,0.75,1],"rotate":-0.77},{"duration":0,"rotate":0.62}]},{"name":"chuanglian_17","rotateFrame":[{"duration":2,"curve":[0.36,0.64,0.695,1],"rotate":0.56},{"duration":5,"curve":[0.276,0,0.621,0.4],"rotate":0.62},{"duration":15,"curve":[0.333,0.33,0.758,1],"rotate":0.37},{"duration":18,"curve":[0.245,0,0.711,0.83],"rotate":-0.77},{"duration":0,"rotate":0.56}]},{"name":"chuanglian_18","rotateFrame":[{"duration":4,"curve":[0.375,0.62,0.716,1],"rotate":0.44},{"duration":3,"curve":[0.294,0,0.631,0.37],"rotate":0.62},{"duration":17,"curve":[0.306,0.23,0.756,1],"rotate":0.51},{"duration":16,"curve":[0.243,0,0.68,0.71],"rotate":-0.77},{"duration":0,"rotate":0.44}]},{"name":"chuanglian_19","rotateFrame":[{"duration":7,"curve":[0.382,0.57,0.737,1],"rotate":0.2},{"duration":20,"curve":[0.25,0,0.75,1],"rotate":0.62},{"duration":13,"curve":[0.244,0,0.646,0.59],"rotate":-0.77},{"duration":0,"rotate":0.2}]},{"name":"chuanglian_20","rotateFrame":[{"duration":10,"curve":[0.349,0.39,0.722,0.85],"rotate":0.27},{"duration":2,"curve":[0.36,0.64,0.695,1],"rotate":-0.47},{"duration":20,"curve":[0.25,0,0.75,1],"rotate":-0.52},{"duration":8,"curve":[0.258,0,0.619,0.45],"rotate":0.73},{"duration":0,"rotate":0.27}]},{"name":"chuanglian_21","rotateFrame":[{"duration":10,"curve":[0.326,0.31,0.697,0.76],"rotate":0.43},{"duration":4,"curve":[0.375,0.62,0.716,1],"rotate":-0.36},{"duration":20,"curve":[0.25,0,0.75,1],"rotate":-0.52},{"duration":6,"curve":[0.269,0,0.618,0.42],"rotate":0.73},{"duration":0,"rotate":0.43}]},{"name":"chuanglian_22","rotateFrame":[{"duration":10,"curve":[0.303,0.24,0.674,0.69],"rotate":0.57},{"duration":6,"curve":[0.382,0.58,0.731,1],"rotate":-0.22},{"duration":20,"curve":[0.25,0,0.75,1],"rotate":-0.52},{"duration":4,"curve":[0.284,0,0.625,0.38],"rotate":0.73},{"duration":0,"rotate":0.57}]},{"name":"chuanglian_23","rotateFrame":[{"duration":10,"curve":[0.278,0.15,0.651,0.61],"rotate":0.68},{"duration":8,"curve":[0.381,0.55,0.742,1],"rotate":-0.06},{"duration":20,"curve":[0.25,0,0.75,1],"rotate":-0.52},{"duration":2,"curve":[0.305,0,0.64,0.36],"rotate":0.73},{"duration":0,"rotate":0.68}]},{"name":"chuanglian_24","rotateFrame":[{"duration":10,"curve":[0.25,0,0.625,0.5],"rotate":0.73},{"duration":10,"curve":[0.375,0.5,0.75,1],"rotate":0.11},{"duration":20,"curve":[0.25,0,0.75,1],"rotate":-0.52},{"duration":0,"rotate":0.73}]},{"name":"chuanglian_25","rotateFrame":[{"duration":3,"curve":[0.369,0.63,0.706,1],"rotate":0.63},{"duration":7,"curve":[0.263,0,0.618,0.43],"rotate":0.73},{"duration":13,"curve":[0.354,0.41,0.756,1],"rotate":0.35},{"duration":17,"curve":[0.244,0,0.694,0.77],"rotate":-0.52},{"duration":0,"rotate":0.63}]},{"name":"chuanglian_26","rotateFrame":[{"duration":5,"curve":[0.379,0.6,0.724,1],"rotate":0.5},{"duration":5,"curve":[0.276,0,0.621,0.4],"rotate":0.73},{"duration":15,"curve":[0.333,0.33,0.758,1],"rotate":0.5},{"duration":15,"curve":[0.242,0,0.667,0.67],"rotate":-0.52},{"duration":0,"rotate":0.5}]},{"name":"chuanglian_27","rotateFrame":[{"duration":8,"curve":[0.381,0.55,0.742,1],"rotate":0.27},{"duration":2,"curve":[0.305,0,0.64,0.36],"rotate":0.73},{"duration":18,"curve":[0.289,0.17,0.755,1],"rotate":0.68},{"duration":12,"curve":[0.245,0,0.637,0.56],"rotate":-0.52},{"duration":0,"rotate":0.27}]},{"name":"chuanglian_28","rotateFrame":[{"duration":10,"curve":[0.375,0.5,0.75,1],"rotate":0.11},{"duration":20,"curve":[0.25,0,0.75,1],"rotate":0.73},{"duration":10,"curve":[0.25,0,0.625,0.5],"rotate":-0.52},{"duration":0,"rotate":0.11}]},{"name":"chuanglian_1","rotateFrame":[{"duration":2,"curve":[0.36,0.64,0.695,1],"rotate":-0.23},{"duration":20,"curve":[0.25,0,0.75,1],"rotate":-0.28},{"duration":18,"curve":[0.245,0,0.711,0.83],"rotate":0.78},{"duration":0,"rotate":-0.23}]},{"name":"chuanglian_29","rotateFrame":[{"duration":4,"curve":[0.375,0.62,0.716,1],"rotate":-0.14},{"duration":20,"curve":[0.25,0,0.75,1],"rotate":-0.28},{"duration":16,"curve":[0.243,0,0.68,0.71],"rotate":0.78},{"duration":0,"rotate":-0.14}]},{"name":"chuanglian_30","rotateFrame":[{"duration":6,"curve":[0.382,0.58,0.731,1],"rotate":-0.02},{"duration":20,"curve":[0.25,0,0.75,1],"rotate":-0.28},{"duration":14,"curve":[0.243,0,0.655,0.63],"rotate":0.78},{"duration":0,"rotate":-0.02}]},{"name":"chuanglian_31","rotateFrame":[{"duration":8,"curve":[0.381,0.55,0.742,1],"rotate":0.11},{"duration":20,"curve":[0.25,0,0.75,1],"rotate":-0.28},{"duration":12,"curve":[0.245,0,0.637,0.56],"rotate":0.78},{"duration":0,"rotate":0.11}]},{"name":"chuanglian_32","rotateFrame":[{"duration":10,"curve":[0.375,0.5,0.75,1],"rotate":0.25},{"duration":20,"curve":[0.25,0,0.75,1],"rotate":-0.28},{"duration":10,"curve":[0.25,0,0.625,0.5],"rotate":0.78},{"duration":0,"rotate":0.25}]},{"name":"chuanglian_33","rotateFrame":[{"duration":12,"curve":[0.363,0.44,0.755,1],"rotate":0.39},{"duration":20,"curve":[0.25,0,0.75,1],"rotate":-0.28},{"duration":8,"curve":[0.258,0,0.619,0.45],"rotate":0.78},{"duration":0,"rotate":0.39}]},{"name":"chuanglian_34","rotateFrame":[{"duration":14,"curve":[0.345,0.37,0.757,1],"rotate":0.52},{"duration":20,"curve":[0.25,0,0.75,1],"rotate":-0.28},{"duration":6,"curve":[0.269,0,0.618,0.42],"rotate":0.78},{"duration":0,"rotate":0.52}]},{"name":"chuanglian_35","rotateFrame":[{"duration":16,"curve":[0.32,0.29,0.757,1],"rotate":0.64},{"duration":20,"curve":[0.25,0,0.75,1],"rotate":-0.28},{"duration":4,"curve":[0.284,0,0.625,0.38],"rotate":0.78},{"duration":0,"rotate":0.64}]},{"name":"chuanglian_36","rotateFrame":[{"duration":18,"curve":[0.289,0.17,0.755,1],"rotate":0.74},{"duration":20,"curve":[0.25,0,0.75,1],"rotate":-0.28},{"duration":2,"curve":[0.305,0,0.64,0.36],"rotate":0.78},{"duration":0,"rotate":0.74}]},{"name":"chuanglian_37","rotateFrame":[{"duration":5,"curve":[0.362,0.45,0.706,0.82],"rotate":-0.16},{"duration":2,"curve":[0.36,0.64,0.695,1],"rotate":-0.48},{"duration":20,"curve":[0.25,0,0.75,1],"rotate":-0.53},{"duration":13,"curve":[0.244,0,0.646,0.59],"rotate":0.7},{"duration":0,"rotate":-0.16}]},{"name":"chuanglian_38","rotateFrame":[{"duration":5,"curve":[0.349,0.39,0.692,0.75]},{"duration":4,"curve":[0.375,0.62,0.716,1],"rotate":-0.37},{"duration":20,"curve":[0.25,0,0.75,1],"rotate":-0.53},{"duration":11,"curve":[0.247,0,0.63,0.53],"rotate":0.7},{"duration":0}]},{"name":"chuanglian_39","rotateFrame":[{"duration":5,"curve":[0.337,0.34,0.68,0.71],"rotate":0.16},{"duration":6,"curve":[0.382,0.58,0.731,1],"rotate":-0.23},{"duration":20,"curve":[0.25,0,0.75,1],"rotate":-0.53},{"duration":9,"curve":[0.253,0,0.621,0.48],"rotate":0.7},{"duration":0,"rotate":0.16}]},{"name":"chuanglian_40","rotateFrame":[{"duration":5,"curve":[0.326,0.31,0.669,0.67],"rotate":0.32},{"duration":8,"curve":[0.381,0.55,0.742,1],"rotate":-0.08},{"duration":20,"curve":[0.25,0,0.75,1],"rotate":-0.53},{"duration":7,"curve":[0.263,0,0.618,0.43],"rotate":0.7},{"duration":0,"rotate":0.32}]},{"name":"chuanglian_41","rotateFrame":[{"duration":5,"curve":[0.314,0.27,0.657,0.64],"rotate":0.47},{"duration":10,"curve":[0.375,0.5,0.75,1],"rotate":0.08},{"duration":20,"curve":[0.25,0,0.75,1],"rotate":-0.53},{"duration":5,"curve":[0.276,0,0.621,0.4],"rotate":0.7},{"duration":0,"rotate":0.47}]},{"name":"chuanglian_42","rotateFrame":[{"duration":5,"curve":[0.301,0.22,0.645,0.59],"rotate":0.6},{"duration":12,"curve":[0.363,0.44,0.755,1],"rotate":0.25},{"duration":20,"curve":[0.25,0,0.75,1],"rotate":-0.53},{"duration":3,"curve":[0.294,0,0.631,0.37],"rotate":0.7},{"duration":0,"rotate":0.6}]},{"name":"chuanglian_43","rotateFrame":[{"duration":5,"curve":[0.286,0.11,0.63,0.5],"rotate":0.68},{"duration":14,"curve":[0.345,0.37,0.757,1],"rotate":0.4},{"duration":20,"curve":[0.25,0,0.75,1],"rotate":-0.53},{"curve":[0.318,0,0.652,0.34],"rotate":0.7},{"duration":0,"rotate":0.68}]},{"name":"chuanglian_44","rotateFrame":[{"curve":[0.348,0.66,0.682,1],"rotate":0.68},{"duration":4,"curve":[0.284,0,0.625,0.38],"rotate":0.7},{"duration":16,"curve":[0.32,0.29,0.757,1],"rotate":0.54},{"duration":19,"curve":[0.247,0,0.729,0.91],"rotate":-0.53},{"duration":0,"rotate":0.68}]},{"name":"chuanglian_45","rotateFrame":[{"duration":3,"curve":[0.369,0.63,0.706,1],"rotate":0.6},{"duration":2,"curve":[0.305,0,0.64,0.36],"rotate":0.7},{"duration":18,"curve":[0.289,0.17,0.755,1],"rotate":0.65},{"duration":17,"curve":[0.244,0,0.694,0.77],"rotate":-0.53},{"duration":0,"rotate":0.6}]},{"name":"chuanglian_46","rotateFrame":[{"duration":10,"curve":[0.349,0.39,0.722,0.85],"rotate":0.14},{"duration":2,"curve":[0.36,0.64,0.695,1],"rotate":-0.27},{"duration":20,"curve":[0.25,0,0.75,1],"rotate":-0.31},{"duration":8,"curve":[0.258,0,0.619,0.45],"rotate":0.46},{"duration":0,"rotate":0.17}]},{"name":"chuanglian_47","rotateFrame":[{"duration":10,"curve":[0.326,0.31,0.697,0.76],"rotate":0.23},{"duration":4,"curve":[0.375,0.62,0.716,1],"rotate":-0.21},{"duration":20,"curve":[0.25,0,0.75,1],"rotate":-0.31},{"duration":6,"curve":[0.269,0,0.618,0.42],"rotate":0.46},{"duration":0,"rotate":0.27}]},{"name":"chuanglian_48","rotateFrame":[{"duration":10,"curve":[0.303,0.24,0.674,0.69],"rotate":0.32},{"duration":6,"curve":[0.382,0.58,0.731,1],"rotate":-0.12},{"duration":20,"curve":[0.25,0,0.75,1],"rotate":-0.31},{"duration":4,"curve":[0.284,0,0.625,0.38],"rotate":0.46},{"duration":0,"rotate":0.36}]},{"name":"chuanglian_49","rotateFrame":[{"duration":10,"curve":[0.278,0.15,0.651,0.61],"rotate":0.39},{"duration":8,"curve":[0.381,0.55,0.742,1],"rotate":-0.03},{"duration":20,"curve":[0.25,0,0.75,1],"rotate":-0.31},{"duration":2,"curve":[0.305,0,0.64,0.36],"rotate":0.46},{"duration":0,"rotate":0.43}]},{"name":"chuanglian_50","rotateFrame":[{"duration":10,"curve":[0.25,0,0.625,0.5],"rotate":0.42},{"duration":10,"curve":[0.375,0.5,0.75,1],"rotate":0.08},{"duration":20,"curve":[0.25,0,0.75,1],"rotate":-0.31},{"duration":0,"rotate":0.46}]},{"name":"chuanglian_51","rotateFrame":[{"duration":2,"curve":[0.36,0.64,0.695,1],"rotate":0.39},{"duration":8,"curve":[0.258,0,0.619,0.45],"rotate":0.46},{"duration":12,"curve":[0.363,0.44,0.755,1],"rotate":0.18},{"duration":18,"curve":[0.245,0,0.711,0.83],"rotate":-0.31},{"duration":0,"rotate":0.43}]},{"name":"chuanglian_52","rotateFrame":[{"duration":4,"curve":[0.375,0.62,0.716,1],"rotate":0.32},{"duration":6,"curve":[0.269,0,0.618,0.42],"rotate":0.46},{"duration":14,"curve":[0.345,0.37,0.757,1],"rotate":0.27},{"duration":16,"curve":[0.243,0,0.68,0.71],"rotate":-0.31},{"duration":0,"rotate":0.36}]},{"name":"chuanglian_53","rotateFrame":[{"duration":6,"curve":[0.382,0.58,0.731,1],"rotate":0.24},{"duration":4,"curve":[0.284,0,0.625,0.38],"rotate":0.46},{"duration":16,"curve":[0.32,0.29,0.757,1],"rotate":0.36},{"duration":14,"curve":[0.243,0,0.655,0.63],"rotate":-0.31},{"duration":0,"rotate":0.27}]},{"name":"chuanglian_54","rotateFrame":[{"duration":8,"curve":[0.381,0.55,0.742,1],"rotate":0.14},{"duration":2,"curve":[0.305,0,0.64,0.36],"rotate":0.46},{"duration":18,"curve":[0.289,0.17,0.755,1],"rotate":0.43},{"duration":12,"curve":[0.245,0,0.637,0.56],"rotate":-0.31},{"duration":0,"rotate":0.18}]}]}],"defaultActions":[{"gotoAndPlay":"1"}]}]}