{"width":512,"imagePath":"chuansong_tex.png","height":512,"name":"chuansong","SubTexture":[{"frameY":0,"y":292,"frameWidth":94,"frameX":-6,"frameHeight":40,"width":87,"height":39,"name":"bo_yellow/bo_yellow_01","x":178},{"frameY":-1,"y":251,"frameWidth":94,"frameX":0,"frameHeight":40,"width":87,"height":39,"name":"bo_yellow/bo_yellow_07","x":356},{"frameY":0,"y":1,"frameWidth":94,"frameX":-1,"frameHeight":40,"width":92,"height":40,"name":"bo_yellow/bo_yellow_16","x":303},{"frameY":-1,"y":85,"frameWidth":94,"frameX":0,"frameHeight":40,"width":92,"height":39,"name":"bo_yellow/bo_yellow_10","x":302},{"frameY":-1,"y":295,"frameWidth":94,"frameX":-5,"frameHeight":40,"width":86,"height":39,"name":"bo_yellow/bo_yellow_04","x":1},{"frameY":0,"y":87,"frameWidth":94,"frameX":0,"frameHeight":40,"width":91,"height":40,"name":"bo_yellow/bo_yellow_14","x":1},{"frameY":0,"y":85,"frameWidth":94,"frameX":0,"frameHeight":40,"width":91,"height":40,"name":"bo_yellow/bo_yellow_13","x":209},{"frameY":-1,"y":333,"frameWidth":94,"frameX":-5,"frameHeight":40,"width":87,"height":38,"name":"bo_yellow/bo_yellow_03","x":177},{"frameY":-1,"y":85,"frameWidth":94,"frameX":0,"frameHeight":40,"width":91,"height":39,"name":"bo_yellow/bo_yellow_09","x":396},{"frameY":0,"y":209,"frameWidth":94,"frameX":-7,"frameHeight":40,"width":87,"height":40,"name":"bo_yellow/bo_yellow_19","x":368},{"frameY":0,"y":167,"frameWidth":94,"frameX":-7,"frameHeight":40,"width":87,"height":40,"name":"bo_yellow/bo_yellow_00","x":371},{"frameY":-1,"y":210,"frameWidth":94,"frameX":0,"frameHeight":40,"width":90,"height":39,"name":"bo_yellow/bo_yellow_06","x":93},{"frameY":-1,"y":128,"frameWidth":94,"frameX":0,"frameHeight":40,"width":91,"height":39,"name":"bo_yellow/bo_yellow_12","x":94},{"frameY":0,"y":43,"frameWidth":94,"frameX":0,"frameHeight":40,"width":91,"height":40,"name":"bo_yellow/bo_yellow_15","x":395},{"frameY":0,"y":253,"frameWidth":94,"frameX":-7,"frameHeight":40,"width":86,"height":40,"name":"bo_yellow/bo_yellow_18","x":1},{"frameY":-1,"y":169,"frameWidth":94,"frameX":-1,"frameHeight":40,"width":90,"height":39,"name":"bo_yellow/bo_yellow_05","x":94},{"frameY":-1,"y":126,"frameWidth":94,"frameX":0,"frameHeight":40,"width":91,"height":39,"name":"bo_yellow/bo_yellow_11","x":302},{"frameY":-1,"y":333,"frameWidth":94,"frameX":-6,"frameHeight":40,"width":87,"height":38,"name":"bo_yellow/bo_yellow_02","x":355},{"frameY":0,"y":168,"frameWidth":94,"frameX":-5,"frameHeight":40,"width":88,"height":40,"name":"bo_yellow/bo_yellow_17","x":187},{"frameY":-1,"y":292,"frameWidth":94,"frameX":0,"frameHeight":40,"width":85,"height":39,"name":"bo_yellow/bo_yellow_08","x":354},{"frameY":0,"y":167,"frameWidth":94,"frameX":-5,"frameHeight":40,"width":88,"height":40,"name":"bo_blue/bo_blue_17","x":281},{"frameY":-1,"y":293,"frameWidth":94,"frameX":-5,"frameHeight":40,"width":86,"height":39,"name":"bo_blue/bo_blue_04","x":89},{"frameY":-1,"y":87,"frameWidth":94,"frameX":0,"frameHeight":40,"width":92,"height":39,"name":"bo_blue/bo_blue_10","x":94},{"frameY":0,"y":211,"frameWidth":94,"frameX":-7,"frameHeight":40,"width":87,"height":40,"name":"bo_blue/bo_blue_19","x":1},{"frameY":-1,"y":129,"frameWidth":94,"frameX":0,"frameHeight":40,"width":91,"height":39,"name":"bo_blue/bo_blue_09","x":1},{"frameY":0,"y":1,"frameWidth":94,"frameX":-1,"frameHeight":40,"width":92,"height":40,"name":"bo_blue/bo_blue_16","x":209},{"frameY":-1,"y":336,"frameWidth":94,"frameX":-5,"frameHeight":40,"width":87,"height":38,"name":"bo_blue/bo_blue_03","x":1},{"frameY":-1,"y":127,"frameWidth":94,"frameX":0,"frameHeight":40,"width":91,"height":39,"name":"bo_blue/bo_blue_12","x":188},{"frameY":-1,"y":170,"frameWidth":94,"frameX":0,"frameHeight":40,"width":90,"height":39,"name":"bo_blue/bo_blue_06","x":1},{"frameY":-1,"y":126,"frameWidth":94,"frameX":0,"frameHeight":40,"width":91,"height":39,"name":"bo_blue/bo_blue_11","x":395},{"frameY":0,"y":1,"frameWidth":94,"frameX":0,"frameHeight":40,"width":91,"height":40,"name":"bo_blue/bo_blue_15","x":397},{"frameY":-1,"y":210,"frameWidth":94,"frameX":-1,"frameHeight":40,"width":90,"height":39,"name":"bo_blue/bo_blue_05","x":187},{"frameY":0,"y":209,"frameWidth":94,"frameX":-7,"frameHeight":40,"width":87,"height":40,"name":"bo_blue/bo_blue_00","x":279},{"frameY":0,"y":43,"frameWidth":94,"frameX":0,"frameHeight":40,"width":91,"height":40,"name":"bo_blue/bo_blue_14","x":302},{"frameY":-1,"y":292,"frameWidth":94,"frameX":0,"frameHeight":40,"width":85,"height":39,"name":"bo_blue/bo_blue_08","x":267},{"frameY":0,"y":43,"frameWidth":94,"frameX":0,"frameHeight":40,"width":91,"height":40,"name":"bo_blue/bo_blue_13","x":209},{"frameY":0,"y":251,"frameWidth":94,"frameX":-7,"frameHeight":40,"width":86,"height":40,"name":"bo_blue/bo_blue_18","x":90},{"frameY":0,"y":251,"frameWidth":94,"frameX":-6,"frameHeight":40,"width":87,"height":39,"name":"bo_blue/bo_blue_01","x":178},{"frameY":-1,"y":251,"frameWidth":94,"frameX":0,"frameHeight":40,"width":87,"height":39,"name":"bo_blue/bo_blue_07","x":267},{"frameY":-1,"y":333,"frameWidth":94,"frameX":-6,"frameHeight":40,"width":87,"height":38,"name":"bo_blue/bo_blue_02","x":266},{"width":102,"y":1,"height":84,"name":"glow_blue","x":105},{"width":102,"y":1,"height":84,"name":"glow_yellow","x":1}]}