{"width":512,"SubTexture":[{"width":42,"y":199,"height":41,"name":"yumao","x":178},{"width":76,"y":129,"height":68,"name":"ps07","x":261},{"width":62,"y":182,"height":31,"name":"ps06","x":418},{"width":77,"y":182,"height":51,"name":"ps05","x":339},{"width":45,"y":133,"height":74,"name":"ps03","x":131},{"width":89,"y":117,"height":63,"name":"ps02","x":391},{"width":45,"y":129,"height":41,"name":"ps01","x":339},{"width":37,"y":215,"height":37,"name":"ps00","x":418},{"width":128,"y":1,"height":130,"name":"g02","x":131},{"frameWidth":128,"y":1,"frameHeight":134,"width":112,"frameX":-12,"height":114,"name":"g00","frameY":0,"x":391},{"frameWidth":128,"y":1,"frameHeight":134,"width":128,"frameX":0,"height":133,"name":"g01","frameY":-1,"x":1},{"width":128,"y":1,"height":126,"name":"g03","x":261}],"height":256,"name":"dianzi","imagePath":"dianzi_tex.png"}