{"frameRate":30,"name":"dianji","version":"5.5","compatibleVersion":"5.5","armature":[{"type":"Armature","frameRate":30,"name":"dianji","aabb":{"x":-116,"y":-117,"width":232,"height":234},"bone":[{"name":"root","transform":{"scX":1.5,"scY":1.5}},{"name":"dianji","parent":"root","transform":{"scX":1.4,"scY":1.4}}],"slot":[{"blendMode":"add","displayIndex":20,"name":"dianji","parent":"dianji"}],"skin":[{"slot":[{"name":"dianji","display":[{"name":"dianji_01"},{"name":"dianji_02"},{"name":"dianji_03"},{"name":"dianji_04"},{"name":"dianji_05"},{"name":"dianji_06"},{"name":"dianji_07"},{"name":"dianji_08"},{"name":"dianji_09"},{"name":"dianji_10"},{"name":"dianji_11"},{"name":"dianji_12"},{"name":"dianji_13"},{"name":"dianji_14"},{"name":"dianji_15"},{"name":"dianji_16"},{"name":"dianji_17"},{"name":"dianji_18"},{"name":"dianji_19"},{"name":"dianji_20"},{"name":"dianji_21"}]}]}],"animation":[{"duration":21,"name":"dianji","slot":[{"name":"dianji","displayFrame":[{},{"value":1},{"value":2},{"value":3},{"value":4},{"value":5},{"value":6},{"value":7},{"value":8},{"value":9},{"value":10},{"value":11},{"value":12},{"value":13},{"value":14},{"value":15},{"value":16},{"value":17},{"value":18},{"value":19},{"value":20},{"duration":0,"value":-1}]}]}],"defaultActions":[{"gotoAndPlay":"dianji"}]}]}