{"width":1024,"imagePath":"dianji_tex.png","height":1024,"name":"dianji","SubTexture":[{"frameHeight":234,"y":692,"frameX":-55,"width":123,"frameY":-58,"height":122,"name":"dianji_18","frameWidth":232,"x":455},{"frameHeight":234,"y":828,"frameX":-53,"width":127,"frameY":-56,"height":126,"name":"dianji_19","frameWidth":232,"x":455},{"frameHeight":234,"y":237,"frameX":-3,"width":226,"frameY":-3,"height":227,"name":"dianji_03","frameWidth":232,"x":465},{"frameHeight":234,"y":674,"frameX":-39,"width":151,"frameY":-45,"height":151,"name":"dianji_16","frameWidth":232,"x":844},{"frameHeight":234,"y":467,"frameX":-52,"width":127,"frameY":-55,"height":129,"name":"dianji_21","frameWidth":232,"x":896},{"frameHeight":234,"y":466,"frameX":-4,"width":223,"frameY":-5,"height":224,"name":"dianji_13","frameWidth":232,"x":465},{"frameHeight":234,"y":689,"frameX":-7,"width":218,"frameY":-8,"height":218,"name":"dianji_02","frameWidth":232,"x":235},{"frameHeight":234,"y":237,"frameX":-2,"width":228,"frameY":-2,"height":230,"name":"dianji_12","frameWidth":232,"x":235},{"frameHeight":234,"y":827,"frameX":-52,"width":128,"frameY":-55,"height":128,"name":"dianji_20","frameWidth":232,"x":844},{"frameHeight":234,"y":1,"frameX":-1,"width":229,"frameY":-2,"height":231,"name":"dianji_11","frameWidth":232,"x":702},{"width":232,"y":473,"height":234,"name":"dianji_05","x":1},{"frameHeight":234,"y":467,"frameX":-13,"width":204,"frameY":-16,"height":205,"name":"dianji_15","frameWidth":232,"x":690},{"frameHeight":234,"y":234,"frameX":-2,"width":229,"frameY":-2,"height":231,"name":"dianji_04","frameWidth":232,"x":702},{"frameHeight":234,"y":1,"frameX":0,"width":231,"frameY":0,"height":234,"name":"dianji_10","frameWidth":232,"x":469},{"width":232,"y":1,"height":234,"name":"dianji_07","x":235},{"frameHeight":234,"y":469,"frameX":-7,"width":218,"frameY":-8,"height":218,"name":"dianji_14","frameWidth":232,"x":235},{"width":232,"y":237,"height":234,"name":"dianji_06","x":1},{"frameHeight":234,"y":674,"frameX":-39,"width":152,"frameY":-44,"height":152,"name":"dianji_17","frameWidth":232,"x":690},{"width":232,"y":709,"height":234,"name":"dianji_09","x":1},{"frameHeight":234,"y":692,"frameX":-78,"width":77,"frameY":-77,"height":85,"name":"dianji_01","frameWidth":232,"x":580},{"width":232,"y":1,"height":234,"name":"dianji_08","x":1}]}