{"frameRate":30,"name":"dianzi","version":"5.5","compatibleVersion":"5.5","armature":[{"type":"Armature","frameRate":30,"name":"dianzi","aabb":{"x":-57.21,"y":-56,"width":128,"height":126},"bone":[{"name":"root"},{"name":"bone2","parent":"root"},{"name":"suofang1","parent":"root","transform":{"scX":-0.5,"scY":0.5}},{"name":"bone","parent":"root","transform":{"x":6.7906,"y":7}},{"name":"suofang","parent":"root","transform":{"scX":0.5,"scY":0.5}},{"name":"ps01","parent":"suofang","transform":{"x":-16,"y":-48.96}},{"name":"ps02","parent":"suofang","transform":{"x":10.5,"y":-36.96}},{"name":"ps04","parent":"suofang","transform":{"x":47,"y":16.54}},{"name":"ps03","parent":"suofang","transform":{"x":41,"y":-23.96}},{"name":"ps06","parent":"suofang","transform":{"x":32.5,"y":55.04}},{"name":"ps07","parent":"suofang","transform":{"x":3.5,"y":34.04}},{"name":"ps08","parent":"suofang","transform":{"x":-41,"y":34.04}},{"name":"ps05","parent":"suofang","transform":{"x":3,"y":11.54}},{"name":"ps00","parent":"suofang","transform":{"x":-46,"y":-48.96}},{"name":"ps09","parent":"suofang","transform":{"x":-47,"y":-5.96}},{"name":"ps031","parent":"suofang1","transform":{"x":41,"y":-23.96,"scX":1.5,"scY":1.5}},{"name":"ps011","parent":"suofang1","transform":{"x":-16,"y":-48.96}},{"name":"ps021","parent":"suofang1","transform":{"x":10.5,"y":-36.96,"scX":1.4,"scY":1.4}},{"name":"ps001","parent":"suofang1","transform":{"x":-46,"y":-48.96,"scX":0.7,"scY":0.7}},{"name":"ps041","parent":"suofang1","transform":{"x":47,"y":16.54}},{"name":"ps051","parent":"suofang1","transform":{"x":3,"y":11.54}},{"name":"ps061","parent":"suofang1","transform":{"x":32.5,"y":55.04}},{"name":"ps071","parent":"suofang1","transform":{"x":3.5,"y":34.04}},{"name":"ps081","parent":"suofang1","transform":{"x":-41,"y":34.04}},{"name":"ps091","parent":"suofang1","transform":{"x":-47,"y":-5.96}}],"slot":[{"name":"ps09","parent":"ps09"},{"name":"ps08","parent":"ps08"},{"name":"ps07","parent":"ps07"},{"name":"ps06","parent":"ps06"},{"name":"ps05","parent":"ps05"},{"name":"ps04","parent":"ps04"},{"name":"ps03","parent":"ps03"},{"name":"ps02","parent":"ps02"},{"name":"ps01","parent":"ps01"},{"name":"ps00","parent":"ps00"},{"blendMode":"add","name":"bone","parent":"bone","color":{"aM":25}},{"name":"ps091","parent":"ps091"},{"name":"ps081","parent":"ps081"},{"name":"ps071","parent":"ps071"},{"name":"ps061","parent":"ps061"},{"name":"ps051","parent":"ps051"},{"name":"ps041","parent":"ps041"},{"name":"ps031","parent":"ps031"},{"name":"ps021","parent":"ps021"},{"name":"ps011","parent":"ps011"},{"name":"ps001","parent":"ps001"}],"skin":[{"slot":[{"name":"ps08","display":[{"name":"ps08","path":"yumao"}]},{"name":"ps021","display":[{"name":"ps02","path":"yumao"}]},{"name":"ps031","display":[{"name":"ps03","path":"yumao"}]},{"name":"ps06","display":[{"name":"ps06"}]},{"name":"ps051","display":[{"name":"ps05","path":"yumao"}]},{"name":"ps081","display":[{"name":"ps08","path":"yumao"}]},{"name":"ps04","display":[{"name":"ps04","path":"yumao"}]},{"name":"ps001","display":[{"name":"ps00","path":"yumao"}]},{"name":"ps01","display":[{"name":"ps01"}]},{"name":"ps09","display":[{"name":"ps09","path":"yumao"}]},{"name":"ps00","display":[{"name":"ps00"}]},{"name":"ps03","display":[{"name":"ps03"}]},{"name":"ps071","display":[{"name":"ps07","path":"yumao"}]},{"name":"ps041","display":[{"name":"ps04","path":"yumao"}]},{"name":"ps02","display":[{"name":"ps02"}]},{"name":"ps061","display":[{"name":"ps06","path":"yumao"}]},{"name":"ps011","display":[{"name":"ps01","path":"yumao"}]},{"name":"ps091","display":[{"name":"ps09","path":"yumao"}]},{"name":"ps07","display":[{"name":"ps07"}]},{"name":"bone","display":[{"name":"generic_explosion_1_sheet_012","path":"g03"},{"name":"generic_explosion_1_sheet_009","path":"g02"},{"name":"generic_explosion_1_sheet_006","path":"g01"},{"name":"generic_explosion_1_sheet_000","path":"g00"}]},{"name":"ps05","display":[{"name":"ps05"}]}]}],"animation":[{"duration":52,"name":"animation","bone":[{"name":"ps00","translateFrame":[{"duration":5,"tweenEasing":0},{"duration":13,"tweenEasing":0,"x":-25.79,"y":-15.08},{"duration":34,"x":-57.96,"y":-26.92}],"rotateFrame":[{"duration":5,"tweenEasing":0},{"duration":13,"tweenEasing":0},{"duration":34,"rotate":-90}]},{"name":"ps01","translateFrame":[{"duration":5,"tweenEasing":0},{"duration":2,"tweenEasing":0,"x":-19.38,"y":-21.82},{"duration":5,"tweenEasing":0,"x":-37.77,"y":-47.05},{"duration":40,"x":-47.16,"y":-53.76}],"rotateFrame":[{"duration":7,"tweenEasing":0},{"duration":5,"tweenEasing":0},{"duration":40,"rotate":-120}],"scaleFrame":[{"duration":5,"tweenEasing":0},{"duration":2,"tweenEasing":0},{"duration":5,"tweenEasing":0,"x":0.6,"y":0.6},{"duration":40,"x":0.5,"y":0.5}]},{"name":"ps02","translateFrame":[{"duration":4,"tweenEasing":0,"x":9.7,"y":-24.16},{"duration":11,"tweenEasing":0,"x":17.21,"y":-48.88},{"duration":37,"x":23.66,"y":-67.21}],"rotateFrame":[{"duration":4,"tweenEasing":0},{"duration":11,"tweenEasing":0},{"duration":37,"rotate":60}],"scaleFrame":[{"duration":52,"x":0.5,"y":0.5}]},{"name":"ps03","translateFrame":[{"duration":4,"tweenEasing":0,"x":24.01,"y":-21.68},{"duration":16,"tweenEasing":0,"x":56.04,"y":-46.89},{"duration":32,"x":76.4,"y":-29.42}],"rotateFrame":[{"duration":4,"tweenEasing":0},{"duration":16,"tweenEasing":0},{"duration":32,"rotate":120}],"scaleFrame":[{"duration":4,"tweenEasing":0},{"duration":16,"tweenEasing":0},{"duration":32,"x":0.5,"y":0.5}]},{"name":"ps04","translateFrame":[{"duration":6,"curve":[0.1695,0.005,0.9375,1]},{"duration":12,"curve":[0,0.44,0.75,1],"x":38.62,"y":-25.63},{"duration":34,"x":60.81,"y":-0.49}],"rotateFrame":[{"duration":6,"curve":[0.1695,0.005,0.9375,1]},{"duration":12,"curve":[0,0.44,0.75,1]},{"duration":34,"rotate":-130}],"scaleFrame":[{"duration":6,"curve":[0.1695,0.005,0.9375,1]},{"duration":12,"curve":[0,0.44,0.75,1]},{"duration":34,"x":0.5,"y":0.5}]},{"name":"ps05","translateFrame":[{"duration":2,"tweenEasing":0},{"duration":5,"tweenEasing":0},{"duration":6,"tweenEasing":0,"x":51.44,"y":-48.08},{"duration":39,"x":66.88,"y":-62.5}],"rotateFrame":[{"duration":7,"tweenEasing":0},{"duration":6,"tweenEasing":0},{"duration":39,"rotate":50}],"scaleFrame":[{"duration":7,"tweenEasing":0},{"duration":6,"tweenEasing":0},{"duration":39,"x":0.6,"y":0.6}]},{"name":"ps09","translateFrame":[{"duration":2,"tweenEasing":0},{"duration":5,"curve":[0.0625,0,0.9375,1]},{"duration":8,"curve":[0,0.22,0.75,1],"x":-41.11,"y":-35.62},{"duration":37,"x":-91.34,"y":8.71}],"rotateFrame":[{"duration":7,"tweenEasing":0},{"duration":8,"curve":[0,0.22,0.75,1]},{"duration":37,"rotate":-120}],"scaleFrame":[{"duration":7,"tweenEasing":0},{"duration":8,"curve":[0,0.22,0.75,1]},{"duration":37,"x":0.5,"y":0.5}]},{"name":"ps06","translateFrame":[{"duration":6,"tweenEasing":0,"x":16.35,"y":21.2},{"duration":6,"tweenEasing":0,"x":38.35,"y":42.98},{"duration":40,"x":53.85,"y":44.88}],"scaleFrame":[{"duration":6,"tweenEasing":0},{"duration":6,"tweenEasing":0},{"duration":40,"x":0.5,"y":0.5}]},{"name":"ps07","translateFrame":[{"duration":4,"curve":[0.0625,0,0.9375,1]},{"duration":6,"curve":[0.25,0,0.609,1],"x":20.09,"y":87.44},{"duration":42,"x":28.7,"y":124.91}],"rotateFrame":[{"duration":4,"curve":[0.0625,0,0.9375,1]},{"duration":6,"curve":[0.25,0,0.609,1]},{"duration":42,"rotate":-90}],"scaleFrame":[{"duration":4,"curve":[0.0625,0,0.9375,1]},{"duration":6,"curve":[0.25,0,0.609,1]},{"duration":42,"x":0.5,"y":0.5}]},{"name":"ps08","translateFrame":[{"duration":5,"tweenEasing":0,"x":-23.36,"y":28.57},{"duration":10,"tweenEasing":0,"x":-33.03,"y":59.64},{"duration":37,"x":-47.2,"y":76.18}],"rotateFrame":[{"duration":5,"tweenEasing":0},{"duration":10,"tweenEasing":0},{"duration":37,"rotate":90}],"scaleFrame":[{"duration":5,"tweenEasing":0},{"duration":10,"tweenEasing":0},{"duration":37,"x":0.5,"y":0.5}]},{"name":"bone","scaleFrame":[{"duration":12},{"duration":6,"tweenEasing":0},{"duration":34,"x":1.3,"y":1.3}]},{"name":"ps031","translateFrame":[{"duration":12,"tweenEasing":0,"x":-17.6,"y":25},{"duration":10,"tweenEasing":0,"x":-18.41,"y":47.09},{"duration":25,"tweenEasing":0,"x":-5.96,"y":50.72},{"duration":5,"x":33.09,"y":136.51}],"rotateFrame":[{"duration":12},{"duration":35,"tweenEasing":0},{"duration":5,"rotate":180}],"scaleFrame":[{"duration":22},{"duration":25,"tweenEasing":0},{"duration":5,"x":0.5,"y":0.5}]},{"name":"ps011","translateFrame":[{"duration":19,"tweenEasing":0,"x":12.99,"y":62.57},{"duration":12,"tweenEasing":0,"x":12.99,"y":28.01},{"duration":21,"tweenEasing":0,"x":8.83,"y":32.57},{"duration":0,"x":-5.17,"y":126.14}],"rotateFrame":[{"duration":19},{"duration":33,"tweenEasing":0},{"duration":0,"rotate":-120}],"scaleFrame":[{"duration":19},{"duration":12,"tweenEasing":0,"x":1.4,"y":1.4},{"duration":21,"tweenEasing":0},{"duration":0,"x":0.5,"y":0.5}]},{"name":"ps021","translateFrame":[{"duration":8,"tweenEasing":0,"x":-6.32,"y":53.74},{"duration":9,"tweenEasing":0,"x":-6.32,"y":53.74},{"duration":24,"tweenEasing":0,"x":-2.78,"y":45.26},{"duration":11,"x":28.76,"y":97.86}],"rotateFrame":[{"duration":8},{"duration":33,"tweenEasing":0},{"duration":11,"rotate":150}],"scaleFrame":[{"duration":8},{"duration":9,"tweenEasing":0,"x":1.2,"y":1.2},{"duration":24,"tweenEasing":0},{"duration":11,"x":0.5,"y":0.5}]},{"name":"ps001","translateFrame":[{"duration":11,"tweenEasing":0,"x":28.83,"y":43.02},{"duration":10,"tweenEasing":0,"x":28.83,"y":31.36},{"duration":25,"tweenEasing":0,"x":12.21,"y":21.75},{"duration":6,"x":14.3,"y":113.14}],"rotateFrame":[{"duration":21},{"duration":25,"tweenEasing":0},{"duration":6,"rotate":-90}],"scaleFrame":[{"duration":11},{"duration":10,"tweenEasing":0,"x":2,"y":2},{"duration":25,"tweenEasing":0,"x":2,"y":2},{"duration":6,"x":1.5,"y":1.5}]},{"name":"ps041","translateFrame":[{"duration":10,"curve":[0.1695,0.005,0.9375,1],"x":-63.19,"y":12.95},{"duration":11,"curve":[0.1695,0.005,0.9375,1],"x":-63.19,"y":31.73},{"duration":20,"tweenEasing":0,"x":-71.94,"y":19.55},{"duration":11,"x":-66.94,"y":78.88}],"rotateFrame":[{"duration":10},{"duration":31,"curve":[0.1695,0.005,0.9375,1],"rotate":65},{"duration":11,"rotate":-130}],"scaleFrame":[{"duration":21},{"duration":20,"curve":[0,0.44,0.75,1]},{"duration":11,"x":0.5,"y":0.5}]},{"name":"ps051","translateFrame":[{"duration":10},{"duration":14,"tweenEasing":0,"x":24.29,"y":-25.78},{"duration":18,"tweenEasing":0,"x":71.7,"y":-63.5},{"duration":10,"x":100.91,"y":-85.59}],"rotateFrame":[{"duration":24},{"duration":18,"tweenEasing":0},{"duration":10,"rotate":50}],"scaleFrame":[{"duration":24},{"duration":18,"tweenEasing":0},{"duration":10,"x":0.6,"y":0.6}]},{"name":"ps061","translateFrame":[{"duration":6,"tweenEasing":0,"x":-16.15,"y":-20.46},{"duration":32,"tweenEasing":0,"x":-16.15,"y":-20.46},{"duration":14,"x":62.24,"y":93.43}],"rotateFrame":[{"duration":6,"tweenEasing":0},{"duration":11,"tweenEasing":0},{"duration":15,"tweenEasing":0,"rotate":98.74},{"duration":20,"rotate":180}],"scaleFrame":[{"duration":6,"tweenEasing":0},{"duration":26,"tweenEasing":0},{"duration":20,"x":0.5,"y":0.5}]},{"name":"ps071","translateFrame":[{"duration":5},{"duration":12,"curve":[0.0625,0,0.9375,1]},{"duration":23,"tweenEasing":0,"x":13.83,"y":37.26},{"duration":12,"x":21.85,"y":113.86}],"rotateFrame":[{"duration":17},{"duration":23,"curve":[0.25,0,0.609,1]},{"duration":12,"rotate":-90}],"scaleFrame":[{"duration":5},{"duration":12,"curve":[0.0625,0,0.9375,1],"x":1.3,"y":1.3},{"duration":23,"curve":[0.25,0,0.609,1]},{"duration":12,"x":0.5,"y":0.5}]},{"name":"ps081","translateFrame":[{"duration":14},{"duration":8,"tweenEasing":0},{"duration":19,"tweenEasing":0,"x":-31.38,"y":51.89},{"duration":11,"x":-52.07,"y":99.12}],"rotateFrame":[{"duration":14},{"duration":27,"tweenEasing":0},{"duration":11,"rotate":180}],"scaleFrame":[{"duration":14},{"duration":27,"tweenEasing":0,"x":0.8,"y":0.8},{"duration":11,"x":0.5,"y":0.5}]},{"name":"ps091","translateFrame":[{"duration":7,"tweenEasing":0,"x":28.15,"y":16.72},{"duration":16,"curve":[0,0.22,0.75,1],"x":-25.75,"y":19.25},{"duration":29,"x":-49.78,"y":41.18}],"rotateFrame":[{"duration":7,"tweenEasing":0},{"duration":16,"curve":[0,0.22,0.75,1]},{"duration":29,"rotate":-120}],"scaleFrame":[{"duration":52,"x":0.5,"y":0.5}]}],"slot":[{"name":"ps00","colorFrame":[{"duration":5,"tweenEasing":0},{"duration":13,"tweenEasing":0},{"duration":34,"value":{"aM":0}}]},{"name":"ps01","colorFrame":[{"duration":7,"tweenEasing":0},{"duration":5,"tweenEasing":0},{"duration":40,"value":{"aM":0}}]},{"name":"ps02","colorFrame":[{"duration":5,"tweenEasing":0},{"duration":10,"tweenEasing":0},{"duration":37,"value":{"aM":0}}]},{"name":"ps03","colorFrame":[{"duration":7,"tweenEasing":0},{"duration":13,"tweenEasing":0},{"duration":32,"value":{"aM":0}}]},{"name":"ps04","colorFrame":[{"duration":6,"tweenEasing":0},{"duration":12,"tweenEasing":0},{"duration":34,"value":{"aM":0}}]},{"name":"ps05","colorFrame":[{"duration":7,"tweenEasing":0},{"duration":6,"tweenEasing":0},{"duration":39,"value":{"aM":0}}]},{"name":"ps06","colorFrame":[{"duration":6,"tweenEasing":0},{"duration":6,"tweenEasing":0},{"duration":40,"value":{"aM":0}}]},{"name":"ps07","colorFrame":[{"duration":4,"tweenEasing":0},{"duration":6,"tweenEasing":0},{"duration":42,"value":{"aM":0}}]},{"name":"ps08","colorFrame":[{"duration":6,"tweenEasing":0},{"duration":9,"tweenEasing":0},{"duration":37,"value":{"aM":0}}]},{"name":"ps09","colorFrame":[{"duration":8,"tweenEasing":0},{"duration":7,"tweenEasing":0},{"duration":37,"value":{"aM":0}}]},{"name":"bone","displayFrame":[{"duration":6,"value":3},{"duration":3,"value":2},{"duration":3,"value":1},{"duration":40}],"colorFrame":[{"duration":12,"tweenEasing":0,"value":{"aM":31}},{"duration":6,"tweenEasing":0,"value":{"aM":37}},{"duration":34,"value":{"aM":0}}]},{"name":"ps091","colorFrame":[{"duration":8,"tweenEasing":0},{"duration":15,"tweenEasing":0},{"duration":29,"value":{"aM":0}}]},{"name":"ps081","colorFrame":[{"duration":13,"tweenEasing":0,"value":{"aM":0}},{"duration":4,"tweenEasing":0,"value":{"aM":0}},{"duration":24,"tweenEasing":0},{"duration":11,"value":{"aM":0}}]},{"name":"ps071","colorFrame":[{"duration":4,"tweenEasing":0,"value":{"aM":0}},{"duration":4,"tweenEasing":0,"value":{"aM":0}},{"duration":25,"tweenEasing":0},{"duration":7,"tweenEasing":0},{"duration":12,"value":{"aM":0}}]},{"name":"ps061","colorFrame":[{"duration":5,"tweenEasing":0,"value":{"aM":0}},{"duration":4,"tweenEasing":0,"value":{"aM":0}},{"duration":23,"tweenEasing":0},{"duration":6,"tweenEasing":0},{"duration":14,"value":{"aM":0}}]},{"name":"ps051","colorFrame":[{"duration":9,"tweenEasing":0,"value":{"aM":0}},{"duration":3,"tweenEasing":0,"value":{"aM":0}},{"duration":18,"tweenEasing":0},{"duration":12,"tweenEasing":0},{"duration":10,"value":{"aM":0}}]},{"name":"ps041","colorFrame":[{"duration":10,"tweenEasing":0,"value":{"aM":0}},{"duration":5,"tweenEasing":0,"value":{"aM":0}},{"duration":19,"tweenEasing":0},{"duration":7,"tweenEasing":0},{"duration":11,"value":{"aM":0}}]},{"name":"ps031","colorFrame":[{"duration":11,"tweenEasing":0,"value":{"aM":0}},{"duration":4,"tweenEasing":0,"value":{"aM":0}},{"duration":23,"tweenEasing":0},{"duration":9,"tweenEasing":0},{"duration":5,"value":{"aM":0}}]},{"name":"ps021","colorFrame":[{"duration":7,"tweenEasing":0,"value":{"aM":0}},{"duration":5,"tweenEasing":0,"value":{"aM":0}},{"duration":18,"tweenEasing":0},{"duration":11,"tweenEasing":0},{"duration":11,"value":{"aM":0}}]},{"name":"ps011","colorFrame":[{"duration":18,"tweenEasing":0,"value":{"aM":0}},{"duration":5,"tweenEasing":0,"value":{"aM":0}},{"duration":20,"tweenEasing":0},{"duration":9,"tweenEasing":0},{"duration":0,"value":{"aM":0}}]},{"name":"ps001","colorFrame":[{"duration":10,"tweenEasing":0,"value":{"aM":0}},{"duration":5,"tweenEasing":0,"value":{"aM":0}},{"duration":22,"tweenEasing":0},{"duration":9,"tweenEasing":0},{"duration":6,"value":{"aM":0}}]}]}],"defaultActions":[{"gotoAndPlay":"animation"}]}]}