{"frameRate":15,"name":"ditan","version":"5.5","compatibleVersion":"5.5","armature":[{"type":"Armature","frameRate":15,"name":"ditan","aabb":{"x":-64,"y":-64,"width":128,"height":128},"bone":[{"name":"root"},{"name":"bone","parent":"root","transform":{"scX":2,"scY":2}}],"slot":[{"blendMode":"add","displayIndex":13,"name":"bone","parent":"bone"}],"skin":[{"slot":[{"name":"bone","display":[{"name":"lizi/a_14"},{"name":"lizi/a_13"},{"name":"lizi/a_12"},{"name":"lizi/a_11"},{"name":"lizi/a_10"},{"name":"lizi/a_09"},{"name":"lizi/a_08"},{"name":"lizi/a_07"},{"name":"lizi/a_06"},{"name":"lizi/a_05"},{"name":"lizi/a_04"},{"name":"lizi/a_03"},{"name":"lizi/a_02"},{"name":"lizi/a_01"}]}]}],"animation":[{"duration":15,"playTimes":0,"name":"ditan","slot":[{"name":"bone","displayFrame":[{"value":-1},{"value":13},{"value":12},{"value":11},{"value":10},{"value":9},{"value":8},{"value":7},{"value":6},{"value":5},{"value":4},{"value":3},{"value":2},{"value":1},{},{"duration":0,"value":-1}]}]}],"defaultActions":[{"gotoAndPlay":"ditan"}]}]}