{"width":256,"imagePath":"ditan_tex.png","SubTexture":[{"frameWidth":128,"y":355,"frameHeight":128,"width":44,"frameX":-70,"height":70,"name":"lizi/a_14","frameY":-20,"x":144},{"frameWidth":128,"y":1,"frameHeight":128,"width":62,"frameX":-53,"height":89,"name":"lizi/a_11","frameY":-19,"x":191},{"frameWidth":128,"y":271,"frameHeight":128,"width":52,"frameX":-10,"height":83,"name":"lizi/a_01","frameY":-22,"x":199},{"frameWidth":128,"y":93,"frameHeight":128,"width":84,"frameX":-33,"height":91,"name":"lizi/a_09","frameY":-18,"x":1},{"frameWidth":128,"y":1,"frameHeight":128,"width":92,"frameX":-18,"height":89,"name":"lizi/a_07","frameY":-18,"x":97},{"frameWidth":128,"y":186,"frameHeight":128,"width":73,"frameX":-43,"height":90,"name":"lizi/a_10","frameY":-18,"x":1},{"frameWidth":128,"y":271,"frameHeight":128,"width":66,"frameX":-10,"height":87,"name":"lizi/a_03","frameY":-21,"x":76},{"frameWidth":128,"y":271,"frameHeight":128,"width":53,"frameX":-61,"height":82,"name":"lizi/a_13","frameY":-20,"x":144},{"frameWidth":128,"y":92,"frameHeight":128,"width":59,"frameX":-9,"height":84,"name":"lizi/a_02","frameY":-22,"x":190},{"frameWidth":128,"y":182,"frameHeight":128,"width":83,"frameX":-11,"height":87,"name":"lizi/a_05","frameY":-20,"x":87},{"frameWidth":128,"y":278,"frameHeight":128,"width":52,"frameX":-61,"height":87,"name":"lizi/a_12","frameY":-21,"x":1},{"frameWidth":128,"y":1,"frameHeight":128,"width":94,"frameX":-23,"height":90,"name":"lizi/a_08","frameY":-18,"x":1},{"frameWidth":128,"y":182,"frameHeight":128,"width":74,"frameX":-11,"height":87,"name":"lizi/a_04","frameY":-20,"x":172},{"frameWidth":128,"y":92,"frameHeight":128,"width":91,"frameX":-12,"height":88,"name":"lizi/a_06","frameY":-19,"x":97}],"height":512,"name":"ditan"}