{"frameRate":30,"name":"effect_glow01","version":"5.5","compatibleVersion":"5.5","armature":[{"type":"Armature","frameRate":30,"name":"effect_glow01","aabb":{"x":-100,"y":-70,"width":200,"height":250},"bone":[{"name":"root"},{"name":"骨骼","parent":"root","transform":{"y":55}}],"slot":[{"blendMode":"add","displayIndex":11,"name":"0_00000","parent":"骨骼"}],"skin":[{"slot":[{"name":"0_00000","display":[{"name":"0_00000"},{"name":"0_00011"},{"name":"0_00010"},{"name":"0_00009"},{"name":"0_00008"},{"name":"0_00007"},{"name":"0_00006"},{"name":"0_00005"},{"name":"0_00004"},{"name":"0_00003"},{"name":"0_00002"},{"name":"0_00001"}]}]}],"animation":[{"duration":24,"name":"effect_glow01","slot":[{"name":"0_00000","displayFrame":[{"duration":2},{"duration":2,"value":11},{"duration":2,"value":10},{"duration":2,"value":9},{"duration":2,"value":8},{"duration":2,"value":7},{"duration":2,"value":6},{"duration":2,"value":5},{"duration":2,"value":4},{"duration":2,"value":3},{"duration":2,"value":2},{"duration":2,"value":1},{"duration":0}]}]}],"defaultActions":[{"gotoAndPlay":"effect_glow01"}]}]}