{"frameRate":24,"name":"effect_02","version":"5.5","compatibleVersion":"5.5","armature":[{"type":"Armature","frameRate":24,"name":"effect_02","aabb":{"x":-279.5,"y":-569,"width":559,"height":958},"bone":[{"name":"root"},{"name":"bone","parent":"root","transform":{"y":-90}}],"slot":[{"blendMode":"add","displayIndex":10,"name":"2_00000","parent":"bone"}],"skin":[{"slot":[{"name":"2_00000","display":[{"name":"2_00000"},{"name":"2_00010"},{"name":"2_00009"},{"name":"2_00008"},{"name":"2_00007"},{"name":"2_00006"},{"name":"2_00005"},{"name":"2_00004"},{"name":"2_00003"},{"name":"2_00002"},{"name":"2_00001"}]}]}],"animation":[{"duration":33,"playTimes":0,"name":"effect_02","slot":[{"name":"2_00000","displayFrame":[{"duration":3},{"duration":3,"value":10},{"duration":3,"value":9},{"duration":3,"value":8},{"duration":3,"value":7},{"duration":3,"value":6},{"duration":3,"value":5},{"duration":3,"value":4},{"duration":3,"value":3},{"duration":3,"value":2},{"duration":3,"value":1},{"duration":0}]}]}],"defaultActions":[{"gotoAndPlay":"effect_02"}]}]}