{"imagePath":"effect_glow01_tex.png","width":1024,"SubTexture":[{"frameWidth":200,"y":1,"frameHeight":250,"width":168,"frameX":-18,"height":198,"name":"0_00004","frameY":0,"x":173},{"frameWidth":200,"y":200,"frameHeight":250,"width":115,"frameX":-37,"height":204,"name":"0_00011","frameY":0,"x":750},{"frameWidth":200,"y":1,"frameHeight":250,"width":110,"frameX":-37,"height":216,"name":"0_00010","frameY":0,"x":875},{"frameWidth":200,"y":1,"frameHeight":250,"width":156,"frameX":-10,"height":189,"name":"0_00003","frameY":0,"x":343},{"frameWidth":200,"y":190,"frameHeight":250,"width":134,"frameX":-19,"height":182,"name":"0_00001","frameY":0,"x":614},{"frameWidth":200,"y":1,"frameHeight":250,"width":170,"frameX":-30,"height":201,"name":"0_00006","frameY":0,"x":1},{"frameWidth":200,"y":201,"frameHeight":250,"width":140,"frameX":-38,"height":211,"name":"0_00009","frameY":0,"x":322},{"frameWidth":200,"y":192,"frameHeight":250,"width":148,"frameX":-38,"height":197,"name":"0_00007","frameY":0,"x":464},{"frameWidth":200,"y":201,"frameHeight":250,"width":144,"frameX":-47,"height":206,"name":"0_00008","frameY":0,"x":176},{"frameWidth":200,"y":1,"frameHeight":250,"width":123,"frameX":-34,"height":197,"name":"0_00000","frameY":0,"x":750},{"frameWidth":200,"y":204,"frameHeight":250,"width":173,"frameX":-27,"height":196,"name":"0_00005","frameY":0,"x":1},{"frameWidth":200,"y":1,"frameHeight":250,"width":147,"frameX":-10,"height":187,"name":"0_00002","frameY":0,"x":501}],"height":512,"name":"effect_glow01"}