{"width":4096,"imagePath":"effect_03_tex.png","height":2048,"name":"effect_03","SubTexture":[{"y":645,"frameX":0,"frameHeight":958,"frameY":0,"width":559,"frameWidth":559,"height":642,"name":"3_00007","x":1123},{"y":645,"frameX":0,"frameHeight":958,"frameY":0,"width":559,"frameWidth":559,"height":642,"name":"3_00004","x":1684},{"y":645,"frameX":0,"frameHeight":958,"frameY":0,"width":559,"frameWidth":559,"height":642,"name":"3_00009","x":562},{"y":1289,"frameX":0,"frameHeight":958,"frameY":0,"width":559,"frameWidth":559,"height":642,"name":"3_00001","x":1},{"y":1,"frameX":0,"frameHeight":958,"frameY":0,"width":559,"frameWidth":559,"height":642,"name":"3_00003","x":1},{"y":1,"frameX":0,"frameHeight":958,"frameY":0,"width":559,"frameWidth":559,"height":642,"name":"3_00000","x":1684},{"y":1,"frameX":0,"frameHeight":958,"frameY":0,"width":559,"frameWidth":559,"height":642,"name":"3_00010","x":562},{"y":1289,"frameX":0,"frameHeight":958,"frameY":0,"width":559,"frameWidth":559,"height":642,"name":"3_00005","x":562},{"y":645,"frameX":0,"frameHeight":958,"frameY":0,"width":559,"frameWidth":559,"height":642,"name":"3_00002","x":1},{"y":1,"frameX":0,"frameHeight":958,"frameY":0,"width":559,"frameWidth":559,"height":642,"name":"3_00006","x":1123},{"y":1289,"frameX":0,"frameHeight":958,"frameY":0,"width":559,"frameWidth":559,"height":642,"name":"3_00008","x":1123}]}