{"width":2048,"imagePath":"effect_01_tex.png","height":2048,"name":"effect_01","SubTexture":[{"y":1,"frameX":-38,"frameHeight":958,"frameY":-97,"width":471,"frameWidth":559,"height":520,"name":"1_00001","x":1},{"y":521,"frameX":-40,"frameHeight":958,"frameY":-132,"width":473,"frameWidth":559,"height":486,"name":"1_00010","x":475},{"y":1,"frameX":-37,"frameHeight":958,"frameY":-117,"width":475,"frameWidth":559,"height":501,"name":"1_00007","x":1409},{"y":1,"frameX":-39,"frameHeight":958,"frameY":-108,"width":468,"frameWidth":559,"height":510,"name":"1_00005","x":939},{"y":1529,"frameX":-37,"frameHeight":958,"frameY":-126,"width":477,"frameWidth":559,"height":492,"name":"1_00008","x":1409},{"y":1018,"frameX":-39,"frameHeight":958,"frameY":-109,"width":464,"frameWidth":559,"height":509,"name":"1_00004","x":1409},{"y":1041,"frameX":-38,"frameHeight":958,"frameY":-111,"width":472,"frameWidth":559,"height":507,"name":"1_00006","x":1},{"y":523,"frameX":-39,"frameHeight":958,"frameY":-100,"width":472,"frameWidth":559,"height":516,"name":"1_00000","x":1},{"y":1,"frameX":-38,"frameHeight":958,"frameY":-100,"width":463,"frameWidth":559,"height":518,"name":"1_00002","x":474},{"y":1550,"frameX":-42,"frameHeight":958,"frameY":-130,"width":472,"frameWidth":559,"height":488,"name":"1_00009","x":1},{"y":504,"frameX":-38,"frameHeight":958,"frameY":-106,"width":464,"frameWidth":559,"height":512,"name":"1_00003","x":1409}]}