{"frameRate":24,"name":"effect_04","version":"5.5","compatibleVersion":"5.5","armature":[{"type":"Armature","frameRate":24,"name":"effect_04","aabb":{"x":-279.5,"y":-569,"width":559,"height":958},"bone":[{"name":"root"},{"name":"bone","parent":"root","transform":{"y":-90}},{"name":"bone1","parent":"root","transform":{"y":-90}}],"slot":[{"blendMode":"add","displayIndex":10,"name":"4_2_00000","parent":"bone"},{"displayIndex":10,"name":"4_00000","parent":"bone1"}],"skin":[{"slot":[{"name":"4_2_00000","display":[{"name":"4_2_00000"},{"name":"4_2_00010"},{"name":"4_2_00009"},{"name":"4_2_00008"},{"name":"4_2_00007"},{"name":"4_2_00006"},{"name":"4_2_00005"},{"name":"4_2_00004"},{"name":"4_2_00003"},{"name":"4_2_00002"},{"name":"4_2_00001"}]},{"name":"4_00000","display":[{"name":"4_00000"},{"name":"4_00010"},{"name":"4_00009"},{"name":"4_00008"},{"name":"4_00007"},{"name":"4_00006"},{"name":"4_00005"},{"name":"4_00004"},{"name":"4_00003"},{"name":"4_00002"},{"name":"4_00001"}]}]}],"animation":[{"duration":33,"playTimes":0,"name":"effect_04","slot":[{"name":"4_2_00000","displayFrame":[{"duration":3},{"duration":3,"value":10},{"duration":3,"value":9},{"duration":3,"value":8},{"duration":3,"value":7},{"duration":3,"value":6},{"duration":3,"value":5},{"duration":3,"value":4},{"duration":3,"value":3},{"duration":3,"value":2},{"duration":3,"value":1},{"duration":0}]},{"name":"4_00000","displayFrame":[{"duration":3},{"duration":3,"value":10},{"duration":3,"value":9},{"duration":3,"value":8},{"duration":3,"value":7},{"duration":3,"value":6},{"duration":3,"value":5},{"duration":3,"value":4},{"duration":3,"value":3},{"duration":3,"value":2},{"duration":3,"value":1},{"duration":0}]}]}],"defaultActions":[{"gotoAndPlay":"effect_04"}]}]}