{"width":2048,"imagePath":"effect_02_tex.png","height":2048,"name":"effect_02","SubTexture":[{"y":540,"frameX":-47,"frameHeight":958,"frameY":-84,"width":471,"frameWidth":559,"height":535,"name":"2_00006","x":1},{"y":1077,"frameX":-51,"frameHeight":958,"frameY":-82,"width":463,"frameWidth":559,"height":542,"name":"2_00009","x":1},{"y":1077,"frameX":-48,"frameHeight":958,"frameY":-90,"width":468,"frameWidth":559,"height":535,"name":"2_00010","x":466},{"y":1077,"frameX":-52,"frameHeight":958,"frameY":-81,"width":462,"frameWidth":559,"height":541,"name":"2_00008","x":1403},{"y":1,"frameX":-48,"frameHeight":958,"frameY":-97,"width":467,"frameWidth":559,"height":521,"name":"2_00003","x":942},{"y":1,"frameX":-48,"frameHeight":958,"frameY":-84,"width":466,"frameWidth":559,"height":534,"name":"2_00004","x":474},{"y":1,"frameX":-47,"frameHeight":958,"frameY":-81,"width":471,"frameWidth":559,"height":537,"name":"2_00005","x":1},{"y":1,"frameX":-51,"frameHeight":958,"frameY":-99,"width":467,"frameWidth":559,"height":517,"name":"2_00000","x":1411},{"y":537,"frameX":-49,"frameHeight":958,"frameY":-97,"width":469,"frameWidth":559,"height":521,"name":"2_00002","x":474},{"y":1077,"frameX":-52,"frameHeight":958,"frameY":-83,"width":465,"frameWidth":559,"height":538,"name":"2_00007","x":936},{"y":524,"frameX":-50,"frameHeight":958,"frameY":-98,"width":468,"frameWidth":559,"height":519,"name":"2_00001","x":945}]}