{"width":2048,"imagePath":"effect_04_tex.png","height":4096,"name":"effect_04","SubTexture":[{"y":544,"frameX":-16,"frameHeight":958,"frameY":-114,"width":517,"frameWidth":559,"height":527,"name":"4_2_00008","x":562},{"y":1087,"frameX":-21,"frameHeight":958,"frameY":-122,"width":507,"frameWidth":559,"height":519,"name":"4_2_00007","x":1069},{"y":538,"frameX":-4,"frameHeight":958,"frameY":-94,"width":545,"frameWidth":559,"height":547,"name":"4_2_00009","x":1120},{"y":1080,"frameX":-25,"frameHeight":958,"frameY":-115,"width":505,"frameWidth":559,"height":526,"name":"4_2_00004","x":1},{"y":1,"frameX":0,"frameHeight":958,"frameY":-106,"width":558,"frameWidth":559,"height":535,"name":"4_2_00000","x":1120},{"y":1,"frameX":0,"frameHeight":958,"frameY":-102,"width":559,"frameWidth":559,"height":539,"name":"4_2_00001","x":1},{"y":1608,"frameX":-29,"frameHeight":958,"frameY":-117,"width":494,"frameWidth":559,"height":524,"name":"4_2_00006","x":1},{"y":542,"frameX":0,"frameHeight":958,"frameY":-105,"width":559,"frameWidth":559,"height":536,"name":"4_2_00002","x":1},{"y":1073,"frameX":-23,"frameHeight":958,"frameY":-112,"width":505,"frameWidth":559,"height":529,"name":"4_2_00003","x":562},{"y":1604,"frameX":-30,"frameHeight":958,"frameY":-114,"width":493,"frameWidth":559,"height":527,"name":"4_2_00005","x":508},{"y":1,"frameX":-3,"frameHeight":958,"frameY":-100,"width":556,"frameWidth":559,"height":541,"name":"4_2_00010","x":562},{"y":2513,"frameX":0,"frameHeight":958,"frameY":-166,"width":559,"frameWidth":559,"height":253,"name":"4_00002","x":1028},{"y":1934,"frameX":-29,"frameHeight":958,"frameY":-120,"width":494,"frameWidth":559,"height":294,"name":"4_00006","x":1551},{"y":2710,"frameX":-30,"frameHeight":958,"frameY":-132,"width":493,"frameWidth":559,"height":285,"name":"4_00005","x":520},{"y":1934,"frameX":-4,"frameHeight":958,"frameY":-94,"width":546,"frameWidth":559,"height":320,"name":"4_00009","x":1003},{"y":2732,"frameX":-21,"frameHeight":958,"frameY":-132,"width":507,"frameWidth":559,"height":278,"name":"4_00007","x":1},{"y":2424,"frameX":-24,"frameHeight":958,"frameY":-140,"width":506,"frameWidth":559,"height":284,"name":"4_00004","x":520},{"y":1608,"frameX":-3,"frameHeight":958,"frameY":-99,"width":556,"frameWidth":559,"height":324,"name":"4_00010","x":1003},{"y":2256,"frameX":0,"frameHeight":958,"frameY":-163,"width":559,"frameWidth":559,"height":255,"name":"4_00001","x":1028},{"y":2134,"frameX":0,"frameHeight":958,"frameY":-133,"width":559,"frameWidth":559,"height":288,"name":"4_00000","x":1},{"y":2424,"frameX":-16,"frameHeight":958,"frameY":-113,"width":517,"frameWidth":559,"height":306,"name":"4_00008","x":1},{"y":2768,"frameX":-23,"frameHeight":958,"frameY":-150,"width":505,"frameWidth":559,"height":271,"name":"4_00003","x":1015}]}