{"frameRate":15,"name":"feng","version":"5.5","compatibleVersion":"5.5","armature":[{"type":"Armature","frameRate":15,"name":"feng","aabb":{"x":-46.5,"y":-57.5,"width":93,"height":115},"bone":[{"name":"root"},{"name":"bone","parent":"root","transform":{"scX":3,"scY":3}}],"slot":[{"blendMode":"add","displayIndex":6,"name":"bone","parent":"bone"}],"skin":[{"slot":[{"name":"bone","display":[{"name":"feng/06"},{"name":"feng/05"},{"name":"feng/04"},{"name":"feng/03"},{"name":"feng/02"},{"name":"feng/01"},{"name":"feng/00"}]}]}],"animation":[{"duration":7,"playTimes":0,"name":"newAnimation","bone":[{"name":"bone","translateFrame":[{"x":5.46,"y":-17.46},{"x":14.2,"y":-4.59},{"x":16.94,"y":-27.93},{"x":1.78,"y":-0.02},{"x":-2.98,"y":3.32},{"duration":2,"x":-1.48,"y":5.01}]}],"slot":[{"name":"bone","displayFrame":[{"value":6},{"value":5},{"value":4},{"value":3},{"value":2},{"value":1},{},{"duration":0,"value":-1}]}]}],"defaultActions":[{"gotoAndPlay":"newAnimation"}]}]}