{"imagePath":"girl_02_tex.png","width":512,"height":512,"name":"girl_02","SubTexture":[{"width":179,"y":344,"height":143,"name":"00/00_15","x":1},{"width":48,"y":1,"height":96,"name":"00/00_13","x":248},{"width":45,"y":422,"height":83,"name":"01/01_13","x":461},{"width":128,"y":1,"height":341,"name":"01/01_12","x":1},{"width":94,"y":335,"height":159,"name":"01/01_10","x":182},{"width":51,"y":475,"height":29,"name":"01/01_8","x":278},{"width":73,"y":165,"height":98,"name":"01/01_7","x":224},{"y":422,"frameX":-1,"frameY":-1,"width":87,"frameWidth":89,"height":81,"name":"01/01_6","frameHeight":83,"x":372},{"width":91,"y":165,"height":168,"name":"00/00_3","x":131},{"width":92,"y":335,"height":138,"name":"00/00_4","x":278},{"width":115,"y":1,"height":162,"name":"00/00_2","x":131},{"y":99,"frameX":-1,"frameY":-1,"width":113,"frameWidth":115,"height":34,"name":"01/01_2","frameHeight":36,"x":248},{"y":335,"frameX":-1,"frameY":-1,"width":139,"frameWidth":141,"height":85,"name":"01/01_1","frameHeight":87,"x":372}]}