{"imagePath":"girl_01_tex.png","width":512,"height":512,"name":"girl_01","SubTexture":[{"width":179,"y":343,"height":143,"name":"00/00_15","x":1},{"width":33,"y":256,"height":75,"name":"00/00_14","x":368},{"width":48,"y":165,"height":96,"name":"00/00_13","x":131},{"width":128,"y":1,"height":340,"name":"00/00_12","x":1},{"width":87,"y":485,"height":26,"name":"00/00_11","x":182},{"width":59,"y":1,"height":95,"name":"00/00_10","x":367},{"width":35,"y":263,"height":76,"name":"00/00_9","x":131},{"width":90,"y":165,"height":178,"name":"00/00_8","x":182},{"width":50,"y":147,"height":28,"name":"00/00_7","x":390},{"width":114,"y":171,"height":83,"name":"00/00_6","x":274},{"y":98,"frameX":-1,"frameY":-1,"width":52,"frameWidth":54,"height":47,"name":"00/00_5","frameHeight":49,"x":367},{"width":92,"y":345,"height":138,"name":"00/00_4","x":182},{"width":91,"y":1,"height":168,"name":"00/00_3","x":274},{"width":115,"y":1,"height":162,"name":"00/00_2","x":131},{"y":256,"frameX":-1,"frameY":-1,"width":92,"frameWidth":94,"height":74,"name":"00/00_1","frameHeight":76,"x":274}]}