{"imagePath":"girl_04_tex.png","width":512,"height":512,"name":"girl_04","SubTexture":[{"width":179,"y":344,"height":143,"name":"00/00_15","x":1},{"width":33,"y":141,"height":75,"name":"00/00_14","x":316},{"width":48,"y":344,"height":96,"name":"00/00_13","x":182},{"width":49,"y":141,"height":89,"name":"03/03_11","x":265},{"y":472,"frameX":-1,"frameY":-1,"width":32,"frameWidth":34,"height":25,"name":"03/03_8","frameHeight":27,"x":182},{"width":128,"y":1,"height":341,"name":"03/03_10","x":1},{"width":50,"y":442,"height":28,"name":"00/00_7","x":182},{"width":132,"y":165,"height":121,"name":"03/03_6","x":131},{"width":92,"y":1,"height":138,"name":"00/00_4","x":248},{"y":472,"frameX":-1,"frameY":-1,"width":15,"frameWidth":17,"height":29,"name":"03/03_5","frameHeight":31,"x":216},{"width":91,"y":288,"height":168,"name":"00/00_3","x":248},{"width":115,"y":1,"height":162,"name":"00/00_2","x":131},{"y":288,"frameX":-1,"frameY":-1,"width":100,"frameWidth":102,"height":54,"name":"03/03_1","frameHeight":56,"x":131}]}