{"frameRate":30,"name":"girl_06","version":"5.5","compatibleVersion":"5.5","armature":[{"type":"Armature","frameRate":30,"name":"girl_06","aabb":{"x":-128.75,"y":-477.41,"width":230,"height":511.5},"bone":[{"name":"root"},{"name":"bone","parent":"root","transform":{"x":-1.13,"y":-206.3}},{"length":39,"name":"bone48","parent":"root","transform":{"x":-34.51,"y":-32.97,"skX":61.53,"skY":61.53}},{"length":33,"name":"bone51","parent":"root","transform":{"x":19.01,"y":-35.05,"skX":100.61,"skY":100.61}},{"length":85,"name":"bone49","parent":"bone","transform":{"x":21.4,"y":-2.21,"skX":88.05,"skY":88.05}},{"length":49,"name":"bone2","parent":"bone","transform":{"y":-2.62,"skX":-84.74,"skY":-84.74}},{"length":77,"name":"bone46","parent":"bone","transform":{"x":-15.53,"y":2.76,"skX":99.86,"skY":99.86}},{"length":26,"name":"bone55","parent":"bone","transform":{"x":-39.1,"y":-15.67,"skX":-10.91,"skY":-10.91}},{"length":88,"name":"bone50","parent":"bone49","transform":{"x":85.53,"skX":4.64,"skY":4.64}},{"length":46,"name":"bone3","parent":"bone2","transform":{"x":49.01,"skX":-18.46,"skY":-18.46}},{"length":94,"name":"bone47","parent":"bone46","transform":{"x":77.5,"skX":-7.09,"skY":-7.09}},{"length":21,"name":"bone4","parent":"bone3","transform":{"x":46.37,"y":0.16,"skX":12.51,"skY":12.51}},{"length":47,"name":"bone6","parent":"bone3","transform":{"x":49.77,"y":-14.88,"skX":-148.68,"skY":-148.68}},{"length":51,"name":"bone13","parent":"bone3","transform":{"x":41.47,"y":20.2,"skX":-176.93,"skY":-176.93}},{"length":51,"name":"bone64","parent":"bone3","transform":{"x":42.14,"y":3.38,"skX":179.31,"skY":179.31}},{"length":46,"name":"bone18","parent":"bone3","transform":{"x":43.44,"y":-4.51,"skX":-159.5,"skY":-159.5}},{"length":24,"name":"bone52","parent":"bone3","transform":{"x":52.01,"y":-6.22,"skX":-90.11,"skY":-90.11}},{"length":17,"name":"bone56","parent":"bone3","transform":{"x":47.24,"y":5.98,"skX":98.1,"skY":98.1}},{"length":56,"name":"bone14","parent":"bone13","transform":{"x":51.43,"skX":-7.27,"skY":-7.27}},{"length":38,"name":"bone19","parent":"bone18","transform":{"x":46.21,"skX":8.87,"skY":8.87}},{"length":53,"name":"bone57","parent":"bone56","transform":{"x":17.37,"skX":84.23,"skY":84.23}},{"length":34,"name":"bone65","parent":"bone64","transform":{"x":51.06,"skX":5.01,"skY":5.01}},{"length":55,"name":"bone53","parent":"bone52","transform":{"x":24.13,"skX":-28.94,"skY":-28.94}},{"length":38,"name":"bone7","parent":"bone6","transform":{"x":47.62,"skX":3.99,"skY":3.99}},{"length":114,"name":"bone5","parent":"bone4","transform":{"x":23.32,"y":-4.33,"skX":3.9,"skY":3.9}},{"length":34,"name":"bone8","parent":"bone7","transform":{"x":38.7,"skX":13.91,"skY":13.91}},{"length":33,"name":"bone20","parent":"bone19","transform":{"x":38.29,"skX":-2.56,"skY":-2.56}},{"length":58,"name":"bone58","parent":"bone57","transform":{"x":53.51,"y":-0.1,"skX":-10.98,"skY":-10.98}},{"length":38,"name":"bone15","parent":"bone14","transform":{"x":56.97,"skX":0.71,"skY":0.71}},{"name":"bone60","parent":"bone5","transform":{"x":41.55,"y":-23.16}},{"length":19,"name":"bone30","parent":"bone5","transform":{"x":108.39,"y":-14.84,"skX":174.92,"skY":174.92}},{"length":31,"name":"bone66","parent":"bone65","transform":{"x":34.52,"skX":3.07,"skY":3.07}},{"length":57,"name":"bone54","parent":"bone53","transform":{"x":55.12,"skX":-90.1,"skY":-90.1}},{"length":21,"name":"bone75","parent":"bone57","transform":{"x":3.96,"y":-10.44,"skX":-13.3,"skY":-13.3}},{"length":23,"name":"bone40","parent":"bone5","transform":{"x":77.47,"y":24.14,"skX":148.36,"skY":148.36}},{"name":"bone61","parent":"bone5","transform":{"x":41.99,"y":23.98}},{"length":32,"name":"bone23","parent":"bone5","transform":{"x":77.42,"y":-18.84,"skX":-134.16,"skY":-134.16}},{"length":16,"name":"bone72","parent":"bone53","transform":{"x":25.29,"y":17.48,"skX":-7.3,"skY":-7.3}},{"name":"bone70","parent":"bone5","transform":{"x":14.98,"y":-78.26}},{"name":"bone71","parent":"bone5","transform":{"x":12.36,"y":75.16}},{"length":17,"name":"bone31","parent":"bone30","transform":{"x":19.67,"skX":-7.32,"skY":-7.32}},{"length":34,"name":"bone67","parent":"bone66","transform":{"x":31.6,"skX":-0.43,"skY":-0.43}},{"length":22,"name":"bone41","parent":"bone40","transform":{"x":23.56,"skX":16.07,"skY":16.07}},{"length":18,"name":"bone76","parent":"bone75","transform":{"x":21.22,"skX":-2.38,"skY":-2.38}},{"length":33,"name":"bone21","parent":"bone20","transform":{"x":33.99,"skX":6.84,"skY":6.84}},{"length":28,"name":"bone16","parent":"bone15","transform":{"x":38.95,"skX":-2.07,"skY":-2.07}},{"length":33,"name":"bone9","parent":"bone8","transform":{"x":34.84,"skX":1.17,"skY":1.17}},{"length":22,"name":"bone24","parent":"bone23","transform":{"x":32.13,"skX":-22.08,"skY":-22.08}},{"length":13,"name":"bone73","parent":"bone72","transform":{"x":16.52,"skX":1.84,"skY":1.84}},{"length":29,"name":"bone59","parent":"bone58","transform":{"x":58.92,"skX":7.53,"skY":7.53}},{"length":44,"name":"bone17","parent":"bone16","transform":{"x":28.14,"skX":-4.69,"skY":-4.69}},{"length":16,"name":"bone32","parent":"bone31","transform":{"x":17.65,"skX":-10.14,"skY":-10.14}},{"length":13,"name":"bone74","parent":"bone73","transform":{"x":13.85,"skX":2.72,"skY":2.72}},{"length":31,"name":"bone22","parent":"bone21","transform":{"x":33.56,"skX":-2.63,"skY":-2.63}},{"length":19,"name":"bone25","parent":"bone24","transform":{"x":22.83,"skX":-38.47,"skY":-38.47}},{"length":43,"name":"bone10","parent":"bone9","transform":{"x":33.03,"skX":-2.2,"skY":-2.2}},{"length":15,"name":"bone42","parent":"bone41","transform":{"x":22.25,"skX":14.77,"skY":14.77}},{"length":22,"name":"bone77","parent":"bone76","transform":{"x":18.55,"skX":-4.05,"skY":-4.05}},{"length":34,"name":"bone68","parent":"bone67","transform":{"x":34.31,"skX":6.24,"skY":6.24}},{"length":30,"name":"bone62","parent":"bone22","transform":{"x":31.35,"skX":-2.56,"skY":-2.56}},{"length":14,"name":"bone26","parent":"bone25","transform":{"x":19.67,"skX":-11.87,"skY":-11.87}},{"length":36,"name":"bone11","parent":"bone10","transform":{"x":43.44,"skX":-18.77,"skY":-18.77}},{"length":15,"name":"bone33","parent":"bone32","transform":{"x":16.78,"skX":-13.82,"skY":-13.82}},{"length":17,"name":"bone43","parent":"bone42","transform":{"x":15.98,"skX":9.73,"skY":9.73}},{"length":34,"name":"bone69","parent":"bone68","transform":{"x":34.11,"skX":1.78,"skY":1.78}},{"length":16,"name":"bone44","parent":"bone43","transform":{"x":17.72,"skX":-3.55,"skY":-3.55}},{"length":27,"name":"bone63","parent":"bone62","transform":{"x":30.38,"skX":-5.05,"skY":-5.05}},{"length":13,"name":"bone27","parent":"bone26","transform":{"x":14.39,"skX":-17.21,"skY":-17.21}},{"length":31,"name":"bone12","parent":"bone11","transform":{"x":35.64,"y":-0.3,"skX":-10.47,"skY":-10.47}},{"length":15,"name":"bone45","parent":"bone44","transform":{"x":14.85,"y":0.49,"skX":-7.34,"skY":-7.34}},{"length":12,"name":"bone28","parent":"bone27","transform":{"x":13.16,"skX":-0.89,"skY":-0.89}},{"length":13,"name":"bone34","parent":"bone45","transform":{"x":12.33,"y":-0.11,"skX":-17.35,"skY":-17.35}},{"length":19,"name":"bone29","parent":"bone28","transform":{"x":12.39,"skX":20.68,"skY":20.68}},{"length":12,"name":"bone35","parent":"bone34","transform":{"x":13.74,"skX":28.32,"skY":28.32}}],"slot":[{"name":"05_6","parent":"bone5"},{"name":"05_12","parent":"root"},{"name":"05_11","parent":"root"},{"name":"05_10","parent":"root"},{"name":"05_9","parent":"root"},{"name":"05_8","parent":"root"},{"name":"05_7","parent":"root"},{"name":"00_3","parent":"bone5"},{"name":"05_4","parent":"root"},{"name":"05_3","parent":"bone5"},{"name":"05_2","parent":"bone5"},{"name":"05_1","parent":"root"}],"ik":[{"chain":1,"name":"2","bone":"bone50","target":"bone51"},{"bendPositive":false,"chain":1,"name":"1","bone":"bone47","target":"bone48"},{"bendPositive":false,"chain":1,"name":"3","bone":"bone54","target":"bone55"}],"skin":[{"slot":[{"name":"00_3","display":[{"type":"mesh","name":"05/05_5","width":95,"height":167,"vertices":[36.9,-309.93,-54.09,-309.91,-54.11,-477.9,36.87,-477.91,-48.36,-367.78,-39.53,-373.53,-28.21,-373.54,-18.6,-366.93,-17.36,-355.89,-31.28,-352.33,-39.53,-354.24,-45.77,-360,-48.94,-373.89,-39.82,-377.73,-27.63,-375.91,-17.07,-369.77,-14.38,-356.43,-42.13,-384.64,-36.89,-383.59,-25.11,-381.49,-13.92,-373.57,-4.61,-355.58,-0.91,-364.84,7.81,-369.97,17.61,-369.75,23.28,-367.35,28.08,-361.15,-2.55,-367.57,7.37,-372.8,17.29,-372.8,23.5,-371.06,28.51,-366.26,29.6,-372.15,24.91,-378.36,17.39,-378.91,5.73,-378.25,-3.74,-372.69,1.04,-350.77,13.25,-348.75,21.19,-352.03],"uvs":[0.97895,1.00299,0.02104,1.00299,0.02104,-0.003,0.97895,-0.003,0.08142,0.65636,0.17439,0.62187,0.29362,0.62187,0.39468,0.66154,0.40781,0.72764,0.26129,0.74892,0.17439,0.73742,0.1087,0.70292,0.07535,0.61976,0.17135,0.59676,0.29969,0.60768,0.41084,0.64447,0.43914,0.72438,0.14698,0.55541,0.20221,0.56168,0.32619,0.57425,0.44402,0.62173,0.54201,0.72947,0.58101,0.67398,0.6728,0.64331,0.77606,0.64461,0.83572,0.65897,0.88621,0.69617,0.56381,0.65767,0.66821,0.62634,0.77262,0.62635,0.83803,0.63676,0.8908,0.6655,0.90227,0.63024,0.85294,0.59305,0.77376,0.58978,0.651,0.5937,0.55119,0.62699,0.60147,0.75832,0.73012,0.77039,0.81368,0.75078],"triangles":[31,26,32,38,37,0,37,1,0,39,38,0,26,39,0,32,26,0,19,35,3,2,19,3,35,34,3,34,33,3,33,32,3,32,0,3,2,18,19,30,25,31,30,31,32,33,30,32,25,26,31,25,39,26,24,39,25,29,30,33,34,29,33,23,38,24,24,38,39,24,25,30,29,24,30,9,1,37,2,17,18,22,37,23,23,37,38,35,28,34,23,24,29,28,23,29,34,28,29,8,9,37,22,21,37,20,36,35,19,20,35,28,27,23,27,22,23,35,36,28,36,27,28,16,8,37,21,16,37,16,21,27,27,21,22,7,16,27,15,7,27,36,20,27,20,15,27,14,15,20,19,14,20,7,8,16,10,1,9,6,7,15,14,6,15,7,9,8,6,9,7,10,9,6,5,10,6,18,14,19,5,11,10,18,13,14,14,13,6,13,5,6,2,12,17,4,11,5,11,1,10,17,13,18,12,4,5,12,5,13,17,12,13,4,1,11,12,1,4,2,1,12],"weights":[1,24,1,1,24,1,1,24,1,1,24,1,2,29,0.456,24,0.54399,2,29,0.82399,24,0.176,2,29,0.88799,24,0.112,2,29,0.6,24,0.39999,1,24,1,1,24,1,1,24,1,2,29,0.176,24,0.82399,2,29,0.528,24,0.47199,2,29,0.528,24,0.47199,2,29,0.528,24,0.47199,2,29,0.528,24,0.47199,1,24,1,2,29,0.528,24,0.47199,2,29,0.528,24,0.47199,2,29,0.528,24,0.47199,2,29,0.528,24,0.47199,1,24,1,2,35,0.664,24,0.33599,1,35,1,1,35,1,2,35,0.768,24,0.23199,1,24,1,2,35,0.688,24,0.31199,2,35,0.688,24,0.31199,2,35,0.688,24,0.31199,2,35,0.688,24,0.31199,2,35,0.688,24,0.31199,2,35,0.688,24,0.31199,2,35,0.688,24,0.31199,2,35,0.688,24,0.31199,2,35,0.688,24,0.31199,2,35,0.688,24,0.31199,1,24,1,1,24,1,1,24,1],"slotPose":[1,0,0,1,0,0],"bonePose":[24,0.055996,-0.998431,0.998431,0.055996,-11.680362,-326.171171,29,0.055996,-0.998431,0.998431,0.055996,-32.4774,-368.952841,35,0.055996,-0.998431,0.998431,0.055996,14.613276,-366.75251],"edges":[1,0,0,3,3,2,2,1],"userEdges":[]}]},{"name":"05_11","display":[{"type":"mesh","name":"05/05_11","width":71,"height":147,"vertices":[50.12,-293.46,56.72,-274.17,67.17,-259.95,67.16,-252.84,54.18,-246.24,41.48,-243.94,55.95,-202.28,57.91,-199.04,67.17,-183.76,67.17,-170.28,38.6,-170.28,40.77,-194.11,41.14,-198.22,15.84,-241.15,11.01,-245.46,6.91,-261.77,-5.8,-312.26,-5.8,-319.26,12.04,-319.27,26.25,-319.26,43.54,-268.1,35.72,-285.02,26.61,-305.85,32.86,-265.53,25.74,-285.09,19.4,-304.39,35.14,-255.62,23.72,-254.61,19.66,-262.73,26,-247.5,37.93,-249.77,47.74,-201.27,49.24,-196.14],"uvs":[0.77378,0.16873,0.86679,0.30006,1.01408,0.39681,1.01408,0.44519,0.83102,0.49012,0.65215,0.50568,0.85605,0.78905,0.88369,0.8111,1.01408,0.91513,1.01408,1.0068,0.61159,1.0068,0.64208,0.84469,0.64737,0.81665,0.29082,0.52468,0.22285,0.49531,0.16499,0.38435,-0.01408,0.04087,-0.01408,-0.0068,0.23716,-0.0068,0.4375,-0.0068,0.68102,0.34141,0.57098,0.22626,0.44262,0.08453,0.53052,0.35879,0.43034,0.22576,0.3409,0.09444,0.56271,0.42619,0.40173,0.4331,0.34448,0.37781,0.43392,0.48148,0.60206,0.46593,0.74038,0.79591,0.76146,0.83088],"triangles":[5,31,6,1,20,2,20,4,2,7,32,8,10,9,8,32,10,8,2,4,3,5,12,31,11,10,32,19,22,0,20,30,4,0,21,1,21,20,1,6,32,7,26,30,20,5,13,12,31,32,6,30,5,4,22,21,0,31,12,32,12,11,32,29,13,5,23,26,20,21,23,20,22,24,21,30,29,5,24,23,21,26,29,30,24,28,23,23,27,26,27,29,26,25,24,22,28,27,23,15,28,24,25,22,19,18,25,19,27,14,29,14,13,29,25,16,24,16,15,24,28,14,27,18,16,25,15,14,28,17,16,18],"weights":[2,57,0.00421,43,0.99578,2,57,0.54654,43,0.45344,3,57,0.98753,43,0.0124,27,0.00005,2,57,0.99992,27,0.00007,2,57,0.97455,27,0.02544,1,27,1,2,49,0.46479,27,0.5352,2,49,0.71046,27,0.28953,1,49,1,1,49,1,1,49,1,2,49,0.75488,27,0.24511,2,49,0.43516,27,0.56483,2,27,0.81216,20,0.18783,2,27,0.58928,20,0.41071,3,43,0.00004,27,0.07205,20,0.92789,1,20,0.99999,2,57,0.00001,20,0.99998,2,57,0.00039,20,0.9996,2,57,0.00135,20,0.99864,2,57,0.5,43,0.5,1,43,1,2,57,0.00041,20,0.99958,1,20,1,1,20,1,2,57,0.00016,20,0.99983,2,27,0.62929,20,0.3707,2,27,0.5,20,0.5,2,27,0.04834,20,0.95165,1,27,1,2,27,0.95817,20,0.04182,2,49,0.5,27,0.5,1,49,1],"slotPose":[1,0,0,1,0,0],"bonePose":[57,0.509041,0.860742,-0.860742,0.509041,43.6783,-268.751412,43,0.446979,0.894545,-0.894545,0.446979,35.386847,-285.345215,27,0.372178,0.928161,-0.928161,0.372178,25.888142,-254.094072,49,0.247337,0.968929,-0.968929,0.247337,47.816866,-199.406803,20,0.188581,0.982058,-0.982058,0.188581,15.698952,-306.625116],"edges":[16,15,15,14,14,13,13,12,12,11,11,10,10,9,9,8,8,7,7,6,6,5,5,4,4,3,3,2,2,1,1,0,0,19,19,18,18,17,17,16],"userEdges":[20,23,20,1,21,0,23,24,24,25,25,18,22,25,21,24,26,27,27,14,15,28,28,23,13,29,29,30,5,30,30,26,6,31,31,12,11,32,32,7]}]},{"name":"05_2","display":[{"type":"mesh","name":"05/05_2","width":205,"height":175,"vertices":[31.37,-445.04,53.32,-422.03,69.38,-374.67,83.89,-343.9,83.9,-334,62.73,-313.16,33.88,-298.53,21.39,-310.38,9.57,-291.26,-7.18,-290.65,-26.47,-303.21,-46.8,-311.67,-66.74,-301.97,-75.68,-315.05,-108.79,-334.52,-112.02,-354.04,-95.97,-381.07,-86.07,-402.74,-70.02,-433.51,-44.34,-451.71,-14.37,-467.9,-6.08,-467.9,-78.82,-330.82,-74.77,-346.82,-62.51,-374.12,-54.23,-392.58,-22.93,-418,-5.28,-429.25,27.63,-400.09,47.44,-371.72,60.72,-326.52,26.07,-324.24,9.12,-313.02,4.96,-321.4,-24.36,-321.49,-47.55,-326.07,-56.63,-347.94,35.64,-344.13,39.26,-369.02],"uvs":[0.74875,0.12495,0.85578,0.25644,0.93408,0.52707,1.00488,0.70289,1.00488,0.75946,0.90016,0.87872,0.75397,0.96281,0.68871,0.89554,0.62214,1.00571,0.54159,1.00571,0.44859,0.93714,0.35849,0.88789,0.26452,0.94293,0.22275,0.86802,0.06483,0.75641,0.04916,0.6448,0.12747,0.49037,0.17577,0.36652,0.25407,0.1907,0.37937,0.08673,0.52556,-0.00571,0.56602,-0.00571,0.20839,0.77781,0.23059,0.68607,0.29063,0.53012,0.33109,0.42462,0.48379,0.27938,0.56994,0.21516,0.73048,0.38181,0.82706,0.54388,0.89102,0.80228,0.71482,0.81603,0.62345,0.8726,0.60126,0.8145,0.47205,0.81298,0.35719,0.80533,0.31819,0.67976,0.767,0.70179,0.78706,0.55934],"triangles":[2,29,3,29,30,3,3,30,4,30,5,4,28,29,1,29,37,30,1,29,2,38,37,29,30,31,5,31,6,5,37,31,30,28,38,29,0,28,1,31,7,6,27,28,0,33,37,38,28,33,38,25,34,33,25,33,28,26,25,28,33,31,37,21,27,0,27,26,28,25,36,34,32,7,31,33,32,31,32,8,7,24,36,25,20,27,21,10,9,32,33,34,32,34,10,32,9,8,32,20,19,27,19,26,27,36,35,34,11,10,34,19,18,26,18,25,26,35,11,34,18,17,25,13,12,11,36,22,35,13,11,35,22,13,35,23,22,36,24,23,36,17,24,25,16,23,24,17,16,24,16,15,23,14,22,23,15,14,23,22,14,13],"weights":[2,39,0.03695,24,0.96304,2,39,0.13202,24,0.86797,2,39,0.59249,24,0.4075,2,39,0.97886,24,0.02113,1,39,1,2,39,0.9319,11,0.06809,3,39,0.58641,24,0.08555,11,0.32802,3,39,0.32092,24,0.14278,11,0.53629,2,39,0.03791,11,0.96208,2,39,0.00056,11,0.99942,3,24,0.05891,38,0.08811,11,0.85296,3,24,0.19201,38,0.38847,11,0.4195,3,24,0.11785,38,0.62153,11,0.2606,3,24,0.08408,38,0.74195,11,0.17395,2,38,0.99993,11,0.00006,2,24,0.00405,38,0.99594,2,24,0.23959,38,0.7604,2,24,0.51695,38,0.48304,2,24,0.78619,38,0.2138,2,24,0.93148,38,0.06851,2,24,0.9973,38,0.00269,1,24,1,3,24,0.09709,38,0.77412,11,0.12878,3,24,0.09268,38,0.89383,11,0.01348,3,24,0.55093,38,0.44641,11,0.00265,2,24,0.68559,38,0.31439,2,24,0.95164,38,0.04835,2,39,0.00148,24,0.99851,2,39,0.14018,24,0.85981,2,39,0.41316,24,0.58683,3,39,0.95697,24,0.00482,11,0.03819,3,39,0.39761,24,0.22365,11,0.37873,3,39,0.12745,24,0.07734,11,0.79519,3,39,0.05112,24,0.44824,11,0.50063,3,24,0.34018,38,0.0954,11,0.5644,3,24,0.30123,38,0.39196,11,0.30679,3,24,0.40805,38,0.53636,11,0.05557,3,39,0.51463,24,0.36654,11,0.1188,3,39,0.35159,24,0.64449,11,0.00391],"slotPose":[1,0,0,1,0,0],"bonePose":[39,0.055996,-0.998431,0.998431,0.055996,64.05382,-334.303137,24,0.055996,-0.998431,0.998431,0.055996,-11.680362,-326.171171,11,-0.012042,-0.999927,0.999927,-0.012042,-7.069845,-302.905006,38,0.055996,-0.998431,0.998431,0.055996,-88.978756,-345.509896],"edges":[15,14,14,13,13,12,12,11,11,10,10,9,9,8,8,7,7,6,6,5,5,4,4,3,3,2,2,1,1,0,0,21,21,20,20,19,19,18,18,17,17,16,16,15],"userEdges":[22,23,23,24,24,25,25,26,26,27,27,28,28,29,29,30,30,31,31,32,32,33,34,33,34,35,35,22,24,36,36,35,31,37,37,38,38,28]}]},{"name":"05_10","display":[{"type":"mesh","name":"05/05_10","width":108,"height":229,"vertices":[35.98,-126.9,35.35,-118.35,36.86,-94.18,29.71,-41.37,31.36,-35.59,33.65,-5.45,18.42,9.71,2.92,-2.45,8.53,-31.74,7.73,-39.44,7.78,-115.62,7.77,-122.94,-0.86,-179.81,-15.35,-127.19,-18.56,-121.1,-26.26,-42.46,-23.71,-35.07,-7.66,-9.7,-3.16,9.71,-26.59,9.7,-43.92,-7.14,-44.55,-32.49,-47.12,-39.88,-55.79,-108.25,-50.66,-127.19,-46.48,-137.13,-45.53,-221.28,0.95,-221.27,45.18,-221.28,-29.47,-123.34,-29.48,-129.76,23.44,-122.52,24.27,-114.79,18.72,-35.59,18.7,-31.2],"uvs":[0.92395,0.40776,0.91814,0.44519,0.93213,0.55074,0.86592,0.78131,0.8812,0.80652,0.90254,0.93818,0.7615,1.00437,0.61795,0.95125,0.66986,0.82334,0.66222,0.78972,0.6627,0.45705,0.6627,0.4251,0.58284,0.17675,0.44858,0.40656,0.41885,0.43319,0.34752,0.77661,0.3713,0.80885,0.51991,0.91959,0.56152,1.00437,0.34455,1.00437,0.18406,0.93081,0.17811,0.82007,0.15433,0.78783,0.07408,0.48926,0.12163,0.40656,0.16027,0.3631,0.16919,-0.00437,0.59965,-0.00437,1.00926,-0.00437,0.3178,0.42338,0.3178,0.39534,0.80784,0.42693,0.81558,0.4607,0.76407,0.80652,0.76407,0.82574],"triangles":[12,11,31,9,3,2,1,32,2,12,31,0,12,0,28,27,12,28,4,34,5,32,10,2,10,9,2,31,1,0,34,7,5,31,32,1,7,6,5,9,33,3,3,33,4,33,34,4,8,7,34,31,10,32,11,10,31,9,8,33,33,8,34,23,15,14,30,13,12,26,12,27,25,30,12,29,23,14,26,25,12,17,19,18,23,22,15,16,20,17,20,19,17,21,20,16,30,14,13,30,29,14,15,21,16,22,21,15,24,23,29,24,29,30,25,24,30],"weights":[2,4,0.66818,8,0.33181,2,4,0.27911,8,0.72088,1,8,1,2,8,0.75449,3,0.2455,2,8,0.49605,3,0.50394,1,3,1,1,3,1,1,3,1,2,8,0.32286,3,0.67712,2,8,0.69616,3,0.30383,2,4,0.21348,8,0.78651,2,4,0.51158,8,0.48841,2,6,0.52805,4,0.47194,2,10,0.35374,6,0.64625,2,10,0.65312,6,0.34687,2,2,0.10324,10,0.89675,2,2,0.52863,10,0.47136,1,2,1,1,2,1,1,2,1,1,2,1,2,2,0.43556,10,0.56443,2,2,0.13353,10,0.86646,2,10,0.96574,6,0.03424,2,10,0.62281,6,0.37718,3,10,0.25579,6,0.74419,4,0.00001,1,6,0.99999,2,6,0.51713,4,0.48285,1,4,1,2,10,0.60819,6,0.3918,2,10,0.5,6,0.5,2,4,0.5,8,0.5,2,4,0.13585,8,0.86414,2,8,0.5,3,0.5,2,8,0.18829,3,0.8117],"slotPose":[1,0,0,1,0,0],"bonePose":[4,0.034027,0.999421,-0.999421,0.034027,20.27,-208.51,8,-0.046932,0.998898,-0.998898,-0.046932,23.180359,-123.02953,3,-0.184123,0.982903,-0.982903,-0.184123,19.01,-35.05,6,-0.171241,0.985229,-0.985229,-0.171241,-16.66,-203.54,10,-0.048327,0.998832,-0.998832,-0.048327,-29.931202,-127.184744,2,0.476699,0.879067,-0.879067,0.476699,-34.51,-32.97],"edges":[23,22,22,21,21,20,20,19,19,18,18,17,17,16,16,15,15,14,14,13,13,12,12,11,11,10,10,9,9,8,8,7,7,6,6,5,5,4,4,3,3,2,2,1,1,0,0,28,28,27,27,26,26,25,25,24,24,23],"userEdges":[21,16,22,15,24,29,29,14,25,30,30,13,11,31,31,0,10,32,32,1,9,33,33,3,8,34,34,4,12,27]}]},{"name":"05_9","display":[{"type":"mesh","name":"05/05_9","width":120,"height":323,"vertices":[3.77,-319.68,10.74,-316.95,29.83,-292.41,34.07,-276.96,50.18,-207.88,50.19,-188.2,-0.23,-174.82,-48.1,-183.63,-59.25,-198.81,-43.39,-219.51,-33.49,-232.44,-26.83,-247.28,-27.13,-253.64,-31.06,-262.43,-49.84,-294.55,-50.75,-311.52,-20.14,-317.26,-19.52,-333.27,1.05,-333.27,3.77,-257.87,2.56,-248.19,27.1,-248.79,31.04,-256.66,34.97,-231.52,-3.58,-205.81,42.78,-219.39],"uvs":[0.62148,0.03894,0.67956,0.04738,0.83863,0.12337,0.87398,0.17122,1.00833,0.38509,1.00833,0.44607,0.58818,0.48748,0.18925,0.46024,0.09628,0.41325,0.22843,0.34913,0.31091,0.30912,0.36646,0.26314,0.36394,0.24345,0.33111,0.21624,0.17456,0.1168,0.16699,0.06428,0.42201,0.04645,0.42717,-0.0031,0.59876,-0.0031,0.62148,0.23031,0.61139,0.26034,0.81591,0.25845,0.84874,0.23406,0.88157,0.31192,0.5602,0.39154,0.94663,0.34948],"triangles":[22,21,23,3,22,25,22,23,25,25,24,4,3,25,4,4,24,5,24,6,5,23,24,25,21,20,23,20,24,23,19,22,3,2,19,3,19,21,22,1,19,2,0,19,1,19,20,21,10,24,20,16,13,19,16,19,0,14,13,16,17,16,18,11,10,20,12,20,19,13,12,19,18,16,0,24,7,6,12,11,20,10,9,24,9,7,24,15,14,16,8,7,9],"weights":[2,9,0.904,17,0.09599,2,9,0.27199,17,0.728,1,9,1,1,9,1,1,5,1,1,5,1,1,5,1,1,5,1,1,5,1,1,5,1,1,5,1,2,5,0.56799,9,0.432,2,5,0.36,9,0.63998,2,5,0.208,9,0.79199,1,9,1,2,9,0.35999,16,0.64,2,9,0.864,16,0.13598,1,9,1,1,9,1,2,5,0.36,9,0.63998,2,5,0.56799,9,0.432,2,5,0.56799,9,0.432,2,5,0.36,9,0.63998,1,5,1,1,5,1,1,5,1],"slotPose":[1,0,0,1,0,0],"bonePose":[9,-0.228351,-0.973579,0.973579,-0.228351,3.363012,-257.723616,17,0.996041,-0.088894,0.088894,0.996041,-1.602281,-305.081022,5,0.091675,-0.995789,0.995789,0.091675,-1.13,-208.92,16,-0.973139,0.23022,-0.23022,-0.973139,-14.569177,-306.939112],"edges":[8,7,7,6,6,5,5,4,4,3,3,2,2,1,1,0,0,18,18,17,17,16,16,15,15,14,14,13,13,12,12,11,11,10,10,9,9,8],"userEdges":[12,19,11,20,20,21,19,22,21,23,22,3,24,9,4,25,25,23,24,25]}]},{"name":"05_4","display":[{"type":"mesh","name":"05/05_4","width":116,"height":133,"vertices":[22.32,-441.13,38.21,-423.01,46.88,-405.74,46.89,-367.83,-0.81,-368.11,-32.02,-365.86,-30.63,-341.61,-71.1,-334.66,-71.1,-350.55,-71.09,-376.47,-71.09,-394.85,-71.1,-413.81,-54.33,-438.04,-26.73,-450.89,-19.22,-450.88,-1.65,-450.9,-11.39,-382.05,-16.14,-396.54,-19.49,-416.88,27.62,-392.35,18.71,-407.12,11.45,-427.75,-39.26,-376.46,-46.52,-393.18,-48.74,-415.2],"uvs":[0.7969,0.06591,0.93388,0.20216,1.00862,0.33211,1.00862,0.61718,0.59743,0.61507,0.32827,0.63184,0.34028,0.8142,-0.00862,0.8666,-0.00862,0.74713,-0.00862,0.55219,-0.00862,0.41385,-0.00862,0.27132,0.13601,0.08897,0.37393,-0.00752,0.43882,-0.00752,0.59022,-0.00752,0.5061,0.51027,0.46525,0.40128,0.43641,0.24827,0.84256,0.43272,0.76565,0.32163,0.70317,0.16652,0.26579,0.55219,0.2033,0.42643,0.18408,0.26085],"triangles":[1,20,2,20,19,2,2,19,3,19,4,3,0,21,1,21,20,1,20,16,19,16,4,19,17,16,20,15,21,0,21,18,20,18,17,20,15,18,21,14,18,15,16,5,4,14,13,18,17,22,16,22,5,16,13,12,18,12,24,18,24,23,18,18,23,17,23,22,17,5,8,6,8,7,6,22,8,5,23,9,22,9,8,22,12,11,24,11,10,24,24,10,23,10,9,23],"weights":[4,30,0.36619,40,0.0586,36,0.00144,34,0.57375,4,30,0.10027,40,0.01142,36,0.00053,34,0.88775,4,30,0.0088,36,0.00012,34,0.936,42,0.05506,3,62,0.00001,34,0.02917,42,0.9708,4,40,0.00004,62,0.98338,34,0.00808,42,0.00849,7,51,0.1234,62,0.24827,36,0.11907,47,0.30952,54,0.19906,34,0.0001,42,0.00053,6,51,0.01135,62,0.04626,47,0.07955,54,0.86255,34,0.00005,42,0.00021,1,54,0.99999,2,47,0.03434,54,0.96565,4,30,0.00311,36,0.07353,47,0.89504,54,0.02831,3,30,0.05099,36,0.54568,47,0.40331,3,30,0.15587,36,0.7311,47,0.11302,3,30,0.47397,36,0.5208,47,0.00521,2,30,0.95069,36,0.0493,3,30,0.97671,36,0.00416,34,0.01911,3,30,0.7673,40,0.03382,34,0.19887,2,51,0.5,62,0.5,2,40,0.5,51,0.5,2,30,0.5,40,0.5,3,30,0.00077,34,0.98618,42,0.01304,5,30,0.07491,40,0.05672,51,0.00689,36,0.00019,34,0.86128,5,30,0.34713,40,0.10035,51,0.00236,36,0.00096,34,0.54917,7,51,0.13549,62,0.16258,36,0.28823,47,0.33142,54,0.08184,34,0.00006,42,0.00035,3,30,0.01067,36,0.97673,47,0.01258,3,30,0.2864,36,0.69403,47,0.01956],"slotPose":[1,0,0,1,0,0],"bonePose":[30,0.032632,0.999467,-0.999467,0.032632,-20.427697,-435.222085,40,0.159709,0.987164,-0.987164,0.159709,-19.785828,-415.56256,36,-0.755282,0.6554,-0.6554,-0.755282,-26.15561,-404.52466,47,-0.453524,0.891244,-0.891244,-0.453524,-50.422814,-383.466652,54,0.199368,0.979925,-0.979925,0.199368,-60.776765,-363.119549,34,0.476085,0.879399,-0.879399,0.476085,16.759755,-402.167883,62,0.546833,0.837242,-0.837242,0.546833,-11.412643,-382.305039,42,0.214053,0.976822,-0.976822,0.214053,27.976311,-381.449233,51,0.331009,0.943628,-0.943628,0.331009,-16.966966,-398.139113],"edges":[7,6,6,5,5,4,4,3,3,2,2,1,1,0,0,15,15,14,14,13,13,12,12,11,11,10,10,9,9,8,8,7],"userEdges":[16,19,19,2,17,20,20,1,18,21,21,0,16,22,22,9,17,23,23,10,18,24,24,11]}]},{"name":"05_12","display":[{"type":"mesh","name":"05/05_12","width":190,"height":248,"vertices":[38.67,-254.64,46.44,-219.23,48.94,-198.22,63.26,-164.32,69.94,-132.61,80.13,-107.99,80.12,-63.28,-17.88,-63.29,-72.48,-63.29,-111.82,-63.32,-111.81,-96.74,-111.8,-129.03,-91.62,-164.81,-75.28,-193.59,-51.17,-219.65,-43.77,-256.22,-50.77,-313.27,33.25,-313.25,-64.4,-91.28,-16.54,-88.95,-9.55,-120.45,-58.94,-122.4,-48.05,-153.12,-4.49,-150.01,-0.6,-188.52,-35.99,-183.46,-25.11,-216.91,0.18,-214.18,16.9,-216.53,-17.7,-253.09,8.74,-252.32],"uvs":[0.78681,0.23234,0.82775,0.37511,0.84096,0.45988,0.91634,0.59656,0.95159,0.72442,1.00526,0.82372,1.00526,1.00403,0.48902,1.00403,0.20169,1.00403,-0.00526,1.00403,-0.00526,0.8692,-0.00526,0.73901,0.10094,0.59471,0.18693,0.47864,0.31386,0.37355,0.35277,0.22607,0.31591,-0.00403,0.75815,-0.00403,0.24426,0.89117,0.49608,0.90057,0.53293,0.77353,0.27291,0.76569,0.33024,0.64176,0.55955,0.65431,0.58002,0.49903,0.39371,0.51942,0.45104,0.38453,0.58412,0.3955,0.67215,0.38609,0.48994,0.23861,0.62917,0.24174],"triangles":[19,7,6,4,20,5,20,19,5,19,6,5,3,23,4,23,20,4,2,24,3,24,23,3,17,30,0,0,28,1,1,28,2,28,24,2,30,28,0,29,30,17,16,29,17,30,27,28,27,24,28,29,26,27,29,27,30,16,15,29,25,23,24,27,26,24,26,25,24,22,20,23,25,22,23,21,19,20,22,21,20,15,14,26,15,26,29,18,7,19,21,18,19,18,8,7,14,25,26,13,22,25,14,13,25,13,12,22,12,21,22,12,11,21,10,18,21,11,10,21,10,8,18,10,9,8],"weights":[3,28,0.00056,18,0.50142,13,0.498,2,28,0.05138,18,0.9486,2,28,0.528,18,0.47199,2,45,0.51999,28,0.48,2,50,0.47999,45,0.52,1,50,1,1,50,1,7,59,0.15082,66,0.21988,53,0.01409,64,0.60872,58,0.00643,46,0.00001,25,0.00001,4,66,0.99852,58,0.00002,46,0.00075,25,0.00069,1,68,1,2,68,0.52799,61,0.472,2,61,0.56,55,0.43999,2,55,0.56,46,0.43999,2,46,0.512,25,0.48799,2,25,0.536,23,0.46399,2,23,0.528,12,0.472,1,12,0.99999,1,13,1,2,59,0.5,66,0.5,7,59,0.15459,66,0.09125,53,0.07288,44,0.00625,64,0.60114,58,0.07244,41,0.00139,9,59,0.06956,66,0.00411,53,0.19643,44,0.08999,26,0.00035,64,0.22645,58,0.34339,41,0.06917,31,0.00049,2,59,0.5,53,0.5,2,53,0.5,44,0.5,9,59,0.00278,53,0.06866,44,0.15887,26,0.02734,64,0.01089,58,0.30599,41,0.39577,31,0.02959,23,0.00005,7,44,0.04444,26,0.20556,19,0.0673,41,0.15096,31,0.47694,21,0.0545,23,0.00026,2,44,0.5,26,0.5,2,26,0.5,19,0.5,7,44,0.0053,26,0.12066,19,0.13154,41,0.01709,31,0.44537,21,0.27996,23,0.00004,2,31,0.5,21,0.5,1,19,1,2,21,0.5,14,0.5],"slotPose":[1,0,0,1,0,0],"bonePose":[44,-0.34939,0.936977,-0.936977,-0.34939,-35.480608,-183.339786,41,0.108693,0.994075,-0.994075,0.108693,17.81596,-184.411224,28,0.287193,0.957873,-0.957873,0.287193,39.64157,-197.71928,18,0.299041,0.95424,-0.95424,0.299041,22.605216,-252.082352,13,0.175882,0.984411,-0.984411,0.175882,13.559595,-302.710621,25,-0.588068,0.808812,-0.808812,-0.588068,-51.865212,-221.668269,45,0.321605,0.946874,-0.946874,0.321605,50.827751,-160.410141,50,0.397949,0.917408,-0.917408,0.397949,59.877708,-133.765106,59,-0.2632,0.964741,-0.964741,-0.2632,-56.800098,-122.048914,66,-0.177257,0.984165,-0.984165,-0.177257,-64.796101,-92.74007,53,-0.306028,0.952023,-0.952023,-0.306028,-47.206131,-151.894823,64,-0.031062,0.999517,-0.999517,-0.031062,21.54523,-116.1945,58,0,1,-1,0,21.54523,-150.3045,14,0.240059,0.970758,-0.970758,0.240059,-2.968997,-299.522057,46,-0.60446,0.796635,-0.796635,-0.60446,-72.353488,-193.489267,68,-0.100188,0.994969,-0.994969,-0.100188,-126.895884,-97.282894,61,-0.279326,0.960196,-0.960196,-0.279326,-117.228754,-131.588085,55,-0.573433,0.819252,-0.819252,-0.573433,-92.318805,-167.176398,23,-0.376386,0.926463,-0.926463,-0.376386,-37.299075,-257.522385,12,-0.311008,0.950407,-0.950407,-0.311008,-22.488865,-302.780777,26,-0.235312,0.97192,-0.97192,-0.235312,-27.482361,-216.375345,31,0.10123,0.994863,-0.994863,0.10123,14.617094,-215.848897,19,-0.278488,0.96044,-0.96044,-0.278488,-16.819046,-253.150579,21,0.154366,0.988014,-0.988014,0.154366,9.288396,-249.955133],"edges":[9,8,8,7,7,6,6,5,5,4,4,3,3,2,2,1,1,0,0,17,17,16,16,15,15,14,14,13,13,12,12,11,11,10,10,9],"userEdges":[10,18,18,19,20,21,21,11,12,22,22,23,24,25,25,13,14,26,26,27,27,28,15,29,29,30]}]},{"name":"05_7","display":[{"type":"mesh","name":"05/05_7","width":95,"height":107,"vertices":[-28.5,-283.07,-48.03,-260.44,-48.35,-254.24,-38.43,-233.09,-26.81,-239.1,-6.81,-231.66,-6.81,-210.28,-46.18,-210.29,-50.8,-215.49,-84.3,-253.33,-91.74,-255.81,-103.77,-268.84,-103.77,-277.21,-95.13,-282.16,-85.51,-290.21,-78.08,-306.01,-48.32,-319.28,-13.92,-319.27,-82.43,-270.37,-73.75,-280.91,-62.58,-293.61,-68.49,-264.79,-39.06,-220.7,-43.62,-224.96],"uvs":[0.78212,0.32915,0.57654,0.54064,0.57327,0.59858,0.67769,0.79612,0.80001,0.73993,1.01053,0.80946,1.01053,1.00935,0.59612,1.00935,0.54762,0.96076,0.19475,0.60727,0.11643,0.58409,-0.01053,0.46241,-0.01053,0.38418,0.08054,0.33783,0.1817,0.2625,0.26001,0.11475,0.57328,-0.00935,0.93549,-0.00935,0.21433,0.44792,0.30569,0.34942,0.42317,0.23064,0.36117,0.50007,0.67117,0.91201,0.62316,0.87227],"triangles":[22,7,6,22,6,5,4,22,5,16,0,17,16,20,0,3,22,4,20,1,0,20,21,1,2,23,3,23,8,22,8,7,22,3,23,22,19,21,20,2,9,23,9,8,23,15,20,16,21,9,2,1,21,2,14,19,20,15,14,20,19,18,21,18,9,21,14,18,19,14,13,18,10,9,18,11,10,18,13,11,18,12,11,13],"weights":[2,22,0.99874,32,0.00125,2,22,0.64503,32,0.35495,2,22,0.32974,32,0.67025,2,32,0.61104,7,0.38895,2,32,0.02541,7,0.97458,1,7,1,1,7,1,2,32,0.60096,7,0.39903,2,32,0.81676,7,0.18323,3,22,0.03729,52,0.16373,32,0.79896,3,22,0.1145,37,0.032,32,0.85349,2,48,0.01992,52,0.98007,2,48,0.11867,52,0.88132,3,37,0.00793,48,0.49652,52,0.49553,3,37,0.53016,48,0.46374,52,0.00608,1,37,1,2,22,0.76214,37,0.23785,1,22,1,3,22,0.61345,37,0.032,32,0.35454,2,22,0.96799,37,0.032,2,22,0.96799,37,0.032,2,22,0.75386,32,0.24613,2,32,0.5,7,0.5,1,32,1],"slotPose":[1,0,0,1,0,0],"bonePose":[22,-0.740218,0.672367,-0.672367,-0.740218,-38.051014,-301.383914,32,0.673658,0.739043,-0.739043,0.673658,-78.851837,-264.323055,7,0.981926,-0.189267,0.189267,0.981926,-40.23,-221.97,52,-0.70723,0.706983,-0.706983,-0.70723,-88.561453,-274.501988,37,-0.648784,0.760972,-0.760972,-0.648784,-68.524103,-297.31877,48,-0.672883,0.739749,-0.739749,-0.672883,-79.242018,-284.747506],"edges":[11,10,10,9,9,8,8,7,7,6,6,5,5,4,4,3,3,2,2,1,1,0,0,17,17,16,16,15,15,14,14,13,13,12,12,11],"userEdges":[10,18,18,19,19,20,20,15,9,2,18,21,21,1,3,22,22,7,8,23,23,3]}]},{"name":"05_6","display":[{"name":"05/05_6","transform":{"x":22.55,"y":1.92,"skX":86.78,"skY":86.78}}]},{"name":"05_1","display":[{"type":"mesh","name":"05/05_1","width":114,"height":142,"vertices":[36.16,-385.72,44.86,-360.75,47.9,-341.91,47.91,-329.37,34.7,-284.71,31.08,-273.5,21.26,-269.15,20.91,-284.35,9.09,-296.75,3.08,-310.69,2.8,-326.92,9.69,-343.48,19.62,-359.22,20.85,-375.78,-42.62,-376.52,-44.66,-366.03,-33.91,-349.89,-32.51,-340.67,-26.5,-329.92,-18.19,-317.7,-15.9,-288.78,-30.48,-268.57,-45.46,-269.85,-46.61,-290.34,-50.82,-303.39,-54.53,-314.84,-65.01,-328.79,-68.09,-343.51,-68.09,-362.07,-53.88,-386.11,-33.52,-401.91,10.84,-401.9,29.11,-401.91,26.47,-310.54,29.18,-286.31,25.75,-300.09,28.1,-327.34,32.57,-343.28,32.8,-359.88,26.64,-383.78,35.22,-325.09,29.02,-309.21,36.06,-297.63,-34.44,-311.32,-42.12,-320.59,-50.95,-330.96,-56.82,-343.64],"uvs":[0.9059,0.107,0.98216,0.2829,1.00877,0.41556,1.00877,0.50399,0.89274,0.81847,0.86092,0.89757,0.77471,0.92806,0.77163,0.82094,0.66798,0.7336,0.61529,0.63534,0.61296,0.521,0.67348,0.40438,0.76064,0.29359,0.77153,0.17697,0.21477,0.17168,0.1968,0.2456,0.29112,0.35919,0.30347,0.4241,0.35624,0.49982,0.42922,0.58589,0.44944,0.7896,0.32143,0.93203,0.19007,0.92302,0.17996,0.77879,0.14291,0.68685,0.11035,0.60618,0.01827,0.50793,-0.00877,0.40427,-0.00877,0.27353,0.11596,0.10407,0.29452,-0.00704,0.68378,-0.00704,0.84416,-0.00704,0.82063,0.63658,0.84422,0.80731,0.81421,0.71009,0.8349,0.51812,0.87424,0.40594,0.87631,0.28901,0.82238,0.12061,0.89743,0.53411,0.84295,0.64588,0.90469,0.72751,0.28663,0.63096,0.21926,0.56562,0.14178,0.49261,0.09013,0.40337],"triangles":[41,42,40,0,38,1,38,37,1,1,37,2,42,4,3,40,42,3,2,37,3,37,40,3,39,13,38,39,38,0,38,12,37,35,34,42,41,35,42,32,39,0,42,34,4,34,5,4,36,33,40,33,41,40,37,36,40,34,7,5,13,12,38,11,36,37,12,11,37,35,7,34,31,39,32,7,6,5,10,9,33,33,35,41,10,33,36,11,10,36,9,8,33,31,13,39,33,8,35,8,7,35,31,14,13,30,14,31,23,21,20,43,23,20,19,43,20,18,43,19,23,22,21,17,44,18,44,43,18,24,23,43,29,14,30,45,44,17,16,46,17,46,45,17,15,46,16,44,24,43,28,46,15,25,24,44,45,25,44,29,15,14,29,28,15,26,25,45,46,26,45,27,26,46,28,27,46],"weights":[2,42,0.42485,34,0.57514,2,56,0.52375,42,0.47624,3,65,0.06896,63,0.50638,56,0.42464,4,71,0.01177,65,0.26703,63,0.65469,56,0.0665,2,73,0.45353,71,0.54645,1,73,1,2,73,0.99657,69,0.00342,3,73,0.59245,71,0.04884,69,0.35868,2,69,0.95421,65,0.04578,4,69,0.71178,65,0.23376,63,0.04719,56,0.00725,4,69,0.35611,65,0.32142,63,0.26034,56,0.06211,5,69,0.0743,65,0.09576,63,0.51095,56,0.31542,42,0.00353,4,69,0.00055,63,0.06448,56,0.53041,42,0.40455,3,42,0.57739,34,0.40233,36,0.02026,4,34,0.00454,36,0.5108,47,0.46767,54,0.01696,5,36,0.03231,47,0.60407,54,0.33218,60,0.02406,67,0.00735,6,34,0.00001,47,0.05099,54,0.38933,60,0.31948,67,0.20792,70,0.03224,6,47,0.00803,54,0.16412,60,0.26183,67,0.4137,70,0.14578,72,0.00649,5,54,0.01511,60,0.04268,67,0.34448,70,0.47277,72,0.12493,4,60,0.00004,67,0.02175,70,0.42978,72,0.54841,2,67,0.00003,72,0.99996,1,72,1,1,72,1,3,67,0.00861,70,0.07334,72,0.91804,3,67,0.1732,70,0.36171,72,0.46508,4,60,0.05771,67,0.62267,70,0.2578,72,0.0618,3,54,0.02573,60,0.76195,67,0.21231,2,54,0.64141,60,0.35858,2,47,0.30952,54,0.69047,2,36,0.48636,47,0.51362,1,36,1,2,34,0.87196,36,0.12803,1,34,1,2,69,0.5,65,0.5,2,73,0.5,71,0.5,1,71,1,2,65,0.5,63,0.5,2,63,0.5,56,0.5,2,56,0.5,42,0.5,2,42,0.5,34,0.5,3,71,0.03509,65,0.54157,63,0.42333,4,71,0.09951,69,0.49958,65,0.38482,63,0.01607,3,73,0.01175,71,0.97498,65,0.01325,2,70,0.5,72,0.5,2,67,0.5,70,0.5,2,60,0.5,67,0.5,2,54,0.5,60,0.5],"slotPose":[1,0,0,1,0,0],"bonePose":[42,0.214053,0.976822,-0.976822,0.214053,27.976311,-381.449233,34,0.476085,0.879399,-0.879399,0.476085,16.759755,-402.167883,71,0.277315,0.960779,-0.960779,0.277315,25.47896,-299.48566,56,-0.04205,0.999116,-0.999116,-0.04205,32.739,-359.714945,65,-0.149363,0.988782,-0.988782,-0.149363,28.340504,-326.425357,63,-0.210301,0.977637,-0.977637,-0.210301,32.06704,-343.749079,67,0.650509,0.759498,-0.759498,0.650509,-51.147155,-330.634951,73,-0.211666,0.977342,-0.977342,-0.211666,29.289263,-286.284554,60,0.396667,0.917962,-0.917962,0.396667,-56.855198,-343.84443,69,-0.021815,0.999762,-0.999762,-0.021815,25.637964,-311.815125,36,-0.755282,0.6554,-0.6554,-0.755282,-26.15561,-404.52466,47,-0.453524,0.891244,-0.891244,-0.453524,-50.422814,-383.466652,54,0.199368,0.979925,-0.979925,0.199368,-60.776765,-363.119549,70,0.662228,0.749303,-0.749303,0.662228,-42.586455,-320.639951,72,0.354944,0.934888,-0.934888,0.354944,-34.381453,-311.356093],"edges":[27,26,26,25,25,24,24,23,23,22,22,21,21,20,20,19,19,18,18,17,17,16,16,15,15,14,14,13,13,12,12,11,11,10,10,9,9,8,8,7,7,6,6,5,5,4,4,3,3,2,2,1,1,0,0,32,32,31,31,30,30,29,29,28,28,27],"userEdges":[33,9,33,36,36,37,37,38,38,12,37,11,36,10,13,39,39,32,40,3,40,41,41,42,35,8,4,42,43,24,44,25,44,18,45,26,45,17,46,27,46,16,15,28,29,14,13,31]}]},{"name":"05_8","display":[{"type":"mesh","name":"05/05_8","width":230,"height":246,"vertices":[36.61,-253.21,53.67,-199.61,65.17,-163.48,76.27,-136.49,100.13,-104.32,100.12,-63.26,81.05,-63.28,48.53,-132.76,37.44,-159.4,26.35,-196.03,13.04,-250.68,-26.04,-254.19,-37.21,-217.92,-50.6,-190.66,-62.03,-164.83,-79.98,-127.18,-85.59,-90.15,-80.58,-63.31,-131.81,-63.32,-131.79,-134.17,-117.11,-178.84,-88.84,-203.61,-66.86,-230.48,-58.48,-260.49,-32.31,-311.27,-9.88,-311.27,6.77,-311.26,29.09,-311.26,-125.84,-97,-117.1,-130.4,-91.2,-168.91,-71.34,-195.4,-51.47,-222.79,-37.04,-256.2,59.21,-134.51,51.27,-159.92,39.38,-197.64,22.72,-252.02],"uvs":[0.72796,0.23194,0.80219,0.44982,0.85224,0.59668,0.90057,0.70642,1.00435,0.83715,1.00435,1.00407,0.92144,1.00407,0.77988,0.72161,0.73162,0.61331,0.68336,0.46441,0.62544,0.24222,0.45552,0.22796,0.40697,0.3755,0.3487,0.48633,0.29899,0.59133,0.22096,0.74438,0.19659,0.89492,0.21844,1.00407,-0.00435,1.00407,-0.00435,0.71598,0.05948,0.53439,0.18239,0.43367,0.27799,0.32442,0.3144,0.20242,0.42821,-0.00407,0.5257,-0.00407,0.5981,-0.00407,0.69516,-0.00407,0.02164,0.86714,0.05958,0.73133,0.17213,0.5747,0.25851,0.46703,0.34488,0.35569,0.40769,0.21987,0.82634,0.7145,0.79183,0.61121,0.74004,0.45788,0.66753,0.23678],"triangles":[34,6,4,3,34,4,6,5,4,2,34,3,34,7,6,36,35,1,0,36,1,35,7,34,35,34,2,1,35,2,0,37,36,8,7,35,36,8,35,27,37,0,37,9,36,9,8,36,37,10,9,26,37,27,26,10,37,26,25,10,25,11,10,24,11,25,24,33,11,33,32,12,23,33,24,33,12,11,23,22,32,23,32,33,32,13,12,22,31,32,32,31,13,31,14,13,21,31,22,31,30,14,30,15,14,21,30,31,20,30,21,29,28,16,16,18,17,29,16,15,30,29,15,28,18,16,20,29,30,20,19,29,19,28,29,19,18,28],"weights":[2,18,0.58227,13,0.41772,2,28,0.60255,18,0.39744,3,50,0.00939,45,0.55946,28,0.43113,2,50,0.69561,45,0.30438,1,50,1,1,50,0.99999,1,50,0.99999,2,50,0.30754,45,0.69245,2,45,0.35031,28,0.64968,2,28,0.42112,18,0.57887,3,12,0.05525,18,0.3696,13,0.57514,3,12,0.55448,23,0.36797,13,0.07752,2,25,0.36331,23,0.63668,3,46,0.1866,25,0.81096,23,0.00242,3,55,0.12682,46,0.81626,25,0.05691,4,68,0.05444,55,0.67406,61,0.22678,46,0.0447,3,68,0.63553,55,0.07339,61,0.29106,2,68,0.92569,61,0.0743,1,68,0.99999,2,55,0.41546,61,0.58453,2,55,0.62979,46,0.3702,3,55,0.00801,46,0.59987,25,0.3921,2,25,0.48563,23,0.51436,2,12,0.34349,23,0.6565,1,12,1,2,12,0.71035,13,0.28964,2,12,0.14734,13,0.85265,1,13,1,2,68,0.5,61,0.5,2,55,0.5,61,0.5,2,55,0.5,46,0.5,2,46,0.5,25,0.5,2,25,0.5,23,0.5,2,12,0.5,23,0.5,2,50,0.5,45,0.5,2,45,0.5,28,0.5,2,28,0.5,18,0.5,2,18,0.5,13,0.5],"slotPose":[1,0,0,1,0,0],"bonePose":[18,0.299041,0.95424,-0.95424,0.299041,22.605216,-252.082352,13,0.175882,0.984411,-0.984411,0.175882,13.559595,-302.710621,28,0.287193,0.957873,-0.957873,0.287193,39.64157,-197.71928,50,0.397949,0.917408,-0.917408,0.397949,59.877708,-133.765106,45,0.321605,0.946874,-0.946874,0.321605,50.827751,-160.410141,12,-0.311008,0.950407,-0.950407,-0.311008,-22.488865,-302.780777,23,-0.376386,0.926463,-0.926463,-0.376386,-37.299075,-257.522385,25,-0.588068,0.808812,-0.808812,-0.588068,-51.865212,-221.668269,46,-0.60446,0.796635,-0.796635,-0.60446,-72.353488,-193.489267,55,-0.573433,0.819252,-0.819252,-0.573433,-92.318805,-167.176398,68,-0.100188,0.994969,-0.994969,-0.100188,-126.895884,-97.282894,61,-0.279326,0.960196,-0.960196,-0.279326,-117.228754,-131.588085],"edges":[18,17,17,16,16,15,15,14,14,13,13,12,12,11,11,10,10,9,9,8,8,7,7,6,6,5,5,4,4,3,3,2,2,1,1,0,0,27,27,26,26,25,25,24,24,23,23,22,22,21,21,20,20,19,19,18],"userEdges":[28,16,29,15,30,14,31,13,32,12,33,11,0,37,34,7,35,8,36,9,37,10,26,10,11,25]}]},{"name":"05_3","display":[{"name":"05/05_3","transform":{"x":69.27,"y":-1.3,"skX":86.78,"skY":86.78}}]}]}],"animation":[{"duration":60,"name":"idle","bone":[{"name":"bone","translateFrame":[{"duration":25,"curve":[0.155,0.125,0.878,1],"x":-0.77},{"duration":30,"curve":[0.25,0,0.75,1],"x":-5.42},{"duration":5,"curve":[0.404,0.25,0.687,0.65]},{"duration":0,"x":-0.77}]},{"name":"bone2","translateFrame":[{"duration":30,"curve":[0.125,0,0.875,1]},{"duration":30,"curve":[0.25,0,0.75,1],"x":1.36,"y":-2.05},{"duration":0}],"rotateFrame":[{"duration":30,"curve":[0.125,0,0.875,1]},{"duration":30,"curve":[0.25,0,0.75,1],"rotate":-1.37},{"duration":0}]},{"name":"bone3","translateFrame":[{"duration":9,"curve":[0.37879268292682927,0.24536144578313251,0.75,1],"x":0.67,"y":0.1},{"duration":30,"curve":[0.25,0,0.75,1]},{"duration":21,"curve":[0.3329268292682927,0.16265060240963855,0.551,0.63],"x":2.82,"y":1.58},{"duration":0,"x":0.67,"y":0.1}],"rotateFrame":[{"duration":9,"curve":[0.3105,0.155,0.75,1],"rotate":-0.4},{"duration":30,"curve":[0.25,0,0.75,1],"rotate":-0.13},{"duration":21,"curve":[0.25,0,0.551,0.63],"rotate":-1.28},{"duration":0,"rotate":-0.4}],"scaleFrame":[{"duration":9,"curve":[0.3105,0.155,0.75,1]},{"duration":30,"curve":[0.25,0,0.75,1]},{"duration":21,"curve":[0.25,0,0.551,0.63],"y":1.04},{"duration":0}]},{"name":"bone4","scaleFrame":[{"duration":30,"curve":[0.25,0,0.75,1]},{"duration":30,"curve":[0.25,0,0.75,1],"x":1.01,"y":0.97},{"duration":0}]},{"name":"bone5","rotateFrame":[{"duration":25,"curve":[0.155,0.125,0.878,1],"rotate":0.16},{"duration":30,"curve":[0.25,0,0.75,1],"rotate":1.75},{"duration":5,"tweenEasing":0},{"duration":0,"rotate":0.16}]},{"name":"bone23","rotateFrame":[{"duration":30,"curve":[0.125,0,0.875,1]},{"duration":30,"curve":[0.25,0,0.75,1],"rotate":2.51},{"duration":0}]},{"name":"bone24","rotateFrame":[{"duration":26,"curve":[0.1895,0.265,0.8725,1],"rotate":-0.56},{"duration":26,"curve":[0.29,0.19,0.676,0.7],"rotate":-3.16},{"duration":4,"curve":[0.351,0.4,0.756,1],"rotate":-0.22},{"duration":4,"curve":[0.333,0.33,0.667,0.67]},{"duration":0,"rotate":-0.56}]},{"name":"bone25","rotateFrame":[{"duration":30,"curve":[0.132,0,0.8085,0.71],"rotate":2.28},{"duration":22,"curve":[0.242,0,0.662,0.65],"rotate":-2.7},{"duration":8,"curve":[0.351,0.4,0.756,1],"rotate":1.27},{"duration":0,"rotate":2.28}]},{"name":"bone26","rotateFrame":[{"duration":4,"curve":[0.17,0.175,0.8375,0.845],"rotate":2.14},{"duration":30,"curve":[0.25,0,0.75,1],"rotate":3.08},{"duration":18,"curve":[0.338,0.34,0.684,0.72],"rotate":-4.99},{"duration":8,"curve":[0.29,0.19,0.676,0.7],"rotate":0.11},{"duration":0,"rotate":2.14}]},{"name":"bone27","rotateFrame":[{"duration":8,"curve":[0.176,0.325,0.843,1],"rotate":3.44},{"duration":30,"curve":[0.381,0.54,0.742,1],"rotate":4.79},{"duration":14,"curve":[0.25,0,0.75,1],"rotate":-3.7},{"duration":8,"curve":[0.37,0.62,0.709,1],"rotate":0.16},{"duration":0,"rotate":3.44}]},{"name":"bone28","rotateFrame":[{"duration":12,"curve":[0.181,0.22,0.877,1],"rotate":1.07},{"duration":30,"curve":[0.25,0,0.75,1],"rotate":7.24},{"duration":10,"curve":[0.371,0.48,0.751,1],"rotate":-6.37},{"duration":8,"curve":[0.257,0,0.618,0.45],"rotate":-2.5},{"duration":0,"rotate":1.07}]},{"name":"bone29","rotateFrame":[{"duration":16,"curve":[0.1755,0.2,0.878,1],"rotate":-7.06},{"duration":30,"curve":[0.316,0.27,0.712,0.81],"rotate":3.55},{"duration":6,"curve":[0.38,0.59,0.726,1],"rotate":-12.92},{"duration":8,"curve":[0.264,0,0.617,0.42],"rotate":-11.26},{"duration":0,"rotate":-7.06}]},{"name":"bone30","rotateFrame":[{"duration":30,"curve":[0.125,0,0.875,1],"rotate":0.43},{"duration":30,"curve":[0.25,0,0.75,1],"rotate":-3.89},{"duration":0,"rotate":0.43}]},{"name":"bone31","rotateFrame":[{"duration":5,"curve":[0.185,0.31,0.8545,1],"rotate":1.18},{"duration":30,"curve":[0.25,0,0.75,1],"rotate":1.52},{"duration":25,"curve":[0.243,0,0.689,0.75],"rotate":-2.04},{"duration":0,"rotate":1.18}]},{"name":"bone32","rotateFrame":[{"duration":10,"curve":[0.191,0.285,0.8674999999999999,1],"rotate":-0.17},{"duration":30,"curve":[0.25,0,0.75,1],"rotate":1.81},{"duration":20,"curve":[0.243,0,0.648,0.6],"rotate":-5.18},{"duration":0,"rotate":-0.17}]},{"name":"bone33","rotateFrame":[{"duration":15,"curve":[0.1875,0.25,0.875,1],"rotate":-0.24},{"duration":30,"curve":[0.25,0,0.75,1],"rotate":5.45},{"duration":15,"curve":[0.25,0,0.625,0.5],"rotate":-5.94},{"duration":0,"rotate":-0.24}]},{"name":"bone40","rotateFrame":[{"duration":5,"curve":[0.185,0.31,0.8545,1],"rotate":0.41},{"duration":30,"curve":[0.25,0,0.75,1],"rotate":0.7},{"duration":25,"curve":[0.243,0,0.689,0.75],"rotate":-2.21},{"duration":0,"rotate":0.41}]},{"name":"bone41","rotateFrame":[{"duration":5,"curve":[0.187,0.305,0.8574999999999999,1],"rotate":-0.06},{"duration":5,"curve":[0.25,0,0.625,0.5],"rotate":0.44},{"duration":30,"tweenEasing":0,"rotate":0.86},{"duration":20,"curve":[0.242,0,0.679,0.71],"rotate":-3.46},{"duration":0,"rotate":-0.06}]},{"name":"bone42","rotateFrame":[{"duration":5,"curve":[0.178,0.32,0.845,1],"rotate":-1.19},{"duration":10,"curve":[0.25,0,0.75,1],"rotate":-0.56},{"duration":30,"tweenEasing":0,"rotate":1.9},{"duration":15,"curve":[0.364,0.46,0.708,0.84],"rotate":-6.79},{"duration":0,"rotate":-1.19}]},{"name":"bone43","rotateFrame":[{"duration":5,"curve":[0.1745,0.325,0.8415,1],"rotate":-2.53},{"duration":15,"curve":[0.351,0.4,0.756,1],"rotate":-1.89},{"duration":30,"curve":[0.25,0,0.75,1],"rotate":2.53},{"duration":10,"curve":[0.356,0.47,0.691,0.82],"rotate":-6.33},{"duration":0,"rotate":-2.53}]},{"name":"bone44","rotateFrame":[{"duration":5,"curve":[0.1895,0.3,0.862,1],"rotate":-7.66},{"duration":20,"curve":[0.25,0,0.75,1],"rotate":-6.27},{"duration":30,"curve":[0.351,0.4,0.756,1],"rotate":3.34},{"duration":5,"curve":[0.342,0.36,0.685,0.72],"rotate":-10.08},{"duration":0,"rotate":-7.66}]},{"name":"bone45","rotateFrame":[{"duration":5,"curve":[0.132,0,0.8085,0.71],"rotate":-13.55},{"duration":25,"curve":[0.25,0,0.75,1],"rotate":-11.22},{"duration":30,"tweenEasing":0,"rotate":26.01},{"duration":0,"rotate":-13.55}]},{"name":"bone52","rotateFrame":[{"duration":15,"curve":[0.1875,0.25,0.875,1],"rotate":2.39},{"duration":30,"tweenEasing":0,"rotate":3.35},{"duration":15,"curve":[0.25,0,0.625,0.5],"rotate":0.54},{"duration":0,"rotate":2.39}]},{"name":"bone56","rotateFrame":[{"duration":10,"curve":[0.191,0.285,0.8674999999999999,1],"rotate":-0.82},{"duration":30,"curve":[0.25,0,0.75,1]},{"duration":20,"curve":[0.243,0,0.648,0.6],"rotate":-2.9},{"duration":0,"rotate":-0.82}]},{"name":"bone57","rotateFrame":[{"duration":5,"curve":[0.185,0.31,0.8545,1],"rotate":6.94},{"duration":30,"tweenEasing":0,"rotate":6.98},{"duration":25,"curve":[0.243,0,0.689,0.75],"rotate":6.6},{"duration":0,"rotate":6.94}]},{"name":"bone58","rotateFrame":[{"duration":10,"curve":[0.1875,0.25,0.875,1],"rotate":-0.66},{"duration":10,"curve":[0.243,0,0.648,0.6],"rotate":-0.29},{"duration":30,"tweenEasing":0},{"duration":10,"curve":[0.25,0,0.625,0.5],"rotate":-1.04},{"duration":0,"rotate":-0.66}]},{"name":"bone59","rotateFrame":[{"duration":15,"curve":[0.1875,0.25,0.875,1],"rotate":-1.26},{"duration":30,"tweenEasing":0,"rotate":5.38},{"duration":15,"curve":[0.25,0,0.625,0.5],"rotate":-10.3},{"duration":0,"rotate":-1.26}]},{"name":"bone61","translateFrame":[{"duration":28,"tweenEasing":0},{"duration":2,"tweenEasing":0},{"duration":2,"tweenEasing":0,"x":-16.16,"y":0.46},{"duration":28}]},{"name":"bone60","translateFrame":[{"duration":28,"tweenEasing":0},{"duration":2,"tweenEasing":0},{"duration":2,"tweenEasing":0,"x":-19.36,"y":0.4},{"duration":28}]},{"name":"bone75","rotateFrame":[{"duration":30,"curve":[0.0625,0,0.9375,1],"rotate":-6.85},{"duration":30,"curve":[0.25,0,0.75,1],"rotate":2.97},{"duration":0,"rotate":-6.85}]},{"name":"bone77","rotateFrame":[{"duration":10,"curve":[0.11025,0.1,0.93375,1],"rotate":-1.76},{"duration":30,"curve":[0.25,0,0.75,1],"rotate":-8.05},{"duration":20,"curve":[0.25,0,0.709,0.73],"rotate":7.93},{"duration":0,"rotate":-1.76}]},{"name":"bone76","rotateFrame":[{"duration":5,"curve":[0.0715,0.06,0.9145,0.9475],"rotate":-1.7},{"duration":30,"curve":[0.243,0,0.689,0.75],"rotate":-3.24},{"duration":25,"curve":[0.25,0,0.705,0.7],"rotate":6.03},{"duration":0,"rotate":-1.7}]},{"name":"bone72","rotateFrame":[{"duration":10,"curve":[0.088,0.1,0.9245,0.9425],"rotate":-0.54},{"duration":30,"curve":[0.25,0,0.75,1],"rotate":-2.15},{"duration":20,"curve":[0.246,0,0.631,0.52],"rotate":7.86},{"duration":0,"rotate":-0.54}]},{"name":"bone74","rotateFrame":[{"duration":10,"curve":[0.09375,0.125,0.9375,1],"rotate":4.93},{"duration":10,"curve":[0.25,0,0.75,1],"rotate":-0.12},{"duration":30,"curve":[0.37,0.62,0.709,1],"rotate":-4.14},{"duration":10,"curve":[0.25,0,0.625,0.5],"rotate":10},{"duration":0,"rotate":4.93}]},{"name":"bone73","rotateFrame":[{"duration":15,"curve":[0.08825,0.095,0.9375,1],"rotate":0.12},{"duration":30,"curve":[0.25,0,0.75,1],"rotate":-2.91},{"duration":15,"curve":[0.356,0.42,0.696,0.78],"rotate":7.06},{"duration":0,"rotate":0.12}]},{"name":"bone71","translateFrame":[{"duration":15,"curve":[0.15625,0.125,0.875,1],"x":0.02},{"duration":15,"tweenEasing":0,"x":0.02},{"duration":15,"curve":[0.25,0,0.75,1],"x":-2.62,"y":-3.27},{"duration":15,"curve":[0.25,0,0.625,0.5],"x":-2.62,"y":-3.27},{"duration":0,"x":0.02}],"rotateFrame":[{"duration":15,"curve":[0.15625,0.125,0.875,1],"rotate":4.16},{"duration":15,"tweenEasing":0},{"duration":15,"curve":[0.25,0,0.75,1]},{"duration":15,"curve":[0.25,0,0.625,0.5],"rotate":8.32},{"duration":0,"rotate":4.16}]},{"name":"bone70","translateFrame":[{"duration":20,"curve":[0.1755,0.2,0.878,1],"x":3.08,"y":1.67},{"duration":30,"curve":[0.25,0,0.75,1]},{"duration":10,"curve":[0.264,0,0.617,0.42],"x":4.3,"y":2.33},{"duration":0,"x":3.08,"y":1.67}]},{"name":"bone6","rotateFrame":[{"duration":30,"curve":[0.06075,0,0.92225,0.9375],"rotate":-1.24},{"duration":30,"curve":[0.25,0,0.75,1],"rotate":0.33},{"duration":0,"rotate":-1.24}]},{"name":"bone12","rotateFrame":[{"duration":30,"curve":[0.0925,0.155,0.92725,1],"rotate":7.22},{"duration":30,"curve":[0.31,0.25,0.756,1],"rotate":-1.32},{"duration":0,"rotate":7.22}]},{"name":"bone11","rotateFrame":[{"duration":25,"curve":[0.0625,0,0.90625,0.875],"rotate":4.64},{"duration":30,"tweenEasing":0,"rotate":-7.18},{"duration":5,"curve":[0.25,0,0.75,1],"rotate":5.9},{"duration":0,"rotate":4.64}]},{"name":"bone10","rotateFrame":[{"duration":20,"curve":[0.0625,0,0.9375,1],"rotate":-0.09},{"duration":30,"curve":[0.25,0,0.75,1],"rotate":-3.72},{"duration":10,"curve":[0.25,0,0.75,1],"rotate":1.34},{"duration":0,"rotate":-0.09}]},{"name":"bone9","rotateFrame":[{"duration":15,"curve":[0.06075,0,0.912,0.9],"rotate":0.71},{"duration":30,"tweenEasing":0,"rotate":-0.82},{"duration":15,"curve":[0.25,0,0.75,1],"rotate":2.24},{"duration":0,"rotate":0.71}]},{"name":"bone8","rotateFrame":[{"duration":10,"curve":[0.0925,0.155,0.92725,1],"rotate":0.1},{"duration":30,"curve":[0.382,0.57,0.735,1],"rotate":-0.61},{"duration":20,"curve":[0.25,0,0.75,1],"rotate":1.92},{"duration":0,"rotate":0.1}]},{"name":"bone7","rotateFrame":[{"duration":5,"curve":[0.0625,0,0.9375,1],"rotate":-1.22},{"duration":30,"tweenEasing":0,"rotate":-1.57},{"duration":25,"curve":[0.375,0.5,0.75,1],"rotate":2.06},{"duration":0,"rotate":-1.22}]},{"name":"bone18","rotateFrame":[{"duration":30,"curve":[0.0625,0,0.9375,1],"rotate":-1.15},{"duration":30,"curve":[0.25,0,0.75,1],"rotate":1.31},{"duration":0,"rotate":-1.15}]},{"name":"bone63","rotateFrame":[{"duration":30,"curve":[0.0625,0,0.9375,1],"rotate":9.55},{"duration":30,"tweenEasing":0,"rotate":-10.98},{"duration":0,"rotate":9.55}]},{"name":"bone62","rotateFrame":[{"duration":25,"curve":[0.0775,0.0625,0.939,1],"rotate":3.41},{"duration":30,"tweenEasing":0,"rotate":-8.86},{"duration":5,"curve":[0.29,0,0.629,0.37],"rotate":4.72},{"duration":0,"rotate":3.41}]},{"name":"bone22","rotateFrame":[{"duration":20,"curve":[0.08775,0.1,0.939,1],"rotate":5.14},{"duration":30,"tweenEasing":0,"rotate":-5.31},{"duration":10,"curve":[0.264,0,0.617,0.42],"rotate":9.29},{"duration":0,"rotate":5.14}]},{"name":"bone21","rotateFrame":[{"duration":15,"curve":[0.09375,0.125,0.9375,1],"rotate":-0.32},{"duration":30,"tweenEasing":0,"rotate":-3.02},{"duration":15,"curve":[0.25,0,0.625,0.5],"rotate":2.37},{"duration":0,"rotate":-0.32}]},{"name":"bone20","rotateFrame":[{"duration":10,"curve":[0.0955,0.1425,0.93375,1],"rotate":-0.93},{"duration":30,"tweenEasing":0,"rotate":-2.75},{"duration":20,"curve":[0.243,0,0.648,0.6],"rotate":3.64},{"duration":0,"rotate":-0.93}]},{"name":"bone19","rotateFrame":[{"duration":5,"curve":[0.0925,0.155,0.92725,1],"rotate":-2.42},{"duration":30,"curve":[0.25,0,0.75,1],"rotate":-2.94},{"duration":25,"curve":[0.243,0,0.689,0.75],"rotate":2.46},{"duration":0,"rotate":-2.42}]},{"name":"bone64","rotateFrame":[{"duration":30,"curve":[0.0625,0,0.9375,1],"rotate":-0.86},{"duration":30,"curve":[0.25,0,0.75,1],"rotate":2.34},{"duration":0,"rotate":-0.86}]},{"name":"bone69","rotateFrame":[{"duration":30,"curve":[0.0625,0,0.9375,1],"rotate":4.87},{"duration":30,"curve":[0.25,0,0.75,1],"rotate":-9.92},{"duration":0,"rotate":4.87}]},{"name":"bone68","rotateFrame":[{"duration":20,"curve":[0.08775,0.1,0.939,1],"rotate":1.89},{"duration":30,"tweenEasing":0,"rotate":-4.3},{"duration":10,"curve":[0.264,0,0.617,0.42],"rotate":4.35},{"duration":0,"rotate":1.89}]},{"name":"bone67","rotateFrame":[{"duration":15,"curve":[0.09375,0.125,0.9375,1],"rotate":1.53},{"duration":30,"tweenEasing":0,"rotate":-0.99},{"duration":15,"curve":[0.25,0,0.625,0.5],"rotate":4.07},{"duration":0,"rotate":1.53}]},{"name":"bone66","rotateFrame":[{"duration":10,"curve":[0.0955,0.1425,0.93375,1],"rotate":0.18},{"duration":30,"tweenEasing":0,"rotate":-1.66},{"duration":20,"curve":[0.243,0,0.648,0.6],"rotate":4.86},{"duration":0,"rotate":0.18}]},{"name":"bone65","rotateFrame":[{"duration":5,"curve":[0.0925,0.155,0.92725,1],"rotate":-2.1},{"duration":30,"tweenEasing":0,"rotate":-2.61},{"duration":25,"curve":[0.243,0,0.689,0.75],"rotate":2.71},{"duration":0,"rotate":-2.1}]},{"name":"bone13","rotateFrame":[{"duration":10,"curve":[0.0955,0.1425,0.93375,1],"rotate":0.79},{"duration":30,"curve":[0.243,0,0.648,0.6],"rotate":1.3},{"duration":20,"curve":[0.243,0,0.648,0.6],"rotate":-0.46},{"duration":0,"rotate":0.79}]},{"name":"bone17","rotateFrame":[{"duration":10,"curve":[0.0625,0,0.9375,1],"rotate":5.13},{"duration":20,"curve":[0.25,0,0.75,1],"rotate":8.74},{"duration":30,"tweenEasing":0,"rotate":17.86},{"duration":0,"rotate":5.13}]},{"name":"bone16","rotateFrame":[{"duration":10,"curve":[0.0955,0.1425,0.93375,1],"rotate":-1.12},{"duration":15,"curve":[0.351,0.4,0.756,1],"rotate":0.65},{"duration":30,"curve":[0.382,0.57,0.735,1],"rotate":3.81},{"duration":5,"curve":[0.337,0.34,0.674,0.69],"rotate":-2.49},{"duration":0,"rotate":-1.12}]},{"name":"bone15","rotateFrame":[{"duration":10,"curve":[0.09375,0.125,0.9375,1]},{"duration":10,"curve":[0.382,0.57,0.735,1],"rotate":2.29},{"duration":30,"curve":[0.375,0.5,0.75,1],"rotate":4.11},{"duration":10,"curve":[0.25,0,0.625,0.5],"rotate":-2.29},{"duration":0}]},{"name":"bone14","rotateFrame":[{"duration":10,"curve":[0.09525,0.135,0.9355,1],"rotate":0.39},{"duration":5,"curve":[0.37,0.62,0.709,1],"rotate":0.92},{"duration":30,"curve":[0.264,0,0.617,0.42],"rotate":1.07},{"duration":15,"curve":[0.245,0,0.637,0.55],"rotate":-0.5},{"duration":0,"rotate":0.39}]}]}],"defaultActions":[{"gotoAndPlay":"idle"}]}]}