{"imagePath":"girl_09_tex.png","width":1024,"height":512,"name":"girl_09","SubTexture":[{"width":196,"y":278,"height":212,"name":"08/toufa3","x":1},{"width":188,"y":1,"height":294,"name":"08/shoubi2","x":259},{"y":1,"frameX":-1,"frameY":-1,"width":99,"frameWidth":101,"height":118,"name":"08/shanzi","frameHeight":120,"x":562},{"width":111,"y":1,"height":239,"name":"08/tui","x":449},{"width":133,"y":242,"height":189,"name":"08/shenti","x":449},{"width":94,"y":121,"height":81,"name":"08/diaoshui","x":562},{"width":97,"y":297,"height":168,"name":"08/lian","x":336},{"width":256,"y":1,"height":275,"name":"08/shoubi","x":1},{"width":135,"y":297,"height":172,"name":"08/toufa","x":199}]}