{"imagePath":"girl_07_tex.png","width":512,"height":512,"name":"girl_07","SubTexture":[{"width":128,"y":362,"height":146,"name":"06/06_11","x":1},{"y":392,"frameX":-1,"frameY":-1,"width":100,"frameWidth":102,"height":30,"name":"06/06_10","frameHeight":32,"x":369},{"width":59,"y":361,"height":150,"name":"06/06_9","x":157},{"y":392,"frameX":-1,"frameY":-1,"width":88,"frameWidth":90,"height":84,"name":"06/06_8","frameHeight":86,"x":218},{"width":126,"y":1,"height":221,"name":"06/06_7","x":279},{"width":276,"y":1,"height":181,"name":"06/06_6","x":1},{"width":104,"y":184,"height":175,"name":"06/06_3","x":157},{"width":50,"y":478,"height":28,"name":"00/00_7","x":218},{"y":478,"frameX":-1,"frameY":-1,"width":20,"frameWidth":22,"height":25,"name":"06/06_4","frameHeight":27,"x":270},{"width":59,"y":392,"height":95,"name":"00/00_10","x":308},{"width":154,"y":184,"height":176,"name":"06/06_2","x":1},{"width":106,"y":224,"height":166,"name":"06/06_1","x":263}]}