{"frameRate":30,"name":"girl_09","version":"5.5","compatibleVersion":"5.5","armature":[{"type":"Armature","frameRate":30,"name":"girl_09","aabb":{"x":-226.77,"y":-466.66,"width":417.76,"height":492.7},"bone":[{"name":"root"},{"name":"bone","parent":"root","transform":{"x":-1.13,"y":-206.3}},{"length":39,"name":"bone48","parent":"root","transform":{"x":-34.51,"y":-32.97,"skX":61.53,"skY":61.53}},{"length":33,"name":"bone51","parent":"root","transform":{"x":19.01,"y":-35.05,"skX":100.61,"skY":100.61}},{"length":49,"name":"bone2","parent":"bone","transform":{"y":-2.62,"skX":-84.74,"skY":-84.74}},{"length":85,"name":"bone49","parent":"bone","transform":{"x":21.4,"y":-2.21,"skX":88.05,"skY":88.05}},{"length":26,"name":"bone55","parent":"bone","transform":{"x":-39.1,"y":-15.67,"skX":-10.91,"skY":-10.91}},{"length":77,"name":"bone46","parent":"bone","transform":{"x":-15.53,"y":2.76,"skX":99.86,"skY":99.86}},{"length":88,"name":"bone50","parent":"bone49","transform":{"x":85.53,"skX":4.64,"skY":4.64}},{"length":94,"name":"bone47","parent":"bone46","transform":{"x":77.5,"skX":-7.09,"skY":-7.09}},{"length":40,"name":"bone85","parent":"bone2","transform":{"x":15.69,"y":-13.47,"skX":-172.32,"skY":-172.32}},{"length":21,"name":"bone30","parent":"bone2","transform":{"x":23.17,"y":-13.5,"skX":-150.96,"skY":-150.96}},{"length":20,"name":"bone37","parent":"bone2","transform":{"x":25.56,"y":18.46,"skX":148.18,"skY":148.18}},{"length":46,"name":"bone3","parent":"bone2","transform":{"x":49.01,"skX":-18.46,"skY":-18.46}},{"length":14,"name":"bone38","parent":"bone37","transform":{"x":20.83,"skX":-6.5,"skY":-6.5}},{"length":24,"name":"bone52","parent":"bone3","transform":{"x":52.01,"y":-6.22,"skX":-90.11,"skY":-90.11}},{"length":17,"name":"bone56","parent":"bone3","transform":{"x":47.24,"y":5.98,"skX":98.1,"skY":98.1}},{"length":21,"name":"bone4","parent":"bone3","transform":{"x":46.37,"y":0.16,"skX":12.51,"skY":12.51}},{"length":39,"name":"bone89","parent":"bone37","transform":{"x":13.8,"y":-9.99,"skX":13.43,"skY":13.43}},{"length":10,"name":"bone86","parent":"bone85","transform":{"x":40.18,"skX":2.78,"skY":2.78}},{"length":18,"name":"bone34","parent":"bone30","transform":{"x":21.88,"skX":-3.9,"skY":-3.9}},{"length":114,"name":"bone5","parent":"bone4","transform":{"x":19.57,"y":-2.86,"skX":3.9,"skY":3.9}},{"length":10,"name":"bone90","parent":"bone89","transform":{"x":39.55,"skX":1.15,"skY":1.15}},{"length":14,"name":"bone35","parent":"bone34","transform":{"x":18.42,"skX":-1.32,"skY":-1.32}},{"length":53,"name":"bone57","parent":"bone56","transform":{"x":17.37,"skX":84.23,"skY":84.23}},{"length":55,"name":"bone53","parent":"bone52","transform":{"x":24.13,"skX":-28.94,"skY":-28.94}},{"length":10,"name":"bone87","parent":"bone86","transform":{"x":10.67,"skX":-3.36,"skY":-3.36}},{"length":16,"name":"bone39","parent":"bone38","transform":{"x":14.05,"skX":-8.48,"skY":-8.48}},{"length":58,"name":"bone58","parent":"bone57","transform":{"x":53.51,"y":-0.1,"skX":-10.98,"skY":-10.98}},{"length":11,"name":"bone91","parent":"bone90","transform":{"x":10.82,"skX":-4.88,"skY":-4.88}},{"length":17,"name":"bone31","parent":"bone5","transform":{"x":100.73,"y":0.45,"skX":179.88,"skY":179.88}},{"length":13,"name":"bone84","parent":"bone39","transform":{"x":16.11,"skX":-3.44,"skY":-3.44}},{"length":44,"name":"bone6","parent":"bone5","transform":{"x":57.14,"y":13.11,"skX":170.74,"skY":170.74}},{"name":"bone61","parent":"bone5","transform":{"x":46.97,"y":23.98}},{"name":"bone60","parent":"bone5","transform":{"x":46.53,"y":-23.16}},{"length":34,"name":"bone17","parent":"bone5","transform":{"x":32.06,"y":-17.97,"skX":-175.21,"skY":-175.21}},{"length":23,"name":"bone40","parent":"bone5","transform":{"x":102.25,"y":35.24,"skX":156.65,"skY":156.65}},{"length":57,"name":"bone54","parent":"bone53","transform":{"x":55.12,"skX":-90.1,"skY":-90.1}},{"length":22,"name":"bone24","parent":"bone5","transform":{"x":90.29,"y":-40.24,"skX":-171.3,"skY":-171.3}},{"length":10,"name":"bone88","parent":"bone87","transform":{"x":10.51,"skX":-1.71,"skY":-1.71}},{"length":9,"name":"bone36","parent":"bone35","transform":{"x":14.1,"skX":2.77,"skY":2.77}},{"length":22,"name":"bone41","parent":"bone40","transform":{"x":23.56,"skX":16.07,"skY":16.07}},{"length":10,"name":"bone92","parent":"bone91","transform":{"x":11.06,"skX":6.55,"skY":6.55}},{"length":19,"name":"bone25","parent":"bone24","transform":{"x":22.83,"skX":-14.55,"skY":-14.55}},{"length":33,"name":"bone69","parent":"bone58","transform":{"x":57.08,"y":-13.24,"skX":-11.59,"skY":-11.59}},{"length":16,"name":"bone32","parent":"bone31","transform":{"x":17.65,"skX":-1.72,"skY":-1.72}},{"length":27,"name":"bone7","parent":"bone6","transform":{"x":44.18,"skX":-4.49,"skY":-4.49}},{"length":26,"name":"bone62","parent":"bone54","transform":{"x":24.77,"y":21.79,"skX":64.36,"skY":64.36}},{"length":28,"name":"bone18","parent":"bone17","transform":{"x":34.58,"skX":-1.88,"skY":-1.88}},{"length":29,"name":"bone59","parent":"bone58","transform":{"x":58.92,"skX":7.53,"skY":7.53}},{"length":18,"name":"bone8","parent":"bone7","transform":{"x":27.13,"skX":-6.13,"skY":-6.13}},{"length":24,"name":"bone19","parent":"bone18","transform":{"x":28.57,"skX":-14.99,"skY":-14.99}},{"length":35,"name":"bone63","parent":"bone62","transform":{"x":26.18,"skX":-10.53,"skY":-10.53}},{"length":28,"name":"bone70","parent":"bone69","transform":{"x":33.21,"skX":16.27,"skY":16.27}},{"length":14,"name":"bone26","parent":"bone25","transform":{"x":19.67,"skX":-5.18,"skY":-5.18}},{"length":15,"name":"bone33","parent":"bone32","transform":{"x":16.78,"skX":-5.4,"skY":-5.4}},{"length":15,"name":"bone42","parent":"bone41","transform":{"x":22.25,"skX":14.77,"skY":14.77}},{"length":73,"name":"bone23","parent":"bone59","transform":{"x":12.8,"y":-3.1,"skX":-31.95,"skY":-31.95}},{"length":20,"name":"bone20","parent":"bone19","transform":{"x":24.17,"skX":-8.47,"skY":-8.47}},{"length":30,"name":"bone64","parent":"bone63","transform":{"x":35.26,"skX":3.64,"skY":3.64}},{"length":14,"name":"bone9","parent":"bone8","transform":{"x":18.98,"skX":-10.99,"skY":-10.99}},{"length":13,"name":"bone27","parent":"bone26","transform":{"x":14.39,"skX":-7.1,"skY":-7.1}},{"length":23,"name":"bone80","parent":"bone63","transform":{"x":17.03,"y":13.04,"skX":19.5,"skY":19.5}},{"length":29,"name":"bone71","parent":"bone70","transform":{"x":28.48,"skX":5.48,"skY":5.48}},{"length":17,"name":"bone43","parent":"bone42","transform":{"x":15.98,"skX":9.73,"skY":9.73}},{"length":16,"name":"bone44","parent":"bone43","transform":{"x":17.72,"skX":-3.55,"skY":-3.55}},{"length":17,"name":"bone10","parent":"bone9","transform":{"x":14.47,"skX":-22.35,"skY":-22.35}},{"length":19,"name":"bone21","parent":"bone20","transform":{"x":20.64,"skX":12.03,"skY":12.03}},{"length":24,"name":"bone81","parent":"bone80","transform":{"x":23.08,"skX":11.61,"skY":11.61}},{"length":30,"name":"bone65","parent":"bone64","transform":{"x":30.47,"skX":13.02,"skY":13.02}},{"length":27,"name":"bone77","parent":"bone71","transform":{"x":-6.48,"y":-17.51,"skX":-35.48,"skY":-35.48}},{"length":12,"name":"bone28","parent":"bone27","transform":{"x":13.16,"skX":-0.89,"skY":-0.89}},{"length":26,"name":"bone72","parent":"bone71","transform":{"x":29.31,"skX":-12.93,"skY":-12.93}},{"length":39,"name":"bone66","parent":"bone65","transform":{"x":30.71,"skX":13.5,"skY":13.5}},{"length":31,"name":"bone73","parent":"bone72","transform":{"x":26.13,"skX":-8.32,"skY":-8.32}},{"length":19,"name":"bone29","parent":"bone28","transform":{"x":12.39,"skX":-2.01,"skY":-2.01}},{"length":15,"name":"bone22","parent":"bone21","transform":{"x":18.93,"y":-0.39,"skX":2.92,"skY":2.92}},{"length":16,"name":"bone11","parent":"bone10","transform":{"x":17.29,"skX":-6.74,"skY":-6.74}},{"length":19,"name":"bone78","parent":"bone77","transform":{"x":27.66,"skX":-35.7,"skY":-35.7}},{"length":15,"name":"bone45","parent":"bone44","transform":{"x":14.85,"y":0.49,"skX":10.64,"skY":10.64}},{"length":19,"name":"bone82","parent":"bone81","transform":{"x":24.86,"skX":26.69,"skY":26.69}},{"length":18,"name":"bone79","parent":"bone78","transform":{"x":19.94,"skX":-46.73,"skY":-46.73}},{"length":34,"name":"bone74","parent":"bone73","transform":{"x":31.84,"skX":-34.17,"skY":-34.17}},{"length":18,"name":"bone83","parent":"bone82","transform":{"x":19.57,"skX":19.21,"skY":19.21}},{"length":12,"name":"bone93","parent":"bone11","transform":{"x":14.73,"y":-19.62,"skX":-27.52,"skY":-27.52}},{"length":23,"name":"bone67","parent":"bone66","transform":{"x":39.36,"skX":25.92,"skY":25.92}},{"length":17,"name":"bone12","parent":"bone11","transform":{"x":16.19,"y":-0.65,"skX":-2.71,"skY":-2.71}},{"length":21,"name":"bone75","parent":"bone74","transform":{"x":34.37,"skX":8.99,"skY":8.99}},{"length":30,"name":"bone68","parent":"bone67","transform":{"x":23.24,"skX":-11.97,"skY":-11.97}},{"length":17,"name":"bone94","parent":"bone93","transform":{"x":12.5,"skX":-18.01,"skY":-18.01}},{"length":13,"name":"bone13","parent":"bone12","transform":{"x":17.99,"skX":12.18,"skY":12.18}},{"length":12,"name":"bone14","parent":"bone13","transform":{"x":13.36,"skX":15.1,"skY":15.1}},{"length":23,"name":"bone76","parent":"bone75","transform":{"x":21.55,"skX":17.4,"skY":17.4}},{"length":15,"name":"bone95","parent":"bone94","transform":{"x":17.5,"skX":25.8,"skY":25.8}},{"length":9,"name":"bone15","parent":"bone14","transform":{"x":12.75,"skX":10.8,"skY":10.8}},{"length":12,"name":"bone96","parent":"bone95","transform":{"x":15.99,"skX":27.55,"skY":27.55}},{"length":10,"name":"bone16","parent":"bone15","transform":{"x":9.85,"skX":10.18,"skY":10.18}},{"length":14,"name":"bone97","parent":"bone96","transform":{"x":12.78,"skX":20.72,"skY":20.72}}],"slot":[{"name":"08/toufa3","parent":"root"},{"name":"08/shoubi2","parent":"root"},{"name":"08/shanzi","parent":"bone23"},{"name":"08/tui","parent":"root"},{"name":"08/shenti","parent":"root"},{"name":"08/diaoshui","parent":"root"},{"name":"08/lian","parent":"root"},{"name":"08/shoubi","parent":"root"},{"name":"08/toufa","parent":"root"}],"ik":[{"chain":1,"name":"2","bone":"bone50","target":"bone51"},{"bendPositive":false,"chain":1,"name":"1","bone":"bone47","target":"bone48"},{"bendPositive":false,"chain":1,"name":"3","bone":"bone54","target":"bone55"}],"skin":[{"slot":[{"name":"08/toufa","display":[{"type":"mesh","name":"08/toufa","width":135,"height":172,"vertices":[36.84,-457.16,23.4,-438.51,47.93,-426.46,57.39,-417,60.89,-406.03,60.9,-382.74,55.7,-363.67,45.14,-344.99,43.97,-330.35,28.88,-315.64,6.94,-315.63,13.77,-336.48,20.6,-350.86,24.85,-363.14,25.39,-378.78,-5.06,-371.07,-23.46,-379.99,-33.11,-389.46,-33.33,-370.97,-35.26,-357.85,-28.39,-344.97,-27.52,-333.14,-21.09,-315.63,-44.72,-315.64,-54.82,-332.07,-57.83,-344.32,-58.04,-357,-64.48,-372.31,-74.08,-385.59,-74.08,-396.33,-67.74,-409.72,-60.64,-424.73,-47.86,-438.74,-58.49,-461.63,-52.83,-487.62,34.72,-487.64,-48.16,-392.05,-49.02,-372.06,-6.23,-388.62,26.66,-391.18,39.98,-398.73,32.45,-421.51,16.12,-421.72,-2.39,-422.16,-42.36,-419.13,-4.53,-406.03,-33.33,-406.44,-48.37,-405.6,20.2,-406.66,35.67,-409.26,38.76,-378.96,36.41,-362.92,31.69,-346.16,27.69,-330.83],"uvs":[0.82188,0.17714,0.72224,0.28554,0.90395,0.35567,0.97402,0.41067,1,0.47442,1,0.60986,0.96139,0.7208,0.88307,0.8294,0.87433,0.91447,0.76245,1,0.59987,1,0.65056,0.87879,0.70126,0.7951,0.73273,0.72375,0.73688,0.63273,0.51137,0.67773,0.37504,0.62573,0.30355,0.57067,0.30195,0.67817,0.28762,0.75442,0.33858,0.82942,0.34495,0.89817,0.39273,1,0.21755,1,0.14269,0.90442,0.1204,0.83317,0.11881,0.75942,0.07112,0.67037,0,0.59317,0,0.53067,0.04698,0.45291,0.09969,0.36567,0.1943,0.28417,0.11563,0.15107,0.15759,0,0.80615,0,0.19206,0.55567,0.18569,0.67192,0.50262,0.57567,0.74628,0.56067,0.84503,0.51692,0.78928,0.38442,0.66825,0.38317,0.53129,0.38067,0.23506,0.39817,0.51536,0.47442,0.30195,0.47192,0.19047,0.47692,0.69851,0.47067,0.81317,0.45567,0.83587,0.63182,0.81839,0.72512,0.78342,0.82254,0.75371,0.91172],"triangles":[49,40,3,3,40,4,50,6,5,4,40,5,40,50,5,51,7,6,50,51,6,2,49,3,51,52,7,1,41,2,41,49,2,39,50,40,52,53,8,53,9,8,52,8,7,14,13,51,14,51,50,39,14,50,49,39,40,48,39,49,35,1,0,13,52,51,13,12,52,34,1,35,41,48,49,1,42,41,32,43,1,34,32,1,11,53,52,12,11,52,42,48,41,11,10,53,53,10,9,38,14,39,48,38,39,38,15,14,45,38,48,43,42,1,34,33,32,42,45,48,43,45,42,38,16,15,46,45,43,44,46,43,32,44,43,46,17,38,46,38,45,17,16,38,21,23,22,20,24,21,24,23,21,19,25,20,25,24,20,36,37,17,17,37,18,37,19,18,44,47,46,36,17,46,47,36,46,37,26,19,26,25,19,32,31,44,31,47,44,27,37,36,27,26,37,30,29,36,28,27,36,30,36,47,31,30,47,29,28,36],"weights":[1,21,1,1,21,1,1,21,1,2,41,0.23555,36,0.76444,3,56,0.00421,41,0.44489,36,0.55088,3,56,0.29542,41,0.6443,36,0.06027,3,64,0.2487,56,0.61171,41,0.13958,3,65,0.35451,64,0.61962,56,0.02585,3,79,0.17586,65,0.71402,64,0.1101,2,79,0.97598,65,0.02401,2,79,0.99428,65,0.00571,3,79,0.53592,65,0.45552,64,0.00855,3,79,0.01148,65,0.43188,64,0.55662,5,64,0.68356,56,0.29886,41,0.005,45,0.00312,55,0.00942,8,38,0.00011,43,0.00007,64,0.0471,56,0.32385,41,0.38668,36,0.01859,45,0.07182,55,0.15172,1,55,0.99999,7,38,0.09936,43,0.08328,56,0.00004,41,0.00009,30,0.01891,45,0.29978,55,0.4985,8,38,0.27616,43,0.35463,54,0.02052,56,0.00006,41,0.00013,30,0.03746,45,0.19547,55,0.11553,6,43,0.32035,54,0.60776,61,0.05238,41,0.00001,45,0.01305,55,0.00642,5,43,0.00017,54,0.33524,61,0.57386,71,0.09051,45,0.00018,4,54,0.02552,61,0.11401,71,0.79649,75,0.06397,2,71,0.36851,75,0.63147,2,71,0.00495,75,0.99504,2,71,0.00343,75,0.99656,3,61,0.1019,71,0.62139,75,0.27669,2,61,0.61641,71,0.38357,4,43,0.04506,54,0.45301,61,0.48707,71,0.01484,4,38,0.05199,43,0.60596,54,0.32956,61,0.01246,3,38,0.33068,43,0.63801,54,0.03128,3,38,0.52596,43,0.47266,54,0.00136,2,38,0.83338,43,0.16661,1,21,1,1,21,1,1,21,1,1,21,1,1,21,1,2,38,0.5,43,0.5,2,43,0.5,54,0.5,2,45,0.5,55,0.5,8,38,0.0001,43,0.00007,56,0.14726,41,0.55892,36,0.09647,30,0.00467,45,0.09003,55,0.10243,2,41,0.5,36,0.5,1,21,1,1,21,1,1,30,1,1,21,1,2,30,0.5,45,0.5,6,38,0.69613,56,0.00001,41,0.00003,30,0.2157,45,0.07935,55,0.00874,1,38,1,8,38,0.00004,43,0.00004,56,0.00192,41,0.1188,36,0.49887,30,0.16664,45,0.18273,55,0.03092,1,36,1,2,56,0.5,41,0.5,2,64,0.5,56,0.5,2,65,0.5,64,0.5,2,79,0.5,65,0.5],"slotPose":[1,0,0,1,0,0],"bonePose":[21,0.055996,-0.998431,0.998431,0.055996,-10.165309,-322.439145,38,-0.206375,0.978473,-0.978473,-0.206375,-45.286315,-414.84075,41,0.070975,0.997478,-0.997478,0.070975,38.857033,-400.436022,36,0.344315,0.938854,-0.938854,0.344315,30.744967,-422.555425,56,-0.185667,0.982613,-0.982613,-0.185667,40.436231,-378.242135,64,-0.349063,0.937099,-0.937099,-0.349063,37.469278,-362.539982,65,-0.290368,0.956915,-0.956915,-0.290368,31.283886,-345.934582,79,-0.462058,0.88685,-0.88685,-0.462058,26.50303,-331.866675,43,0.04606,0.998939,-0.998939,0.04606,-49.997855,-392.502212,45,-0.023909,0.999714,-0.999714,-0.023909,-5.026977,-405.361564,55,0.070279,0.997527,-0.997527,0.070279,-5.428165,-388.586361,30,-0.053905,0.998546,-0.998546,-0.053905,-4.075562,-422.985903,54,0.136061,0.9907,-0.9907,0.136061,-49.091848,-372.853089,61,0.25747,0.966286,-0.966286,0.25747,-47.133924,-358.59691,71,0.272448,0.96217,-0.96217,0.272448,-43.745617,-345.880583,75,0.306028,0.952023,-0.952023,0.306028,-40.369984,-333.959291],"edges":[28,27,27,26,26,25,25,24,24,23,23,22,22,21,21,20,20,19,19,18,18,17,17,16,16,15,15,14,14,13,13,12,12,11,11,10,10,9,9,8,8,7,7,6,6,5,5,4,4,3,3,2,2,1,1,0,0,35,35,34,34,33,33,32,32,31,31,30,30,29,29,28],"userEdges":[17,36,36,29,37,18,19,26,20,25,21,24,27,37,17,38,38,39,39,40,40,4,41,42,42,43,43,44,44,31,45,46,46,47,47,30,45,48,48,49,49,3,41,2,39,14,14,50,50,5,13,51,12,52,52,7,11,53,53,8,6,51]}]},{"name":"08/tui","display":[{"type":"mesh","name":"08/tui","width":111,"height":239,"vertices":[49.7,-136.77,49.69,-129.05,44.48,-44.86,32.95,6.39,5.9,6.41,4.62,-13.94,9.79,-45.18,10.76,-53.23,7.21,-123.89,6.44,-130.92,1.09,-179.6,-11.6,-136.39,-13.12,-131.22,-15.65,-122.62,-18.22,-48.88,-14.06,-37.13,-4.09,-10.72,-4.4,6.41,-32.4,6.41,-48.81,-29.07,-52.34,-44.37,-53.96,-129.37,-52.03,-148.37,-48.48,-161.89,-41.09,-232.59,0.32,-232.59,49.69,-232.59,-28.85,-121.33,23.95,-118.42,24.59,-127.11,-28.85,-132.59,-35.6,-43.73,-34.34,-33.58,23.31,-42.28,22.35,-50.98,44.93,-53.64],"uvs":[1,0.40091,1,0.43324,0.9529,0.7855,0.84919,1,0.60551,1,0.59391,0.91486,0.64032,0.78418,0.64902,0.7505,0.6172,0.4548,0.61024,0.42537,0.56208,0.22172,0.44768,0.40256,0.43403,0.42415,0.41123,0.46019,0.38802,0.76871,0.42565,0.81786,0.51558,0.92834,0.51268,1,0.2603,1,0.11236,0.85154,0.08053,0.78758,0.06602,0.43189,0.08343,0.35241,0.11534,0.29582,0.18206,0,0.55519,0,1,0,0.2923,0.46558,0.76804,0.4777,0.77384,0.44133,0.2923,0.41842,0.23138,0.79027,0.2429,0.83268,0.76216,0.7963,0.75346,0.75993,0.95694,0.74881],"triangles":[7,34,28,10,9,29,33,5,3,28,34,35,33,3,2,25,10,26,28,35,1,29,28,1,35,2,1,26,10,0,29,1,0,10,29,0,35,34,2,34,33,2,8,7,28,5,4,3,6,5,33,8,28,29,9,8,29,34,6,33,7,6,34,27,14,13,24,10,25,23,11,10,24,23,10,27,31,14,20,31,27,23,30,11,15,32,16,32,18,16,16,18,17,21,20,27,30,12,11,30,13,12,14,32,15,23,22,30,31,32,14,30,27,13,32,19,18,21,27,30,22,21,30,20,19,31,31,19,32],"weights":[2,8,0.14617,5,0.85382,2,8,0.27341,5,0.72658,2,3,0.15286,8,0.84713,2,3,0.99443,8,0.00556,1,3,1,1,3,1,2,3,0.1124,8,0.88759,1,8,1,3,7,0.00122,8,0.47252,5,0.52625,3,7,0.00363,8,0.22053,5,0.77582,2,7,0.49969,5,0.5003,2,9,0.0778,7,0.92219,2,9,0.21879,7,0.7812,2,9,0.5914,7,0.40859,2,2,0.07425,9,0.92573,2,2,0.61516,9,0.38483,2,2,0.98539,9,0.0146,2,2,0.99964,9,0.00035,1,2,1,2,2,0.49152,9,0.50847,2,2,0.11169,9,0.8883,3,9,0.51182,7,0.48466,5,0.00349,3,9,0.05781,7,0.93396,5,0.00822,2,7,0.9895,5,0.01049,1,1,1,1,1,1,1,1,1,2,9,0.5,7,0.5,2,8,0.5,5,0.5,2,8,0.5,5,0.5,2,9,0.5,7,0.5,1,9,1,2,2,0.5,9,0.5,1,8,1,1,8,1,2,3,0.02656,8,0.97343],"slotPose":[1,0,0,1,0,0],"bonePose":[7,-0.171241,0.985229,-0.985229,-0.171241,-16.66,-203.54,8,-0.046932,0.998898,-0.998898,-0.046932,23.180359,-123.02953,5,0.034027,0.999421,-0.999421,0.034027,20.27,-208.51,3,-0.184123,0.982903,-0.982903,-0.184123,19.01,-35.05,9,-0.048327,0.998832,-0.998832,-0.048327,-29.931202,-127.184744,2,0.476699,0.879067,-0.879067,0.476699,-34.51,-32.97,1,1,0,0,1,-1.13,-206.3],"edges":[21,20,20,19,19,18,18,17,17,16,16,15,15,14,14,13,13,12,12,11,11,10,10,9,9,8,8,7,7,6,6,5,5,4,4,3,3,2,2,1,1,0,0,26,26,25,25,24,24,23,23,22,22,21],"userEdges":[13,27,27,21,8,28,28,1,9,29,29,0,12,30,30,22,20,31,31,14,19,32,32,15,6,33,7,34,2,33,35,34,2,35,35,1]}]},{"name":"08/shoubi","display":[{"type":"mesh","name":"08/shoubi","width":256,"height":275,"vertices":[-30.96,-306.49,-17.87,-296.5,-12.01,-291.47,-1.69,-225.2,-6.04,-206.7,-23.18,-212.96,-36.88,-209.02,-43.04,-207.26,-49.93,-205.79,-53.01,-196.11,-58.77,-183.96,-60.06,-160.92,-66.79,-133.59,-82.16,-102.24,-108.71,-80.17,-129.51,-71.2,-145.18,-58.09,-157.66,-62.25,-163.11,-48.79,-202.84,-48.8,-202.82,-102.57,-167.9,-93.6,-153.18,-106.4,-141.66,-103.2,-137.44,-109.04,-150.62,-114.4,-170.11,-148.65,-179.72,-168.81,-166.6,-173.93,-146.75,-175.52,-129.79,-187.18,-116.35,-201.25,-105.79,-217.24,-91.51,-243.25,-90.9,-258.13,-90.89,-267.65,-90.62,-272.55,-91.97,-278.26,-82.45,-282.61,-62.04,-323.73,-38.29,-323.71,-164.71,-77.61,-141.67,-87.52,-129.18,-120.48,-116.71,-114.41,-103.27,-142.24,-133,-154.09,-150.27,-148.33,-115.09,-173.74,-95.24,-172.13,-104.51,-192.61,-88.51,-207,-77.44,-230.13,-42.49,-255.67,-73.77,-263.84,-42.76,-260.29,-75.72,-256.06,-67.78,-268.46,-34.61,-228.19,-41.13,-219.22,-25.08,-235.8,-12.03,-233.63,-35.57,-218.11,-36.57,-270.71,-34.51,-289.69,-26.25,-269.44,-27.36,-283.67],"uvs":[0.67113,0.06261,0.72227,0.09895,0.74516,0.11722,0.78555,0.35826,0.76855,0.42552,0.70161,0.40277,0.64808,0.41711,0.62405,0.42354,0.5972,0.42887,0.58516,0.46413,0.56266,0.50835,0.55766,0.59213,0.53141,0.69154,0.47141,0.80558,0.36766,0.88587,0.28641,0.91845,0.22516,0.96616,0.17641,0.95103,0.15516,1,0,1,0,0.80442,0.13641,0.837,0.19391,0.79045,0.23891,0.80209,0.25539,0.78085,0.20391,0.76136,0.12766,0.63685,0.09016,0.56354,0.14141,0.54493,0.21891,0.53911,0.28516,0.49671,0.33766,0.44551,0.37891,0.38733,0.4347,0.29272,0.43705,0.23858,0.43705,0.20397,0.43811,0.18616,0.4328,0.16539,0.46999,0.14957,0.54967,0,0.64246,0,0.14891,0.89518,0.23891,0.8591,0.28766,0.73925,0.33641,0.76136,0.38891,0.66013,0.27266,0.61707,0.20516,0.63802,0.34266,0.54559,0.42016,0.55141,0.38391,0.47693,0.44641,0.42457,0.4897,0.34043,0.62617,0.24749,0.50399,0.21781,0.62511,0.23067,0.49632,0.24611,0.52736,0.201,0.65699,0.34738,0.63149,0.38002,0.69417,0.31969,0.74517,0.3276,0.65324,0.38405,0.64926,0.19276,0.65726,0.12375,0.68958,0.19736,0.68522,0.14562],"triangles":[66,65,2,2,65,61,65,60,61,5,4,3,61,5,3,2,61,3,65,53,60,1,66,2,60,5,61,60,58,5,58,62,5,64,66,1,0,64,1,63,55,65,55,53,65,66,63,65,62,6,5,53,58,60,64,63,66,39,64,0,40,39,0,59,6,62,52,59,58,53,52,58,59,62,58,39,38,64,38,57,64,57,63,64,59,7,6,57,55,63,56,52,53,8,7,59,52,8,59,51,9,8,52,51,8,51,10,9,45,12,11,49,45,11,49,11,10,33,52,56,45,13,12,45,44,13,34,56,54,35,34,54,36,35,54,32,51,52,34,33,56,33,32,52,37,36,38,44,14,13,32,50,51,48,45,49,32,31,50,50,48,49,24,42,44,44,42,14,43,44,45,46,43,45,48,46,45,30,48,50,31,30,50,23,42,24,42,15,14,30,29,48,29,46,48,43,24,44,25,24,43,47,25,43,46,47,43,42,16,15,17,16,42,29,47,46,41,17,42,47,26,25,28,47,29,22,21,42,21,41,42,22,42,23,28,26,47,27,26,28,41,18,17,41,19,18,21,20,41,20,19,41,49,50,10,51,50,10,54,56,53,54,53,55,57,54,55,38,57,36,36,54,57],"weights":[2,25,0.52799,13,0.472,1,13,1,1,13,1,1,6,1,1,6,1,1,6,1,2,37,0.208,6,0.79199,2,37,0.47199,6,0.528,2,47,0.09599,37,0.904,2,52,0.528,47,0.47199,2,52,0.744,47,0.25599,2,59,0.47199,52,0.528,2,69,0.48,59,0.52,2,73,0.528,69,0.47199,2,85,0.16,73,0.83999,2,85,0.544,73,0.45599,1,85,1,2,88,0.448,85,0.55198,1,88,1,1,88,1,1,88,1,2,88,0.448,85,0.55198,1,85,1,2,85,0.544,73,0.45599,2,85,0.176,73,0.82399,2,85,0.432,73,0.56799,1,83,1,1,83,1,2,83,0.464,80,0.53599,2,80,0.41599,68,0.584,2,68,0.51999,62,0.48,2,52,0.504,62,0.49599,2,52,0.528,47,0.47199,2,47,0.09599,37,0.904,2,37,0.77599,25,0.224,2,37,0.512,25,0.48799,2,37,0.264,25,0.736,2,37,0.256,25,0.74399,1,25,1,2,25,0.30399,15,0.696,2,25,0.31199,15,0.688,2,88,0.448,85,0.55198,2,85,0.544,73,0.45599,2,73,0.528,69,0.47199,2,73,0.528,69,0.47199,2,69,0.48,59,0.52,2,80,0.41599,68,0.584,2,83,0.464,80,0.53599,2,68,0.51999,62,0.48,2,59,0.47199,52,0.528,2,52,0.504,62,0.49599,2,52,0.528,47,0.47199,2,47,0.09599,37,0.904,2,37,0.77599,25,0.224,2,37,0.512,25,0.48799,2,37,0.512,25,0.48799,2,37,0.77599,25,0.224,2,37,0.264,25,0.736,2,37,0.47199,6,0.528,2,37,0.47199,6,0.528,1,6,1,1,6,1,2,37,0.4,6,0.59999,2,25,0.52799,13,0.472,2,25,0.52799,13,0.472,1,13,1,1,13,1],"slotPose":[1,0,0,1,0,0],"bonePose":[25,-0.740218,0.672367,-0.672367,-0.740218,-38.051014,-301.383914,13,-0.228351,-0.973579,0.973579,-0.228351,3.363012,-257.723616,6,0.981926,-0.189267,0.189267,0.981926,-40.23,-221.97,37,0.673658,0.739043,-0.739043,0.673658,-78.851837,-264.323055,47,-0.374768,0.927118,-0.927118,-0.374768,-78.269094,-231.337946,52,-0.199026,0.979994,-0.979994,-0.199026,-88.080531,-207.065985,59,-0.260842,0.965382,-0.965382,-0.260842,-95.098183,-172.511388,69,-0.471628,0.881798,-0.881798,-0.471628,-103.046024,-143.09621,73,-0.664448,0.747334,-0.747334,-0.664448,-117.529707,-116.016199,85,-0.92428,0.381716,-0.381716,-0.92428,-143.682385,-86.601117,88,-0.825015,0.565111,-0.565111,-0.825015,-165.162647,-77.730043,83,-0.999653,0.026351,-0.026351,-0.999653,-151.257405,-147.958208,80,-0.935321,0.353801,-0.353801,-0.935321,-132.953181,-154.882101,68,-0.676747,0.736215,-0.736215,-0.676747,-116.129239,-173.184411,62,-0.514739,0.857347,-0.857347,-0.514739,-104.249066,-192.971981,15,-0.973139,0.23022,-0.23022,-0.973139,-14.569177,-306.939112],"edges":[19,18,18,17,17,16,16,15,15,14,14,13,13,12,12,11,11,10,10,9,9,8,8,7,7,6,6,5,5,4,4,3,3,2,2,1,1,0,0,40,40,39,39,38,38,37,37,36,36,35,35,34,34,33,33,32,32,31,31,30,30,29,29,28,28,27,27,26,26,25,25,24,24,23,23,22,22,21,21,20,20,19],"userEdges":[17,41,41,21,15,42,42,23,43,44,44,13,12,45,45,46,46,29,47,43,47,28,24,43,30,48,48,49,49,11,31,50,50,10,9,51,51,32,33,52,52,8,35,54,54,55,34,56,56,53,55,57,57,36,55,53,53,58,58,59,59,7,58,60,60,61,61,3,62,58,62,6,55,63,63,64,64,0,63,65,65,66,66,1,2,65]}]},{"name":"08/lian","display":[{"type":"mesh","name":"08/lian","width":97,"height":168,"vertices":[-6.12,-411.26,22.7,-411.7,36.27,-393.25,41.23,-374.38,31.44,-350.91,21.14,-331.99,3.8,-320.67,-9.73,-315.38,-18.98,-320.67,-32.86,-332.81,-40.51,-343.39,-47.56,-345.3,-55.75,-355.88,-55.75,-370.77,-49.57,-372.25,-43.85,-389.85,-33.89,-405.33,-7.48,-394.13,35.58,-371.34,31.73,-378.14,18.56,-379.91,6.73,-379.32,-0.23,-370.59,2.44,-368.37,8.2,-371.92,18.56,-373.11,28.93,-371.63,32.48,-367.49,37.22,-365.12,-10.01,-369.33,-19.19,-374.83,-33,-378.72,-36.89,-379.04,-41.2,-376.01,-42.61,-379.9,-37.64,-384.98,-27.18,-384.65,-15.63,-380.88,-8.29,-374.3,-43.46,-365.22,-37.84,-371.37,-26.84,-372.99,-15.72,-368.35,-12.05,-360.47,-39.39,-362.22,-35.07,-355.25,-25.49,-354.36,-15.88,-356.44,7.51,-366.64,18.82,-368.57,28.54,-364.48,31.99,-359.95,27.68,-359.2,23.15,-353.04,10.42,-352.61,0.64,-358.88,1.45,-353.43],"uvs":[0.5118,0.40242,0.80904,0.39989,0.94891,0.50968,1,0.62199,0.89905,0.76168,0.79275,0.87435,0.61393,0.94172,0.4745,0.97322,0.37903,0.94172,0.23592,0.86939,0.15711,0.80639,0.08437,0.79502,0,0.73202,0,0.64344,0.06376,0.63461,0.12277,0.52987,0.22549,0.43775,0.49777,0.50444,0.94177,0.64011,0.9021,0.59958,0.76631,0.58901,0.64425,0.59253,0.57253,0.64451,0.6,0.65772,0.6595,0.63658,0.76631,0.62953,0.87311,0.63834,0.90973,0.66301,0.95855,0.6771,0.47159,0.652,0.377,0.61923,0.23456,0.5961,0.1945,0.59418,0.14998,0.61217,0.13552,0.58904,0.18671,0.55884,0.29465,0.56077,0.41372,0.58325,0.48939,0.62245,0.11986,0.66683,0.18557,0.62228,0.31574,0.61774,0.42644,0.65273,0.45055,0.70473,0.16828,0.68307,0.21632,0.72779,0.31338,0.73741,0.41142,0.72779,0.65223,0.66809,0.76902,0.65653,0.86912,0.68093,0.90471,0.7079,0.86022,0.7124,0.81351,0.749,0.68226,0.75157,0.5815,0.71426,0.58976,0.74669],"triangles":[51,4,28,2,19,3,19,18,3,28,4,3,18,28,3,20,19,2,18,27,28,27,51,28,19,26,18,50,51,27,53,5,4,26,27,18,50,52,51,26,50,27,20,26,19,51,52,4,52,53,4,49,50,26,25,49,26,20,25,26,54,5,53,50,49,52,49,53,52,48,54,49,49,54,53,0,17,1,54,6,5,56,6,54,21,24,20,20,24,25,25,24,49,24,48,49,56,8,6,48,55,54,55,56,54,47,8,56,23,55,48,23,48,24,21,22,24,22,23,24,38,22,21,17,38,21,37,38,17,8,7,6,9,8,47,29,55,22,22,55,23,29,43,55,55,43,56,43,47,56,38,29,22,46,9,47,16,17,0,42,43,29,36,37,17,37,30,38,42,47,43,30,41,42,41,46,42,46,47,42,10,9,46,45,46,41,44,45,41,45,10,46,31,40,41,40,44,41,35,31,36,35,32,31,32,40,31,39,44,40,44,11,45,11,10,45,39,12,44,12,11,44,34,33,32,33,39,40,32,33,40,34,32,35,15,34,35,14,39,33,34,14,33,15,14,34,14,13,39,13,12,39,15,36,17,15,35,36,15,16,17,17,20,2,17,21,20,1,17,2,38,29,30,30,42,29,36,30,37,36,31,30,31,41,30],"weights":[1,21,1,1,21,1,1,21,1,1,21,1,1,21,1,1,21,1,1,21,1,1,21,1,1,21,1,1,21,1,1,21,1,1,21,1,1,21,1,1,21,1,1,21,1,1,21,1,1,21,1,1,21,1,2,21,0.79999,33,0.2,2,21,0.53599,33,0.464,2,21,0.512,33,0.48799,2,21,0.472,33,0.52799,2,21,0.67999,33,0.32,2,21,0.67999,33,0.32,2,21,0.67999,33,0.32,2,21,0.67999,33,0.32,2,21,0.67999,33,0.32,2,21,0.832,33,0.16799,1,21,1,2,21,0.67199,34,0.328,2,21,0.53599,34,0.464,2,21,0.38399,34,0.616,2,21,0.47199,34,0.528,2,21,0.47199,34,0.528,2,21,0.47199,34,0.528,2,21,0.38399,34,0.616,2,21,0.39199,34,0.60799,2,21,0.47199,34,0.528,2,21,0.66399,34,0.336,2,21,0.872,34,0.12799,2,21,0.43199,34,0.568,2,21,0.07999,34,0.92,2,21,0.48799,34,0.512,1,21,1,2,21,0.768,34,0.232,1,21,1,1,21,1,1,21,1,2,21,0.19999,33,0.8,2,21,0.08,33,0.91999,2,21,0.728,33,0.27199,1,21,1,1,21,1,1,21,1,1,21,1,1,21,1,1,21,1],"slotPose":[1,0,0,1,0,0],"bonePose":[21,0.055996,-0.998431,0.998431,0.055996,-10.165309,-322.439145,33,0.055996,-0.998431,0.998431,0.055996,16.407188,-367.992671,34,0.055996,-0.998431,0.998431,0.055996,-30.683488,-370.193002],"edges":[12,11,11,10,10,9,9,8,8,7,7,6,6,5,5,4,4,3,3,2,2,1,1,0,0,16,16,15,15,14,14,13,13,12],"userEdges":[15,17,17,2,18,19,19,20,20,21,21,22,22,23,23,24,24,25,25,26,26,27,27,18,3,28,28,4,29,30,30,31,31,32,32,33,33,34,34,35,35,36,36,37,37,38,38,29,39,40,40,41,41,42,42,43,39,44,44,45,45,46,46,47,47,43,48,49,49,50,50,51,51,52,52,53,53,54,48,55,55,56,56,54]}]},{"name":"08/diaoshui","display":[{"type":"mesh","name":"08/diaoshui","width":94,"height":81,"vertices":[57.54,-207.81,57.54,-178.01,57.53,-165.73,57.54,-153.59,42.09,-153.58,41.55,-164.1,40.45,-174.73,38,-184.06,23.25,-198.26,-1.35,-195.73,-16.64,-183.45,-19.65,-174.44,-19.65,-164.35,-21.84,-153.59,-36.45,-153.59,-36.44,-166.26,-31.92,-177.44,-28.37,-185.64,-36.43,-202.28,-24.54,-234.57,-4.08,-234.57,21.62,-234.56,38.27,-234.55,50.82,-188.16],"uvs":[1,0.33027,1,0.69823,1,0.8499,1,1,0.83559,1,0.82978,0.87012,0.81816,0.73867,0.79202,0.62349,0.63519,0.44823,0.3733,0.47953,0.21067,0.63119,0.17872,0.74242,0.17872,0.86712,0.15548,1,0,1,0,0.84353,0.04803,0.70534,0.08578,0.60423,0,0.39864,0.12644,0,0.34426,0,0.61777,0,0.79493,0,0.92852,0.57294],"triangles":[8,23,0,22,8,0,6,5,2,6,2,1,23,6,1,0,23,1,2,5,3,5,4,3,8,7,23,7,6,23,21,8,22,20,9,21,21,9,8,18,10,9,20,19,9,19,18,9,18,17,10,17,11,10,15,14,13,15,13,12,16,15,12,16,12,11,17,16,11],"weights":[1,18,1,4,18,0.04501,22,0.49232,29,0.44774,42,0.0149,3,22,0.00858,29,0.46132,42,0.53008,1,42,1,2,29,0.01248,42,0.98751,3,22,0.00841,29,0.53372,42,0.45785,3,22,0.53068,29,0.46276,42,0.00654,1,18,1,1,18,1,1,10,1,1,10,1,2,26,0.60007,19,0.39992,2,39,0.53727,26,0.46272,1,39,1,1,39,1,2,39,0.60691,26,0.39308,2,26,0.63427,19,0.36572,1,10,1,1,10,1,1,10,1,1,10,1,1,18,1,1,18,1,1,18,1],"slotPose":[1,0,0,1,0,0],"bonePose":[18,0.227161,0.973857,-0.973857,0.227161,34.701668,-224.803274,22,0.20757,0.97822,-0.97822,0.20757,43.685896,-186.287223,29,0.290034,0.957016,-0.957016,0.290034,45.931806,-175.702882,42,0.178974,0.983854,-0.983854,0.178974,49.139583,-165.118281,19,-0.270936,0.962597,-0.962597,-0.270936,-22.10242,-186.619164,10,-0.223931,0.974605,-0.974605,-0.223931,-13.10489,-225.778796,26,-0.214053,0.976822,-0.976822,-0.214053,-24.993312,-176.348251,39,-0.184809,0.982774,-0.982774,-0.184809,-27.243014,-166.081852],"edges":[14,13,13,12,12,11,11,10,10,9,9,8,8,7,7,6,6,5,5,4,4,3,3,2,2,1,1,0,0,22,22,21,21,20,20,19,19,18,18,17,17,16,16,15,15,14],"userEdges":[16,11,17,10,15,12,9,20,21,8,7,23,23,0,6,1,1,23,5,2]}]},{"name":"08/shenti","display":[{"type":"mesh","name":"08/shenti","width":133,"height":189,"vertices":[6.85,-315.22,21.95,-313.68,25.79,-297.82,36.01,-284.52,35.5,-260.9,33.57,-254.6,36.31,-244.18,39.32,-228.02,57.41,-214.13,54.14,-197.13,62.38,-178.96,47.85,-154.73,34.57,-168.25,10.58,-165.45,-2.36,-171.19,-8.52,-162.89,-22.97,-147.75,-49.05,-173.16,-63.02,-192.73,-58.12,-210.43,-42.91,-222.86,-27.8,-239.27,-25.87,-248.58,-29.71,-256.25,-44.05,-274.3,-47.37,-288.38,-48.38,-307.56,-20.5,-314.72,-18.98,-330.44,8.64,-330.44,3.44,-257.62,2.35,-247.75,2.89,-263.9,-23.74,-215.45,28.96,-213.39,37.14,-201.12,47.37,-189.61,-41.13,-187.06,-34.47,-199.34,3.59,-179.19,17.58,-197.83,19.9,-186.65,-5.37,-313.15,-21.85,-296.16,4.52,-296.78],"uvs":[0.58225,0.08053,0.69574,0.08865,0.72459,0.17258,0.80153,0.24296,0.79764,0.36798,0.78322,0.40133,0.80382,0.45642,0.82648,0.54195,0.96258,0.6154,0.93805,0.70539,1,0.80155,0.89075,0.92976,0.79089,0.85826,0.61045,0.87305,0.51313,0.84272,0.46679,0.88661,0.35818,0.96675,0.16197,0.83237,0.05685,0.72881,0.09364,0.63512,0.20804,0.56929,0.32175,0.48251,0.33617,0.43322,0.30733,0.39263,0.19946,0.29711,0.17446,0.22266,0.16676,0.12114,0.37643,0.08324,0.38797,0,0.59571,0,0.5566,0.38538,0.54836,0.43757,0.55248,0.35203,0.35231,0.60855,0.74856,0.61938,0.81011,0.68435,0.88705,0.74526,0.2215,0.7588,0.27152,0.69383,0.55789,0.80032,0.663,0.70169,0.68052,0.76087,0.49037,0.09155,0.36637,0.1814,0.56469,0.17808],"triangles":[36,12,10,12,11,10,9,36,10,7,34,8,34,35,8,35,9,8,35,36,9,35,41,36,41,12,36,32,4,3,40,41,35,6,31,7,31,34,7,34,40,35,5,31,6,44,32,2,2,32,3,41,13,12,32,5,4,32,30,5,30,31,5,33,40,34,31,33,34,39,13,41,1,44,2,0,44,1,40,39,41,33,39,40,21,33,31,44,43,32,33,38,39,42,44,0,42,0,29,39,14,13,28,42,29,42,43,44,22,31,30,43,23,32,38,14,39,22,30,32,23,22,32,22,21,31,28,27,42,27,43,42,37,15,14,38,37,14,24,23,43,17,16,15,37,17,15,21,20,33,25,24,43,26,43,27,26,25,43,20,38,33,19,37,38,20,19,38,18,17,37,19,18,37],"weights":[3,15,0.0007,16,0.65381,17,0.34547,3,15,0.00005,16,0.99058,17,0.00935,2,13,0.90176,12,0.09823,3,4,0.02007,13,0.79608,12,0.18383,3,4,0.1941,13,0.80587,31,0.00001,4,4,0.24209,13,0.63856,16,0.11932,31,0.00001,4,4,0.16336,13,0.73794,16,0.09857,31,0.00011,6,13,0.00638,16,0.00042,12,0.71591,14,0.23098,27,0.04626,31,0.00002,4,12,0.08096,14,0.44867,27,0.46425,31,0.00608,4,12,0.00207,14,0.11512,27,0.57322,31,0.30958,1,31,0.99999,5,23,0.00143,40,0.00106,4,0.02912,27,0.01767,31,0.95069,6,23,0.01012,40,0.01574,4,0.12467,14,0.03418,27,0.18531,31,0.62995,7,20,0.01171,23,0.05538,40,0.10913,4,0.38951,14,0.09219,27,0.1932,31,0.14885,7,20,0.03353,23,0.10073,40,0.26786,4,0.40481,14,0.05533,27,0.09348,31,0.04423,7,20,0.01782,23,0.09345,40,0.52145,4,0.28174,14,0.02237,27,0.04849,31,0.01464,6,23,0.02662,40,0.77191,4,0.17506,14,0.00396,27,0.02219,31,0.00024,3,40,0.99431,4,0.00514,27,0.00053,3,20,0.16549,23,0.36694,40,0.46756,4,11,0.05014,20,0.42551,23,0.36914,40,0.15516,5,11,0.39068,20,0.51408,23,0.0888,40,0.0064,4,0.00002,4,40,0.00018,4,0.09925,13,0.90054,16,0.00001,4,40,0.00004,4,0.20252,13,0.79739,16,0.00003,4,40,0.00002,4,0.0944,13,0.90547,16,0.00009,4,11,0.21633,4,0.0004,13,0.7828,16,0.00044,4,11,0.04268,13,0.19567,15,0.76146,16,0.00018,1,15,1,2,15,0.87021,17,0.12977,2,15,0.03247,17,0.96752,2,16,0.10819,17,0.8918,2,4,0.5,13,0.5,1,4,1,2,4,0.13594,13,0.86404,2,11,0.5,20,0.5,2,12,0.5,14,0.5,2,14,0.5,27,0.5,2,27,0.5,31,0.5,2,23,0.5,40,0.5,2,20,0.5,23,0.5,7,20,0.025,23,0.07382,40,0.14529,4,0.44321,14,0.09075,27,0.14097,31,0.08092,7,23,0.00747,40,0.01111,4,0.42033,12,0.06164,14,0.40003,27,0.07807,31,0.02131,8,20,0.00378,23,0.02365,40,0.03675,4,0.37668,12,0.00459,14,0.2309,27,0.22463,31,0.09896,1,17,1,5,11,0.01827,13,0.3348,15,0.6092,16,0.00072,17,0.03697,2,13,0.99768,12,0.0023],"slotPose":[1,0,0,1,0,0],"bonePose":[40,-0.527697,0.849433,-0.849433,-0.527697,-40.953151,-186.944934,15,-0.973139,0.23022,-0.23022,-0.973139,-14.569177,-306.939112,16,0.996041,-0.088894,0.088894,0.996041,-1.602281,-305.081022,17,-0.012042,-0.999927,0.999927,-0.012042,-7.069845,-302.905006,11,-0.563526,0.826098,-0.826098,-0.563526,-12.449031,-233.230048,13,-0.228351,-0.973579,0.973579,-0.228351,3.363012,-257.723616,12,0.447135,0.894467,-0.894467,0.447135,19.595488,-232.680037,31,0.70686,0.707354,-0.707354,0.70686,47.257048,-190.214775,4,0.091675,-0.995789,0.995789,0.091675,-1.13,-208.92,14,0.545517,0.8381,-0.8381,0.545517,28.909304,-214.048298,27,0.663143,0.748493,-0.748493,0.663143,36.573818,-202.272996,23,-0.48603,0.873942,-0.873942,-0.48603,-34.100123,-199.267515,20,-0.506034,0.862514,-0.862514,-0.506034,-24.778981,-215.155017],"edges":[18,17,17,16,16,15,15,14,14,13,13,12,12,11,11,10,10,9,9,8,8,7,7,6,6,5,5,4,4,3,3,2,2,1,1,0,0,29,29,28,28,27,27,26,26,25,25,24,24,23,23,22,22,21,21,20,20,19,19,18],"userEdges":[30,22,30,5,21,31,31,6,23,32,32,4,39,40,40,41,41,12,14,39]}]},{"name":"08/shoubi2","display":[{"type":"mesh","name":"08/shoubi2","width":188,"height":294,"vertices":[52.26,-267.79,55.79,-263.84,64.71,-252.92,55.31,-237.23,68.85,-215.95,80.54,-201.07,89.64,-189.49,113.08,-166.79,128.32,-153.58,141.52,-150.53,159.31,-156.63,156.75,-136.31,141.27,-128.45,131.37,-126.41,139.5,-110.67,141.53,-92.88,127.56,-92.88,134.41,-80.44,146.86,-82.2,161.34,-72.55,169.96,-65.69,182.91,-73.06,196.31,-62.39,196.3,-25.89,173.26,-25.9,155.99,-25.9,148.73,-32.79,126.6,-39.32,105.87,-61.69,72.09,-85.22,57.65,-110.38,49.03,-143.24,40.01,-160.44,32.04,-196.25,30.86,-201.51,25.04,-212.14,19.94,-238.72,8.37,-236.44,8.38,-249.12,8.37,-298.09,8.37,-319.89,20.49,-319.89,44.14,-319.89,31.52,-249.75,29.77,-256.72,34.95,-241.67,49.5,-209.29,77.58,-178.28,86.79,-150.45,90.15,-122.27,104.37,-98.55,120.55,-71.77,152.07,-58.09,172.42,-46.37,142.03,-138.72,121.39,-140.68,104.09,-160.48,56.26,-211.61,64.37,-193.18,68.07,-173.77,49.82,-201.02,58.71,-206.05,67.26,-146.71,73.16,-197.32],"uvs":[0.23347,0.1772,0.25229,0.19065,0.29973,0.2278,0.24972,0.28114,0.32176,0.35353,0.38401,0.40416,0.43241,0.44353,0.55718,0.52074,0.63824,0.56566,0.7085,0.57603,0.80307,0.5553,0.78956,0.62441,0.70714,0.65119,0.65445,0.65811,0.69769,0.71167,0.7085,0.77215,0.63419,0.77215,0.67067,0.81448,0.73687,0.80843,0.81388,0.84126,0.85981,0.86459,0.92872,0.83954,1,0.87582,1,1,0.87738,1,0.78551,1,0.74685,0.97656,0.62911,0.95437,0.51881,0.87828,0.3391,0.79824,0.26226,0.71265,0.21641,0.6009,0.16837,0.54241,0.1259,0.42056,0.11967,0.40268,0.0887,0.36655,0.06154,0.27611,0,0.28386,0,0.24075,0,0.07418,0,0,0.06445,0,0.19025,0,0.12318,0.23859,0.11385,0.21486,0.14145,0.26605,0.21884,0.3762,0.36821,0.48169,0.41732,0.57636,0.43513,0.67221,0.51082,0.75287,0.59689,0.84398,0.76459,0.89048,0.87292,0.93033,0.71116,0.61622,0.60134,0.60958,0.50933,0.5422,0.25481,0.36828,0.298,0.43102,0.31765,0.49706,0.22057,0.40432,0.26784,0.38721,0.31339,0.58906,0.34473,0.41691],"triangles":[53,24,23,21,20,22,20,53,22,53,23,22,26,25,53,20,52,53,53,25,24,52,26,53,19,52,20,9,11,10,18,52,19,9,54,11,27,26,52,54,12,11,17,51,52,51,27,52,18,17,52,55,13,54,9,8,54,8,55,54,14,16,15,54,13,12,13,16,14,51,28,27,50,16,13,16,51,17,55,49,13,49,50,13,50,51,16,56,55,8,7,56,8,56,48,55,48,49,55,50,28,51,50,29,28,6,56,7,6,47,56,47,48,56,49,29,50,47,59,48,59,62,48,30,29,49,48,62,49,62,30,49,5,63,6,63,47,6,63,58,47,4,63,5,31,30,62,4,61,63,58,59,47,59,32,62,61,58,63,60,32,58,57,61,4,3,57,4,58,32,59,32,31,62,33,32,60,42,39,0,61,60,58,45,46,3,43,45,1,3,46,57,57,46,61,46,60,61,0,44,1,44,43,1,45,35,46,39,44,0,41,39,42,34,33,60,34,60,46,35,34,46,36,35,45,39,38,44,43,36,45,44,38,43,40,39,41,36,37,43,38,37,43,1,2,45,45,3,2],"weights":[2,28,0.352,24,0.64799,2,28,0.456,24,0.54399,2,28,0.83199,24,0.168,1,28,1,2,28,0.66399,49,0.336,3,44,0.27003,28,0.29045,49,0.43951,2,44,0.48,49,0.51999,2,53,0.32,70,0.67999,2,70,0.48,78,0.51999,2,78,0.52,81,0.47999,1,81,1,1,81,1,2,78,0.52,81,0.47999,3,92,0.0718,78,0.74419,81,0.184,2,74,0.536,72,0.46399,1,74,1,1,74,1,2,82,0.552,74,0.44799,1,82,1,2,87,0.49599,82,0.504,2,92,0.136,87,0.864,2,92,0.496,87,0.50399,1,92,1,1,92,1,2,92,0.496,87,0.50399,2,92,0.136,87,0.864,2,87,0.49599,82,0.504,1,82,1,2,82,0.552,74,0.44799,2,74,0.536,72,0.46399,2,72,0.488,63,0.51199,2,63,0.57599,53,0.424,1,49,1,2,28,0.27998,49,0.72,2,28,0.66399,49,0.336,1,28,1,2,28,0.83199,24,0.168,2,28,0.456,24,0.54399,2,28,0.352,24,0.64799,2,24,0.384,16,0.61599,1,16,1,2,24,0.384,16,0.61599,1,24,1,2,28,0.456,24,0.54399,2,28,0.352,24,0.64799,2,28,0.83199,24,0.168,2,28,0.66399,49,0.336,2,44,0.48,49,0.51999,2,63,0.57599,53,0.424,2,72,0.488,63,0.51199,2,74,0.536,72,0.46399,2,82,0.552,74,0.44799,2,87,0.49599,82,0.504,2,92,0.496,87,0.50399,2,78,0.52,81,0.47999,2,70,0.48,78,0.51999,2,53,0.32,70,0.67999,2,28,0.66399,49,0.336,1,49,1,1,49,1,2,28,0.27998,49,0.72,2,28,0.27998,49,0.72,2,63,0.57599,53,0.424,3,44,0.23734,28,0.33566,49,0.42698],"slotPose":[1,0,0,1,0,0],"bonePose":[28,0.372178,0.928161,-0.928161,0.372178,25.888142,-254.094072,24,0.188581,0.982058,-0.982058,0.188581,15.698952,-306.625116,49,0.247337,0.968929,-0.968929,0.247337,47.816866,-199.406803,44,0.551063,0.834463,-0.834463,0.551063,59.420916,-206.042256,53,0.295208,0.955433,-0.955433,0.295208,77.721733,-178.329728,70,0.733374,0.679825,-0.679825,0.733374,101.963108,-161.0124,78,0.992267,0.124121,-0.124121,0.992267,122.248233,-142.20843,81,0.770513,-0.637424,0.637424,0.770513,142.034039,-139.733456,92,0.652363,0.757907,-0.757907,0.652363,170.229771,-47.190856,74,0.54376,0.83924,-0.83924,0.54376,102.953647,-98.662396,72,0.416598,0.909091,-0.909091,0.416598,92.067938,-122.416937,82,0.921253,0.388963,-0.388963,0.921253,120.266981,-71.94098,87,0.849156,0.528142,-0.528142,0.849156,151.930457,-58.572316,63,0.202616,0.979258,-0.979258,0.202616,86.129252,-151.118994,16,0.996041,-0.088894,0.088894,0.996041,-1.602281,-305.081022],"edges":[37,36,36,35,35,34,34,33,33,32,32,31,31,30,30,29,29,28,28,27,27,26,26,25,25,24,24,23,23,22,22,21,21,20,20,19,19,18,18,17,17,16,16,15,15,14,14,13,13,12,12,11,11,10,10,9,9,8,8,7,7,6,6,5,5,4,4,3,3,2,2,1,1,0,0,42,42,41,41,40,40,39,39,38,38,37],"userEdges":[37,43,43,1,38,44,44,0,2,45,36,45,39,41,6,47,49,30,50,29,51,28,52,26,46,34,4,57,57,46,47,59,59,32,58,59,58,47,48,56,56,7,55,8,54,9,24,53,33,60,57,61,61,58,60,61,61,4,31,62,62,48,59,62,4,63,63,47]}]},{"name":"08/toufa3","display":[{"type":"mesh","name":"08/toufa3","width":196,"height":212,"vertices":[37.76,-340.44,43.84,-317.42,57.75,-300.22,66.1,-293.14,79.5,-284.79,88.86,-290.86,104.28,-284.53,116.42,-281.48,125,-277.69,125,-248.36,109.85,-264.8,99.22,-271.13,90.88,-267.08,75.19,-259,60.53,-263.05,75.69,-253.93,85.8,-243.05,92.12,-231.67,95.66,-220.55,99.46,-202.85,94.16,-197.59,84.14,-190.94,84.67,-209.06,84.03,-213.61,76.31,-219.49,65.02,-225.55,57.93,-232.65,51.6,-213.66,52.06,-192.98,50.14,-168.36,37.51,-160,27.39,-159.99,35.99,-185.17,20.31,-195.8,-19.77,-203.74,-44.61,-219.21,-65.4,-241.06,-58.74,-263.7,-66.19,-302.33,-59.27,-327.39,-38.15,-371.97,-23.1,-371.97,-10.11,-371.97,7.73,-371.97,34.21,-371.98,40.98,-265.75,28.78,-276.12,22.07,-289.84,15.67,-309.04,11.09,-334.36,-22.49,-229.82,-24.62,-248.74,-31.64,-267.64,-33.78,-293.55,-30.43,-319.48,-9.86,-322.83,-10.36,-298.04,-4.54,-272.73,-0.5,-255.77,5.9,-235.01,15.76,-215.28,36.25,-202.38,44.48,-246.65],"uvs":[0.55479,0.14871,0.58577,0.25731,0.65677,0.33846,0.69937,0.37187,0.76778,0.41125,0.81554,0.38261,0.89428,0.41245,0.95624,0.42677,1,0.44467,1,0.5831,0.92268,0.50553,0.86846,0.4757,0.82587,0.49479,0.74583,0.53298,0.67097,0.51389,0.74842,0.55685,0.80005,0.60816,0.83232,0.66187,0.85039,0.71438,0.86975,0.79791,0.84271,0.82272,0.79154,0.85409,0.79424,0.76863,0.79101,0.7471,0.75159,0.71934,0.69401,0.69075,0.6578,0.65726,0.62547,0.74684,0.6278,0.84436,0.61797,0.96051,0.55357,1,0.50194,1,0.54582,0.88119,0.46579,0.83107,0.2613,0.79362,0.13447,0.72063,0.02841,0.61755,0.0624,0.51069,0.02433,0.32841,0.05968,0.21025,0.16748,0,0.24424,0,0.31051,0,0.40158,0,0.53672,0,0.57119,0.50117,0.50895,0.45225,0.47471,0.38751,0.44203,0.29688,0.41869,0.17747,0.24735,0.67058,0.23646,0.58138,0.20066,0.49218,0.18977,0.3699,0.20689,0.24761,0.3118,0.23176,0.30922,0.34871,0.33891,0.46815,0.35956,0.54811,0.39222,0.64609,0.44256,0.73918,0.54711,0.80004,0.58908,0.59122],"triangles":[10,9,8,7,10,8,11,10,7,6,11,7,5,11,6,5,4,12,23,22,18,18,22,19,22,20,19,5,12,11,24,23,17,17,23,18,22,21,20,16,24,17,4,13,12,25,24,16,15,26,16,26,25,16,14,13,4,3,14,4,14,26,15,62,26,14,45,14,3,2,45,3,46,45,2,32,29,28,45,62,14,61,28,27,62,27,26,1,47,2,47,46,2,61,32,28,62,60,27,60,61,27,32,30,29,32,31,30,48,47,1,0,49,1,49,48,1,59,60,62,44,43,0,43,49,0,46,58,45,61,33,32,60,33,61,47,57,46,57,58,46,48,56,47,56,57,47,43,42,49,49,55,48,60,34,33,59,34,60,55,56,48,50,34,59,42,55,49,41,55,42,58,51,59,51,50,59,41,54,55,57,51,58,40,54,41,55,54,56,52,51,57,56,53,57,53,52,57,54,53,56,40,39,54,50,35,34,51,35,50,36,35,51,52,37,51,37,36,51,53,37,52,38,53,54,39,38,54,38,37,53,58,45,59,45,59,62],"weights":[7,90,0.00013,77,0.00137,60,0.01098,50,0.02326,46,0.41839,32,0.54582,51,0.00002,8,90,0.00215,86,0.03355,66,0.02996,77,0.04216,60,0.1284,50,0.25713,46,0.43789,32,0.06872,7,90,0.00969,86,0.23661,66,0.13257,77,0.20494,60,0.17282,50,0.14994,46,0.09339,2,77,0.504,84,0.49599,2,89,0.50399,84,0.496,2,93,0.528,89,0.47199,2,95,0.31999,93,0.68,2,97,0.184,95,0.81599,1,97,1,1,97,1,2,97,0.184,95,0.81599,2,95,0.31999,93,0.68,2,93,0.528,89,0.47199,2,89,0.50399,84,0.496,2,77,0.504,84,0.49599,2,90,0.59478,86,0.40521,2,91,0.5461,90,0.45389,2,94,0.45107,91,0.54891,2,96,0.66301,94,0.33698,1,96,1,2,96,0.98442,94,0.01557,2,96,0.9834,94,0.01658,1,96,1,6,96,0.79553,94,0.15887,91,0.042,90,0.00288,67,0.00002,76,0.00067,8,96,0.15204,94,0.38904,91,0.39867,90,0.0456,86,0.00731,77,0.0004,67,0.00043,76,0.00647,9,96,0.00609,94,0.04717,91,0.44266,90,0.29045,86,0.11539,66,0.00354,77,0.03926,67,0.00517,76,0.05023,7,91,0.10513,90,0.2382,86,0.30664,66,0.02821,77,0.15697,67,0.01744,76,0.14737,9,96,0.00003,94,0.00029,91,0.0023,90,0.03721,86,0.13348,66,0.07009,77,0.24451,67,0.02547,76,0.48657,8,96,0.00006,94,0.00052,90,0.01317,86,0.09381,66,0.04436,77,0.22507,67,0.00649,76,0.61648,7,96,0.00008,94,0.00064,90,0.00619,86,0.08601,66,0.02758,77,0.2244,76,0.65506,7,96,0.00008,94,0.00067,90,0.0052,86,0.08515,66,0.02462,77,0.22461,76,0.65965,7,96,0.00008,94,0.00067,90,0.00498,86,0.08499,66,0.02398,77,0.22467,76,0.66058,8,96,0.00006,94,0.00053,90,0.00937,86,0.08668,66,0.04014,77,0.22,67,0.00425,76,0.63891,8,96,0.00003,94,0.00025,90,0.00848,86,0.06491,66,0.06651,77,0.18046,67,0.0182,76,0.66111,4,86,0.0022,66,0.006,77,0.01031,76,0.98145,4,51,0.00099,58,0.13361,67,0.33835,76,0.52703,4,51,0.09704,58,0.46084,67,0.37395,76,0.06815,5,48,0.04848,51,0.39058,58,0.43045,67,0.12802,76,0.00244,3,35,0.08773,48,0.61325,51,0.29899,4,35,0.4906,48,0.47684,51,0.03252,67,0.00002,1,21,1,1,21,1,1,21,1,1,21,1,1,21,1,2,66,0.5,77,0.5,2,66,0.5,60,0.5,2,60,0.5,50,0.5,2,50,0.5,46,0.5,2,46,0.5,32,0.5,2,67,0.5,76,0.5,2,58,0.5,67,0.5,2,51,0.5,58,0.5,2,48,0.5,51,0.5,2,35,0.5,48,0.5,7,60,0.00032,50,0.01778,46,0.27783,32,0.14486,35,0.37888,48,0.17743,51,0.00287,9,66,0.00217,60,0.12459,50,0.27743,46,0.14274,35,0.01066,48,0.20974,51,0.18354,58,0.04762,67,0.00147,9,66,0.10567,60,0.3493,50,0.08107,46,0.00701,48,0.02995,51,0.14221,58,0.21805,67,0.06341,76,0.00328,9,66,0.18329,77,0.01802,60,0.19857,50,0.01703,48,0.00377,51,0.06448,58,0.2733,67,0.20579,76,0.0357,9,94,0.00001,90,0.00055,86,0.01355,66,0.18642,77,0.10813,60,0.04197,58,0.04757,67,0.24505,76,0.35669,10,96,0.00001,94,0.00013,90,0.00593,86,0.04794,66,0.08835,77,0.1553,60,0.00142,58,0.00035,67,0.04886,76,0.65165,8,96,0.00005,94,0.0004,90,0.01452,86,0.09039,66,0.05695,77,0.21778,67,0.01386,76,0.60601,8,91,0.01236,90,0.03497,86,0.35214,66,0.06187,77,0.37903,58,0.00214,67,0.02596,76,0.13149],"slotPose":[1,0,0,1,0,0],"bonePose":[96,0.194234,0.980955,-0.980955,0.194234,90.73828,-219.537218,94,0.364552,0.931183,-0.931183,0.364552,87.147446,-228.709372,90,0.734678,0.678416,-0.678416,0.734678,70.541744,-248.564346,77,0.836286,0.548293,-0.548293,0.836286,41.15155,-266.039062,60,0.464224,0.885718,-0.885718,0.464224,21.187383,-289.966886,50,0.286859,0.957973,-0.957973,0.286859,15.7428,-308.14921,46,0.182922,0.983127,-0.983127,0.182922,10.780128,-334.821458,32,0.105396,0.99443,-0.99443,0.105396,6.12372,-378.755389,51,0.154193,0.988041,-0.988041,0.154193,-34.170376,-292.804444,58,0.298041,0.954553,-0.954553,0.298041,-30.44353,-268.923499,76,0.041701,0.99913,-0.99913,0.041701,-22.151765,-230.408855,86,0.861275,0.50814,-0.50814,0.861275,55.047413,-257.70578,66,0.766157,0.642654,-0.642654,0.766157,27.904702,-277.150548,84,0.995003,0.099841,-0.099841,0.995003,64.227558,-274.370637,89,0.97712,-0.212689,0.212689,0.97712,76.665101,-273.122628,93,0.972288,0.233785,-0.233785,0.972288,93.764699,-276.844691,95,0.753907,0.656981,-0.656981,0.753907,109.31159,-273.106472,97,0.472705,0.881221,-0.881221,0.472705,118.946528,-264.71026,91,0.532581,0.846379,-0.846379,0.532581,80.35704,-239.500706,67,0.092544,0.995709,-0.995709,0.092544,-24.291956,-249.221526,48,-0.106611,0.994301,-0.994301,-0.106611,-31.124496,-321.211617,35,-0.139173,0.990268,-0.990268,-0.139173,-26.31189,-355.455087,21,0.055996,-0.998431,0.998431,0.055996,-10.165309,-322.439145],"edges":[38,37,37,36,36,35,35,34,34,33,33,32,32,31,31,30,30,29,29,28,28,27,27,26,26,25,25,24,24,23,23,22,22,21,21,20,20,19,19,18,18,17,17,16,16,15,15,14,14,13,13,12,12,11,11,10,10,9,9,8,8,7,7,6,6,5,5,4,4,3,3,2,2,1,1,0,0,44,44,43,43,42,42,41,41,40,40,39,39,38],"userEdges":[54,39,53,38,52,37,51,36,50,35,50,34,49,55,55,54,48,56,56,53,55,42,47,57,57,52,46,58,58,51,45,59,59,50,61,33,62,60,26,62,62,45]}]},{"name":"08/shanzi","display":[{"name":"08/shanzi","transform":{"x":34.64,"y":-1.47,"skX":-43.72,"skY":-43.72}}]}]}],"animation":[{"duration":60,"name":"idle","bone":[{"name":"bone","translateFrame":[{"duration":25,"curve":[0.155,0.125,0.878,1],"x":-0.77},{"duration":30,"curve":[0.25,0,0.75,1],"x":-5.42},{"duration":5,"curve":[0.294,0.26,0.65,0.69]},{"duration":0,"x":-0.77}]},{"name":"bone2","translateFrame":[{"duration":30,"curve":[0.125,0,0.875,1]},{"duration":30,"curve":[0.25,0,0.75,1],"x":1.36,"y":-2.05},{"duration":0}],"rotateFrame":[{"duration":30,"curve":[0.125,0,0.875,1]},{"duration":30,"curve":[0.25,0,0.75,1],"rotate":-1.37},{"duration":0}]},{"name":"bone3","translateFrame":[{"duration":9,"curve":[0.3105,0.155,0.75,1],"x":0.67,"y":0.1},{"duration":21,"curve":[0.25,0,0.75,1]},{"duration":9,"curve":[0.25,0,0.75,1]},{"duration":21,"curve":[0.25,0,0.551,0.63],"x":2.82,"y":1.58},{"duration":0,"x":0.67,"y":0.1}],"rotateFrame":[{"duration":9,"curve":[0.3105,0.155,0.75,1],"rotate":-0.4},{"duration":21,"curve":[0.25,0,0.75,1],"rotate":-0.13},{"duration":9,"curve":[0.25,0,0.75,1],"rotate":-0.13},{"duration":21,"curve":[0.25,0,0.551,0.63],"rotate":-1.28},{"duration":0,"rotate":-0.4}],"scaleFrame":[{"duration":9,"curve":[0.3105,0.155,0.75,1]},{"duration":21,"curve":[0.25,0,0.75,1]},{"duration":9,"curve":[0.25,0,0.75,1],"y":1.04},{"duration":21,"curve":[0.25,0,0.551,0.63],"y":1.04},{"duration":0}]},{"name":"bone4","scaleFrame":[{"duration":30,"curve":[0.25,0,0.75,1]},{"duration":30,"curve":[0.25,0,0.75,1],"x":1.01,"y":0.97},{"duration":0}]},{"name":"bone5","rotateFrame":[{"duration":25,"curve":[0.155,0.125,0.878,1],"rotate":0.16},{"duration":30,"curve":[0.25,0,0.75,1],"rotate":1.75},{"duration":5,"tweenEasing":0},{"duration":0,"rotate":0.16}]},{"name":"bone6","rotateFrame":[{"duration":30,"curve":[0.125,0,0.875,1]},{"duration":30,"curve":[0.25,0,0.75,1],"rotate":-5},{"duration":0}]},{"name":"bone7","rotateFrame":[{"duration":20,"curve":[0.1755,0.2,0.878,1],"rotate":-1.18},{"duration":30,"curve":[0.25,0,0.75,1],"rotate":-4.17},{"duration":10,"tweenEasing":0},{"duration":0,"rotate":-1.18}]},{"name":"bone8","rotateFrame":[{"duration":25,"curve":[0.155,0.125,0.878,1],"rotate":-0.67},{"duration":30,"curve":[0.25,0,0.75,1],"rotate":-6.99},{"duration":5,"tweenEasing":0},{"duration":0,"rotate":-0.67}]},{"name":"bone9","rotateFrame":[{"duration":30,"curve":[0.125,0,0.875,1],"rotate":11.93},{"duration":30,"curve":[0.25,0,0.75,1],"rotate":3.63},{"duration":0,"rotate":11.93}]},{"name":"bone10","rotateFrame":[{"duration":4,"curve":[0.1825,0.315,0.851,1],"rotate":12.17},{"duration":30,"curve":[0.25,0,0.75,1],"rotate":12.7},{"duration":26,"curve":[0.244,0,0.699,0.78],"rotate":10.8},{"duration":0,"rotate":12.17}]},{"name":"bone11","rotateFrame":[{"duration":8,"curve":[0.19,0.295,0.863,1],"rotate":1.8},{"duration":30,"curve":[0.25,0,0.75,1],"rotate":4.04},{"duration":22,"curve":[0.242,0,0.662,0.65],"rotate":-6.99},{"duration":0,"rotate":1.8}]},{"name":"bone12","rotateFrame":[{"duration":12,"curve":[0.1905,0.27,0.871,1],"rotate":-3.19},{"duration":30,"curve":[0.25,0,0.75,1],"rotate":5.31},{"duration":18,"curve":[0.245,0,0.637,0.55],"rotate":-17.83},{"duration":0,"rotate":-3.19}]},{"name":"bone13","rotateFrame":[{"duration":16,"curve":[0.1855,0.24,0.8755,1],"rotate":-13.21},{"duration":30,"curve":[0.25,0,0.75,1],"rotate":5.07},{"duration":14,"curve":[0.252,0,0.622,0.48],"rotate":-28.54},{"duration":0,"rotate":-13.21}]},{"name":"bone14","rotateFrame":[{"duration":20,"curve":[0.1755,0.2,0.878,1],"rotate":-19.05},{"duration":30,"curve":[0.25,0,0.75,1],"rotate":3.36},{"duration":10,"curve":[0.264,0,0.617,0.42],"rotate":-27.93},{"duration":0,"rotate":-19.05}]},{"name":"bone15","rotateFrame":[{"duration":24,"curve":[0.16,0.14,0.8785000000000001,1],"rotate":-4.24},{"duration":30,"curve":[0.25,0,0.75,1],"rotate":5.19},{"duration":6,"curve":[0.284,0,0.625,0.38],"rotate":-5.65},{"duration":0,"rotate":-4.24}]},{"name":"bone16","rotateFrame":[{"duration":28,"curve":[0.1385,0.055,0.8765000000000001,1],"rotate":-10.46},{"duration":30,"curve":[0.25,0,0.75,1],"rotate":4.7},{"duration":2,"curve":[0.313,0,0.647,0.34],"rotate":-10.81},{"duration":0,"rotate":-10.46}]},{"name":"bone17","rotateFrame":[{"duration":10,"curve":[0.144,0.19,0.8594999999999999,1],"rotate":-0.13},{"duration":30,"curve":[0.25,0,0.75,1]},{"duration":20,"curve":[0.25,0,0.584,0.61],"rotate":-4.42},{"duration":0,"rotate":-0.13}]},{"name":"bone18","rotateFrame":[{"duration":14,"curve":[0.1905,0.275,0.87,1],"rotate":-0.41},{"duration":30,"tweenEasing":0,"rotate":1.01},{"duration":16,"curve":[0.244,0,0.639,0.56],"rotate":-2.63},{"duration":0,"rotate":-0.41}]},{"name":"bone19","rotateFrame":[{"duration":18,"curve":[0.189,0.26,0.873,1],"rotate":-0.92},{"duration":30,"tweenEasing":0,"rotate":2.43},{"duration":12,"curve":[0.247,0,0.629,0.52],"rotate":-3.64},{"duration":0,"rotate":-0.92}]},{"name":"bone20","rotateFrame":[{"duration":22,"curve":[0.184,0.235,0.8765000000000001,1],"rotate":-3.73},{"duration":30,"curve":[0.264,0,0.617,0.42],"rotate":4.31},{"duration":8,"curve":[0.253,0,0.62,0.47],"rotate":-6.7},{"duration":0,"rotate":-3.73}]},{"name":"bone21","rotateFrame":[{"duration":26,"curve":[0.1905,0.29,0.8645,1],"rotate":-4.28},{"duration":30,"tweenEasing":0,"rotate":3.38},{"duration":4,"curve":[0.34,0.35,0.675,0.69],"rotate":-5.94},{"duration":0,"rotate":-4.28}]},{"name":"bone22","rotateFrame":[{"duration":30,"curve":[0.19,0.295,0.863,1],"rotate":-16.14},{"duration":30,"tweenEasing":0,"rotate":3.45},{"duration":0,"rotate":-16.14}]},{"name":"bone24","rotateFrame":[{"duration":26,"curve":[0.1895,0.265,0.8725,1],"rotate":-0.56},{"duration":26,"curve":[0.29,0.19,0.676,0.7],"rotate":-3.16},{"duration":4,"curve":[0.351,0.4,0.756,1],"rotate":-0.22},{"duration":4,"curve":[0.333,0.33,0.667,0.67]},{"duration":0,"rotate":-0.56}]},{"name":"bone25","rotateFrame":[{"duration":30,"curve":[0.132,0,0.8085,0.71],"rotate":2.28},{"duration":22,"curve":[0.242,0,0.662,0.65],"rotate":-2.7},{"duration":8,"curve":[0.351,0.4,0.756,1],"rotate":1.27},{"duration":0,"rotate":2.28}]},{"name":"bone26","rotateFrame":[{"duration":4,"curve":[0.17,0.175,0.8375,0.845],"rotate":2.14},{"duration":30,"curve":[0.25,0,0.75,1],"rotate":3.08},{"duration":18,"curve":[0.338,0.34,0.684,0.72],"rotate":-4.99},{"duration":8,"curve":[0.29,0.19,0.676,0.7],"rotate":0.11},{"duration":0,"rotate":2.14}]},{"name":"bone27","rotateFrame":[{"duration":8,"curve":[0.176,0.325,0.843,1],"rotate":3.44},{"duration":30,"curve":[0.381,0.54,0.742,1],"rotate":4.79},{"duration":14,"curve":[0.25,0,0.75,1],"rotate":-3.7},{"duration":8,"curve":[0.37,0.62,0.709,1],"rotate":0.16},{"duration":0,"rotate":3.44}]},{"name":"bone28","rotateFrame":[{"duration":12,"curve":[0.181,0.22,0.877,1],"rotate":1.07},{"duration":30,"curve":[0.25,0,0.75,1],"rotate":7.24},{"duration":10,"curve":[0.371,0.48,0.751,1],"rotate":-6.37},{"duration":8,"curve":[0.257,0,0.618,0.45],"rotate":-2.5},{"duration":0,"rotate":1.07}]},{"name":"bone29","rotateFrame":[{"duration":16,"curve":[0.1755,0.2,0.878,1],"rotate":-7.06},{"duration":30,"curve":[0.316,0.27,0.712,0.81],"rotate":3.55},{"duration":6,"curve":[0.38,0.59,0.726,1],"rotate":-12.92},{"duration":8,"curve":[0.264,0,0.617,0.42],"rotate":-11.26},{"duration":0,"rotate":-7.06}]},{"name":"bone31","rotateFrame":[{"duration":5,"curve":[0.185,0.31,0.8545,1],"rotate":1.18},{"duration":30,"curve":[0.25,0,0.75,1],"rotate":1.52},{"duration":25,"curve":[0.243,0,0.689,0.75],"rotate":-2.04},{"duration":0,"rotate":1.18}]},{"name":"bone32","rotateFrame":[{"duration":10,"curve":[0.191,0.285,0.8674999999999999,1],"rotate":-0.17},{"duration":30,"curve":[0.25,0,0.75,1],"rotate":1.81},{"duration":20,"curve":[0.243,0,0.648,0.6],"rotate":-5.18},{"duration":0,"rotate":-0.17}]},{"name":"bone33","rotateFrame":[{"duration":15,"curve":[0.1875,0.25,0.875,1],"rotate":-0.24},{"duration":30,"curve":[0.25,0,0.75,1],"rotate":5.45},{"duration":15,"curve":[0.25,0,0.625,0.5],"rotate":-5.94},{"duration":0,"rotate":-0.24}]},{"name":"bone40","rotateFrame":[{"duration":5,"curve":[0.185,0.31,0.8545,1],"rotate":0.41},{"duration":30,"curve":[0.25,0,0.75,1],"rotate":0.7},{"duration":25,"curve":[0.243,0,0.689,0.75],"rotate":-2.21},{"duration":0,"rotate":0.41}]},{"name":"bone41","rotateFrame":[{"duration":5,"curve":[0.187,0.305,0.8574999999999999,1],"rotate":-0.06},{"duration":5,"curve":[0.25,0,0.625,0.5],"rotate":0.44},{"duration":30,"tweenEasing":0,"rotate":0.86},{"duration":20,"curve":[0.242,0,0.679,0.71],"rotate":-3.46},{"duration":0,"rotate":-0.06}]},{"name":"bone42","rotateFrame":[{"duration":5,"curve":[0.178,0.32,0.845,1],"rotate":-1.19},{"duration":10,"curve":[0.25,0,0.75,1],"rotate":-0.56},{"duration":30,"tweenEasing":0,"rotate":1.9},{"duration":15,"curve":[0.364,0.46,0.708,0.84],"rotate":-6.79},{"duration":0,"rotate":-1.19}]},{"name":"bone43","rotateFrame":[{"duration":5,"curve":[0.1745,0.325,0.8415,1],"rotate":-2.53},{"duration":15,"curve":[0.351,0.4,0.756,1],"rotate":-1.89},{"duration":30,"curve":[0.25,0,0.75,1],"rotate":2.53},{"duration":10,"curve":[0.356,0.47,0.691,0.82],"rotate":-6.33},{"duration":0,"rotate":-2.53}]},{"name":"bone44","rotateFrame":[{"duration":5,"curve":[0.1895,0.3,0.862,1],"rotate":-7.66},{"duration":20,"curve":[0.375,0.5,0.75,1],"rotate":-6.27},{"duration":30,"curve":[0.351,0.4,0.756,1],"rotate":3.34},{"duration":5,"curve":[0.342,0.36,0.685,0.72],"rotate":-10.08},{"duration":0,"rotate":-7.66}]},{"name":"bone45","rotateFrame":[{"duration":5,"curve":[0.132,0,0.8085,0.71],"rotate":-13.55},{"duration":25,"curve":[0.25,0,0.75,1],"rotate":-11.22},{"duration":30,"tweenEasing":0,"rotate":26.01},{"duration":0,"rotate":-13.55}]},{"name":"bone52","rotateFrame":[{"duration":15,"curve":[0.1875,0.25,0.875,1],"rotate":2.39},{"duration":30,"tweenEasing":0,"rotate":3.35},{"duration":15,"curve":[0.25,0,0.625,0.5],"rotate":0.54},{"duration":0,"rotate":2.39}]},{"name":"bone56","rotateFrame":[{"duration":10,"curve":[0.191,0.285,0.8674999999999999,1],"rotate":-0.82},{"duration":30,"curve":[0.25,0,0.75,1]},{"duration":20,"curve":[0.243,0,0.648,0.6],"rotate":-2.9},{"duration":0,"rotate":-0.82}]},{"name":"bone57","rotateFrame":[{"duration":5,"curve":[0.1795,0.175,0.8415,0.89],"rotate":6.94},{"duration":30,"curve":[0.25,0,0.75,1],"rotate":6.98},{"duration":25,"curve":[0.243,0,0.689,0.75],"rotate":8.62},{"duration":0,"rotate":6.94}]},{"name":"bone58","rotateFrame":[{"duration":10,"curve":[0.1875,0.25,0.875,1],"rotate":-0.66},{"duration":40,"curve":[0.243,0,0.648,0.6],"rotate":-0.29},{"duration":10,"curve":[0.25,0,0.625,0.5],"rotate":-1.04},{"duration":0,"rotate":-0.66}]},{"name":"bone59","rotateFrame":[{"duration":15,"curve":[0.1875,0.25,0.875,1],"rotate":-1.26},{"duration":30,"tweenEasing":0,"rotate":5.38},{"duration":15,"curve":[0.25,0,0.625,0.5],"rotate":-10.3},{"duration":0,"rotate":-1.26}]},{"name":"bone61","translateFrame":[{"duration":28},{"duration":2,"tweenEasing":0},{"duration":2,"tweenEasing":0,"x":-16.16,"y":0.46},{"duration":28}]},{"name":"bone60","translateFrame":[{"duration":28},{"duration":2,"tweenEasing":0},{"duration":2,"tweenEasing":0,"x":-19.36,"y":0.4},{"duration":28}]},{"name":"bone93","rotateFrame":[{"duration":5,"curve":[0.0625,0,0.90625,0.875],"rotate":-0.56},{"duration":5,"curve":[0.375,0.5,0.75,1],"rotate":2.78},{"duration":35,"tweenEasing":0,"rotate":4.64},{"duration":15,"curve":[0.32,0.28,0.757,1],"rotate":-9.64},{"duration":0,"rotate":-0.56}]},{"name":"bone97","rotateFrame":[{"duration":5,"curve":[0.0905,0.1575,0.9245,1],"rotate":-43.51},{"duration":25,"curve":[0.257,0,0.618,0.45],"rotate":-47.21},{"duration":30,"curve":[0.362,0.44,0.754,1],"rotate":12.94},{"duration":0,"rotate":-43.51}]},{"name":"bone96","rotateFrame":[{"duration":5,"curve":[0.09375,0.125,0.9375,1],"rotate":-33.28},{"duration":20,"curve":[0.381,0.54,0.742,1],"rotate":-27.81},{"duration":35,"curve":[0.349,0.38,0.688,0.74],"rotate":8.71},{"duration":0,"rotate":-33.28}]},{"name":"bone95","rotateFrame":[{"duration":5,"curve":[0.0625,0,0.9375,1],"rotate":-4.74},{"duration":15,"curve":[0.245,0,0.637,0.55],"rotate":-2.56},{"duration":35,"tweenEasing":0,"rotate":4.93},{"duration":5,"curve":[0.352,0.65,0.686,1],"rotate":-6.92},{"duration":0,"rotate":-4.74}]},{"name":"bone94","rotateFrame":[{"duration":5,"curve":[0.0775,0.0625,0.92925,0.9575],"rotate":1.52},{"duration":10,"curve":[0.25,0,0.75,1],"rotate":2.93},{"duration":35,"tweenEasing":0,"rotate":8.44},{"duration":10,"curve":[0.349,0.38,0.688,0.74],"rotate":-6.53},{"duration":0,"rotate":1.52}]},{"name":"bone85","rotateFrame":[{"duration":10,"curve":[0.1075,0.075,0.9005,0.9125],"rotate":-5.27},{"duration":30,"curve":[0.25,0,0.75,1],"rotate":-9.27},{"duration":20,"curve":[0.29,0.09,0.562,0.52],"rotate":11.6},{"duration":0,"rotate":-5.27}]},{"name":"bone88","rotateFrame":[{"duration":25,"curve":[0.07,0.0375,0.91525,0.9125],"rotate":19.86},{"duration":30,"curve":[0.25,0,0.75,1],"rotate":-16.6},{"duration":5,"curve":[0.427,0.22,0.615,0.52],"rotate":22.52},{"duration":0,"rotate":19.86}]},{"name":"bone87","rotateFrame":[{"duration":20,"curve":[0.094,0.125,0.92425,1],"rotate":4.22},{"duration":30,"curve":[0.25,0,0.75,1],"rotate":-12.89},{"duration":10,"curve":[0.343,0.38,0.677,0.72],"rotate":21.5},{"duration":0,"rotate":4.22}]},{"name":"bone86","rotateFrame":[{"duration":15,"curve":[0.09525,0.1025,0.90525,0.9675],"rotate":-4.72},{"duration":30,"curve":[0.25,0,0.75,1],"rotate":-11.85},{"duration":15,"curve":[0.349,0.42,0.684,0.76],"rotate":11.98},{"duration":0,"rotate":-4.72}]},{"name":"bone62","rotateFrame":[{"duration":30,"curve":[0.25,0,0.75,1],"rotate":-2.52},{"duration":30,"curve":[0.25,0,0.75,1],"rotate":5.9},{"duration":0,"rotate":-2.52}]},{"name":"bone83","rotateFrame":[{"duration":25,"curve":[0.31,0.25,0.756,1],"rotate":14.22},{"duration":30,"tweenEasing":0,"rotate":-22.85},{"duration":5,"curve":[0.29,0,0.629,0.37],"rotate":18.18},{"duration":0,"rotate":14.22}]},{"name":"bone82","rotateFrame":[{"duration":20,"curve":[0.351,0.4,0.756,1],"rotate":7.8},{"duration":30,"tweenEasing":0,"rotate":-7.77},{"duration":10,"curve":[0.264,0,0.617,0.42],"rotate":13.97},{"duration":0,"rotate":7.8}]},{"name":"bone81","rotateFrame":[{"duration":15,"curve":[0.375,0.5,0.75,1],"rotate":1.18},{"duration":30,"tweenEasing":0,"rotate":-8.45},{"duration":15,"curve":[0.25,0,0.625,0.5],"rotate":10.81},{"duration":0,"rotate":1.18}]},{"name":"bone80","rotateFrame":[{"duration":10,"curve":[0.382,0.57,0.735,1],"rotate":-2.18},{"duration":30,"curve":[0.25,0,0.75,1],"rotate":-5.51},{"duration":20,"curve":[0.243,0,0.648,0.6],"rotate":6.19},{"duration":0,"rotate":-2.18}]},{"name":"bone68","rotateFrame":[{"duration":30,"curve":[0.25,0,0.75,1],"rotate":-6.79},{"duration":30,"curve":[0.25,0,0.75,1],"rotate":-16.3},{"duration":0,"rotate":-6.79}]},{"name":"bone67","rotateFrame":[{"duration":20,"curve":[0.351,0.4,0.624,0.71],"rotate":-2.43},{"duration":30,"curve":[0.25,0,0.75,1],"rotate":-23.86},{"duration":10,"tweenEasing":0,"rotate":-3.68},{"duration":0,"rotate":-2.43}]},{"name":"bone66","rotateFrame":[{"duration":10,"curve":[0.316,0.285,0.7424999999999999,1],"rotate":2.62},{"duration":20,"curve":[0.25,0,0.75,1],"rotate":1.61},{"duration":10,"curve":[0.25,0,0.75,1],"rotate":1.61},{"duration":20,"curve":[0.243,0,0.648,0.6],"rotate":7.1},{"duration":0,"rotate":2.62}],"scaleFrame":[{"duration":10,"curve":[0.316,0.285,0.7424999999999999,1]},{"duration":20,"curve":[0.25,0,0.75,1]},{"duration":10,"curve":[0.25,0,0.75,1],"y":0.89},{"duration":20,"curve":[0.243,0,0.648,0.6],"y":0.89},{"duration":0}]},{"name":"bone65","rotateFrame":[{"duration":30,"curve":[0.25,0,0.75,1],"rotate":4.63},{"duration":30,"curve":[0.25,0,0.75,1],"rotate":-4.31},{"duration":0,"rotate":4.63}]},{"name":"bone64","rotateFrame":[{"duration":20,"curve":[0.351,0.4,0.756,1],"rotate":2.55},{"duration":30,"curve":[0.25,0,0.75,1],"rotate":-2.97},{"duration":10,"curve":[0.264,0,0.617,0.42],"rotate":4.74},{"duration":0,"rotate":2.55}]},{"name":"bone63","rotateFrame":[{"duration":10,"curve":[0.382,0.57,0.735,1],"rotate":-0.7},{"duration":30,"curve":[0.25,0,0.75,1],"rotate":-2.15},{"duration":20,"curve":[0.243,0,0.648,0.6],"rotate":2.94},{"duration":0,"rotate":-0.7}]},{"name":"bone69","rotateFrame":[{"duration":10,"curve":[0.0955,0.1425,0.93375,1],"rotate":0.89},{"duration":30,"curve":[0.25,0,0.75,1],"rotate":1.73},{"duration":20,"curve":[0.243,0,0.648,0.6],"rotate":-1.2},{"duration":0,"rotate":0.89}]},{"name":"bone76","rotateFrame":[{"duration":15,"curve":[0.09375,0.125,0.9375,1],"rotate":-14.75},{"duration":30,"curve":[0.25,0,0.75,1],"rotate":-40.05},{"duration":15,"tweenEasing":0,"rotate":10.55},{"duration":0,"rotate":-14.75}]},{"name":"bone75","rotateFrame":[{"duration":10,"curve":[0.0955,0.1425,0.93375,1],"rotate":-14.78},{"duration":30,"curve":[0.25,0,0.75,1],"rotate":-25.57},{"duration":20,"tweenEasing":0,"rotate":12.45},{"duration":0,"rotate":-14.78}]},{"name":"bone74","rotateFrame":[{"duration":5,"curve":[0.0925,0.155,0.92725,1],"rotate":-3.44},{"duration":30,"curve":[0.25,0,0.75,1],"rotate":-5.09},{"duration":25,"tweenEasing":0,"rotate":38.51},{"duration":0,"rotate":-3.44}]},{"name":"bone73","rotateFrame":[{"duration":30,"curve":[0.0625,0,0.9375,1],"rotate":-9},{"duration":30,"curve":[0.25,0,0.75,1],"rotate":12.56},{"duration":0,"rotate":-9}]},{"name":"bone72","rotateFrame":[{"duration":25,"curve":[0.0775,0.0625,0.939,1],"rotate":-7.34},{"duration":30,"curve":[0.25,0,0.75,1],"rotate":6.21},{"duration":5,"curve":[0.29,0,0.629,0.37],"rotate":-8.79},{"duration":0,"rotate":-7.34}]},{"name":"bone71","rotateFrame":[{"duration":20,"curve":[0.08775,0.1,0.939,1],"rotate":-5.97},{"duration":30,"curve":[0.25,0,0.75,1],"rotate":2.06},{"duration":10,"curve":[0.264,0,0.617,0.42],"rotate":-9.16},{"duration":0,"rotate":-5.97}]},{"name":"bone70","rotateFrame":[{"duration":15,"curve":[0.09375,0.125,0.9375,1],"rotate":-0.79},{"duration":30,"curve":[0.25,0,0.75,1],"rotate":3.21},{"duration":15,"curve":[0.25,0,0.625,0.5],"rotate":-4.79},{"duration":0,"rotate":-0.79}]},{"name":"bone77","rotateFrame":[{"duration":30,"curve":[0.0955,0.1425,0.93375,1],"rotate":-5.5},{"duration":25,"curve":[0.25,0,0.75,1],"rotate":2.7},{"duration":5,"curve":[0.25,0,0.625,0.5],"rotate":-4.71},{"duration":0,"rotate":-5.5}]},{"name":"bone79","rotateFrame":[{"duration":10,"curve":[0.09425,0.15,0.92975,1],"rotate":4.32},{"duration":30,"curve":[0.25,0,0.75,1],"rotate":-7.91},{"duration":20,"curve":[0.25,0,0.75,1],"rotate":37.96},{"duration":0,"rotate":4.32}]},{"name":"bone78","rotateFrame":[{"duration":5,"curve":[0.08125,0.075,0.91875,0.9225],"rotate":-3.79},{"duration":30,"curve":[0.25,0,0.75,1],"rotate":-8.07},{"duration":25,"curve":[0.415,0.43,0.75,1],"rotate":16.94},{"duration":0,"rotate":-3.79}]},{"name":"bone23","rotateFrame":[{"duration":15,"curve":[0.2505,0.0975,0.7404999999999999,0.8500000000000001],"rotate":-6.14},{"duration":30,"curve":[0.25,0,0.75,1],"rotate":-7.42},{"duration":15,"curve":[0.389,0.15,0.68,0.74],"rotate":3.73},{"duration":0,"rotate":-6.14}],"scaleFrame":[{"duration":15,"curve":[0.2505,0.0975,0.7404999999999999,0.8500000000000001],"y":0.92},{"duration":30,"curve":[0.25,0,0.75,1]},{"duration":15,"curve":[0.389,0.15,0.68,0.74],"y":0.89},{"duration":0,"y":0.92}]},{"name":"bone30","rotateFrame":[{"duration":15,"curve":[0.09375,0.125,0.9375,1],"rotate":0.36},{"duration":30,"curve":[0.25,0,0.75,1],"rotate":-0.24},{"duration":15,"curve":[0.25,0,0.625,0.5],"rotate":11.72},{"duration":0,"rotate":0.36}]},{"name":"bone36","rotateFrame":[{"duration":30,"curve":[0.0625,0,0.9375,1],"rotate":7.58},{"duration":30,"tweenEasing":0,"rotate":-4.68},{"duration":0,"rotate":7.58}]},{"name":"bone35","rotateFrame":[{"duration":25,"curve":[0.0775,0.0625,0.939,1],"rotate":11.96},{"duration":30,"curve":[0.25,0,0.75,1],"rotate":-2.77},{"duration":5,"curve":[0.29,0,0.629,0.37],"rotate":13.53},{"duration":0,"rotate":11.96}]},{"name":"bone34","rotateFrame":[{"duration":20,"curve":[0.08775,0.1,0.939,1],"rotate":0.59},{"duration":30,"curve":[0.25,0,0.75,1],"rotate":-3.69},{"duration":10,"curve":[0.264,0,0.617,0.42],"rotate":2.29},{"duration":0,"rotate":0.59}]},{"name":"bone37","rotateFrame":[{"duration":10,"curve":[0.0955,0.1425,0.93375,1],"rotate":0.7},{"duration":30,"tweenEasing":0,"rotate":2.23},{"duration":20,"curve":[0.243,0,0.648,0.6],"rotate":-3.13},{"duration":0,"rotate":0.7}]},{"name":"bone84","rotateFrame":[{"duration":25,"curve":[0.0775,0.0625,0.939,1],"rotate":-9.07},{"duration":30,"tweenEasing":0,"rotate":7.11},{"duration":5,"curve":[0.29,0,0.629,0.37],"rotate":-10.8},{"duration":0,"rotate":-9.07}]},{"name":"bone39","rotateFrame":[{"duration":20,"curve":[0.08775,0.1,0.939,1],"rotate":-2.12},{"duration":30,"curve":[0.25,0,0.75,1],"rotate":3.01},{"duration":10,"curve":[0.264,0,0.617,0.42],"rotate":-4.16},{"duration":0,"rotate":-2.12}]},{"name":"bone38","rotateFrame":[{"duration":15,"curve":[0.09375,0.125,0.9375,1],"rotate":0.43},{"duration":30,"tweenEasing":0,"rotate":4.12},{"duration":15,"curve":[0.25,0,0.625,0.5],"rotate":-3.26},{"duration":0,"rotate":0.43}]},{"name":"bone89","rotateFrame":[{"duration":10,"curve":[0.0955,0.1425,0.93375,1],"rotate":-0.82},{"duration":30,"curve":[0.25,0,0.75,1],"rotate":-2.93},{"duration":20,"curve":[0.243,0,0.648,0.6],"rotate":9.75},{"duration":0,"rotate":-0.82}]},{"name":"bone92","rotateFrame":[{"duration":25,"curve":[0.0775,0.0625,0.939,1],"rotate":20.92},{"duration":30,"curve":[0.25,0,0.75,1],"rotate":-8.35},{"duration":5,"curve":[0.29,0,0.629,0.37],"rotate":24.05},{"duration":0,"rotate":20.92}]},{"name":"bone91","rotateFrame":[{"duration":20,"curve":[0.08775,0.1,0.939,1],"rotate":4.9},{"duration":30,"curve":[0.25,0,0.75,1],"rotate":-8.42},{"duration":10,"curve":[0.264,0,0.617,0.42],"rotate":10.18},{"duration":0,"rotate":4.9}]},{"name":"bone90","rotateFrame":[{"duration":15,"curve":[0.09375,0.125,0.9375,1],"rotate":1.34},{"duration":30,"curve":[0.25,0,0.75,1],"rotate":-6.52},{"duration":15,"curve":[0.25,0,0.625,0.5],"rotate":9.2},{"duration":0,"rotate":1.34}]}]}],"defaultActions":[{"gotoAndPlay":"idle"}]}]}