{"frameRate":30,"name":"girl_02","version":"5.5","compatibleVersion":"5.5","armature":[{"type":"Armature","frameRate":30,"name":"girl_02","aabb":{"x":-87.9,"y":-478.27,"width":232.46,"height":491.45},"bone":[{"name":"root"},{"name":"bone","parent":"root","transform":{"x":-1.13,"y":-206.3}},{"length":39,"name":"bone48","parent":"root","transform":{"x":-34.51,"y":-32.97,"skX":61.53,"skY":61.53}},{"length":33,"name":"bone51","parent":"root","transform":{"x":19.01,"y":-35.05,"skX":100.61,"skY":100.61}},{"length":49,"name":"bone2","parent":"bone","transform":{"y":-2.62,"skX":-84.74,"skY":-84.74}},{"length":26,"name":"bone55","parent":"bone","transform":{"x":-39.1,"y":-15.67,"skX":-10.91,"skY":-10.91}},{"length":85,"name":"bone49","parent":"bone","transform":{"x":21.4,"y":-2.21,"skX":88.05,"skY":88.05}},{"length":77,"name":"bone46","parent":"bone","transform":{"x":-15.53,"y":2.76,"skX":99.86,"skY":99.86}},{"length":46,"name":"bone3","parent":"bone2","transform":{"x":49.01,"skX":-18.46,"skY":-18.46}},{"length":88,"name":"bone50","parent":"bone49","transform":{"x":85.53,"skX":4.64,"skY":4.64}},{"length":94,"name":"bone47","parent":"bone46","transform":{"x":77.5,"skX":-7.09,"skY":-7.09}},{"length":17,"name":"bone56","parent":"bone3","transform":{"x":47.24,"y":5.98,"skX":98.1,"skY":98.1}},{"length":21,"name":"bone4","parent":"bone3","transform":{"x":46.37,"y":0.16,"skX":12.51,"skY":12.51}},{"length":24,"name":"bone52","parent":"bone3","transform":{"x":52.01,"y":-6.22,"skX":-90.11,"skY":-90.11}},{"length":53,"name":"bone57","parent":"bone56","transform":{"x":17.37,"skX":84.23,"skY":84.23}},{"length":55,"name":"bone53","parent":"bone52","transform":{"x":24.13,"skX":-28.94,"skY":-28.94}},{"length":114,"name":"bone5","parent":"bone4","transform":{"x":23.63,"y":-0.03,"skX":3.9,"skY":3.9}},{"length":34,"name":"bone17","parent":"bone5","transform":{"x":52.72,"y":-30.47,"skX":155.74,"skY":155.74}},{"length":44,"name":"bone6","parent":"bone5","transform":{"x":74.14,"y":9.2,"skX":163.1,"skY":163.1}},{"length":57,"name":"bone54","parent":"bone53","transform":{"x":55.12,"skX":-90.1,"skY":-90.1}},{"name":"bone61","parent":"bone5","transform":{"x":41.99,"y":23.98}},{"name":"bone60","parent":"bone5","transform":{"x":41.55,"y":-23.16}},{"length":19,"name":"bone30","parent":"bone5","transform":{"x":106.96,"y":3.01,"skX":-157.75,"skY":-157.75}},{"length":32,"name":"bone23","parent":"bone5","transform":{"x":81.87,"y":-16.78,"skX":-134.16,"skY":-134.16}},{"length":58,"name":"bone58","parent":"bone57","transform":{"x":53.51,"y":-0.1,"skX":-10.98,"skY":-10.98}},{"length":23,"name":"bone40","parent":"bone5","transform":{"x":98.53,"y":22.96,"skX":148.36,"skY":148.36}},{"length":21,"name":"bone34","parent":"bone5","transform":{"x":99.72,"y":-34.22,"skX":-148.71,"skY":-148.71}},{"length":28,"name":"bone18","parent":"bone17","transform":{"x":34.58,"skX":-1.88,"skY":-1.88}},{"length":22,"name":"bone24","parent":"bone23","transform":{"x":32.13,"skX":-22.08,"skY":-22.08}},{"length":27,"name":"bone7","parent":"bone6","transform":{"x":44.18,"skX":-6.1,"skY":-6.1}},{"length":17,"name":"bone31","parent":"bone30","transform":{"x":19.67,"skX":1.1,"skY":1.1}},{"length":22,"name":"bone41","parent":"bone40","transform":{"x":23.56,"skX":16.07,"skY":16.07}},{"length":21,"name":"bone35","parent":"bone34","transform":{"x":21.9,"skX":-22.61,"skY":-22.61}},{"length":29,"name":"bone59","parent":"bone58","transform":{"x":58.92,"skX":7.53,"skY":7.53}},{"length":16,"name":"bone36","parent":"bone35","transform":{"x":21.9,"skX":-16.81,"skY":-16.81}},{"length":18,"name":"bone8","parent":"bone7","transform":{"x":27.13,"skX":-10.32,"skY":-10.32}},{"length":15,"name":"bone42","parent":"bone41","transform":{"x":22.25,"skX":14.77,"skY":14.77}},{"length":16,"name":"bone32","parent":"bone31","transform":{"x":17.65,"skX":-1.72,"skY":-1.72}},{"length":19,"name":"bone25","parent":"bone24","transform":{"x":22.83,"skX":-38.47,"skY":-38.47}},{"length":24,"name":"bone19","parent":"bone18","transform":{"x":28.57,"skX":-14.99,"skY":-14.99}},{"length":15,"name":"bone37","parent":"bone36","transform":{"x":16.41,"skX":-4.2,"skY":-4.2}},{"length":15,"name":"bone33","parent":"bone32","transform":{"x":16.78,"skX":-5.4,"skY":-5.4}},{"length":14,"name":"bone26","parent":"bone25","transform":{"x":19.67,"skX":-11.87,"skY":-11.87}},{"length":17,"name":"bone43","parent":"bone42","transform":{"x":15.98,"skX":9.73,"skY":9.73}},{"length":20,"name":"bone20","parent":"bone19","transform":{"x":24.17,"skX":-19.17,"skY":-19.17}},{"length":14,"name":"bone9","parent":"bone8","transform":{"x":18.98,"skX":-15.18,"skY":-15.18}},{"length":17,"name":"bone38","parent":"bone37","transform":{"x":15.99,"skX":-6.04,"skY":-6.04}},{"length":13,"name":"bone27","parent":"bone26","transform":{"x":14.39,"skX":-17.21,"skY":-17.21}},{"length":19,"name":"bone21","parent":"bone20","transform":{"x":20.64,"skX":17.69,"skY":17.69}},{"length":17,"name":"bone10","parent":"bone9","transform":{"x":14.47,"skX":-43.72,"skY":-43.72}},{"length":16,"name":"bone44","parent":"bone43","transform":{"x":17.72,"skX":-3.55,"skY":-3.55}},{"length":15,"name":"bone45","parent":"bone44","transform":{"x":14.85,"y":0.49,"skX":-7.34,"skY":-7.34}},{"length":15,"name":"bone22","parent":"bone21","transform":{"x":18.93,"y":-0.39,"skX":34.33,"skY":34.33}},{"length":15,"name":"bone39","parent":"bone38","transform":{"x":16.69,"y":-0.14,"skX":-21.69,"skY":-21.69}},{"length":12,"name":"bone28","parent":"bone27","transform":{"x":13.16,"skX":-0.89,"skY":-0.89}},{"length":16,"name":"bone11","parent":"bone10","transform":{"x":17.29,"skX":-3.45,"skY":-3.45}},{"length":19,"name":"bone29","parent":"bone28","transform":{"x":12.39,"skX":20.68,"skY":20.68}},{"length":17,"name":"bone12","parent":"bone11","transform":{"x":16.19,"y":-0.65,"skX":0.57,"skY":0.57}},{"length":13,"name":"bone13","parent":"bone12","transform":{"x":17.99,"skX":15.47,"skY":15.47}},{"length":12,"name":"bone14","parent":"bone13","transform":{"x":13.36,"skX":28.53,"skY":28.53}},{"length":9,"name":"bone15","parent":"bone14","transform":{"x":12.75,"skX":14.76,"skY":14.76}},{"length":10,"name":"bone16","parent":"bone15","transform":{"x":9.85,"skX":23.99,"skY":23.99}}],"slot":[{"name":"00_15","parent":"bone6"},{"displayIndex":-1,"name":"00_14","parent":"bone57"},{"name":"00_13","parent":"bone58"},{"name":"01_13","parent":"root"},{"name":"01_12","parent":"root"},{"name":"01_10","parent":"root"},{"name":"01_8","parent":"root"},{"name":"01_7","parent":"root"},{"name":"01_6","parent":"root"},{"name":"00_3","parent":"bone5"},{"name":"00_4","parent":"bone23"},{"name":"00_2","parent":"bone30"},{"name":"01_2","parent":"bone5"},{"name":"01_1","parent":"bone5"}],"ik":[{"chain":1,"name":"2","bone":"bone50","target":"bone51"},{"bendPositive":false,"chain":1,"name":"1","bone":"bone47","target":"bone48"},{"bendPositive":false,"chain":1,"name":"3","bone":"bone54","target":"bone55"}],"skin":[{"slot":[{"name":"01_1","display":[{"name":"01/01_1","transform":{"x":88.53,"y":-14.91,"skX":86.78,"skY":86.78}}]},{"name":"01_13","display":[{"type":"mesh","name":"01/01_13","width":45,"height":83,"vertices":[36.52,-266.3,38.85,-256.76,56.17,-217.39,56.17,-194.27,26.97,-194.28,11.19,-233.93,11.2,-247.91,11.2,-257.23,11.2,-277.28,19.3,-277.28,34.9,-277.28,23.96,-253.73,22.79,-262.58],"uvs":[0.56303,0.13208,0.6148,0.24714,1,0.72143,1,1,0.35081,1,0,0.52217,0,0.35378,0,0.24153,0,0,0.17999,0,0.5268,0,0.28351,0.28362,0.25763,0.17698],"triangles":[5,4,2,1,11,2,11,5,2,2,4,3,0,12,1,12,11,1,9,12,10,10,12,0,6,5,11,9,8,12,12,7,11,7,6,11,8,7,12],"weights":[2,24,0.07402,14,0.92596,2,24,0.57316,14,0.42683,1,24,1,1,24,1,1,24,1,2,24,0.9856,14,0.01439,2,24,0.68771,14,0.31228,2,24,0.20521,14,0.79478,1,14,1,1,14,1,1,14,1,2,24,0.2861,14,0.71389,1,14,1],"slotPose":[1,0,0,1,0,0],"bonePose":[24,0.372178,0.928161,-0.928161,0.372178,25.888142,-254.094072,14,0.188581,0.982058,-0.982058,0.188581,15.698952,-306.625116],"edges":[5,4,4,3,3,2,2,1,1,0,0,10,10,9,9,8,8,7,7,6,6,5],"userEdges":[11,1,11,6,7,12,12,0]}]},{"name":"01_7","display":[{"type":"mesh","name":"01/01_7","width":73,"height":98,"vertices":[-14.79,-289.7,-37.79,-279.61,-52.16,-263.91,-52.67,-259.07,-47.98,-256.06,-33.71,-230.49,-44.78,-216.29,-59.99,-216.3,-87.81,-251.92,-87.8,-265.59,-87.79,-273.78,-48.13,-314.27,-14.79,-314.27,-38.95,-300.98,-74.87,-266.77,-78.05,-262.43,-77.37,-257.23],"uvs":[1,0.25075,0.68499,0.35387,0.48825,0.51406,0.48139,0.56347,0.54568,0.59414,0.74141,0.85503,0.58961,1,0.3813,0.99999,0,0.63661,0,0.49702,0,0.41352,0.54315,0,1,0,0.66897,0.13575,0.17713,0.48509,0.13366,0.52939,0.14299,0.58242],"triangles":[11,13,12,12,13,0,13,1,0,7,6,5,4,7,5,11,14,13,13,14,1,14,2,1,16,7,3,3,7,4,10,14,11,16,8,7,2,14,3,9,15,14,10,9,14,15,9,16,9,8,16,16,15,3,15,14,3],"weights":[2,15,0.10692,13,0.89307,3,19,0.00042,15,0.89693,13,0.10264,2,19,0.3201,15,0.67989,2,19,0.67245,15,0.32754,2,19,0.87304,15,0.12695,1,19,1,1,19,1,1,19,1,2,19,0.98928,15,0.01071,2,19,0.41971,15,0.58028,2,19,0.06175,15,0.93824,2,15,0.6431,13,0.35688,1,13,1,2,15,0.5,13,0.5,1,15,1,2,19,0.88321,15,0.11678,1,19,1],"slotPose":[1,0,0,1,0,0],"bonePose":[19,0.673658,0.739043,-0.739043,0.673658,-78.851837,-264.323055,15,-0.740218,0.672367,-0.672367,-0.740218,-38.051014,-301.383914,13,-0.973139,0.23022,-0.23022,-0.973139,-14.569177,-306.939112],"edges":[8,7,7,6,6,5,5,4,4,3,3,2,2,1,1,0,0,12,12,11,11,10,10,9,9,8],"userEdges":[1,13,13,11,10,14,14,2,9,15,15,3,8,16,16,3]}]},{"name":"01_2","display":[{"name":"01/01_2","transform":{"x":70.79,"y":-0.89,"skX":86.78,"skY":86.78}}]},{"name":"00_4","display":[{"type":"mesh","name":"00/00_4","width":92,"height":138,"vertices":[-8.67,-409.91,-8.49,-389.75,-30.62,-379.66,-36.49,-364.83,-39.3,-349.14,-32.31,-336.27,-19.43,-323.66,-7.4,-300.71,-9.09,-287.27,-42.12,-287.27,-34.55,-300.72,-45.19,-305.19,-54.7,-315.55,-60.86,-325.92,-68.81,-343.55,-68.81,-358.67,-63.36,-372.39,-56.93,-397.02,-41.53,-425.25,-8.78,-425.25,-27.55,-315.55,-36.5,-324.24,-44.07,-335.15,-50.21,-348.32,-53.84,-368.47,-44.6,-387.78],"uvs":[0.65388,0.11124,0.65561,0.25735,0.41518,0.3304,0.35126,0.43793,0.32083,0.55156,0.39691,0.64489,0.53691,0.73619,0.66778,0.90257,0.64952,1,0.29039,1,0.37257,0.90257,0.25691,0.87011,0.15344,0.79503,0.08648,0.71996,0,0.59214,0,0.48257,0.05909,0.38315,0.12909,0.2046,0.29648,0,0.65257,0,0.44865,0.79503,0.35126,0.73214,0.26909,0.65301,0.20213,0.55764,0.16257,0.41156,0.263,0.27156],"triangles":[25,2,0,19,18,0,0,2,1,6,20,7,10,8,7,20,10,7,18,25,0,10,9,8,21,20,6,5,21,6,17,25,18,11,10,20,21,11,20,22,21,5,25,3,2,25,24,3,4,22,5,12,11,21,23,4,3,23,22,4,22,12,21,24,23,3,13,12,22,23,13,22,16,24,25,17,16,25,14,13,23,24,15,23,15,14,23,16,15,24],"weights":[1,23,1,1,23,1,3,23,0.56167,28,0.41102,38,0.02729,4,23,0.01405,28,0.50379,38,0.46516,42,0.01698,4,28,0.01519,38,0.32273,42,0.61117,47,0.05088,3,42,0.16577,47,0.63615,54,0.19807,3,47,0.01771,54,0.60143,56,0.38084,1,56,1,1,56,1,1,56,1,3,47,0.02499,54,0.1022,56,0.87279,4,42,0.00897,47,0.24777,54,0.40357,56,0.33967,4,42,0.16515,47,0.5472,54,0.24556,56,0.04206,4,38,0.0459,42,0.49174,47,0.41883,54,0.04351,4,23,0.00001,38,0.53936,42,0.4373,47,0.02332,4,23,0.00003,28,0.04035,38,0.90576,42,0.05384,2,28,0.66858,38,0.33141,3,23,0.52511,28,0.47485,42,0.00002,1,23,0.99999,1,23,1,2,54,0.5,56,0.5,2,47,0.5,54,0.5,2,42,0.5,47,0.5,2,38,0.5,42,0.5,2,28,0.5,38,0.5,2,23,0.5,28,0.5],"slotPose":[1,0,0,1,0,0],"bonePose":[23,-0.755282,0.6554,-0.6554,-0.755282,-19.553706,-409.214087,28,-0.453524,0.891244,-0.891244,-0.453524,-43.82091,-388.156079,38,0.199368,0.979925,-0.979925,0.199368,-54.174861,-367.808976,42,0.396667,0.917962,-0.917962,0.396667,-50.253294,-348.533857,47,0.650509,0.759498,-0.759498,0.650509,-44.545251,-335.324378,54,0.662228,0.749303,-0.749303,0.662228,-35.984551,-325.329378,56,0.354944,0.934888,-0.934888,0.354944,-27.779549,-316.045519],"edges":[14,13,13,12,12,11,11,10,10,9,9,8,8,7,7,6,6,5,5,4,4,3,3,2,2,1,1,0,0,19,19,18,18,17,17,16,16,15,15,14],"userEdges":[25,0]}]},{"name":"01_10","display":[{"type":"mesh","name":"01/01_10","width":94,"height":159,"vertices":[26.04,-314.85,30.41,-297.84,34.08,-283.55,34.63,-264.53,38.5,-254.56,43.18,-236.27,43.18,-205.9,20.78,-182.28,-11.35,-182.29,-50.8,-212.47,-44.59,-244.31,-42.09,-251.79,-38.49,-264.81,-45.68,-289.65,-50.79,-307.66,-50.78,-341.28,26.33,-341.26,3.06,-257.62,2.51,-248.74,3.05,-239.88,4.45,-311.52,-14.66,-292.13,-18.81,-308.48,-4.7,-310.15,7,-295.76],"uvs":[0.81753,0.16615,0.86397,0.27314,0.90299,0.36301,0.90888,0.48263,0.95014,0.54535,1,0.66033,1,0.85142,0.76154,1,0.41971,1,0,0.81015,0.06609,0.60981,0.09262,0.56277,0.13092,0.48089,0.05431,0.32468,0,0.21144,0,0,0.82048,0,0.57294,0.52619,0.56705,0.58193,0.57295,0.63768,0.58768,0.18705,0.38435,0.309,0.34015,0.20622,0.49043,0.19576,0.61499,0.2862],"triangles":[19,7,6,19,6,5,4,19,5,18,19,4,3,17,4,17,18,4,19,8,7,1,24,2,17,3,2,24,17,2,16,20,0,0,24,1,23,20,16,15,23,16,20,24,0,15,22,23,9,8,19,10,9,19,20,23,24,21,12,17,17,12,18,18,11,19,11,10,19,12,11,18,22,21,23,13,12,21,15,14,22,22,13,21,14,13,22,24,17,23,23,21,17],"weights":[1,11,1,2,8,0.79999,11,0.2,1,8,1,2,4,0.42103,8,0.57896,2,4,0.68461,8,0.31538,2,4,0.92993,8,0.07006,2,4,0.39199,6,0.60799,2,4,0.54399,6,0.456,2,4,0.63199,7,0.368,2,4,0.9884,8,0.01159,2,4,0.77718,8,0.22281,2,4,0.6479,8,0.35209,2,4,0.32811,8,0.67188,3,4,0.00009,8,0.82345,13,0.17644,1,13,1,2,8,0.032,13,0.96799,2,8,0.61599,11,0.384,2,4,0.5,8,0.5,1,4,1,1,4,1,2,8,0.912,11,0.08799,2,4,0.00129,8,0.9987,2,8,0.824,13,0.17599,1,8,1,2,8,0.904,11,0.09599],"slotPose":[1,0,0,1,0,0],"bonePose":[11,0.996041,-0.088894,0.088894,0.996041,-1.602281,-305.081022,8,-0.228351,-0.973579,0.973579,-0.228351,3.363012,-257.723616,4,0.091675,-0.995789,0.995789,0.091675,-1.13,-208.92,6,0.034027,0.999421,-0.999421,0.034027,20.27,-208.51,7,-0.171241,0.985229,-0.985229,-0.171241,-16.66,-203.54,13,-0.973139,0.23022,-0.23022,-0.973139,-14.569177,-306.939112],"edges":[9,8,8,7,7,6,6,5,5,4,4,3,3,2,2,1,1,0,0,16,16,15,15,14,14,13,13,12,12,11,11,10,10,9],"userEdges":[17,12,11,18,18,4,17,3,10,19,5,19,0,20,13,21,21,22,22,14,17,23,23,22,23,20]}]},{"name":"01_8","display":[{"type":"mesh","name":"01/01_8","width":51,"height":29,"vertices":[-5.81,-210.28,-45.97,-210.29,-56.82,-222.55,-49.93,-239.29,-37.69,-230.63,-26.7,-239.27,-5.8,-239.28,-40.75,-221.64],"uvs":[1,1,0.21263,1,0,0.57758,0.13499,0,0.37498,0.29827,0.59028,0,1,0,0.31499,0.60861],"triangles":[5,4,0,4,7,0,6,5,0,7,1,0,3,7,4,2,1,7,3,2,7],"weights":[1,5,1,2,5,0.38445,19,0.61554,1,19,1,1,19,1,2,5,0.57922,19,0.42077,1,5,1,1,5,1,2,5,0.5,19,0.5],"slotPose":[1,0,0,1,0,0],"bonePose":[5,0.981926,-0.189267,0.189267,0.981926,-40.23,-221.97,19,0.673658,0.739043,-0.739043,0.673658,-78.851837,-264.323055],"edges":[2,1,1,0,0,6,6,5,5,4,4,3,3,2],"userEdges":[4,7,7,1]}]},{"name":"00_2","display":[{"type":"mesh","name":"00/00_2","width":115,"height":162,"vertices":[39.55,-431.07,53.18,-407.22,53.19,-381.61,53.2,-364.16,53.21,-347.28,53.22,-328.96,53.23,-311.2,20.71,-305.08,15.74,-330.4,20.68,-345.82,27.94,-363.28,19.2,-379.55,-0.96,-357.85,-24.17,-361.82,-39.3,-364.14,-38.43,-354.83,-33.21,-342.9,-26.81,-328.34,-40.78,-316.43,-54.44,-338.25,-61.81,-355.41,-61.81,-370.83,-61.81,-389.15,-61.8,-416.21,-47.45,-436.87,-27.37,-449.26,19.47,-449.26,-37.26,-427.28,-7.87,-415.94,22.09,-422.34,-46.57,-407.79,-16.59,-399.36,32.58,-401.98,-52.69,-388.58,-21.25,-383.37,36.96,-380.74,36.09,-363.29,33.76,-347.28,30.57,-332.45,14.83,-401.96,8.42,-423.78,2.01,-431.66,-20.68,-426.11,-29.69,-403.12,-36.39,-383.63],"uvs":[0.88153,0.11232,1,0.25961,1,0.41769,1,0.52546,1,0.62965,1,0.74282,1,0.85239,0.71706,0.89011,0.67404,0.73383,0.71706,0.63863,0.78032,0.53085,0.7044,0.43026,0.52917,0.56436,0.32737,0.53983,0.19579,0.52546,0.20338,0.58295,0.24893,0.65659,0.30459,0.74641,0.18313,0.82006,0.0642,0.68533,0,0.57935,0,0.48415,0,0.37098,0,0.20393,0.12493,0.07639,0.29953,0,0.70693,0,0.2135,0.13567,0.46907,0.20572,0.72971,0.16621,0.13253,0.25602,0.39316,0.30811,0.8208,0.29195,0.07939,0.37458,0.35267,0.40691,0.85876,0.42308,0.85117,0.53085,0.83092,0.62965,0.80309,0.72126,0.66645,0.29195,0.61078,0.15722,0.55511,0.10872,0.35773,0.14285,0.27929,0.28476,0.22109,0.40511],"triangles":[37,38,5,37,5,4,36,37,4,5,38,6,38,7,6,32,35,2,32,2,1,0,32,1,36,4,3,2,35,3,35,36,3,10,37,36,32,11,35,10,36,35,29,32,0,26,29,0,8,7,38,39,11,32,11,10,35,9,38,37,10,9,37,29,39,32,26,40,29,9,8,38,41,40,26,40,39,29,39,31,11,31,34,11,25,41,26,34,12,11,40,28,39,28,31,39,41,28,40,34,13,12,42,28,41,25,42,41,43,31,28,42,43,28,25,27,42,27,43,42,44,13,34,43,34,31,44,14,13,43,44,34,27,30,43,24,27,25,16,18,17,19,18,16,30,33,44,30,44,43,15,19,16,33,21,14,23,30,27,33,14,44,24,23,27,20,19,15,20,15,14,21,20,14,22,33,30,23,22,30,22,21,33],"weights":[3,25,0.97377,31,0.02422,22,0.00199,3,25,0.42601,31,0.57273,36,0.00125,4,25,0.0043,31,0.46652,36,0.52002,43,0.00913,4,31,0.02241,36,0.51886,43,0.42036,50,0.03836,4,36,0.07891,43,0.48262,50,0.37458,51,0.06387,3,43,0.07171,50,0.31526,51,0.61302,2,50,0.03,51,0.96999,1,51,0.99999,2,50,0.41002,51,0.58997,3,43,0.22741,50,0.76983,51,0.00275,5,36,0.3651,43,0.62527,30,0.00196,37,0.00338,41,0.00427,7,25,0.02141,31,0.35358,36,0.26304,43,0.00169,30,0.07924,37,0.11906,41,0.16192,5,31,0.07235,36,0.03224,30,0.01352,37,0.13116,41,0.75071,5,31,0.0074,36,0.00313,41,0.97902,40,0.01023,46,0.00019,4,41,0.31717,34,0.06454,40,0.51435,46,0.10392,4,41,0.02273,40,0.22962,46,0.74261,53,0.00503,3,34,0.00024,46,0.43325,53,0.56649,4,41,0.00003,34,0.00004,46,0.00335,53,0.99656,1,53,1,2,46,0.74391,53,0.25608,2,40,0.62256,46,0.37742,2,34,0.46421,40,0.53578,3,32,0.4892,34,0.51042,26,0.00035,2,32,0.47242,26,0.52757,1,26,1,2,22,0.43034,26,0.56965,2,25,0.52719,22,0.4728,1,26,1,2,22,0.5,30,0.5,1,25,1,2,32,0.5,26,0.5,2,30,0.5,37,0.5,2,25,0.5,31,0.5,2,32,0.5,34,0.5,2,37,0.5,41,0.5,2,31,0.5,36,0.5,2,36,0.5,43,0.5,2,43,0.5,50,0.5,2,50,0.5,51,0.5,7,25,0.42285,31,0.26931,36,0.01471,22,0.02221,30,0.17488,37,0.06141,41,0.0346,6,25,0.46818,31,0.00795,22,0.40554,30,0.11595,37,0.00176,41,0.00059,1,22,1,5,22,0.41587,30,0.22669,37,0.00969,32,0.00172,26,0.346,7,22,0.00354,30,0.18019,37,0.27117,41,0.015,32,0.24322,34,0.00913,26,0.27771,5,37,0.08647,41,0.34589,32,0.10781,34,0.38493,40,0.07487],"slotPose":[1,0,0,1,0,0],"bonePose":[25,0.476085,0.879399,-0.879399,0.476085,21.056832,-423.622675,31,0.214053,0.976822,-0.976822,0.214053,32.273388,-402.904025,22,-0.429881,0.902886,-0.902886,-0.429881,1.610178,-433.156564,40,0.158503,0.987359,-0.987359,0.158503,-51.475847,-372.184612,36,-0.04205,0.999116,-0.999116,-0.04205,37.036077,-381.169737,43,-0.210301,0.977637,-0.977637,-0.210301,36.364117,-365.203871,50,-0.149363,0.988782,-0.988782,-0.149363,32.637581,-347.880149,51,-0.021815,0.999762,-0.999762,-0.021815,29.935041,-333.269918,46,0.261515,0.965199,-0.965199,0.261515,-48.941389,-356.396749,30,-0.447135,0.894467,-0.894467,-0.447135,-6.845579,-415.396804,37,-0.420086,0.907484,-0.907484,-0.420086,-14.737507,-399.609469,41,-0.33282,0.942991,-0.942991,-0.33282,-21.786546,-384.38188,34,0.085765,0.996315,-0.996315,0.085765,-52.883246,-388.534148,53,0.599722,0.800208,-0.800208,0.599722,-44.441568,-340.324185,32,-0.206033,0.978545,-0.978545,-0.206033,-48.371115,-409.964283,26,-0.566406,0.824126,-0.824126,-0.566406,-35.966818,-428.012646],"edges":[20,19,19,18,18,17,17,16,16,15,15,14,14,13,13,12,12,11,11,10,10,9,9,8,8,7,7,6,6,5,5,4,4,3,3,2,2,1,1,0,0,26,26,25,25,24,24,23,23,22,22,21,21,20],"userEdges":[11,39,39,40,40,41,41,42,42,43,43,44,44,14]}]},{"name":"00_15","display":[{"type":"mesh","name":"00/00_15","width":179,"height":143,"vertices":[39.49,-379.95,45.3,-359.95,51.1,-341.98,57.77,-330.97,63.42,-323.74,79.11,-315.27,96.06,-318.09,113.01,-311.18,124.62,-300.83,130.16,-292.67,130.17,-262.3,119.61,-282.32,112.7,-287.96,107.05,-293.92,97.32,-292.66,81.31,-287.33,63.42,-279.48,43.85,-262.27,19.47,-262.27,3.84,-271.22,-19.43,-282.35,-33.87,-302.77,-48.8,-340.73,-48.8,-383.44,-21.11,-405.24,24.7,-405.26,42.39,-297.37,33.9,-276.65,20.94,-292.97,3.55,-302.55,-10.37,-321.68,-23.41,-348.35,23.08,-318.22,14.93,-332.84,-0.9,-363.03],"uvs":[0.49337,0.17691,0.52577,0.31684,0.55817,0.44257,0.59541,0.51963,0.62699,0.57013,0.7147,0.62942,0.80942,0.60966,0.90415,0.65797,0.96905,0.73043,1,0.78752,1,1,0.94099,0.85998,0.90239,0.82045,0.87082,0.77873,0.81644,0.78752,0.72697,0.82485,0.62698,0.87974,0.51767,1,0.3814,1,0.2941,0.93739,0.16403,0.85951,0.08341,0.71669,0,0.45122,0,0.15257,0.15477,0,0.41074,0,0.50946,0.75458,0.46209,0.8995,0.38968,0.7853,0.29248,0.71837,0.21471,0.58453,0.1418,0.39795,0.40157,0.60886,0.35602,0.50657,0.26761,0.29528],"triangles":[8,12,9,12,11,9,11,10,9,7,13,8,13,12,8,6,14,13,6,13,7,6,5,14,5,15,14,5,16,15,27,17,16,26,27,16,3,26,4,2,32,3,32,26,3,1,33,2,33,32,2,28,27,26,0,34,1,34,33,1,32,28,26,27,18,17,25,34,0,28,18,27,19,18,28,29,28,32,24,34,25,33,29,32,30,29,33,29,19,28,34,31,33,31,30,33,24,23,34,29,20,19,30,21,29,21,20,29,23,31,34,31,22,30,22,21,30,23,22,31,26,4,16,4,16,5],"weights":[11,55,0.00195,49,0.00104,45,0.0237,35,0.00303,29,0.10726,18,0.85807,17,0.00167,27,0.00056,39,0.00014,48,0.00241,52,0.00009,10,55,0.01236,49,0.01103,45,0.07673,35,0.04634,29,0.42149,18,0.42133,27,0.00281,39,0.0008,48,0.00679,52,0.00026,11,55,0.05668,49,0.06215,45,0.18777,35,0.17508,29,0.44419,18,0.05738,27,0.00053,39,0.00179,44,0.00176,48,0.01215,52,0.00046,11,55,0.15649,49,0.18047,45,0.18771,35,0.32507,29,0.12444,18,0.00742,27,0.00019,39,0.00082,44,0.00143,48,0.01541,52,0.00049,10,57,0.01121,55,0.28267,49,0.3823,45,0.05371,35,0.20401,29,0.05808,27,0.00011,39,0.00055,44,0.00107,48,0.00623,8,57,0.48553,55,0.46588,49,0.01894,35,0.02508,29,0.00429,27,0.00001,39,0.00007,44,0.00016,4,58,0.44956,57,0.54909,35,0.00131,44,0.00001,3,59,0.47106,58,0.52819,57,0.00073,2,60,0.40398,59,0.59601,2,61,0.10308,60,0.89691,4,61,0.97005,60,0.02867,59,0.00091,58,0.00036,4,61,0.74349,60,0.24265,59,0.00831,58,0.00552,7,61,0.0788,60,0.50688,59,0.34135,58,0.07233,49,0.00038,48,0.00017,52,0.00006,8,61,0.00119,60,0.03561,59,0.58169,58,0.32984,57,0.04673,49,0.00318,48,0.00113,52,0.0006,7,59,0.13914,58,0.37626,57,0.43807,55,0.01317,49,0.02181,48,0.00713,52,0.00437,7,59,0.01524,58,0.03156,57,0.424,55,0.30476,49,0.14904,48,0.04309,52,0.03226,10,59,0.00007,57,0.04015,55,0.24293,49,0.34377,45,0.03156,35,0.00017,29,0.00042,39,0.00001,48,0.17088,52,0.17,5,55,0.00144,49,0.00212,45,0.00113,29,0.00001,52,0.99526,9,57,0.00006,55,0.00164,49,0.00235,45,0.00094,29,0.00001,39,0.00997,44,0.1215,48,0.22109,52,0.6424,9,57,0.00003,55,0.0003,49,0.00043,45,0.00017,27,0.001,39,0.13116,44,0.33578,48,0.3921,52,0.13897,9,57,0.00001,55,0.00001,49,0.00002,45,0.00001,27,0.05583,39,0.51217,44,0.36611,48,0.05299,52,0.01281,5,17,0.02285,27,0.3016,39,0.63772,44,0.03766,48,0.00014,3,17,0.6304,27,0.30923,39,0.06036,2,17,0.9994,27,0.00059,3,29,0.00018,18,0.99256,17,0.00723,3,45,0.00076,18,1.00119,48,0.00009,7,55,0.01112,49,0.13338,45,0.40975,29,0.00262,44,0.01407,48,0.4099,52,0.01912,2,48,0.5,52,0.5,2,44,0.5,48,0.5,2,39,0.5,44,0.5,2,27,0.5,39,0.5,2,17,0.5,27,0.5,1,35,1,2,35,0.5,29,0.5,5,29,0.07167,18,0.45535,17,0.39756,27,0.06832,39,0.00707],"slotPose":[1,0,0,1,0,0],"bonePose":[55,0.999078,-0.042922,0.042922,0.999078,62.686657,-304.691317,49,0.999851,0.017278,-0.017278,0.999851,45.399238,-304.990052,45,0.710677,0.703519,-0.703519,0.710677,35.115746,-315.169968,35,0.501662,0.865064,-0.865064,0.501662,25.594207,-331.58888,29,0.338574,0.94094,-0.94094,0.338574,16.408702,-357.116579,18,0.236669,0.97159,-0.97159,0.236669,5.952685,-400.041445,17,0.359183,0.933267,-0.933267,0.359183,-34.854503,-380.876405,27,0.389606,0.920982,-0.920982,0.389606,-22.433971,-348.60402,39,0.614561,0.78887,-0.78887,0.614561,-11.302921,-322.291578,48,0.634731,0.772734,-0.772734,0.634731,20.878806,-292.010454,52,0.088373,0.996087,-0.996087,0.088373,33.19562,-277.630153,44,0.839525,0.543321,-0.543321,0.839525,3.551008,-303.224599,57,0.999456,-0.032981,0.032981,0.999456,78.833838,-306.035624,58,0.972043,0.234803,-0.234803,0.972043,96.814051,-306.628947,59,0.741859,0.670556,-0.670556,0.741859,109.800546,-303.491981,60,0.546541,0.837433,-0.837433,0.546541,119.259246,-294.942391,61,0.158847,0.987303,-0.987303,0.158847,124.64267,-286.693679],"edges":[22,21,21,20,20,19,19,18,18,17,17,16,16,15,15,14,14,13,13,12,12,11,11,10,10,9,9,8,8,7,7,6,6,5,5,4,4,3,3,2,2,1,1,0,0,25,25,24,24,23,23,22],"userEdges":[9,11,8,12,7,13,6,14,5,15,4,16,3,26,26,27,27,18,26,32,32,33,33,34]}]},{"name":"01_6","display":[{"name":"01/01_6","transform":{"x":-7.31,"y":-32.79}}]},{"name":"01_12","display":[{"type":"mesh","name":"01/01_12","width":128,"height":341,"vertices":[3.96,-316.39,18.62,-312.23,36.45,-277.05,31.56,-265.35,26.67,-247.52,34.82,-226.7,46.2,-199.01,34.25,-136.79,33.63,-129.59,36.52,-120.73,35.67,-38.29,35.43,-31.97,30.04,-0.62,0.56,-0.14,5.02,-32.2,5.96,-40.85,8.31,-116.4,5.22,-126.08,5.84,-137,-0.14,-182.53,-10.85,-138.49,-12.7,-131.28,-16.41,-123.45,-22.59,-38.81,-20.52,-34.5,-4.42,-1.15,-12.6,9.7,-36.7,9.71,-49.81,-5.36,-52.61,-22.44,-54.51,-116.27,-47.71,-132.92,-45.87,-141.79,-45.87,-148.79,-46.7,-211.16,-32.93,-229.45,-26.33,-242.89,-33.17,-256.56,-38.05,-273.88,-51.98,-298.07,-53.19,-310.78,-20.46,-317.61,-17.53,-331.27,-7.04,-331.27,3.71,-331.26,-34.13,-32.63,-52.45,-33.05,-27.73,-140.76,-28.98,-132.52,-29.8,-121.6,17.37,-135.15,18.4,-126.5,19.02,-115.38,19.52,-35.01,18.35,-29.86,-33.19,-28.52,-0.45,-209.9,4.44,-257.31,2.74,-248.5,-20.71,-303.94,3.23,-305.39,-7.04,-304.91,-8.04,-316.98,1.26,-230.61],"uvs":[0.5294,0.04363,0.64393,0.05581,0.78327,0.15899,0.7451,0.19328,0.70692,0.24558,0.77056,0.30664,0.85947,0.38788,0.76611,0.57035,0.76128,0.59149,0.78381,0.61747,0.77715,0.85925,0.77532,0.87778,0.73327,0.96973,0.50293,0.9711,0.53766,0.87709,0.54498,0.8517,0.56333,0.63016,0.53919,0.60176,0.54402,0.56975,0.49735,0.43624,0.41367,0.5654,0.39919,0.58654,0.37022,0.6095,0.32194,0.85771,0.33818,0.87034,0.46401,0.96817,0.40002,1,0.21173,1,0.10935,0.95582,0.08741,0.90573,0.07249,0.63057,0.1256,0.58171,0.14008,0.55573,0.14008,0.53519,0.13363,0.35227,0.24117,0.2986,0.29271,0.25919,0.23926,0.21907,0.20109,0.1683,0.09229,0.09737,0.08274,0.06011,0.33852,0.04005,0.36143,0,0.44351,0,0.52749,0,0.23181,0.87583,0.08858,0.87463,0.2817,0.55876,0.27205,0.58292,0.26561,0.61494,0.63414,0.57518,0.64219,0.60055,0.64702,0.63318,0.65101,0.86886,0.64187,0.88395,0.23915,0.88788,0.49504,0.35592,0.53322,0.21692,0.51986,0.24272,0.33661,0.08017,0.52368,0.07587,0.44351,0.07731,0.43563,0.04187,0.50836,0.29518],"triangles":[16,15,52,19,50,7,52,15,10,15,53,10,9,52,10,5,56,6,56,19,6,19,7,6,19,18,50,54,12,11,8,51,9,51,52,9,1,60,2,57,3,2,60,57,2,53,11,10,4,63,5,63,56,5,53,54,11,50,8,7,54,13,12,50,51,8,57,4,3,57,58,4,58,63,4,49,23,22,60,61,57,14,13,54,14,54,53,15,14,53,51,16,52,0,60,1,18,17,50,50,17,51,17,16,51,49,30,23,59,38,61,47,20,19,61,38,57,38,37,57,43,62,0,43,0,44,62,61,0,0,61,60,36,63,58,36,58,57,37,36,57,33,47,19,56,34,19,35,56,63,36,35,63,24,55,25,34,33,19,35,34,56,30,46,23,42,62,43,27,26,25,55,27,25,42,41,62,41,59,62,62,59,61,28,27,55,47,21,20,46,45,23,47,48,21,48,22,21,39,38,59,48,49,22,45,55,24,41,40,59,40,39,59,23,45,24,29,28,55,32,48,47,33,32,47,31,49,48,32,31,48,31,30,49,45,46,55,46,29,55,30,29,46],"weights":[4,6,0.00005,4,0.00033,12,0.48412,11,0.51549,2,12,0.0131,11,0.98689,4,6,0.00181,4,0.087,8,0.43496,11,0.47621,5,6,0.01584,4,0.21387,8,0.44909,12,0.00256,11,0.31861,5,6,0.14941,4,0.58262,8,0.18962,12,0.00133,11,0.07698,5,6,0.70732,4,0.2816,8,0.00515,12,0.00029,11,0.00562,1,6,0.99999,2,6,0.93107,9,0.06892,2,6,0.71498,9,0.28501,2,6,0.39917,9,0.60082,2,9,0.69277,3,0.30722,2,9,0.483,3,0.51699,1,3,1,1,3,1,2,9,0.35249,3,0.64749,2,9,0.71366,3,0.28633,2,6,0.32211,9,0.67787,2,6,0.66099,9,0.339,2,6,0.88977,9,0.11022,3,7,0.43937,6,0.42336,4,0.13726,2,10,0.11013,7,0.88986,2,10,0.24924,7,0.75075,2,10,0.52441,7,0.47558,2,2,0.38978,10,0.61021,2,2,0.62376,10,0.37623,1,2,1,1,2,1,1,2,1,2,2,0.979,10,0.02099,2,2,0.7263,10,0.27368,2,10,0.88104,7,0.11895,2,10,0.44473,7,0.55526,2,10,0.16764,7,0.83235,2,10,0.04136,7,0.95863,3,7,0.91866,4,0.08077,8,0.00056,4,7,0.52818,4,0.4187,8,0.04853,13,0.00457,4,7,0.1775,4,0.55661,8,0.23477,13,0.0311,5,7,0.04025,4,0.31567,8,0.50802,12,0.00175,13,0.13428,5,7,0.00434,4,0.07904,8,0.52343,12,0.0041,13,0.38906,1,8,1,1,13,1,2,12,0.40763,13,0.59236,2,12,0.904,13,0.09599,1,12,1,4,6,0.00001,4,0.00011,12,0.90397,11,0.09588,2,2,0.5,10,0.5,2,2,0.27602,10,0.72397,1,7,1,2,10,0.5,7,0.5,2,10,0.5,7,0.5,1,6,1,2,6,0.70368,9,0.29631,1,9,1,2,9,0.5,3,0.5,2,9,0.5,3,0.5,2,2,0.76165,10,0.23834,1,4,1,2,4,0.5,8,0.5,5,6,0.00109,4,0.7861,8,0.21167,12,0.00003,11,0.00109,1,8,1,1,8,1,1,8,1,1,12,1,3,7,0.04073,4,0.95796,13,0.00129],"slotPose":[1,0,0,1,0,0],"bonePose":[6,0.034027,0.999421,-0.999421,0.034027,20.27,-208.51,4,0.091675,-0.995789,0.995789,0.091675,-1.13,-208.92,12,-0.012042,-0.999927,0.999927,-0.012042,-7.069845,-302.905006,11,0.996041,-0.088894,0.088894,0.996041,-1.602281,-305.081022,8,-0.228351,-0.973579,0.973579,-0.228351,3.363012,-257.723616,9,-0.046932,0.998898,-0.998898,-0.046932,23.180359,-123.02953,3,-0.184123,0.982903,-0.982903,-0.184123,19.01,-35.05,7,-0.171241,0.985229,-0.985229,-0.171241,-16.66,-203.54,10,-0.048327,0.998832,-0.998832,-0.048327,-29.931202,-127.184744,2,0.476699,0.879067,-0.879067,0.476699,-34.51,-32.97,13,-0.973139,0.23022,-0.23022,-0.973139,-14.569177,-306.939112],"edges":[30,29,29,28,28,27,27,26,26,25,25,24,24,23,23,22,22,21,21,20,20,19,19,18,18,17,17,16,16,15,15,14,14,13,13,12,12,11,11,10,10,9,9,8,8,7,7,6,6,5,5,4,4,3,3,2,2,1,1,0,0,44,44,43,43,42,42,41,41,40,40,39,39,38,38,37,37,36,36,35,35,34,34,33,33,32,32,31,31,30],"userEdges":[23,45,45,46,46,30,33,47,47,20,32,48,48,21,31,49,49,22,18,50,50,7,17,51,51,8,16,52,52,9,15,53,53,10,14,54,54,11,46,29,29,55,55,24,35,56,37,57,57,3,36,58,58,4,56,5,57,61,0,62,62,41,61,62,62,43,56,63,63,58]}]},{"name":"00_13","display":[{"type":"mesh","name":"00/00_13","width":48,"height":96,"vertices":[34.76,-258.36,36.7,-253.69,45.77,-241.93,56.62,-203.08,58.33,-199.26,63.17,-184.1,63.17,-168.28,40.67,-168.28,39.33,-194.27,40.18,-199.23,15.19,-246.05,15.2,-250.72,15.2,-264.28,34.2,-264.27,25.08,-253.35,27.69,-249.82,47.71,-199.07,47.4,-195.23],"uvs":[0.40778,0.06154,0.44815,0.11023,0.63742,0.2327,0.86346,0.63739,0.89918,0.67725,1,0.83525,1,1,0.53118,1,0.50318,0.72925,0.52076,0.67749,0,0.18979,0,0.1411,0,0,0.3959,0,0.2059,0.11379,0.26053,0.15061,0.67753,0.67931,0.67118,0.71925],"triangles":[9,16,3,2,9,3,4,17,5,7,6,5,17,7,5,8,7,17,3,16,4,16,17,4,10,9,2,15,10,2,9,17,16,9,8,17,1,15,2,0,15,1,13,14,0,14,15,0,12,14,13,14,10,15,12,11,14,11,10,14],"weights":[2,24,0.34577,14,0.65422,2,24,0.79094,14,0.20905,1,24,1,2,33,0.41829,24,0.5817,2,33,0.75121,24,0.24878,1,33,1,1,33,1,1,33,1,2,33,0.79651,24,0.20348,2,33,0.33119,24,0.6688,2,24,0.81713,14,0.18286,2,24,0.58401,14,0.41598,2,24,0.00007,14,0.99992,2,24,0.07143,14,0.92855,2,24,0.5,14,0.5,1,24,1,2,33,0.5,24,0.5,1,33,1],"slotPose":[1,0,0,1,0,0],"bonePose":[24,0.372178,0.928161,-0.928161,0.372178,25.888142,-254.094072,14,0.188581,0.982058,-0.982058,0.188581,15.698952,-306.625116,33,0.247337,0.968929,-0.968929,0.247337,47.816866,-199.406803],"edges":[10,9,9,8,8,7,7,6,6,5,5,4,4,3,3,2,2,1,1,0,0,13,13,12,12,11,11,10],"userEdges":[0,14,14,11,10,15,15,1,3,16,16,9,8,17,17,4]}]},{"name":"00_3","display":[{"type":"mesh","name":"00/00_3","width":91,"height":168,"vertices":[41.19,-310.29,-49.79,-310.27,-49.82,-478.26,41.17,-478.27,-44.07,-368.14,-35.24,-373.89,-23.92,-373.9,-14.31,-367.29,-13.06,-356.25,-26.98,-352.69,-35.24,-354.61,-41.47,-360.36,-44.64,-374.25,-35.52,-378.1,-23.33,-376.27,-12.78,-370.13,-10.08,-356.79,-37.84,-385,-32.59,-383.95,-20.82,-381.85,-9.62,-373.93,-0.32,-355.94,3.39,-365.21,12.11,-370.33,21.9,-370.11,27.58,-367.72,32.38,-361.51,1.75,-367.93,11.67,-373.16,21.58,-373.16,27.79,-371.42,32.81,-366.62,33.9,-372.51,29.21,-378.72,21.69,-379.27,10.03,-378.61,0.55,-373.05,5.33,-351.13,17.55,-349.11,25.49,-352.39],"uvs":[1,1,0,1,0,0,1,0,0.06302,0.65543,0.16007,0.62115,0.28455,0.62115,0.39005,0.66058,0.40376,0.72629,0.2508,0.74743,0.16007,0.736,0.0915,0.70172,0.05669,0.61904,0.15691,0.59618,0.29088,0.60704,0.40693,0.64361,0.43646,0.72304,0.13146,0.55507,0.18913,0.56132,0.31854,0.57381,0.44156,0.62101,0.54385,0.7281,0.58457,0.67295,0.6804,0.64245,0.7882,0.64375,0.85048,0.65803,0.90319,0.69501,0.56661,0.65673,0.67561,0.62559,0.7846,0.62559,0.85288,0.63595,0.90798,0.66451,0.91996,0.62947,0.86845,0.5925,0.7858,0.58925,0.65764,0.59314,0.55343,0.62623,0.60593,0.75678,0.74024,0.76878,0.82747,0.74928],"triangles":[31,26,32,38,37,0,37,1,0,39,38,0,26,39,0,32,26,0,19,35,3,2,19,3,35,34,3,34,33,3,33,32,3,32,0,3,2,18,19,30,25,31,30,31,32,33,30,32,25,26,31,25,39,26,24,39,25,29,30,33,34,29,33,23,38,24,24,38,39,24,25,30,29,24,30,9,1,37,2,17,18,22,37,23,23,37,38,35,28,34,23,24,29,28,23,29,34,28,29,8,9,37,22,21,37,20,36,35,19,20,35,28,27,23,27,22,23,35,36,28,36,27,28,16,8,37,21,16,37,16,21,27,27,21,22,7,16,27,15,7,27,36,20,27,20,15,27,14,15,20,19,14,20,7,8,16,10,1,9,6,7,15,14,6,15,7,9,8,6,9,7,10,9,6,5,10,6,18,14,19,5,11,10,18,13,14,14,13,6,13,5,6,2,12,17,4,11,5,11,1,10,17,13,18,12,4,5,12,5,13,17,12,13,4,1,11,12,1,4,2,1,12],"weights":[1,16,1,1,16,1,1,16,1,1,16,1,2,21,0.456,16,0.54399,2,21,0.82399,16,0.176,2,21,0.88799,16,0.112,2,21,0.6,16,0.39999,1,16,1,1,16,1,1,16,1,2,21,0.176,16,0.82399,2,21,0.528,16,0.47199,2,21,0.528,16,0.47199,2,21,0.528,16,0.47199,2,21,0.528,16,0.47199,1,16,1,2,21,0.528,16,0.47199,2,21,0.528,16,0.47199,2,21,0.528,16,0.47199,2,21,0.528,16,0.47199,1,16,1,2,20,0.664,16,0.33599,1,20,1,1,20,1,2,20,0.768,16,0.23199,1,16,1,2,20,0.688,16,0.31199,2,20,0.688,16,0.31199,2,20,0.688,16,0.31199,2,20,0.688,16,0.31199,2,20,0.688,16,0.31199,2,20,0.688,16,0.31199,2,20,0.688,16,0.31199,2,20,0.688,16,0.31199,2,20,0.688,16,0.31199,2,20,0.688,16,0.31199,1,16,1,1,16,1,1,16,1],"slotPose":[1,0,0,1,0,0],"bonePose":[16,0.055996,-0.998431,0.998431,0.055996,-7.384407,-326.532931,21,0.055996,-0.998431,0.998431,0.055996,-28.181445,-369.314601,20,0.055996,-0.998431,0.998431,0.055996,18.909231,-367.114271],"edges":[1,0,0,3,3,2,2,1],"userEdges":[]}]}]}],"animation":[{"duration":60,"name":"idle","bone":[{"name":"bone","translateFrame":[{"duration":25,"curve":[0.155,0.125,0.878,1],"x":-0.77},{"duration":30,"curve":[0.25,0,0.75,1],"x":-5.42},{"duration":5,"curve":[0.456,0.35,0.562,0.59]},{"duration":0,"x":-0.77}]},{"name":"bone2","translateFrame":[{"duration":30,"curve":[0.125,0,0.875,1]},{"duration":30,"curve":[0.25,0,0.75,1],"x":1.36,"y":-2.05},{"duration":0}],"rotateFrame":[{"duration":30,"curve":[0.125,0,0.875,1]},{"duration":30,"curve":[0.25,0,0.75,1],"rotate":-1.37},{"duration":0}]},{"name":"bone3","translateFrame":[{"duration":9,"curve":[0.3105,0.155,0.75,1],"x":0.67,"y":0.1},{"duration":21,"curve":[0.25,0,0.75,1]},{"duration":9,"curve":[0.25,0,0.75,1]},{"duration":21,"curve":[0.25,0,0.551,0.63],"x":2.82,"y":1.58},{"duration":0,"x":0.67,"y":0.1}],"rotateFrame":[{"duration":9,"curve":[0.3105,0.155,0.75,1],"rotate":-0.4},{"duration":21,"curve":[0.25,0,0.75,1],"rotate":-0.13},{"duration":9,"curve":[0.25,0,0.75,1],"rotate":-0.13},{"duration":21,"curve":[0.25,0,0.551,0.63],"rotate":-1.28},{"duration":0,"rotate":-0.4}],"scaleFrame":[{"duration":9,"curve":[0.3105,0.155,0.75,1]},{"duration":21,"curve":[0.25,0,0.75,1]},{"duration":9,"curve":[0.25,0,0.75,1],"y":1.04},{"duration":21,"curve":[0.25,0,0.551,0.63],"y":1.04},{"duration":0}]},{"name":"bone4","scaleFrame":[{"duration":30,"curve":[0.25,0,0.75,1]},{"duration":30,"curve":[0.25,0,0.75,1],"x":1.01,"y":0.97},{"duration":0}]},{"name":"bone5","rotateFrame":[{"duration":25,"curve":[0.155,0.125,0.878,1],"rotate":0.16},{"duration":30,"curve":[0.25,0,0.75,1],"rotate":1.75},{"duration":5,"tweenEasing":0},{"duration":0,"rotate":0.16}]},{"name":"bone6","rotateFrame":[{"duration":30,"curve":[0.125,0,0.875,1]},{"duration":30,"curve":[0.25,0,0.75,1],"rotate":-5.53},{"duration":0}]},{"name":"bone7","rotateFrame":[{"duration":20,"curve":[0.1755,0.2,0.878,1],"rotate":-1.18},{"duration":30,"curve":[0.25,0,0.75,1],"rotate":-4.17},{"duration":10,"tweenEasing":0},{"duration":0,"rotate":-1.18}]},{"name":"bone8","rotateFrame":[{"duration":25,"curve":[0.155,0.125,0.878,1],"rotate":-0.67},{"duration":30,"curve":[0.25,0,0.75,1],"rotate":-6.99},{"duration":5,"tweenEasing":0},{"duration":0,"rotate":-0.67}]},{"name":"bone9","rotateFrame":[{"duration":30,"curve":[0.125,0,0.875,1],"rotate":11.93},{"duration":30,"curve":[0.25,0,0.75,1],"rotate":3.63},{"duration":0,"rotate":11.93}]},{"name":"bone10","rotateFrame":[{"duration":4,"curve":[0.1825,0.315,0.851,1],"rotate":12.17},{"duration":30,"curve":[0.25,0,0.75,1],"rotate":12.7},{"duration":26,"curve":[0.244,0,0.699,0.78],"rotate":10.8},{"duration":0,"rotate":12.17}]},{"name":"bone11","rotateFrame":[{"duration":8,"curve":[0.19,0.295,0.863,1],"rotate":1.8},{"duration":30,"curve":[0.25,0,0.75,1],"rotate":4.04},{"duration":22,"curve":[0.242,0,0.662,0.65],"rotate":-6.99},{"duration":0,"rotate":1.8}]},{"name":"bone12","rotateFrame":[{"duration":12,"curve":[0.1905,0.27,0.871,1],"rotate":-3.19},{"duration":30,"curve":[0.25,0,0.75,1],"rotate":5.31},{"duration":18,"curve":[0.245,0,0.637,0.55],"rotate":-17.83},{"duration":0,"rotate":-3.19}]},{"name":"bone13","rotateFrame":[{"duration":16,"curve":[0.1855,0.24,0.8755,1],"rotate":-13.21},{"duration":30,"curve":[0.25,0,0.75,1],"rotate":5.07},{"duration":14,"curve":[0.252,0,0.622,0.48],"rotate":-28.54},{"duration":0,"rotate":-13.21}]},{"name":"bone14","rotateFrame":[{"duration":20,"curve":[0.1755,0.2,0.878,1],"rotate":-19.05},{"duration":30,"curve":[0.25,0,0.75,1],"rotate":3.36},{"duration":10,"curve":[0.264,0,0.617,0.42],"rotate":-27.93},{"duration":0,"rotate":-19.05}]},{"name":"bone15","rotateFrame":[{"duration":24,"curve":[0.16,0.14,0.8785000000000001,1],"rotate":-4.24},{"duration":30,"curve":[0.25,0,0.75,1],"rotate":5.19},{"duration":6,"curve":[0.284,0,0.625,0.38],"rotate":-5.65},{"duration":0,"rotate":-4.24}]},{"name":"bone16","rotateFrame":[{"duration":28,"curve":[0.1385,0.055,0.8765000000000001,1],"rotate":-10.46},{"duration":30,"curve":[0.25,0,0.75,1],"rotate":4.7},{"duration":2,"curve":[0.313,0,0.647,0.34],"rotate":-10.81},{"duration":0,"rotate":-10.46}]},{"name":"bone17","rotateFrame":[{"duration":10,"curve":[0.144,0.19,0.8594999999999999,1],"rotate":-0.13},{"duration":30,"curve":[0.25,0,0.75,1]},{"duration":20,"curve":[0.25,0,0.584,0.61],"rotate":-4.42},{"duration":0,"rotate":-0.13}]},{"name":"bone18","rotateFrame":[{"duration":14,"curve":[0.1905,0.275,0.87,1],"rotate":-0.41},{"duration":30,"tweenEasing":0,"rotate":1.01},{"duration":16,"curve":[0.244,0,0.639,0.56],"rotate":-2.63},{"duration":0,"rotate":-0.41}]},{"name":"bone19","rotateFrame":[{"duration":18,"curve":[0.189,0.26,0.873,1],"rotate":-0.92},{"duration":30,"tweenEasing":0,"rotate":2.43},{"duration":12,"curve":[0.247,0,0.629,0.52],"rotate":-3.64},{"duration":0,"rotate":-0.92}]},{"name":"bone20","rotateFrame":[{"duration":22,"curve":[0.184,0.235,0.8765000000000001,1],"rotate":-3.73},{"duration":30,"curve":[0.264,0,0.617,0.42],"rotate":4.31},{"duration":8,"curve":[0.253,0,0.62,0.47],"rotate":-6.7},{"duration":0,"rotate":-3.73}]},{"name":"bone21","rotateFrame":[{"duration":26,"curve":[0.1905,0.29,0.8645,1],"rotate":-4.28},{"duration":30,"tweenEasing":0,"rotate":3.38},{"duration":4,"curve":[0.34,0.35,0.675,0.69],"rotate":-5.94},{"duration":0,"rotate":-4.28}]},{"name":"bone22","rotateFrame":[{"duration":30,"curve":[0.19,0.295,0.863,1],"rotate":-16.14},{"duration":30,"tweenEasing":0,"rotate":3.45},{"duration":0,"rotate":-16.14}]},{"name":"bone23","rotateFrame":[{"duration":30,"curve":[0.125,0,0.875,1]},{"duration":30,"curve":[0.25,0,0.75,1],"rotate":2.51},{"duration":0}]},{"name":"bone24","rotateFrame":[{"duration":26,"curve":[0.1895,0.265,0.8725,1],"rotate":-0.56},{"duration":26,"curve":[0.29,0.19,0.676,0.7],"rotate":-3.16},{"duration":4,"curve":[0.351,0.4,0.756,1],"rotate":-0.22},{"duration":4,"curve":[0.333,0.33,0.667,0.67]},{"duration":0,"rotate":-0.56}]},{"name":"bone25","rotateFrame":[{"duration":30,"curve":[0.132,0,0.8085,0.71],"rotate":2.28},{"duration":22,"curve":[0.242,0,0.662,0.65],"rotate":-2.7},{"duration":8,"curve":[0.351,0.4,0.756,1],"rotate":1.27},{"duration":0,"rotate":2.28}]},{"name":"bone26","rotateFrame":[{"duration":4,"curve":[0.17,0.175,0.8375,0.845],"rotate":2.14},{"duration":30,"curve":[0.25,0,0.75,1],"rotate":3.08},{"duration":18,"curve":[0.338,0.34,0.684,0.72],"rotate":-4.99},{"duration":8,"curve":[0.29,0.19,0.676,0.7],"rotate":0.11},{"duration":0,"rotate":2.14}]},{"name":"bone27","rotateFrame":[{"duration":8,"curve":[0.176,0.325,0.843,1],"rotate":3.44},{"duration":30,"curve":[0.381,0.54,0.742,1],"rotate":4.79},{"duration":14,"curve":[0.25,0,0.75,1],"rotate":-3.7},{"duration":8,"curve":[0.37,0.62,0.709,1],"rotate":0.16},{"duration":0,"rotate":3.44}]},{"name":"bone28","rotateFrame":[{"duration":12,"curve":[0.181,0.22,0.877,1],"rotate":1.07},{"duration":30,"curve":[0.25,0,0.75,1],"rotate":7.24},{"duration":10,"curve":[0.371,0.48,0.751,1],"rotate":-6.37},{"duration":8,"curve":[0.257,0,0.618,0.45],"rotate":-2.5},{"duration":0,"rotate":1.07}]},{"name":"bone29","rotateFrame":[{"duration":16,"curve":[0.1755,0.2,0.878,1],"rotate":-7.06},{"duration":30,"curve":[0.316,0.27,0.712,0.81],"rotate":3.55},{"duration":6,"curve":[0.38,0.59,0.726,1],"rotate":-12.92},{"duration":8,"curve":[0.264,0,0.617,0.42],"rotate":-11.26},{"duration":0,"rotate":-7.06}]},{"name":"bone30","rotateFrame":[{"duration":30,"curve":[0.125,0,0.875,1],"rotate":0.43},{"duration":30,"curve":[0.25,0,0.75,1],"rotate":-3.89},{"duration":0,"rotate":0.43}]},{"name":"bone31","rotateFrame":[{"duration":5,"curve":[0.185,0.31,0.8545,1],"rotate":1.18},{"duration":30,"curve":[0.25,0,0.75,1],"rotate":1.52},{"duration":25,"curve":[0.243,0,0.689,0.75],"rotate":-2.04},{"duration":0,"rotate":1.18}]},{"name":"bone32","rotateFrame":[{"duration":10,"curve":[0.191,0.285,0.8674999999999999,1],"rotate":-0.17},{"duration":30,"curve":[0.25,0,0.75,1],"rotate":1.81},{"duration":20,"curve":[0.243,0,0.648,0.6],"rotate":-5.18},{"duration":0,"rotate":-0.17}]},{"name":"bone33","rotateFrame":[{"duration":15,"curve":[0.1875,0.25,0.875,1],"rotate":-0.24},{"duration":30,"curve":[0.25,0,0.75,1],"rotate":5.45},{"duration":15,"curve":[0.25,0,0.625,0.5],"rotate":-5.94},{"duration":0,"rotate":-0.24}]},{"name":"bone40","rotateFrame":[{"duration":5,"curve":[0.187,0.16,0.757,0.81],"rotate":6.08},{"duration":30,"curve":[0.25,0,0.75,1],"rotate":6.37},{"duration":25,"curve":[0.243,0,0.589,0.71],"rotate":3.45},{"duration":0,"rotate":6.08}]},{"name":"bone41","rotateFrame":[{"duration":5,"curve":[0.187,0.305,0.8574999999999999,1],"rotate":-0.06},{"duration":5,"curve":[0.25,0,0.625,0.5],"rotate":0.44},{"duration":30,"tweenEasing":0,"rotate":0.86},{"duration":20,"curve":[0.242,0,0.679,0.71],"rotate":-3.46},{"duration":0,"rotate":-0.06}]},{"name":"bone42","rotateFrame":[{"duration":5,"curve":[0.178,0.32,0.845,1],"rotate":-1.19},{"duration":10,"curve":[0.25,0,0.75,1],"rotate":-0.56},{"duration":30,"tweenEasing":0,"rotate":1.9},{"duration":15,"curve":[0.364,0.46,0.708,0.84],"rotate":-6.79},{"duration":0,"rotate":-1.19}]},{"name":"bone43","rotateFrame":[{"duration":5,"curve":[0.1745,0.325,0.8415,1],"rotate":-2.53},{"duration":15,"curve":[0.351,0.4,0.756,1],"rotate":-1.89},{"duration":30,"curve":[0.25,0,0.75,1],"rotate":2.53},{"duration":10,"curve":[0.356,0.47,0.691,0.82],"rotate":-6.33},{"duration":0,"rotate":-2.53}]},{"name":"bone44","rotateFrame":[{"duration":5,"curve":[0.1895,0.3,0.862,1],"rotate":-7.66},{"duration":20,"curve":[0.375,0.5,0.75,1],"rotate":-6.27},{"duration":30,"curve":[0.351,0.4,0.756,1],"rotate":3.34},{"duration":5,"curve":[0.342,0.36,0.685,0.72],"rotate":-10.08},{"duration":0,"rotate":-7.66}]},{"name":"bone45","rotateFrame":[{"duration":5,"curve":[0.132,0,0.8085,0.71],"rotate":-13.55},{"duration":25,"curve":[0.25,0,0.75,1],"rotate":-11.22},{"duration":30,"tweenEasing":0,"rotate":26.01},{"duration":0,"rotate":-13.55}]},{"name":"bone52","rotateFrame":[{"duration":15,"curve":[0.1875,0.25,0.875,1],"rotate":2.39},{"duration":30,"tweenEasing":0,"rotate":3.35},{"duration":15,"curve":[0.25,0,0.625,0.5],"rotate":0.54},{"duration":0,"rotate":2.39}]},{"name":"bone56","rotateFrame":[{"duration":10,"curve":[0.191,0.285,0.8674999999999999,1],"rotate":-0.82},{"duration":30,"curve":[0.25,0,0.75,1]},{"duration":20,"curve":[0.243,0,0.648,0.6],"rotate":-2.9},{"duration":0,"rotate":-0.82}]},{"name":"bone57","rotateFrame":[{"duration":5,"curve":[0.185,0.31,0.8545,1],"rotate":6.94},{"duration":30,"tweenEasing":0,"rotate":6.98},{"duration":25,"curve":[0.243,0,0.689,0.75],"rotate":6.6},{"duration":0,"rotate":6.94}]},{"name":"bone58","rotateFrame":[{"duration":10,"curve":[0.1875,0.25,0.875,1],"rotate":-0.66},{"duration":10,"curve":[0.243,0,0.648,0.6],"rotate":-0.29},{"duration":30,"tweenEasing":0},{"duration":10,"curve":[0.25,0,0.625,0.5],"rotate":-1.04},{"duration":0,"rotate":-0.66}]},{"name":"bone59","rotateFrame":[{"duration":15,"curve":[0.1875,0.25,0.875,1],"rotate":-1.26},{"duration":30,"tweenEasing":0,"rotate":5.38},{"duration":15,"curve":[0.25,0,0.625,0.5],"rotate":-10.3},{"duration":0,"rotate":-1.26}]},{"name":"bone61","translateFrame":[{"duration":28},{"duration":2,"tweenEasing":0},{"duration":2,"tweenEasing":0,"x":-16.16,"y":0.46},{"duration":28}]},{"name":"bone60","translateFrame":[{"duration":28},{"duration":2,"tweenEasing":0},{"duration":2,"tweenEasing":0,"x":-19.36,"y":0.4},{"duration":28}]}]}],"defaultActions":[{"gotoAndPlay":"idle"}]}]}