{"width":1024,"imagePath":"girl_06_tex.png","height":512,"name":"girl_06","SubTexture":[{"width":107,"y":319,"height":92,"name":"05/05_6","x":518},{"width":190,"y":249,"height":248,"name":"05/05_12","x":1},{"width":71,"y":170,"height":147,"name":"05/05_11","x":516},{"width":108,"y":1,"height":229,"name":"05/05_10","x":355},{"width":120,"y":1,"height":323,"name":"05/05_9","x":233},{"width":230,"y":1,"height":246,"name":"05/05_8","x":1},{"width":95,"y":1,"height":107,"name":"05/05_7","x":562},{"width":95,"y":1,"height":167,"name":"05/05_5","x":465},{"width":116,"y":376,"height":133,"name":"05/05_4","x":400},{"width":120,"y":413,"height":67,"name":"05/05_3","x":589},{"width":205,"y":326,"height":175,"name":"05/05_2","x":193},{"width":114,"y":232,"height":142,"name":"05/05_1","x":400}]}