{"frameRate":30,"name":"girl_08","version":"5.5","compatibleVersion":"5.5","armature":[{"type":"Armature","frameRate":30,"name":"girl_08","aabb":{"x":-113.75,"y":-495.27,"width":201.75,"height":515.55},"bone":[{"name":"root"},{"name":"bone","parent":"root","transform":{"x":-1.13,"y":-206.3}},{"length":33,"name":"bone51","parent":"root","transform":{"x":19.01,"y":-35.05,"skX":100.61,"skY":100.61}},{"length":39,"name":"bone48","parent":"root","transform":{"x":-34.51,"y":-32.97,"skX":61.53,"skY":61.53}},{"length":49,"name":"bone2","parent":"bone","transform":{"y":-2.62,"skX":-84.74,"skY":-84.74}},{"length":85,"name":"bone49","parent":"bone","transform":{"x":21.4,"y":-2.21,"skX":88.05,"skY":88.05}},{"length":26,"name":"bone55","parent":"bone","transform":{"x":-39.1,"y":-15.67,"skX":-10.91,"skY":-10.91}},{"length":77,"name":"bone46","parent":"bone","transform":{"x":-15.53,"y":2.76,"skX":99.86,"skY":99.86}},{"length":94,"name":"bone47","parent":"bone46","transform":{"x":77.5,"skX":-7.09,"skY":-7.09}},{"length":26,"name":"bone66","parent":"bone2","transform":{"x":18.47,"y":22.39,"skX":135.69,"skY":135.69}},{"length":25,"name":"bone62","parent":"bone2","transform":{"x":6.28,"y":-24.51,"skX":-149.82,"skY":-149.82}},{"length":88,"name":"bone50","parent":"bone49","transform":{"x":85.53,"skX":4.64,"skY":4.64}},{"length":46,"name":"bone3","parent":"bone2","transform":{"x":49.01,"skX":-18.46,"skY":-18.46}},{"length":21,"name":"bone4","parent":"bone3","transform":{"x":46.37,"y":0.16,"skX":12.51,"skY":12.51}},{"length":24,"name":"bone52","parent":"bone3","transform":{"x":52.01,"y":-6.22,"skX":-90.11,"skY":-90.11}},{"length":22,"name":"bone67","parent":"bone66","transform":{"x":26.75,"skX":11.61,"skY":11.61}},{"length":17,"name":"bone56","parent":"bone3","transform":{"x":47.24,"y":5.98,"skX":98.1,"skY":98.1}},{"length":17,"name":"bone63","parent":"bone62","transform":{"x":25.01,"skX":-3.56,"skY":-3.56}},{"length":13,"name":"bone64","parent":"bone63","transform":{"x":17.07,"skX":-5.3,"skY":-5.3}},{"length":16,"name":"bone68","parent":"bone67","transform":{"x":22.96,"skX":12.42,"skY":12.42}},{"length":55,"name":"bone53","parent":"bone52","transform":{"x":24.13,"skX":-28.94,"skY":-28.94}},{"length":114,"name":"bone5","parent":"bone4","transform":{"x":23.63,"y":-0.03,"skX":3.9,"skY":3.9}},{"length":53,"name":"bone57","parent":"bone56","transform":{"x":17.37,"skX":84.23,"skY":84.23}},{"length":57,"name":"bone54","parent":"bone53","transform":{"x":55.12,"skX":-90.1,"skY":-90.1}},{"length":32,"name":"bone6","parent":"bone5","transform":{"x":91.58,"y":-34.04,"skX":-49.17,"skY":-49.17}},{"length":18,"name":"bone65","parent":"bone64","transform":{"x":13.14,"skX":-6.58,"skY":-6.58}},{"length":15,"name":"bone69","parent":"bone68","transform":{"x":16.64,"skX":2.02,"skY":2.02}},{"length":24,"name":"bone15","parent":"bone5","transform":{"x":104.17,"y":39.47,"skX":65.8,"skY":65.8}},{"name":"bone61","parent":"bone5","transform":{"x":44.36,"y":23.98}},{"name":"bone60","parent":"bone5","transform":{"x":45.09,"y":-23.16}},{"length":19,"name":"bone30","parent":"bone5","transform":{"x":101.03,"y":-4.31,"skX":154.83,"skY":154.83}},{"length":32,"name":"bone23","parent":"bone5","transform":{"x":93.24,"y":-26.64,"skX":-147.99,"skY":-147.99}},{"length":58,"name":"bone58","parent":"bone57","transform":{"x":53.51,"y":-0.1,"skX":-10.98,"skY":-10.98}},{"length":23,"name":"bone40","parent":"bone5","transform":{"x":81.2,"y":36.24,"skX":165.8,"skY":165.8}},{"length":29,"name":"bone59","parent":"bone58","transform":{"x":58.92,"skX":7.53,"skY":7.53}},{"length":22,"name":"bone41","parent":"bone40","transform":{"x":23.56,"skX":16.07,"skY":16.07}},{"length":27,"name":"bone7","parent":"bone6","transform":{"x":32.58,"skX":-69.16,"skY":-69.16}},{"length":22,"name":"bone24","parent":"bone23","transform":{"x":32.13,"skX":-22.08,"skY":-22.08}},{"length":17,"name":"bone31","parent":"bone30","transform":{"x":19.67,"skX":-7.01,"skY":-7.01}},{"length":14,"name":"bone70","parent":"bone54","transform":{"x":9.87,"y":7.15,"skX":43.96,"skY":43.96}},{"length":28,"name":"bone16","parent":"bone15","transform":{"x":24.53,"y":0.35,"skX":86.85,"skY":86.85}},{"length":15,"name":"bone42","parent":"bone41","transform":{"x":22.25,"skX":5.2,"skY":5.2}},{"length":21,"name":"bone17","parent":"bone16","transform":{"x":28.18,"skX":23.09,"skY":23.09}},{"length":12,"name":"bone71","parent":"bone70","transform":{"x":14.11,"skX":9.02,"skY":9.02}},{"length":23,"name":"bone8","parent":"bone7","transform":{"x":27.14,"skX":-65.8,"skY":-65.8}},{"length":16,"name":"bone32","parent":"bone31","transform":{"x":17.65,"skX":-9.83,"skY":-9.83}},{"length":19,"name":"bone25","parent":"bone24","transform":{"x":22.83,"skX":-29.86,"skY":-29.86}},{"length":21,"name":"bone18","parent":"bone17","transform":{"x":21.5,"skX":13.11,"skY":13.11}},{"length":14,"name":"bone26","parent":"bone25","transform":{"x":19.67,"skX":-3.26,"skY":-3.26}},{"length":17,"name":"bone43","parent":"bone42","transform":{"x":15.98,"skX":0.16,"skY":0.16}},{"length":23,"name":"bone9","parent":"bone8","transform":{"x":23.81,"skX":-9.46,"skY":-9.46}},{"length":15,"name":"bone33","parent":"bone32","transform":{"x":16.78,"skX":-13.51,"skY":-13.51}},{"length":16,"name":"bone72","parent":"bone71","transform":{"x":12.76,"skX":2.77,"skY":2.77}},{"length":13,"name":"bone27","parent":"bone26","transform":{"x":14.39,"skX":-7.05,"skY":-7.05}},{"length":23,"name":"bone10","parent":"bone9","transform":{"x":23.42,"skX":-0.74,"skY":-0.74}},{"length":16,"name":"bone44","parent":"bone43","transform":{"x":17.72,"skX":-16.51,"skY":-16.51}},{"length":19,"name":"bone19","parent":"bone18","transform":{"x":21.99,"skX":2.76,"skY":2.76}},{"length":12,"name":"bone28","parent":"bone27","transform":{"x":13.16,"skX":-0.89,"skY":-0.89}},{"length":21,"name":"bone20","parent":"bone19","transform":{"x":19.46,"skX":-20.05,"skY":-20.05}},{"length":15,"name":"bone45","parent":"bone44","transform":{"x":14.85,"y":0.49,"skX":-20.3,"skY":-20.3}},{"length":20,"name":"bone11","parent":"bone10","transform":{"x":23.87,"skX":13.25,"skY":13.25}},{"length":18,"name":"bone12","parent":"bone11","transform":{"x":21.88,"y":-0.42,"skX":0.26,"skY":0.26}},{"length":19,"name":"bone29","parent":"bone28","transform":{"x":12.39,"skX":20.68,"skY":20.68}},{"length":20,"name":"bone21","parent":"bone20","transform":{"x":21.2,"skX":1.95,"skY":1.95}},{"length":13,"name":"bone13","parent":"bone12","transform":{"x":18.44,"skX":0.98,"skY":0.98}},{"length":19,"name":"bone22","parent":"bone21","transform":{"x":20.38,"skX":-1.24,"skY":-1.24}},{"length":16,"name":"bone14","parent":"bone13","transform":{"x":13.07,"skX":7.67,"skY":7.67}}],"slot":[{"name":"07_11","parent":"bone5"},{"name":"07_10","parent":"root"},{"name":"07_9","parent":"root"},{"name":"07_8","parent":"root"},{"name":"07_7","parent":"root"},{"name":"07_6","parent":"root"},{"name":"07_5","parent":"root"},{"name":"07_4","parent":"root"},{"name":"07_3","parent":"bone5"},{"name":"07_2","parent":"root"},{"name":"07_1","parent":"bone5"}],"ik":[{"chain":1,"name":"2","bone":"bone50","target":"bone51"},{"bendPositive":false,"chain":1,"name":"1","bone":"bone47","target":"bone48"},{"bendPositive":false,"chain":1,"name":"3","bone":"bone54","target":"bone55"}],"skin":[{"slot":[{"name":"07_7","display":[{"type":"mesh","name":"07/07_7","width":164,"height":185,"vertices":[10.81,-316.43,24.85,-310.81,33.14,-290.97,32.95,-274.06,27.44,-264.94,26.87,-259.86,27.06,-253.98,28.38,-238.21,44.71,-232.79,62.1,-213.75,74.05,-191.31,80.17,-174.81,80.18,-161.37,58.93,-148.29,-2.18,-148.28,-62.73,-148.3,-83.8,-163.26,-83.79,-178.13,-75.32,-195.9,-67.59,-212.11,-49.74,-227.86,-41.92,-239.47,-28.66,-238.79,-26.45,-248.14,-27.3,-255.27,-30.02,-262.76,-43.46,-290.7,-53.52,-304.04,-39.48,-315.96,-22.63,-314.79,-17.03,-333.27,2.62,-333.26,0.54,-205.3,-24.37,-216.58,-38.24,-195.44,-0.17,-187.43,40.96,-201.78,23.1,-222.45,-31.53,-293.5,-6.03,-300.06,28.6,-298.64,7.89,-299.48,-48.05,-182.48,-53.92,-169.46,-3.1,-160.63,55.06,-167.43,49.2,-183.58,-1.08,-174.94,0.03,-236.68,3.91,-251.45,3.15,-255.58,5.34,-263.46],"uvs":[0.57694,0.09101,0.66255,0.12137,0.71308,0.22859,0.71192,0.31999,0.67832,0.36929,0.67485,0.39677,0.67601,0.42861,0.68412,0.51385,0.7837,0.54316,0.88974,0.64605,0.96263,0.76736,1,0.85654,1,0.92928,0.87034,1,0.49775,1,0.12853,1,0,0.91919,0,0.83878,0.05164,0.74265,0.09876,0.65494,0.20767,0.56983,0.25539,0.50705,0.33624,0.51072,0.34971,0.46018,0.34453,0.42159,0.32795,0.38116,0.24591,0.23015,0.18456,0.15805,0.27017,0.09354,0.3729,0.09987,0.40715,0,0.527,0,0.51431,0.69178,0.36242,0.63081,0.27788,0.74513,0.51001,0.78832,0.76077,0.71083,0.65187,0.59905,0.31868,0.21497,0.47421,0.17955,0.68538,0.18714,0.5591,0.1826,0.21804,0.81516,0.18224,0.88558,0.49216,0.93319,0.84684,0.89649,0.81104,0.80921,0.50447,0.85583,0.51118,0.52212,0.53486,0.44227,0.5302,0.41996,0.54363,0.37731],"triangles":[1,40,2,10,45,11,11,45,12,45,13,12,9,46,10,46,45,10,36,46,9,8,36,9,45,14,13,46,47,45,47,44,45,44,14,45,37,36,8,36,35,46,35,47,46,7,37,8,37,32,36,32,35,36,51,4,3,41,51,3,41,3,2,40,41,2,48,37,7,6,49,7,49,48,7,1,41,40,51,5,4,50,49,6,0,41,1,48,32,37,39,51,41,31,29,0,29,39,0,39,41,0,38,25,39,48,33,32,30,29,31,39,25,51,24,50,51,25,24,51,50,23,49,23,48,49,24,23,50,22,33,48,33,34,32,32,34,35,34,47,35,23,22,48,42,44,47,34,42,47,44,43,14,43,15,14,42,43,44,29,38,39,38,26,25,21,20,22,22,20,33,28,38,29,20,34,33,28,26,38,27,26,28,20,19,34,19,42,34,19,18,42,18,43,42,18,17,43,16,15,43,17,16,43,6,50,5,51,50,5],"weights":[2,12,0.272,16,0.72799,2,12,0.12,16,0.87999,5,9,0.00127,4,0.01219,12,0.38908,13,0.00063,16,0.59681,5,9,0.01992,4,0.09105,12,0.57268,13,0.00017,16,0.31616,4,4,0.23702,12,0.58178,13,0.00005,16,0.18111,4,4,0.3676,12,0.51557,13,0.00002,16,0.11678,4,4,0.5264,12,0.40422,13,0.00001,16,0.06936,3,4,0.84453,12,0.14177,16,0.01369,2,9,0.584,4,0.416,3,19,0.03263,15,0.60635,9,0.36101,4,19,0.42853,26,0.11179,15,0.44434,9,0.01532,3,19,0.38439,26,0.50037,15,0.11521,3,19,0.17231,26,0.80787,15,0.01981,1,26,1,7,17,0.13818,18,0.13304,25,0.09452,19,0.04416,26,0.17215,15,0.09536,4,0.32255,1,25,1,3,17,0.02378,18,0.16143,25,0.81478,4,10,0.00636,17,0.10373,18,0.29885,25,0.59104,4,10,0.1286,17,0.3727,18,0.33667,25,0.16201,4,10,0.43721,17,0.41743,18,0.13244,25,0.0129,2,10,0.464,4,0.53599,2,10,0.496,4,0.50399,3,4,0.78451,12,0.1988,14,0.01667,3,4,0.60447,12,0.35122,14,0.0443,4,4,0.42196,12,0.49213,13,0.00094,14,0.08494,4,4,0.24496,12,0.58681,13,0.00422,14,0.164,4,10,0.00022,4,0.00069,12,0.88684,14,0.11223,2,12,0.8,14,0.19999,2,12,0.31999,14,0.68,2,12,0.84,14,0.15999,1,13,1,1,13,1,5,18,0.00257,25,0.00049,19,0.00163,26,0.00399,4,0.9913,1,10,1,2,10,0.5,17,0.5,9,10,0.02812,17,0.07013,18,0.03098,25,0.01084,19,0.02756,26,0.05532,15,0.13232,9,0.06057,4,0.58411,2,15,0.5,9,0.5,1,9,1,4,10,0.00025,4,0.00069,12,0.79999,14,0.19904,2,12,0.5,13,0.5,4,4,0.00003,12,0.80762,13,0.00025,16,0.19208,2,12,0.84334,16,0.15665,2,17,0.5,18,0.5,2,18,0.5,25,0.5,9,10,0.00916,17,0.13996,18,0.11475,25,0.07154,19,0.04569,26,0.15515,15,0.10529,9,0.00083,4,0.35758,2,19,0.5,26,0.5,2,19,0.5,15,0.5,9,10,0.02978,17,0.13935,18,0.08965,25,0.04729,19,0.03813,26,0.11004,15,0.10895,9,0.00639,4,0.43037,1,4,1,1,4,1,2,4,0.5,12,0.5,3,4,0.24635,12,0.72859,16,0.02504],"slotPose":[1,0,0,1,0,0],"bonePose":[12,-0.228351,-0.973579,0.973579,-0.228351,3.363012,-257.723616,16,0.996041,-0.088894,0.088894,0.996041,-1.602281,-305.081022,9,0.629998,0.776596,-0.776596,0.629998,22.858959,-225.259609,4,0.091675,-0.995789,0.995789,0.091675,-1.13,-208.92,13,-0.012042,-0.999927,0.999927,-0.012042,-7.069845,-302.905006,19,0.259156,0.965835,-0.965835,0.259156,50.29183,-184.108794,15,0.460819,0.887494,-0.887494,0.460819,39.711415,-204.485653,26,0.224951,0.97437,-0.97437,0.224951,54.60419,-168.037292,17,-0.528142,0.849156,-0.849156,-0.528142,-39.463116,-197.044292,18,-0.447447,0.89431,-0.89431,-0.447447,-48.478499,-182.549198,25,-0.34202,0.939693,-0.939693,-0.34202,-54.357952,-170.797958,10,-0.57985,0.814723,-0.814723,-0.57985,-24.961065,-217.420519,14,-0.973139,0.23022,-0.23022,-0.973139,-14.569177,-306.939112],"edges":[16,15,15,14,14,13,13,12,12,11,11,10,10,9,9,8,8,7,7,6,6,5,5,4,4,3,3,2,2,1,1,0,0,31,31,30,30,29,29,28,28,27,27,26,26,25,25,24,24,23,23,22,22,21,21,20,20,19,19,18,18,17,17,16],"userEdges":[32,33,33,20,19,34,34,35,35,36,36,9,32,37,37,8,26,38,38,39,40,1,39,41,41,40,40,2,42,18,43,17,43,44,44,45,45,11,10,46,46,47,47,42,44,14,43,15,45,13,22,48,48,7,23,49,49,6,24,50,50,5,25,51,51,4]}]},{"name":"07_2","display":[{"type":"mesh","name":"07/07_2","width":118,"height":163,"vertices":[41.53,-426.49,52.18,-407.57,52.19,-383.73,52.21,-304.22,52.22,-288.29,27.69,-288.29,20.13,-305.87,17.05,-324.98,18.7,-345.74,23.65,-360.61,6.42,-372.19,-4.9,-385.16,-16,-397.89,-26.23,-386.12,-29.4,-368.81,-33.2,-356.56,-24.76,-344.11,-24.55,-332.29,-17.59,-321.09,-23.09,-288.28,-43.34,-288.29,-41.65,-312.87,-50.72,-324.91,-58.53,-335.25,-58.74,-350.44,-65.79,-373.03,-65.79,-398.36,-57.43,-425.64,-33.53,-451.26,18.17,-451.27,1.46,-408.99,11.6,-393.18,21.05,-379.74,37.1,-381.37,43.94,-358.49,41.58,-342.92,36.87,-328.05,41.12,-316.73,-22.86,-421.96,-6.33,-426.21,6.4,-430.45,12.78,-413.94,22.93,-397.67,34.49,-405.92,-47.34,-393.93,-53.46,-370.71],"uvs":[0.90973,0.15202,1,0.2681,1,0.41433,1,0.90225,1,1,0.79204,1,0.72804,0.89212,0.70204,0.77484,0.71604,0.64743,0.75804,0.55622,0.61204,0.48527,0.51604,0.40564,0.42204,0.32746,0.33533,0.39965,0.3085,0.50585,0.27629,0.58098,0.34786,0.65739,0.34965,0.72993,0.40869,0.79857,0.36217,1,0.19041,1,0.20472,0.84909,0.12779,0.77526,0.06159,0.71179,0.0598,0.61854,0,0.47995,0,0.32452,0.07102,0.15714,0.27363,0,0.71183,0,0.57004,0.25941,0.65604,0.35641,0.73604,0.43894,0.87204,0.42881,0.93004,0.56925,0.91004,0.66481,0.87004,0.75602,0.90604,0.82552,0.36404,0.17978,0.50404,0.15372,0.61204,0.12765,0.66604,0.229,0.75204,0.32891,0.85004,0.27823,0.15642,0.35172,0.10453,0.4942],"triangles":[36,37,35,5,4,3,37,5,3,34,35,3,35,37,3,0,43,1,1,43,2,43,33,2,33,34,2,34,3,2,43,42,33,6,5,37,9,35,34,33,9,34,32,9,33,29,40,0,40,41,0,41,43,0,8,36,35,9,8,35,36,7,37,7,6,37,42,32,33,8,7,36,41,42,43,31,32,42,32,10,9,41,31,42,30,31,41,31,10,32,28,40,29,28,39,40,11,10,31,39,30,40,40,30,41,30,11,31,12,11,30,39,38,30,38,12,30,28,38,39,21,19,18,38,44,12,44,13,12,17,21,18,28,27,38,27,44,38,21,20,19,22,21,17,15,23,16,23,22,16,22,17,16,44,45,14,44,14,13,24,23,15,45,15,14,45,24,15,27,26,44,25,45,44,26,25,44,25,24,45],"weights":[1,21,1,1,21,1,2,35,0.52,33,0.47999,1,59,1,1,59,1,1,59,1,2,59,0.45599,55,0.544,2,55,0.50399,49,0.496,2,49,0.48799,41,0.512,2,41,0.48,35,0.51999,2,45,0.456,51,0.54399,2,45,0.528,38,0.47199,2,38,0.4,30,0.59999,2,31,0.456,37,0.54399,2,37,0.504,46,0.49599,2,46,0.496,48,0.50399,2,48,0.512,53,0.48799,2,53,0.528,57,0.47199,2,57,0.44,62,0.55999,1,62,1,1,62,1,2,57,0.44,62,0.55999,2,53,0.528,57,0.47199,2,48,0.512,53,0.48799,2,46,0.496,48,0.50399,2,37,0.504,46,0.49599,2,31,0.456,37,0.54399,1,21,1,1,21,1,1,21,1,2,38,0.4,30,0.59999,2,45,0.528,38,0.47199,2,45,0.456,51,0.54399,2,35,0.52,33,0.47999,2,41,0.48,35,0.51999,2,49,0.48799,41,0.512,2,55,0.50399,49,0.496,2,59,0.45599,55,0.544,1,21,1,1,21,1,1,21,1,2,38,0.4,30,0.59999,2,45,0.528,38,0.47199,1,21,1,2,31,0.456,37,0.54399,2,37,0.504,46,0.49599],"slotPose":[1,0,0,1,0,0],"bonePose":[21,0.055996,-0.998431,0.998431,0.055996,-7.384407,-326.532931,35,-0.088547,0.996072,-0.996072,-0.088547,37.837013,-382.448322,33,0.190638,0.98166,-0.98166,0.190638,33.345589,-405.576242,59,0.444166,0.895944,-0.895944,0.444166,30.88715,-312.317034,55,0.105743,0.994393,-0.994393,0.105743,29.804113,-327.135591,49,-0.181206,0.983445,-0.983445,-0.181206,33.01508,-344.56224,41,-0.178459,0.983947,-0.983947,-0.178459,35.866851,-360.285719,45,0.626604,0.779338,-0.779338,0.626604,9.874191,-393.961395,51,0.79133,0.611389,-0.611389,0.79133,20.388603,-380.884104,38,0.484352,0.874873,-0.874873,0.484352,1.325385,-409.402911,30,0.373959,0.927445,-0.927445,0.373959,-6.030392,-427.645757,31,-0.576718,0.816944,-0.816944,-0.576718,-28.761564,-421.118365,37,-0.227331,0.973817,-0.973817,-0.227331,-47.291497,-394.869966,46,0.287695,0.957722,-0.957722,0.287695,-52.481469,-372.637713,48,0.341692,0.939812,-0.939812,0.341692,-46.822511,-353.799319,53,0.454457,0.890769,-0.890769,0.454457,-41.905562,-340.275425,57,0.468238,0.883602,-0.883602,0.468238,-35.924908,-328.552909,62,0.126026,0.992027,-0.992027,0.126026,-30.123436,-317.605077],"edges":[25,24,24,23,23,22,22,21,21,20,20,19,19,18,18,17,17,16,16,15,15,14,14,13,13,12,12,11,11,10,10,9,9,8,8,7,7,6,6,5,5,4,4,3,3,2,2,1,1,0,0,29,29,28,28,27,27,26,26,25],"userEdges":[30,12,31,11,32,10,32,33,33,2,9,34,8,35,7,36,6,37,37,3,9,32,12,38,38,39,39,40,40,41,41,42,42,33,42,43,43,1,44,13,44,26,25,45,45,14,24,15,23,16,22,17,21,18]}]},{"name":"07_6","display":[{"type":"mesh","name":"07/07_6","width":119,"height":106,"vertices":[-27.97,-295.24,-41.77,-273.54,-57.88,-265.62,-58.13,-259.89,-40.3,-242.66,-37.13,-239.6,-33.63,-234.99,-24.79,-239.78,-4.55,-232.24,-6.58,-213.84,-28.29,-208.28,-43.01,-208.29,-47.07,-218.27,-61.7,-219.73,-70.81,-214.84,-82.95,-208.32,-91.81,-208.33,-91.8,-224.56,-86.25,-239.09,-85.61,-256.29,-87.5,-260.9,-85.6,-266.6,-77.13,-284.99,-58.9,-314.28,-28.5,-314.28,-64.73,-229.87,-68.96,-239.81,-73.99,-257.83,-40.62,-221.39,-44.91,-225.47,-48.35,-230.42],"uvs":[0.53634,0.17956,0.42041,0.38439,0.2851,0.45915,0.28301,0.51318,0.43289,0.67562,0.45955,0.70451,0.48892,0.7479,0.56314,0.70277,0.73323,0.77394,0.71622,0.94753,0.53376,1,0.41007,1,0.37605,0.90587,0.25308,0.89226,0.17652,0.93846,0.07454,1,0,1,0,0.84685,0.04671,0.70972,0.05204,0.54726,0.0361,0.50379,0.05204,0.45005,0.12317,0.27646,0.27625,0,0.53174,0,0.22761,0.79651,0.19205,0.70277,0.14971,0.53285,0.43017,0.87636,0.39419,0.83795,0.36523,0.7913],"triangles":[7,10,9,7,9,8,6,10,7,6,28,10,28,11,10,24,23,0,23,1,0,23,22,1,29,28,6,12,11,28,4,30,5,22,2,1,26,30,4,3,26,4,29,12,28,26,25,30,30,12,29,30,13,12,25,13,30,27,26,3,25,14,13,17,14,25,18,17,25,26,18,25,19,18,27,27,18,26,17,15,14,20,19,27,17,16,15,22,21,2,2,21,3,21,20,3,20,27,3,30,5,29,5,29,6],"weights":[2,20,0.26124,14,0.73874,3,23,0.01434,20,0.98551,14,0.00013,2,23,0.42329,20,0.57669,2,23,0.81562,20,0.18437,3,23,0.926,6,0.07388,20,0.0001,3,23,0.78028,6,0.2196,20,0.0001,3,23,0.25963,6,0.74032,20,0.00003,3,23,0.04121,6,0.95876,20,0.00001,1,6,1,1,6,1,2,23,0.01297,6,0.98702,2,23,0.27956,6,0.72043,4,23,0.7471,43,0.01111,52,0.00816,6,0.23361,3,23,0.96786,43,0.01574,52,0.01639,3,23,0.15665,43,0.13786,52,0.70547,2,23,0.00067,52,0.99932,2,23,0.00004,52,0.99995,2,43,0.31757,52,0.68242,2,39,0.52151,43,0.47848,3,23,0.16294,39,0.7328,20,0.10423,3,23,0.33986,39,0.39482,20,0.2653,3,23,0.3507,39,0.09465,20,0.55464,1,20,1,2,20,0.94977,14,0.05022,2,20,0.00822,14,0.99177,4,23,0.89679,39,0.01156,43,0.0765,52,0.01513,4,23,0.90461,39,0.05391,43,0.04137,52,0.00008,1,23,1,2,23,0.36399,6,0.63599,1,23,1,3,23,0.98155,43,0.01112,52,0.00732],"slotPose":[1,0,0,1,0,0],"bonePose":[20,-0.740218,0.672367,-0.672367,-0.740218,-38.051014,-301.383914,14,-0.973139,0.23022,-0.23022,-0.973139,-14.569177,-306.939112,23,0.673658,0.739043,-0.739043,0.673658,-78.851837,-264.323055,6,0.981926,-0.189267,0.189267,0.981926,-40.23,-221.97,43,-0.184466,0.982839,-0.982839,-0.184466,-77.883433,-238.107614,52,-0.231748,0.972776,-0.972776,-0.231748,-80.237219,-225.566589,39,-0.028096,0.999605,-0.999605,-0.028096,-77.486997,-252.212043],"edges":[16,15,15,14,14,13,13,12,12,11,11,10,10,9,9,8,8,7,7,6,6,5,5,4,4,3,3,2,2,1,1,0,0,24,24,23,23,22,22,21,21,20,20,19,19,18,18,17,17,16],"userEdges":[3,20,21,2,25,26,3,27,27,19,26,27,13,25,11,28,28,6,5,29,29,12,4,30,30,12]}]},{"name":"07_9","display":[{"type":"mesh","name":"07/07_9","width":127,"height":212,"vertices":[45.48,-139.81,46.98,-129.51,46.38,-120.32,33.55,-44.53,28.14,8.7,2.46,8.71,6.18,-37.05,5.88,-42.66,1.79,-117.21,-0.31,-125.81,-2.3,-138.74,-3.64,-138.95,-8.11,-131.21,-9.69,-126.46,-12.51,-119.78,-22.01,-35.12,-20.01,-31.78,-4.88,-6.57,-4.17,8.71,-24.75,8.71,-46.23,-7.98,-44.11,-26.28,-42.94,-32.65,-53.33,-90.56,-54.56,-134.55,-52.28,-138.43,-44.9,-203.29,0.23,-203.28,40.01,-203.29,-30.44,-127.51,-54.2,-125.41,-32.38,-121.01,-29.74,-132.98,-33.63,-32.13,2.3,-148.43,-1.4,-144.67,22.98,-133.91,22.99,-124.61,23.68,-114.72,18.79,-34.1,18.32,-41.69,-31.98,-26.46],"uvs":[0.91566,0.29941,0.92747,0.34799,0.92275,0.39139,0.82168,0.74886,0.77926,1,0.57693,1,0.60616,0.78415,0.60374,0.75766,0.57157,0.40601,0.55504,0.36544,0.5394,0.30446,0.52884,0.30354,0.49367,0.33999,0.4812,0.3624,0.45902,0.39395,0.38419,0.79327,0.39999,0.80903,0.51917,0.92792,0.52471,1,0.36257,1,0.1935,0.92128,0.21013,0.83494,0.21928,0.80489,0.13751,0.53176,0.12781,0.32422,0.14583,0.30595,0.20389,0,0.55937,0,0.87262,0,0.31767,0.35742,0.13059,0.36738,0.30243,0.38814,0.32321,0.33169,0.29273,0.80739,0.57562,0.25871,0.54647,0.27651,0.7385,0.32724,0.7385,0.3711,0.74401,0.4178,0.70539,0.79808,0.70165,0.76225,0.30575,0.83411],"triangles":[7,40,38,38,40,3,39,4,3,27,34,28,28,34,0,34,36,0,0,36,1,36,37,1,1,37,2,37,38,2,38,3,2,8,7,38,40,39,3,8,38,37,9,8,37,34,10,36,9,37,36,10,9,36,6,39,40,7,6,40,35,10,34,26,25,32,31,23,14,11,10,35,19,18,17,16,41,17,32,12,11,23,33,15,41,19,17,23,22,33,32,13,12,29,14,13,32,29,13,41,20,19,29,31,14,15,41,16,33,41,15,30,23,31,21,20,41,30,31,29,32,25,29,33,21,41,22,21,33,24,23,30,23,15,14,6,5,39,39,5,4,25,29,24,24,30,29,11,35,27,27,35,34,26,32,11,26,11,27],"weights":[2,5,0.82846,11,0.17153,2,5,0.75986,11,0.24013,2,5,0.49082,11,0.50917,2,11,0.88077,2,0.11922,1,2,1,1,2,1,2,11,0.5551,2,0.44489,2,11,0.77837,2,0.22162,3,7,0.03499,5,0.30613,11,0.65886,4,8,0.00112,7,0.10706,5,0.51348,11,0.37831,2,5,0.87999,11,0.12,1,7,1,4,8,0.25059,7,0.58901,5,0.15425,11,0.00613,4,8,0.41369,7,0.49869,5,0.08576,11,0.00184,3,8,0.69285,7,0.27849,5,0.02864,2,3,0.54907,8,0.45092,2,3,0.75815,8,0.24184,1,3,1,1,3,1,1,3,1,1,3,1,2,3,0.72938,8,0.27061,2,3,0.44379,8,0.5562,1,8,1,2,8,0.33055,7,0.66944,2,8,0.23839,7,0.7616,1,7,1,2,7,0.5065,5,0.49349,1,5,1,2,8,0.5,7,0.5,2,8,0.61124,7,0.38875,2,8,0.62007,7,0.37992,2,8,0.2233,7,0.77669,2,3,0.5,8,0.5,1,5,1,1,5,1,1,5,1,2,5,0.5,11,0.5,1,11,1,2,11,0.5,2,0.5,2,11,0.75443,2,0.24556,2,3,0.83466,8,0.16533],"slotPose":[1,0,0,1,0,0],"bonePose":[3,0.476699,0.879067,-0.879067,0.476699,-34.51,-32.97,5,0.034027,0.999421,-0.999421,0.034027,20.27,-208.51,11,-0.046932,0.998898,-0.998898,-0.046932,23.180359,-123.02953,2,-0.184123,0.982903,-0.982903,-0.184123,19.01,-35.05,7,-0.171241,0.985229,-0.985229,-0.171241,-16.66,-203.54,8,-0.048327,0.998832,-0.998832,-0.048327,-29.931202,-127.184744],"edges":[24,23,23,22,22,21,21,20,20,19,19,18,18,17,17,16,16,15,15,14,14,13,13,12,12,11,11,10,10,9,9,8,8,7,7,6,6,5,5,4,4,3,3,2,2,1,1,0,0,28,28,27,27,26,26,25,25,24],"userEdges":[13,29,29,24,30,31,31,14,25,32,32,12,15,33,33,22,23,30,30,24,11,27,27,34,34,35,35,10,10,36,36,0,9,37,37,1,8,38,38,2,3,39,39,6,7,40,40,3,21,41,41,16]}]},{"name":"07_5","display":[{"type":"mesh","name":"07/07_5","width":97,"height":169,"vertices":[-47.87,-373.12,-39.31,-394.21,-34.59,-405.83,-23.82,-409.21,22.16,-412.8,42.18,-389.6,42.19,-378,42.19,-360.42,23.42,-334.28,-5.63,-311.27,-30.32,-331.62,-39.95,-344.69,-46.55,-347.34,-54.81,-359.09,-54.81,-371.23,3.39,-411.11,-24.12,-392.75,6.29,-394.08,24.22,-392.03,2.03,-374.23,7.91,-379.82,19.96,-381.58,31.13,-379.82,35.69,-371.88,1,-370.55,11.14,-373.5,19.82,-374.53,30.1,-371.44,34.07,-368.65,1.3,-356.81,5.34,-367.05,13.6,-371.17,24.17,-370.82,31.66,-365.93,32.43,-361.98,25.73,-353.72,15.06,-351.74,7.5,-354.23,-11.58,-358.01,-12.69,-367.61,-22.69,-375.11,-36.48,-375.9,-43.29,-367.51,-39.48,-363.91,-34.48,-355.81,-26.28,-354.5,-16.78,-355.41,-12.39,-371.59,-19.19,-376.38,-28.23,-379.1,-36.23,-379.9,-40.47,-375.9,-42.55,-379.02,-37.03,-386.53,-27.03,-385.66,-16.47,-382.78,-8.23,-375.26,-8.95,-370.87,-41.15,-365.48,-35.71,-369.74,-22.96,-371.95,-12.24,-363.75,2.9,-360.86,13.79,-367.64,23.79,-367.58],"uvs":[0.07148,0.63391,0.15979,0.5092,0.20852,0.44039,0.31946,0.42041,0.79366,0.39919,1,0.53652,1,0.60519,1,0.70916,0.80649,0.86386,0.507,1,0.25243,0.87949,0.15306,0.80214,0.08499,0.78651,0,0.71697,0,0.64514,0.60006,0.40917,0.31629,0.51781,0.62999,0.50998,0.81488,0.52216,0.58604,0.6274,0.64666,0.59435,0.77093,0.58391,0.8861,0.59435,0.93308,0.64132,0.57543,0.64915,0.68,0.63175,0.76941,0.62567,0.87549,0.64393,0.91641,0.66046,0.57849,0.73051,0.62016,0.66995,0.70527,0.64553,0.81432,0.64756,0.89146,0.67657,0.89944,0.69998,0.83028,0.74883,0.72034,0.76053,0.64232,0.74577,0.44555,0.72338,0.43421,0.66657,0.33112,0.6222,0.18885,0.61746,0.11875,0.66717,0.15793,0.68847,0.20947,0.7364,0.29401,0.74409,0.39194,0.73876,0.43724,0.64303,0.36714,0.61463,0.27395,0.59853,0.19147,0.5938,0.14776,0.61747,0.12632,0.59901,0.18322,0.55451,0.28632,0.55972,0.39518,0.57676,0.48013,0.62125,0.47271,0.64729,0.14076,0.67913,0.19673,0.65395,0.32827,0.64091,0.43877,0.68942,0.59503,0.70647,0.70723,0.66638,0.81033,0.66682],"triangles":[3,15,4,34,35,7,35,8,7,23,28,7,28,34,7,22,23,6,23,7,6,22,6,5,18,22,5,4,18,5,33,34,28,27,28,23,22,27,23,27,33,28,18,21,22,64,35,34,64,34,33,36,8,35,21,26,22,15,17,4,63,36,64,4,17,18,64,36,35,17,21,18,36,37,8,37,9,8,17,20,21,63,37,36,20,25,21,21,25,26,25,31,26,46,10,9,46,9,29,29,9,37,62,37,63,30,62,63,25,30,31,31,30,63,20,19,25,38,46,29,55,56,17,62,29,37,17,56,20,56,19,20,3,16,15,15,16,17,16,55,17,24,62,30,24,57,62,57,61,62,38,29,62,61,38,62,19,56,24,56,57,24,39,61,57,45,10,46,48,47,56,55,48,56,47,57,56,47,39,57,61,46,38,39,60,61,60,46,61,60,45,46,54,48,55,16,54,55,54,49,48,11,10,45,3,2,16,59,45,60,49,40,48,59,44,45,2,1,16,44,11,45,53,54,16,1,53,16,59,43,44,50,49,54,53,50,54,50,41,49,12,11,44,43,12,44,58,43,59,50,51,41,52,50,53,42,58,59,13,12,43,52,51,50,1,52,53,58,13,43,52,0,51,0,42,51,42,13,58,0,14,42,14,13,42,0,52,1,30,24,25,19,24,25,32,26,27,26,27,22,31,63,64,31,64,32,26,31,32,64,32,33,27,32,33,47,48,39,48,40,39,40,60,39,49,40,41,41,60,40,41,59,60,51,41,42,59,42,41],"weights":[1,21,1,1,21,1,1,21,1,1,21,1,1,21,1,1,21,1,1,21,1,1,21,1,1,21,1,1,21,1,1,21,1,1,21,1,1,21,1,1,21,1,1,21,1,1,21,1,1,21,1,1,21,1,1,21,1,2,28,0.456,21,0.54399,2,28,0.52,21,0.47999,2,28,0.51199,21,0.488,2,28,0.592,21,0.40799,2,28,0.40799,21,0.592,2,28,0.40799,21,0.592,2,28,0.40799,21,0.592,2,28,0.40799,21,0.592,2,28,0.40799,21,0.592,2,28,0.40799,21,0.592,1,21,1,2,28,0.57599,21,0.424,1,28,1,2,28,0.952,21,0.04799,2,28,0.18399,21,0.816,1,21,1,1,21,1,1,21,1,1,21,1,1,21,1,2,29,0.416,21,0.58398,1,29,1,2,29,0.91199,21,0.088,1,21,1,1,21,1,1,21,1,1,21,1,1,21,1,2,29,0.48799,21,0.512,2,29,0.48799,21,0.512,2,29,0.48799,21,0.512,2,29,0.48799,21,0.512,2,29,0.48799,21,0.512,2,29,0.48799,21,0.512,2,29,0.57599,21,0.42399,2,29,0.58398,21,0.416,2,29,0.624,21,0.37599,2,29,0.48799,21,0.512,2,29,0.48799,21,0.512,2,29,0.04,21,0.95999,2,29,0.664,21,0.33599,2,29,0.816,21,0.18399,2,29,0.2,21,0.79999,2,28,0.13598,21,0.864,2,28,0.864,21,0.13598,2,28,0.70399,21,0.296],"slotPose":[1,0,0,1,0,0],"bonePose":[21,0.055996,-0.998431,0.998431,0.055996,-7.384407,-326.532931,28,0.055996,-0.998431,0.998431,0.055996,19.041941,-369.480552,29,0.055996,-0.998431,0.998431,0.055996,-27.98322,-372.849047],"edges":[13,12,12,11,11,10,10,9,9,8,8,7,7,6,6,5,5,4,4,3,3,2,2,1,1,0,0,14,14,13],"userEdges":[3,15,15,4,1,16,16,17,17,18,18,5,19,20,20,21,21,22,22,23,19,24,24,25,25,26,26,27,27,28,28,23,30,31,31,32,32,33,33,34,34,35,35,36,36,37,37,29,39,40,40,41,41,42,43,44,44,45,45,46,46,38,39,47,47,48,48,49,49,50,50,51,51,52,52,53,53,54,54,55,55,56,56,57,57,47,42,58,58,43,58,59,59,60,38,61,61,39,60,61,29,62,62,30,62,63,63,64,64,34]}]},{"name":"07_4","display":[{"type":"mesh","name":"07/07_4","width":199,"height":175,"vertices":[94.16,-414.02,94.17,-390.87,94.18,-366.82,79.62,-350.11,88.48,-330.14,88.85,-310.66,94.24,-286.34,50.61,-286.31,45.94,-301.72,40.14,-326.49,37.4,-350.99,50.66,-370.65,55.87,-391.53,53.14,-410.36,42.93,-410.59,20.91,-434.88,-22.72,-421.94,-47.46,-411.04,-60.17,-416.93,-66.3,-405.57,-62.22,-387.19,-58.36,-365.63,-51.79,-340.41,-57.7,-322.99,-57.15,-306.25,-65.55,-286.29,-89.46,-286.29,-104.82,-307.39,-104.82,-319.37,-104.82,-334.52,-91.05,-358.38,-104.8,-386.75,-104.8,-414.44,-93.3,-438.72,-83.1,-453.02,-69.7,-461.24,-58.14,-461.24,-41.11,-450.77,39.96,-461.26,68.1,-461.26,65.69,-306.05,65.89,-328.51,64.06,-349.39,68.14,-368.45,72.44,-387.98,71.98,-409.54,62.21,-438.51,83.16,-433.96,-84.23,-429.65,-84,-407.41,-80.38,-382.9,-75.61,-359.97,-75.4,-337.7,-76.75,-318.92,-76.67,-304.45],"uvs":[1,0.27016,1,0.40247,1,0.53996,0.92672,0.63541,0.97121,0.74956,0.973,0.86091,1,1,0.78072,1,0.75729,0.91189,0.72824,0.77031,0.71455,0.63022,0.78124,0.51791,0.80748,0.39857,0.7938,0.29091,0.74246,0.28961,0.63181,0.15082,0.41252,0.2247,0.28818,0.28696,0.22431,0.25323,0.19351,0.31809,0.21404,0.42316,0.23343,0.54639,0.26651,0.69053,0.23685,0.79012,0.23961,0.88582,0.19741,1,0.07717,1,0,0.87933,0,0.81087,0,0.72425,0.06917,0.5879,0,0.42575,0,0.2675,0.05776,0.12871,0.10909,0.04699,0.1764,0,0.23457,0,0.32012,0.05996,0.72763,0,0.86908,0,0.85653,0.88724,0.85767,0.75882,0.84854,0.63949,0.86908,0.53053,0.89075,0.41897,0.88847,0.29575,0.83942,0.13007,0.94475,0.15616,0.10339,0.18059,0.10453,0.30771,0.12278,0.4478,0.14674,0.57882,0.14788,0.70609,0.14103,0.81347,0.14151,0.89619],"triangles":[5,40,6,40,7,6,43,3,2,44,43,2,44,2,1,45,44,1,45,1,0,47,45,0,39,46,47,41,40,5,41,5,4,3,41,4,42,41,3,46,45,47,43,42,3,12,11,43,46,13,45,13,12,45,45,12,44,12,43,44,9,8,40,8,7,40,9,40,41,42,9,41,11,42,43,38,46,39,14,13,46,10,9,42,11,10,42,15,14,46,38,15,46,37,15,38,37,16,15,37,17,16,48,18,36,18,17,37,36,18,37,34,48,35,35,48,36,21,51,22,51,52,22,52,23,22,20,50,21,50,51,21,52,53,23,54,25,24,23,53,24,53,54,24,19,50,20,49,19,18,48,49,18,54,26,25,49,50,19,30,52,51,33,48,34,29,28,53,53,27,54,29,53,52,30,29,52,50,30,51,49,31,50,28,27,53,27,26,54,32,49,48,31,30,50,32,31,49,33,32,48],"weights":[3,47,0.00322,42,0.52339,40,0.47338,5,56,0.00229,47,0.4365,42,0.51972,40,0.04025,27,0.00121,5,58,0.00376,56,0.25988,47,0.65736,42,0.07895,27,0.00003,5,63,0.02809,58,0.33519,56,0.53609,47,0.10025,42,0.00036,4,65,0.04626,63,0.50024,58,0.41778,56,0.0357,3,65,0.48218,63,0.46135,58,0.05645,2,65,0.97671,63,0.02328,2,65,0.90677,63,0.09322,3,65,0.59644,63,0.36827,58,0.03528,4,65,0.02424,63,0.42399,58,0.50623,56,0.04553,4,63,0.03496,58,0.53519,56,0.42859,47,0.00124,3,58,0.05113,56,0.60039,47,0.34847,5,56,0.01439,47,0.51176,42,0.45496,40,0.00929,27,0.00957,4,47,0.02043,42,0.27456,40,0.38508,27,0.3199,1,21,1,1,21,1,1,21,1,1,21,1,4,24,0.52398,36,0.13433,44,0.25072,50,0.09094,5,24,0.10402,36,0.017,44,0.31801,50,0.54442,54,0.01651,5,24,0.00194,44,0.00378,50,0.47138,54,0.51621,60,0.00666,4,50,0.00635,54,0.57893,60,0.41111,61,0.00359,4,54,0.01329,60,0.56471,64,0.05095,61,0.37102,4,60,0.11656,64,0.34588,61,0.50344,66,0.0341,4,60,0.00215,64,0.46226,61,0.09884,66,0.43672,2,64,0.00124,66,0.99875,1,66,1,4,60,0.00671,64,0.33095,61,0.21925,66,0.44307,4,60,0.05761,64,0.32632,61,0.4243,66,0.19176,4,60,0.24173,64,0.17175,61,0.56163,66,0.02487,4,50,0.01082,54,0.41519,60,0.52547,61,0.04849,4,44,0.07406,50,0.69579,54,0.23012,61,0.00001,3,36,0.0026,44,0.73158,50,0.26581,2,36,0.64243,44,0.35756,3,24,0.00718,36,0.98817,44,0.00464,3,24,0.16445,36,0.83529,50,0.00024,4,27,0.00106,24,0.35802,36,0.64077,50,0.00013,1,21,1,5,47,0.00045,40,0.02817,27,0.90438,24,0.06695,36,0.00003,3,47,0.00233,40,0.38557,27,0.61207,2,65,0.5,63,0.5,2,63,0.5,58,0.5,2,58,0.5,56,0.5,2,56,0.5,47,0.5,2,47,0.5,42,0.5,2,42,0.5,40,0.5,2,40,0.5,27,0.5,3,42,0.00578,40,0.96146,27,0.03275,2,36,0.5,44,0.5,2,44,0.5,50,0.5,2,50,0.5,54,0.5,2,54,0.5,60,0.5,2,60,0.5,61,0.5,2,64,0.5,61,0.5,2,64,0.5,66,0.5],"slotPose":[1,0,0,1,0,0],"bonePose":[47,-0.208936,0.977929,-0.977929,-0.208936,72.803072,-389.577313,42,0.018325,0.999832,-0.999832,0.018325,72.409086,-411.073702,40,0.408968,0.912549,-0.912549,0.408968,60.884378,-436.78933,50,0.180176,0.983634,-0.983634,0.180176,-83.854006,-407.195383,56,-0.255783,0.966734,-0.966734,-0.255783,68.208571,-368.072646,27,0.933643,-0.358205,0.358205,0.933643,37.856744,-428.329336,58,0.091154,0.995837,-0.995837,0.091154,63.23103,-349.26,63,0.057216,0.998362,-0.998362,0.057216,65.163495,-328.148259,65,0.078807,0.99689,-0.99689,0.078807,66.329548,-307.801645,21,0.055996,-0.998431,0.998431,0.055996,-7.384407,-326.532931,24,-0.718855,-0.69516,0.69516,-0.718855,-36.242906,-419.875339,36,-0.905421,0.424516,-0.424516,-0.905421,-59.663191,-442.523664,44,0.016056,0.999871,-0.999871,0.016056,-84.236308,-431.002314,54,0.192864,0.981225,-0.981225,0.192864,-79.634289,-384.158665,60,-0.037167,0.999309,-0.999309,-0.037167,-75.030614,-360.736814,61,-0.041701,0.99913,-0.99913,-0.041701,-75.424117,-338.856322,64,-0.058784,0.998271,-0.998271,-0.058784,-76.193088,-320.432362,66,-0.191494,0.981494,-0.981494,-0.191494,-76.961391,-307.384964],"edges":[27,26,26,25,25,24,24,23,23,22,22,21,21,20,20,19,19,18,18,17,17,16,16,15,15,14,14,13,13,12,12,11,11,10,10,9,9,8,8,7,7,6,6,5,5,4,4,3,3,2,2,1,1,0,0,39,39,38,38,37,37,36,36,35,35,34,34,33,33,32,32,31,31,30,30,29,29,28,28,27],"userEdges":[8,40,46,13,15,38,0,47,47,39,12,44,44,1,11,43,43,2,10,42,42,3,9,41,41,4,5,40,16,37,36,18,18,48,48,33,32,49,49,19,31,50,50,20,30,51,51,21,29,52,52,22,28,53,53,23,27,54,54,24,37,15]}]},{"name":"07_3","display":[{"name":"07/07_3","transform":{"x":100.52,"y":37.99,"skX":86.78,"skY":86.78}}]},{"name":"07_11","display":[{"name":"07/07_11","transform":{"x":104.71,"y":-3.3,"skX":86.78,"skY":86.78}}]},{"name":"07_10","display":[{"type":"mesh","name":"07/07_10","width":67,"height":144,"vertices":[39.52,-291.08,38.78,-264.02,38.78,-259.34,39.76,-252.21,54.27,-234.49,71.17,-210.13,71.17,-206.2,71.17,-170.28,41.44,-170.29,38.24,-194.65,38,-201.04,19.55,-203.75,15.66,-246.31,15.42,-250.98,4.19,-277.55,4.19,-314.26,27.22,-314.26,26.48,-253.93,26.73,-250,26.49,-259.1,50.53,-201.53,52.01,-196.36],"uvs":[0.52732,0.16108,0.5163,0.34899,0.5163,0.38145,0.53099,0.43099,0.74762,0.55399,1,0.72312,1,0.75046,1,1,0.55612,1,0.50839,0.83075,0.50472,0.78633,0.22935,0.76754,0.17117,0.47199,0.1675,0.43954,0,0.25503,0,0,0.34374,0,0.33272,0.41903,0.33639,0.44637,0.33272,0.38316,0.69197,0.78292,0.714,0.81879],"triangles":[4,20,5,5,20,6,20,21,6,6,21,7,21,8,7,9,8,21,11,10,4,18,11,4,3,18,4,10,20,4,12,11,18,20,9,21,10,9,20,14,19,0,0,19,1,16,14,0,17,18,3,1,19,2,17,3,2,19,17,2,15,14,16,13,12,18,13,18,17,13,17,19,14,13,19],"weights":[1,22,1,2,32,0.14046,22,0.85953,2,32,0.35728,22,0.6427,2,32,0.80457,22,0.19542,1,32,1,2,34,0.39581,32,0.60417,2,34,0.48864,32,0.51134,1,34,1,1,34,1,2,34,0.65649,32,0.3435,2,34,0.15107,32,0.84892,1,32,1,2,32,0.80379,22,0.1962,2,32,0.5283,22,0.47169,2,22,0.98955,16,0.01044,1,16,1,2,22,0.83459,16,0.1654,2,32,0.5,22,0.5,1,32,1,1,22,1,2,34,0.53377,32,0.46622,2,34,0.75872,32,0.24127],"slotPose":[1,0,0,1,0,0],"bonePose":[22,0.188581,0.982058,-0.982058,0.188581,15.698952,-306.625116,32,0.372178,0.928161,-0.928161,0.372178,25.888142,-254.094072,34,0.247337,0.968929,-0.968929,0.247337,47.816866,-199.406803,16,0.996041,-0.088894,0.088894,0.996041,-1.602281,-305.081022],"edges":[14,13,13,12,12,11,11,10,10,9,9,8,8,7,7,6,6,5,5,4,4,3,3,2,2,1,1,0,0,16,16,15,15,14],"userEdges":[2,17,17,13,12,18,18,3,13,19,19,1,10,20,20,5,9,21,21,6]}]},{"name":"07_1","display":[{"name":"07/07_1","transform":{"x":118.67,"y":4.42,"skX":86.78,"skY":86.78}}]},{"name":"07_8","display":[{"type":"mesh","name":"07/07_8","width":74,"height":15,"vertices":[31.2,-79.3,9.77,-79.29,-22.72,-79.3,-42.79,-79.3,-42.79,-94.3,-20.5,-94.3,7.72,-94.29,31.2,-94.29],"uvs":[1,1,0.71034,1,0.27129,1,0,1,0,0,0.30133,0,0.68261,0,1,0],"triangles":[1,0,7,6,1,7,6,5,1,5,2,1,4,3,2,4,2,5],"weights":[1,11,1,1,11,1,1,8,1,1,8,1,1,8,1,1,8,1,1,11,1,1,11,1],"slotPose":[1,0,0,1,0,0],"bonePose":[11,-0.046932,0.998898,-0.998898,-0.046932,23.180359,-123.02953,8,-0.048327,0.998832,-0.998832,-0.048327,-29.931202,-127.184744],"edges":[3,2,2,1,1,0,0,7,7,6,6,5,5,4,4,3],"userEdges":[5,2,1,6]}]}]}],"animation":[{"duration":60,"name":"idle","bone":[{"name":"bone","translateFrame":[{"duration":25,"curve":[0.155,0.125,0.878,1],"x":-0.77},{"duration":30,"curve":[0.25,0,0.75,1],"x":-5.42},{"duration":5,"curve":[0.323,0.24,0.617,0.73]},{"duration":0,"x":-0.77}]},{"name":"bone2","translateFrame":[{"duration":30,"curve":[0.125,0,0.875,1]},{"duration":30,"curve":[0.25,0,0.75,1],"x":1.36,"y":-2.05},{"duration":0}],"rotateFrame":[{"duration":30,"curve":[0.125,0,0.875,1]},{"duration":30,"curve":[0.25,0,0.75,1],"rotate":-1.37},{"duration":0}]},{"name":"bone3","translateFrame":[{"duration":9,"curve":[0.3105,0.155,0.75,1],"x":0.67,"y":0.1},{"duration":21,"curve":[0.25,0,0.75,1]},{"duration":9,"curve":[0.25,0,0.75,1]},{"duration":21,"curve":[0.25,0,0.551,0.63],"x":2.82,"y":1.58},{"duration":0,"x":0.67,"y":0.1}],"rotateFrame":[{"duration":9,"curve":[0.3105,0.155,0.75,1],"rotate":-0.4},{"duration":21,"curve":[0.25,0,0.75,1],"rotate":-0.13},{"duration":9,"curve":[0.25,0,0.75,1],"rotate":-0.13},{"duration":21,"curve":[0.25,0,0.551,0.63],"rotate":-1.28},{"duration":0,"rotate":-0.4}],"scaleFrame":[{"duration":9,"curve":[0.3105,0.155,0.75,1]},{"duration":21,"curve":[0.25,0,0.75,1]},{"duration":9,"curve":[0.25,0,0.75,1],"y":1.04},{"duration":21,"curve":[0.25,0,0.551,0.63],"y":1.04},{"duration":0}]},{"name":"bone4","scaleFrame":[{"duration":30,"curve":[0.25,0,0.75,1]},{"duration":30,"curve":[0.25,0,0.75,1],"x":1.01,"y":0.97},{"duration":0}]},{"name":"bone5","rotateFrame":[{"duration":25,"curve":[0.155,0.125,0.878,1],"rotate":0.16},{"duration":30,"curve":[0.25,0,0.75,1],"rotate":1.75},{"duration":5,"tweenEasing":0},{"duration":0,"rotate":0.16}]},{"name":"bone23","rotateFrame":[{"duration":30,"curve":[0.125,0,0.875,1]},{"duration":30,"curve":[0.25,0,0.75,1],"rotate":2.51},{"duration":0}]},{"name":"bone24","rotateFrame":[{"duration":26,"curve":[0.1895,0.265,0.8725,1],"rotate":-0.56},{"duration":26,"curve":[0.29,0.19,0.676,0.7],"rotate":-3.16},{"duration":4,"curve":[0.351,0.4,0.756,1],"rotate":-0.22},{"duration":4,"curve":[0.333,0.33,0.667,0.67]},{"duration":0,"rotate":-0.56}]},{"name":"bone25","rotateFrame":[{"duration":30,"curve":[0.132,0,0.8085,0.71],"rotate":2.28},{"duration":22,"curve":[0.242,0,0.662,0.65],"rotate":-2.7},{"duration":8,"curve":[0.351,0.4,0.756,1],"rotate":1.27},{"duration":0,"rotate":2.28}]},{"name":"bone26","rotateFrame":[{"duration":4,"curve":[0.17,0.175,0.8375,0.845],"rotate":2.14},{"duration":30,"curve":[0.25,0,0.75,1],"rotate":3.08},{"duration":18,"curve":[0.338,0.34,0.684,0.72],"rotate":-4.99},{"duration":8,"curve":[0.29,0.19,0.676,0.7],"rotate":0.11},{"duration":0,"rotate":2.14}]},{"name":"bone27","rotateFrame":[{"duration":8,"curve":[0.176,0.325,0.843,1],"rotate":3.44},{"duration":30,"curve":[0.381,0.54,0.742,1],"rotate":4.79},{"duration":14,"curve":[0.25,0,0.75,1],"rotate":-3.7},{"duration":8,"curve":[0.37,0.62,0.709,1],"rotate":0.16},{"duration":0,"rotate":3.44}]},{"name":"bone28","rotateFrame":[{"duration":12,"curve":[0.181,0.22,0.877,1],"rotate":1.07},{"duration":30,"curve":[0.25,0,0.75,1],"rotate":7.24},{"duration":10,"curve":[0.371,0.48,0.751,1],"rotate":-6.37},{"duration":8,"curve":[0.257,0,0.618,0.45],"rotate":-2.5},{"duration":0,"rotate":1.07}]},{"name":"bone29","rotateFrame":[{"duration":16,"curve":[0.1755,0.2,0.878,1],"rotate":-7.06},{"duration":30,"curve":[0.316,0.27,0.712,0.81],"rotate":3.55},{"duration":6,"curve":[0.38,0.59,0.726,1],"rotate":-12.92},{"duration":8,"curve":[0.264,0,0.617,0.42],"rotate":-11.26},{"duration":0,"rotate":-7.06}]},{"name":"bone30","rotateFrame":[{"duration":30,"curve":[0.125,0,0.875,1],"rotate":0.43},{"duration":30,"curve":[0.25,0,0.75,1],"rotate":-3.89},{"duration":0,"rotate":0.43}]},{"name":"bone31","rotateFrame":[{"duration":5,"curve":[0.185,0.31,0.8545,1],"rotate":1.18},{"duration":30,"curve":[0.25,0,0.75,1],"rotate":1.52},{"duration":25,"curve":[0.243,0,0.689,0.75],"rotate":-2.04},{"duration":0,"rotate":1.18}]},{"name":"bone32","rotateFrame":[{"duration":10,"curve":[0.191,0.285,0.8674999999999999,1],"rotate":-0.17},{"duration":30,"curve":[0.25,0,0.75,1],"rotate":1.81},{"duration":20,"curve":[0.243,0,0.648,0.6],"rotate":-5.18},{"duration":0,"rotate":-0.17}]},{"name":"bone33","rotateFrame":[{"duration":15,"curve":[0.1875,0.25,0.875,1],"rotate":-0.24},{"duration":30,"curve":[0.25,0,0.75,1],"rotate":5.45},{"duration":15,"curve":[0.25,0,0.625,0.5],"rotate":-5.94},{"duration":0,"rotate":-0.24}]},{"name":"bone40","rotateFrame":[{"duration":5,"curve":[0.185,0.31,0.8545,1],"rotate":0.41},{"duration":30,"curve":[0.25,0,0.75,1],"rotate":0.7},{"duration":25,"curve":[0.243,0,0.689,0.75],"rotate":-2.21},{"duration":0,"rotate":0.41}]},{"name":"bone41","rotateFrame":[{"duration":5,"curve":[0.187,0.305,0.8574999999999999,1],"rotate":-0.06},{"duration":5,"curve":[0.25,0,0.625,0.5],"rotate":0.44},{"duration":30,"tweenEasing":0,"rotate":0.86},{"duration":20,"curve":[0.242,0,0.679,0.71],"rotate":-3.46},{"duration":0,"rotate":-0.06}]},{"name":"bone42","rotateFrame":[{"duration":5,"curve":[0.178,0.32,0.845,1],"rotate":-1.19},{"duration":10,"curve":[0.25,0,0.75,1],"rotate":-0.56},{"duration":30,"tweenEasing":0,"rotate":1.9},{"duration":15,"curve":[0.364,0.46,0.708,0.84],"rotate":-6.79},{"duration":0,"rotate":-1.19}]},{"name":"bone43","rotateFrame":[{"duration":5,"curve":[0.1745,0.325,0.8415,1],"rotate":-2.53},{"duration":15,"curve":[0.351,0.4,0.756,1],"rotate":-1.89},{"duration":30,"curve":[0.25,0,0.75,1],"rotate":2.53},{"duration":10,"curve":[0.356,0.47,0.691,0.82],"rotate":-6.33},{"duration":0,"rotate":-2.53}]},{"name":"bone44","rotateFrame":[{"duration":5,"curve":[0.1895,0.3,0.862,1],"rotate":-7.66},{"duration":20,"curve":[0.375,0.5,0.75,1],"rotate":-6.27},{"duration":30,"curve":[0.351,0.4,0.756,1],"rotate":3.34},{"duration":5,"curve":[0.342,0.36,0.685,0.72],"rotate":-10.08},{"duration":0,"rotate":-7.66}]},{"name":"bone45","rotateFrame":[{"duration":5,"curve":[0.132,0,0.8085,0.71],"rotate":-13.55},{"duration":25,"curve":[0.25,0,0.75,1],"rotate":-11.22},{"duration":30,"tweenEasing":0,"rotate":26.01},{"duration":0,"rotate":-13.55}]},{"name":"bone52","rotateFrame":[{"duration":15,"curve":[0.1875,0.25,0.875,1],"rotate":2.39},{"duration":30,"tweenEasing":0,"rotate":3.35},{"duration":15,"curve":[0.25,0,0.625,0.5],"rotate":0.54},{"duration":0,"rotate":2.39}]},{"name":"bone56","rotateFrame":[{"duration":10,"curve":[0.191,0.285,0.8674999999999999,1],"rotate":-0.82},{"duration":30,"curve":[0.25,0,0.75,1]},{"duration":20,"curve":[0.243,0,0.648,0.6],"rotate":-2.9},{"duration":0,"rotate":-0.82}]},{"name":"bone57","rotateFrame":[{"duration":5,"curve":[0.185,0.31,0.8545,1],"rotate":6.94},{"duration":30,"tweenEasing":0,"rotate":6.98},{"duration":25,"curve":[0.243,0,0.689,0.75],"rotate":6.6},{"duration":0,"rotate":6.94}]},{"name":"bone58","rotateFrame":[{"duration":10,"curve":[0.1875,0.25,0.875,1],"rotate":-0.66},{"duration":10,"curve":[0.243,0,0.648,0.6],"rotate":-0.29},{"duration":30,"tweenEasing":0},{"duration":10,"curve":[0.25,0,0.625,0.5],"rotate":-1.04},{"duration":0,"rotate":-0.66}]},{"name":"bone59","rotateFrame":[{"duration":15,"curve":[0.1875,0.25,0.875,1],"rotate":-1.26},{"duration":30,"tweenEasing":0,"rotate":5.38},{"duration":15,"curve":[0.25,0,0.625,0.5],"rotate":-10.3},{"duration":0,"rotate":-1.26}]},{"name":"bone61","translateFrame":[{"duration":28},{"duration":2,"tweenEasing":0},{"duration":2,"tweenEasing":0,"x":-16.16,"y":0.46},{"duration":28}]},{"name":"bone60","translateFrame":[{"duration":28},{"duration":2,"tweenEasing":0},{"duration":2,"tweenEasing":0,"x":-19.36,"y":0.4},{"duration":28}]},{"name":"bone14","rotateFrame":[{"duration":10,"curve":[0.0955,0.1425,0.93375,1],"rotate":3.07},{"duration":30,"curve":[0.25,0,0.75,1],"rotate":11.74},{"duration":20,"curve":[0.243,0,0.648,0.6],"rotate":-18.82},{"duration":0,"rotate":3.07}]},{"name":"bone13","rotateFrame":[{"duration":5,"curve":[0.0925,0.155,0.92725,1],"rotate":6.17},{"duration":30,"curve":[0.25,0,0.75,1],"rotate":8.89},{"duration":25,"tweenEasing":0,"rotate":-19.37},{"duration":0,"rotate":6.17}]},{"name":"bone12","rotateFrame":[{"duration":30,"curve":[0.0625,0,0.9375,1],"rotate":7.33},{"duration":30,"curve":[0.25,0,0.75,1],"rotate":-12.22},{"duration":0,"rotate":7.33}]},{"name":"bone11","rotateFrame":[{"duration":25,"curve":[0.0775,0.0625,0.939,1],"rotate":3.44},{"duration":30,"tweenEasing":0,"rotate":-10.07},{"duration":5,"curve":[0.29,0,0.629,0.37],"rotate":4.88},{"duration":0,"rotate":3.44}]},{"name":"bone10","rotateFrame":[{"duration":20,"curve":[0.08775,0.1,0.939,1],"rotate":4.44},{"duration":30,"tweenEasing":0,"rotate":-3.64},{"duration":10,"curve":[0.264,0,0.617,0.42],"rotate":7.65},{"duration":0,"rotate":4.44}]},{"name":"bone9","rotateFrame":[{"duration":15,"curve":[0.09375,0.125,0.9375,1],"rotate":0.82},{"duration":30,"curve":[0.25,0,0.75,1],"rotate":-0.95},{"duration":15,"curve":[0.25,0,0.625,0.5],"rotate":2.6},{"duration":0,"rotate":0.82}]},{"name":"bone8","rotateFrame":[{"duration":10,"curve":[0.0955,0.1425,0.93375,1],"rotate":-0.49},{"duration":30,"curve":[0.25,0,0.75,1],"rotate":-1.38},{"duration":20,"curve":[0.243,0,0.648,0.6],"rotate":1.74},{"duration":0,"rotate":-0.49}]},{"name":"bone7","rotateFrame":[{"duration":5,"curve":[0.0925,0.155,0.92725,1],"rotate":-1.43},{"duration":30,"curve":[0.25,0,0.75,1],"rotate":-1.85},{"duration":25,"curve":[0.243,0,0.689,0.75],"rotate":2.48},{"duration":0,"rotate":-1.43}]},{"name":"bone15","rotateFrame":[{"duration":20,"curve":[0.09425,0.15,0.92975,1]},{"duration":30,"tweenEasing":0,"rotate":-0.83},{"duration":10,"curve":[0.344,0.37,0.679,0.71],"rotate":0.71},{"duration":0}]},{"name":"bone22","rotateFrame":[{"duration":20,"tweenEasing":0,"rotate":-11.3},{"duration":5,"curve":[0.382,0.57,0.735,1],"rotate":16.91},{"duration":30,"curve":[0.25,0,0.75,1],"rotate":20.68},{"duration":5,"tweenEasing":0,"rotate":-18.36},{"duration":0,"rotate":-11.3}]},{"name":"bone21","rotateFrame":[{"duration":20,"tweenEasing":0,"rotate":-8.12},{"duration":30,"curve":[0.25,0,0.75,1],"rotate":12.67},{"duration":10,"tweenEasing":0,"rotate":-18.52},{"duration":0,"rotate":-8.12}]},{"name":"bone20","rotateFrame":[{"duration":15,"tweenEasing":0,"rotate":3.5},{"duration":5,"curve":[0.25,0,0.75,1],"rotate":10.61},{"duration":25,"curve":[0.243,0,0.689,0.75],"rotate":9.24},{"duration":15,"tweenEasing":0,"rotate":-3.59},{"duration":0,"rotate":3.5}]},{"name":"bone19","rotateFrame":[{"duration":10,"curve":[0.09425,0.15,0.92975,1],"rotate":0.61},{"duration":10,"curve":[0.37,0.62,0.709,1],"rotate":2.26},{"duration":20,"curve":[0.25,0,0.75,1],"rotate":0.08},{"duration":20,"curve":[0.329,0.32,0.692,0.75],"rotate":-5.41},{"duration":0,"rotate":0.61}]},{"name":"bone18","rotateFrame":[{"duration":5,"tweenEasing":0,"rotate":2.94},{"duration":15,"curve":[0.25,0,0.75,1],"rotate":4.62},{"duration":15,"curve":[0.37,0.62,0.709,1],"rotate":-0.41},{"duration":25,"tweenEasing":0,"rotate":-5.46},{"duration":0,"rotate":2.94}]},{"name":"bone17","rotateFrame":[{"duration":20,"curve":[0.0725,0,0.90725,0.8425],"rotate":3.74},{"duration":10,"curve":[0.25,0,0.75,1],"rotate":-1.67},{"duration":30,"curve":[0.25,0,0.75,1],"rotate":-3.82},{"duration":0,"rotate":3.74}]},{"name":"bone16","rotateFrame":[{"duration":20,"curve":[0.0715,0.0325,0.90775,0.8775],"rotate":5.41},{"duration":5,"curve":[0.25,0,0.75,1],"rotate":-1.94},{"duration":30,"curve":[0.25,0,0.625,0.5],"rotate":-2.78},{"duration":5,"curve":[0.313,0,0.647,0.34],"rotate":5.96},{"duration":0,"rotate":5.41}]},{"name":"bone62","rotateFrame":[{"duration":15,"curve":[0.09475,0.15,0.931,1],"rotate":1.1},{"duration":30,"curve":[0.25,0,0.75,1],"rotate":3.74},{"duration":15,"curve":[0.342,0.36,0.685,0.72],"rotate":-3.47},{"duration":0,"rotate":1.1}]},{"name":"bone65","rotateFrame":[{"duration":30,"curve":[0.0625,0,0.90625,0.875],"rotate":-8.57},{"duration":30,"curve":[0.37,0.62,0.709,1],"rotate":5.53},{"duration":0,"rotate":-8.57}]},{"name":"bone64","rotateFrame":[{"duration":25,"curve":[0.09475,0.1475,0.931,1],"rotate":-0.19},{"duration":30,"curve":[0.25,0,0.75,1],"rotate":12.64},{"duration":5,"curve":[0.34,0.35,0.675,0.69],"rotate":-4.59},{"duration":0,"rotate":-0.19}]},{"name":"bone63","rotateFrame":[{"duration":20,"curve":[0.09525,0.145,0.93275,1],"rotate":0.94},{"duration":30,"curve":[0.25,0,0.75,1],"rotate":7.52},{"duration":10,"curve":[0.339,0.35,0.678,0.7],"rotate":-4.82},{"duration":0,"rotate":0.94}]},{"name":"bone66","rotateFrame":[{"duration":5,"curve":[0.337,0.34,0.675,0.69],"rotate":0.98},{"duration":10,"curve":[0.351,0.4,0.756,1],"rotate":2.31},{"duration":30,"tweenEasing":0,"rotate":4.06},{"duration":15,"curve":[0.25,0,0.625,0.5],"rotate":-2.11},{"duration":0,"rotate":0.98}]},{"name":"bone69","rotateFrame":[{"duration":5,"curve":[0.25,0,0.625,0.5],"rotate":-17.87},{"duration":25,"curve":[0.351,0.4,0.756,1],"rotate":-15.52},{"duration":30,"curve":[0.382,0.57,0.735,1],"rotate":6.47},{"duration":0,"rotate":-17.87}]},{"name":"bone68","rotateFrame":[{"duration":5,"curve":[0.379,0.6,0.724,1],"rotate":-11.52},{"duration":20,"curve":[0.31,0.25,0.756,1],"rotate":-9.75},{"duration":30,"curve":[0.375,0.5,0.75,1],"rotate":2.45},{"duration":5,"curve":[0.342,0.36,0.685,0.72],"rotate":-14.59},{"duration":0,"rotate":-11.52}]},{"name":"bone67","rotateFrame":[{"duration":5,"curve":[0.32,0.28,0.655,0.62],"rotate":-3.19},{"duration":15,"curve":[0.25,0,0.75,1],"rotate":-0.86},{"duration":30,"curve":[0.25,0,0.75,1],"rotate":4.14},{"duration":10,"curve":[0.28,0,0.622,0.39],"rotate":-5.86},{"duration":0,"rotate":-3.19}]}]}],"defaultActions":[{"gotoAndPlay":"idle"}]}]}