{"imagePath":"girl_08_tex.png","width":512,"height":512,"name":"girl_08","SubTexture":[{"y":324,"frameX":-1,"frameY":-1,"width":76,"frameWidth":78,"height":38,"name":"07/07_11","frameHeight":40,"x":130},{"width":67,"y":178,"height":144,"name":"07/07_10","x":130},{"width":127,"y":178,"height":212,"name":"07/07_9","x":1},{"width":74,"y":364,"height":15,"name":"07/07_8","x":130},{"width":164,"y":1,"height":185,"name":"07/07_7","x":202},{"width":119,"y":392,"height":106,"name":"07/07_6","x":1},{"width":97,"y":166,"height":169,"name":"07/07_5","x":368},{"width":199,"y":1,"height":175,"name":"07/07_4","x":1},{"y":166,"frameX":-1,"frameY":-1,"width":32,"frameWidth":34,"height":31,"name":"07/07_3","frameHeight":33,"x":467},{"width":118,"y":1,"height":163,"name":"07/07_2","x":368},{"y":392,"frameX":-1,"frameY":-1,"width":99,"frameWidth":101,"height":99,"name":"07/07_1","frameHeight":101,"x":122}]}