{"frameRate":30,"name":"girl_07","version":"5.5","compatibleVersion":"5.5","armature":[{"type":"Armature","frameRate":30,"name":"girl_07","aabb":{"x":-144.99,"y":-478.94,"width":276,"height":514.03},"bone":[{"name":"root"},{"name":"bone","parent":"root","transform":{"x":-1.13,"y":-206.3}},{"length":39,"name":"bone48","parent":"root","transform":{"x":-34.51,"y":-32.97,"skX":61.53,"skY":61.53}},{"length":33,"name":"bone51","parent":"root","transform":{"x":19.01,"y":-35.05,"skX":100.61,"skY":100.61}},{"length":28,"name":"bone23","parent":"bone","transform":{"x":-26.28,"y":-55.05,"skX":104.47,"skY":104.47}},{"length":49,"name":"bone2","parent":"bone","transform":{"y":-2.62,"skX":-84.74,"skY":-84.74}},{"length":34,"name":"bone26","parent":"bone","transform":{"x":23.14,"y":-55.94,"skX":75.48,"skY":75.48}},{"length":26,"name":"bone55","parent":"bone","transform":{"x":-39.1,"y":-15.67,"skX":-10.91,"skY":-10.91}},{"length":85,"name":"bone49","parent":"bone","transform":{"x":21.4,"y":-2.21,"skX":88.05,"skY":88.05}},{"length":77,"name":"bone46","parent":"bone","transform":{"x":-15.53,"y":2.76,"skX":99.86,"skY":99.86}},{"length":27,"name":"bone27","parent":"bone26","transform":{"x":34.24,"skX":1.38,"skY":1.38}},{"length":31,"name":"bone24","parent":"bone23","transform":{"x":28.42,"skX":-1.99,"skY":-1.99}},{"length":88,"name":"bone50","parent":"bone49","transform":{"x":85.53,"skX":4.64,"skY":4.64}},{"length":46,"name":"bone3","parent":"bone2","transform":{"x":49.01,"skX":-18.46,"skY":-18.46}},{"length":94,"name":"bone47","parent":"bone46","transform":{"x":77.5,"skX":-7.09,"skY":-7.09}},{"length":21,"name":"bone4","parent":"bone3","transform":{"x":46.37,"y":0.16,"skX":12.51,"skY":12.51}},{"length":24,"name":"bone52","parent":"bone3","transform":{"x":52.01,"y":-6.22,"skX":-90.11,"skY":-90.11}},{"length":30,"name":"bone25","parent":"bone24","transform":{"x":31.52,"skX":3.47,"skY":3.47}},{"length":32,"name":"bone28","parent":"bone27","transform":{"x":27.35,"skX":-7.29,"skY":-7.29}},{"length":17,"name":"bone56","parent":"bone3","transform":{"x":47.24,"y":5.98,"skX":98.1,"skY":98.1}},{"length":114,"name":"bone5","parent":"bone4","transform":{"x":23.63,"y":-0.03,"skX":3.9,"skY":3.9}},{"length":53,"name":"bone57","parent":"bone56","transform":{"x":17.37,"skX":84.23,"skY":84.23}},{"length":55,"name":"bone53","parent":"bone52","transform":{"x":24.13,"skX":-28.94,"skY":-28.94}},{"length":19,"name":"bone6","parent":"bone5","transform":{"x":92.26,"y":28.39,"skX":142.08,"skY":142.08}},{"name":"bone12","parent":"bone5","transform":{"x":114.28,"y":-34.36,"skX":-22.92,"skY":-22.92}},{"length":58,"name":"bone58","parent":"bone57","transform":{"x":53.51,"y":-0.1,"skX":-10.98,"skY":-10.98}},{"length":23,"name":"bone40","parent":"bone5","transform":{"x":72.91,"y":2.4,"skX":163.68,"skY":163.68}},{"name":"bone60","parent":"bone5","transform":{"x":41.55,"y":-23.16}},{"length":57,"name":"bone54","parent":"bone53","transform":{"x":55.12,"skX":-90.1,"skY":-90.1}},{"name":"bone61","parent":"bone5","transform":{"x":41.99,"y":23.98}},{"length":19,"name":"bone30","parent":"bone5","transform":{"x":106.96,"y":3.01,"skX":-157.75,"skY":-157.75}},{"length":21,"name":"bone34","parent":"bone5","transform":{"x":98.32,"y":-30.62,"skX":-152.82,"skY":-152.82}},{"length":21,"name":"bone13","parent":"bone12","transform":{"x":-0.36,"y":-10.56,"skX":-92.25,"skY":-92.25}},{"length":17,"name":"bone31","parent":"bone30","transform":{"x":19.67,"skX":1.1,"skY":1.1}},{"length":22,"name":"bone41","parent":"bone40","transform":{"x":23.56,"skX":2.13,"skY":2.13}},{"length":29,"name":"bone59","parent":"bone58","transform":{"x":58.92,"skX":7.53,"skY":7.53}},{"length":16,"name":"bone7","parent":"bone6","transform":{"x":19.15,"skX":26.41,"skY":26.41}},{"length":21,"name":"bone35","parent":"bone34","transform":{"x":21.9,"skX":-13.18,"skY":-13.18}},{"length":22,"name":"bone15","parent":"bone12","transform":{"x":0.72,"y":-0.28,"skX":86.07,"skY":86.07}},{"length":17,"name":"bone17","parent":"bone13","transform":{"x":23.5,"y":-19.92,"skX":-65.17,"skY":-65.17}},{"length":68,"name":"bone29","parent":"bone59","transform":{"x":22.89,"y":-5.1,"skX":31.78,"skY":31.78}},{"length":16,"name":"bone32","parent":"bone31","transform":{"x":17.65,"skX":-1.72,"skY":-1.72}},{"length":30,"name":"bone36","parent":"bone35","transform":{"x":21.9,"skX":-16.34,"skY":-16.34}},{"length":15,"name":"bone42","parent":"bone41","transform":{"x":22.25,"skX":-3.36,"skY":-3.36}},{"length":25,"name":"bone16","parent":"bone15","transform":{"x":22.42,"skX":11.17,"skY":11.17}},{"length":19,"name":"bone14","parent":"bone13","transform":{"x":21.45,"skX":-10.14,"skY":-10.14}},{"length":17,"name":"bone8","parent":"bone7","transform":{"x":16.83,"skX":14.08,"skY":14.08}},{"length":15,"name":"bone33","parent":"bone32","transform":{"x":16.78,"skX":-5.4,"skY":-5.4}},{"length":18,"name":"bone18","parent":"bone17","transform":{"x":17.84,"skX":-2.86,"skY":-2.86}},{"length":14,"name":"bone9","parent":"bone8","transform":{"x":17.96,"skX":-29.16,"skY":-29.16}},{"length":17,"name":"bone43","parent":"bone42","transform":{"x":15.98,"skX":-5.96,"skY":-5.96}},{"length":30,"name":"bone37","parent":"bone36","transform":{"x":30.43,"y":-0.06,"skX":-13.41,"skY":-13.41}},{"length":20,"name":"bone19","parent":"bone18","transform":{"x":18.71,"skX":5.04,"skY":5.04}},{"length":26,"name":"bone38","parent":"bone37","transform":{"x":30.35,"y":-0.44,"skX":-23.13,"skY":-23.13}},{"length":16,"name":"bone44","parent":"bone43","transform":{"x":17.72,"skX":-6.21,"skY":-6.21}},{"length":12,"name":"bone10","parent":"bone9","transform":{"x":14.51,"skX":-63.85,"skY":-63.85}},{"length":11,"name":"bone11","parent":"bone10","transform":{"x":12.43,"skX":-24.59,"skY":-24.59}},{"length":15,"name":"bone45","parent":"bone44","transform":{"x":14.85,"y":0.49,"skX":-7.63,"skY":-7.63}},{"length":16,"name":"bone20","parent":"bone19","transform":{"x":20.27,"skX":6.68,"skY":6.68}},{"length":22,"name":"bone39","parent":"bone38","transform":{"x":26.19,"y":-0.22,"skX":17.82,"skY":17.82}},{"length":13,"name":"bone21","parent":"bone20","transform":{"x":16.07,"skX":14.83,"skY":14.83}},{"length":16,"name":"bone22","parent":"bone21","transform":{"x":13.94,"skX":12.57,"skY":12.57}}],"slot":[{"name":"06_11","parent":"root"},{"name":"06_10","parent":"root"},{"name":"06_9","parent":"root"},{"name":"06_8","parent":"bone29"},{"name":"06_7","parent":"root"},{"name":"06_6","parent":"root"},{"name":"00_3","parent":"bone5"},{"name":"00_7","parent":"bone55"},{"name":"06_4","parent":"bone54"},{"name":"00_10","parent":"bone53"},{"name":"06_2","parent":"root"},{"name":"06_1","parent":"root"}],"ik":[{"chain":1,"name":"2","bone":"bone50","target":"bone51"},{"bendPositive":false,"chain":1,"name":"1","bone":"bone47","target":"bone48"},{"bendPositive":false,"chain":1,"name":"3","bone":"bone54","target":"bone55"}],"skin":[{"slot":[{"name":"06_1","display":[{"type":"mesh","name":"06/06_1","width":106,"height":166,"vertices":[16.18,-435.6,-13.16,-438.36,-32.21,-432.38,-51.93,-416.08,-55.6,-393.55,-54.74,-374.72,-55.18,-353.32,-57.1,-335.35,-67.8,-321.88,-82.55,-311.31,-89.81,-311.29,-76.56,-328.09,-70.79,-340.06,-69.08,-355.69,-66.93,-373.87,-65.43,-393.56,-64.68,-400.81,-71.4,-392.77,-89.8,-431.28,-89.8,-439.84,-67.76,-446.24,-40.54,-452.05,-18.73,-465.96,4.16,-477.27,16.17,-477.27],"uvs":[1,0.25111,0.72314,0.23435,0.54346,0.27044,0.35738,0.36865,0.32286,0.50439,0.33094,0.61784,0.3269,0.74675,0.30873,0.85504,0.20779,0.93626,0.06849,1,0,1,0.12502,0.89887,0.17952,0.82668,0.19568,0.73257,0.21586,0.62299,0.23,0.50439,0.23706,0.46068,0.17366,0.50917,0,0.27712,0,0.22556,0.20798,0.18688,0.46472,0.15184,0.67065,0.06805,0.88666,0,1,0],"triangles":[22,1,23,23,1,0,23,0,24,22,21,1,21,2,1,21,20,2,20,3,2,14,13,6,12,7,6,4,15,5,15,14,5,14,6,5,18,16,3,20,18,3,16,4,3,16,15,4,13,12,6,12,8,7,19,18,20,12,11,8,18,17,16,11,9,8,10,9,11],"weights":[1,44,1,2,38,0.6075,44,0.39249,3,39,0.00658,32,0.24235,38,0.75106,2,32,0.496,45,0.50399,2,48,0.4827,39,0.51729,2,52,0.50344,48,0.49655,2,58,0.57506,52,0.42493,3,61,0.00226,60,0.53534,58,0.46238,2,61,0.58724,60,0.41275,1,61,0.99999,1,61,0.99999,2,61,0.65249,60,0.3475,2,60,0.50572,58,0.49426,2,58,0.51562,52,0.48437,2,52,0.61745,48,0.38254,2,48,0.53458,39,0.46541,1,45,1,1,45,1,1,45,1,1,45,1,2,32,0.496,45,0.50399,2,32,0.24296,38,0.75703,2,38,0.40244,44,0.59754,1,44,1,1,44,1],"slotPose":[1,0,0,1,0,0],"bonePose":[44,0.976409,-0.215928,0.215928,0.976409,-15.259141,-452.131191,38,0.916083,-0.400989,0.400989,0.916083,-35.797722,-443.141025,39,-0.05007,0.998746,-0.998746,-0.05007,-59.456888,-411.394523,32,-0.927445,0.373959,-0.373959,-0.927445,-45.111194,-438.657272,45,-0.847122,0.531399,-0.531399,-0.847122,-65.004893,-430.635847,48,-0.000175,1,-1,-0.000175,-60.350137,-393.5769,52,-0.088025,0.996118,-0.996118,-0.088025,-60.353402,-374.8669,58,-0.2033,0.979116,-0.979116,-0.2033,-62.13767,-354.675583,61,-0.631082,0.775716,-0.775716,-0.631082,-71.637759,-326.472316,60,-0.447135,0.894467,-0.894467,-0.447135,-65.404701,-338.941181],"edges":[10,9,9,8,8,7,7,6,6,5,5,4,4,3,3,2,2,1,1,0,0,24,24,23,23,22,22,21,21,20,20,19,19,18,18,17,17,16,16,15,15,14,14,13,13,12,12,11,11,10],"userEdges":[2,21,3,16]}]},{"name":"00_10","display":[{"type":"mesh","name":"00/00_10","width":59,"height":95,"vertices":[-30.8,-287.17,-35.56,-283.81,-57.78,-265.66,-58.39,-258.92,-37.43,-229.96,-45.84,-218.29,-57.78,-218.3,-86.8,-253.42,-86.8,-258.47,-86.8,-261.68,-86.79,-267.65,-46.48,-313.28,-27.79,-313.27],"uvs":[0.94895,0.27485,0.86846,0.31026,0.492,0.50147,0.48163,0.57233,0.8371,0.87707,0.69465,1,0.49224,1,0,0.63044,0,0.57716,0,0.54334,0,0.48053,0.68316,0,1,0],"triangles":[11,1,0,11,0,12,3,6,4,11,2,1,6,5,4,10,2,11,10,9,2,2,9,3,9,8,3,7,6,3,8,7,3],"weights":[1,22,1,1,22,1,2,28,0.48,22,0.51999,2,28,0.696,22,0.30399,1,28,1,1,28,1,1,28,1,2,28,0.712,22,0.28799,2,28,0.656,22,0.34399,2,28,0.504,22,0.49599,2,28,0.336,22,0.66399,1,22,1,1,22,1],"slotPose":[1,0,0,1,0,0],"bonePose":[22,-0.740218,0.672367,-0.672367,-0.740218,-38.051014,-301.383914,28,0.673658,0.739043,-0.739043,0.673658,-78.851837,-264.323055],"edges":[7,6,6,5,5,4,4,3,3,2,2,1,1,0,0,12,12,11,11,10,10,9,9,8,8,7],"userEdges":[9,2,3,8,10,2]}]},{"name":"00_7","display":[{"type":"mesh","name":"00/00_7","width":50,"height":28,"vertices":[-5.81,-231.12,-5.81,-209.29,-19.89,-209.29,-38.65,-213.04,-48.95,-214.7,-55.82,-223.01,-43.15,-232.94,-36.33,-229.62,-26.53,-237.28,-19.73,-237.28,-40.15,-221.84],"uvs":[1,0.21996,1,1,0.71832,1,0.34317,0.86617,0.13733,0.80689,0,0.51046,0.25353,0.15475,0.38965,0.27332,0.58552,0,0.72164,0,0.31329,0.55196],"triangles":[2,1,0,9,2,0,7,10,2,10,3,2,8,7,2,8,2,9,6,10,7,10,4,3,6,5,10,5,4,10],"weights":[1,7,1,1,7,1,1,7,1,2,7,0.7667,28,0.23329,2,7,0.09276,28,0.90723,1,28,1,2,7,0.05052,28,0.94947,2,7,0.7534,28,0.24659,1,7,1,1,7,1,2,7,0.5,28,0.5],"slotPose":[1,0,0,1,0,0],"bonePose":[7,0.981926,-0.189267,0.189267,0.981926,-40.23,-221.97,28,0.673658,0.739043,-0.739043,0.673658,-78.851837,-264.323055],"edges":[5,4,4,3,3,2,2,1,1,0,0,9,9,8,8,7,7,6,6,5],"userEdges":[7,10,10,4]}]},{"name":"06_9","display":[{"type":"mesh","name":"06/06_9","width":59,"height":150,"vertices":[40.63,-259.71,44.92,-253.01,61.04,-200.03,62.58,-196.61,69.17,-181.95,69.17,-165.28,44.04,-165.28,45.33,-191.28,45.57,-196.12,18.11,-241.24,16.15,-249.88,10.2,-290.29,10.2,-315.26,29.23,-315.26,25.99,-253,28.78,-247.55,52.75,-196.11,53.63,-191.32],"uvs":[0.51593,0.37037,0.58873,0.4151,0.86215,0.76826,0.88826,0.79111,1,0.88889,1,1,0.57395,1,0.59576,0.82667,0.59981,0.79442,0.13426,0.49358,0.10101,0.43597,0,0.16658,0,0,0.3227,0,0.26779,0.41517,0.31531,0.45144,0.72175,0.79442,0.73653,0.82639],"triangles":[15,8,1,1,8,2,3,17,4,6,5,4,17,6,4,13,11,0,15,9,8,7,6,17,8,16,2,2,16,3,16,17,3,7,17,16,8,7,16,11,14,0,0,15,1,14,15,0,11,10,14,12,11,13,14,10,15,10,9,15],"weights":[2,21,0.51652,25,0.48347,2,21,0.1647,25,0.83529,2,25,0.28387,35,0.71612,2,25,0.12128,35,0.87871,1,35,1,1,35,1,1,35,1,1,35,1,2,25,0.22106,35,0.77893,2,21,0.03936,25,0.96063,2,21,0.37183,25,0.62816,1,21,1,1,21,1,1,21,1,2,21,0.5,25,0.5,1,25,1,2,25,0.2543,35,0.74569,2,25,0.00101,35,0.99898],"slotPose":[1,0,0,1,0,0],"bonePose":[21,0.188581,0.982058,-0.982058,0.188581,15.698952,-306.625116,25,0.372178,0.928161,-0.928161,0.372178,25.888142,-254.094072,35,0.247337,0.968929,-0.968929,0.247337,47.816866,-199.406803],"edges":[11,10,10,9,9,8,8,7,7,6,6,5,5,4,4,3,3,2,2,1,1,0,0,13,13,12,12,11],"userEdges":[0,14,14,10,9,15,15,1,2,16,16,8,3,17,17,7]}]},{"name":"06_6","display":[{"type":"mesh","name":"06/06_6","width":276,"height":181,"vertices":[5.08,-320.16,20.75,-316.78,32.73,-294.1,42.95,-269.61,46.78,-262.59,60.84,-232.79,80.54,-202.62,81.06,-177.88,56.4,-154.3,38.18,-154.29,0.67,-154.29,-48.91,-154.3,-65.21,-154.3,-75.87,-174.58,-74.48,-205.14,-57.51,-238.86,-49.69,-255.34,-43.93,-265.57,-36.69,-273.87,-42.43,-284.74,-46.55,-297.79,-50.31,-309.66,-31.55,-315.84,-16.24,-319.23,-16.44,-335.26,8.06,-335.27,4.2,-257.47,-28.39,-260.89,22.08,-260.04,-30.51,-251.09,2.92,-249.16,24.22,-253.01,-25.43,-288.54,9,-292.77,3.3,-308.6,25.52,-307.75,-31.72,-302.92,-17.31,-288.5,-19.44,-305.94,-35.09,-234.02,-1.37,-206.78,36.13,-201.79,30.05,-228.18,-42.64,-203.56,2.5,-227.85,-4.96,-173.43,37.38,-173.64,-45.66,-174.1],"uvs":[0.63004,0.08343,0.68677,0.10211,0.73025,0.22745,0.76729,0.36278,0.78118,0.40161,0.83211,0.56628,0.90347,0.73297,0.90541,0.86969,0.81606,1,0.75,1,0.61409,1,0.43443,1,0.37536,1,0.33671,0.88794,0.34173,0.71908,0.40322,0.53271,0.43159,0.44162,0.45242,0.38514,0.47866,0.33924,0.45783,0.27922,0.44288,0.20718,0.42927,0.14154,0.49718,0.10741,0.55275,0.08858,0.552,0,0.64082,0,0.62684,0.42985,0.50876,0.41103,0.69166,0.41573,0.50104,0.46516,0.62221,0.47575,0.69938,0.45457,0.51942,0.2582,0.64423,0.23479,0.6236,0.14732,0.70408,0.15202,0.49662,0.17877,0.54883,0.25838,0.54109,0.16206,0.48444,0.55948,0.60666,0.70996,0.74254,0.7376,0.72053,0.59175,0.45711,0.72782,0.6207,0.59344,0.59368,0.89426,0.74706,0.89314,0.44623,0.89063],"triangles":[1,35,2,5,41,6,46,8,7,6,41,7,41,46,7,46,9,8,4,42,5,42,41,5,31,42,4,3,28,4,28,31,4,2,28,3,33,28,2,42,40,41,40,45,41,41,45,46,46,10,9,45,10,46,30,44,31,31,44,42,44,40,42,35,33,2,33,26,28,1,34,35,34,33,35,28,26,31,26,30,31,0,34,1,37,26,33,34,37,33,24,0,25,30,29,44,29,39,44,38,37,34,37,27,26,23,34,0,24,23,0,27,30,26,43,45,40,39,40,44,23,38,34,27,29,30,45,11,10,43,47,45,47,11,45,39,43,40,18,27,32,36,32,38,38,32,37,32,27,37,22,38,23,22,36,38,36,19,32,19,18,32,20,19,36,17,29,27,18,17,27,15,43,39,21,36,22,16,39,29,17,16,29,21,20,36,16,15,39,14,13,47,14,47,43,15,14,43,12,11,47,13,12,47],"weights":[2,15,0.54491,19,0.45508,2,15,0.03215,19,0.96784,3,13,0.10043,19,0.51954,6,0.38001,4,13,0.00476,19,0.05919,10,0.00765,6,0.92838,3,19,0.01775,10,0.03056,6,0.95167,4,13,0.00009,18,0.12091,10,0.48155,6,0.39742,4,13,0.00003,18,0.69852,10,0.27562,6,0.02581,3,13,0.00001,18,0.91686,10,0.08311,2,17,0.00007,18,0.99992,3,5,0.06075,17,0.0321,18,0.90712,3,5,0.30643,17,0.31291,18,0.38064,3,5,0.01963,17,0.97048,18,0.00987,1,17,1,2,11,0.02215,17,0.97784,3,4,0.01004,11,0.35286,17,0.63709,3,4,0.45843,11,0.50226,17,0.03929,3,16,0.0007,4,0.87989,11,0.1194,3,16,0.02865,4,0.95894,11,0.01239,3,13,0.11252,16,0.20666,4,0.6808,3,13,0.09265,16,0.61767,4,0.28966,2,16,0.9809,4,0.01909,1,16,1,1,16,1,2,15,0.55131,16,0.44868,1,15,1,2,15,0.94415,19,0.05584,2,5,0.5,13,0.5,1,4,1,1,6,1,1,4,1,1,5,1,1,6,1,4,13,0.30246,15,0.00012,16,0.40828,4,0.28911,3,13,0.21149,19,0.75053,6,0.03796,2,15,0.16904,19,0.83095,3,13,0.03553,19,0.86578,6,0.09868,1,16,1,4,13,0.70008,15,0.05774,16,0.16816,4,0.074,2,15,0.00525,16,0.99474,2,4,0.5,11,0.5,1,5,1,2,18,0.5,10,0.5,2,10,0.5,6,0.5,2,11,0.5,17,0.5,3,5,0.86242,10,0.07044,6,0.06712,4,5,0.35281,11,0.00824,17,0.42094,18,0.218,3,5,0.07581,17,0.0314,18,0.89277,1,17,1],"slotPose":[1,0,0,1,0,0],"bonePose":[15,-0.012042,-0.999927,0.999927,-0.012042,-7.069845,-302.905006,19,0.996041,-0.088894,0.088894,0.996041,-1.602281,-305.081022,17,-0.274798,0.961502,-0.961502,-0.274798,-41.322827,-203.056292,13,-0.228351,-0.973579,0.973579,-0.228351,3.363012,-257.723616,6,0.250718,0.96806,-0.96806,0.250718,22.01,-262.24,10,0.227331,0.973817,-0.973817,0.227331,30.594582,-229.093619,5,0.091675,-0.995789,0.995789,0.091675,-1.13,-208.92,18,0.349063,0.937099,-0.937099,0.349063,36.812091,-202.459711,11,-0.216099,0.976371,-0.976371,-0.216099,-34.511392,-233.831522,4,-0.249873,0.968279,-0.968279,-0.249873,-27.41,-261.35,16,-0.973139,0.23022,-0.23022,-0.973139,-14.569177,-306.939112],"edges":[13,12,12,11,11,10,10,9,9,8,8,7,7,6,6,5,5,4,4,3,3,2,2,1,1,0,0,25,25,24,24,23,23,22,22,21,21,20,20,19,19,18,18,17,17,16,16,15,15,14,14,13],"userEdges":[26,27,27,17,26,28,28,3,16,29,29,30,30,31,31,4,19,32,33,34,34,0,2,35,35,1,34,35,36,20,32,37,37,38,38,23,23,0,38,34,14,43,43,40,40,41,41,6,5,42,42,44,44,39,39,15,45,46,46,7,13,47,47,45]}]},{"name":"06_10","display":[{"name":"06/06_10","transform":{"x":4.18,"y":-169.29}}]},{"name":"06_8","display":[{"name":"06/06_8","transform":{"x":43.17,"y":6.59,"skX":-107.46,"skY":-107.46}}]},{"name":"06_2","display":[{"type":"mesh","name":"06/06_2","width":154,"height":176,"vertices":[11.25,-447.92,38.76,-433.85,50.53,-403.82,50.54,-383.77,46.55,-367.82,48.44,-361.73,54.32,-360.69,69.19,-363.54,69.19,-348.22,56.64,-347.48,40.48,-349.15,31.86,-365.09,25.35,-374.02,26.19,-385.45,24.08,-397.73,15.89,-404.03,3.29,-403.4,-10.66,-405.35,-12.55,-395.57,-17.38,-377.68,-28.73,-357.31,-14.87,-342.62,-23.92,-326.24,-10.9,-318.46,-8.18,-302.51,-15.33,-279.26,-33.17,-279.27,-55.22,-287.41,-84.82,-309.46,-84.82,-317.86,-84.8,-353.75,-76.79,-386.5,-70.07,-410.26,-53.49,-438.32,-27.68,-455.25,-14.03,-455.26,-32.29,-426.77,-42.78,-405.66,-49.51,-385.45,-50.15,-355.65,-42.18,-326.04,-28.13,-305.45],"uvs":[0.6239,0.04175,0.80253,0.1217,0.8789,0.29232,0.8789,0.4063,0.85299,0.49698,0.86526,0.53158,0.90344,0.53755,1,0.52141,1,0.60851,0.91844,0.61272,0.81344,0.60317,0.75753,0.51249,0.71526,0.46175,0.72072,0.39675,0.70708,0.32692,0.6539,0.29113,0.57208,0.29471,0.48149,0.28353,0.46921,0.33911,0.43785,0.44075,0.36421,0.55649,0.45421,0.63997,0.39558,0.73304,0.48012,0.77718,0.49785,0.86787,0.45149,1,0.33558,1,0.1924,0.95378,0,0.82849,0,0.78076,0,0.57678,0.05194,0.39064,0.09558,0.25559,0.2033,0.0962,0.37103,0,0.45967,0,0.34103,0.16183,0.27285,0.28184,0.22921,0.39661,0.22512,0.56604,0.27694,0.73423,0.3683,0.85116],"triangles":[6,9,8,6,8,7,6,5,9,5,10,9,15,14,1,12,4,3,13,12,3,1,14,2,13,3,2,14,13,2,12,11,4,4,11,5,11,10,5,0,15,1,0,16,15,36,17,0,35,36,0,17,16,0,34,36,35,23,41,24,41,25,24,41,26,25,37,18,17,36,37,17,22,41,23,37,38,19,37,19,18,38,20,19,27,26,41,38,39,20,39,40,20,33,36,34,40,41,22,40,27,41,33,37,36,30,29,39,28,27,40,29,28,40,39,29,40,32,38,37,33,32,37,32,31,38,38,31,39,31,30,39,20,21,40,40,22,21],"weights":[1,20,1,3,23,0.55247,31,0.00752,20,0.43999,2,36,0.58082,23,0.41916,3,49,0.00588,46,0.44375,36,0.55035,4,55,0.03034,49,0.49426,46,0.47101,36,0.00437,4,56,0.0449,55,0.40915,49,0.48861,46,0.05732,3,56,0.37565,55,0.57888,49,0.04545,1,56,1,1,56,1,2,56,0.56536,55,0.43463,2,55,0.50014,49,0.49985,2,49,0.44906,46,0.55093,2,46,0.9492,36,0.05079,3,46,0.45373,36,0.54098,23,0.00527,5,46,0.01212,36,0.41931,23,0.55961,31,0.00851,37,0.00041,5,36,0.01986,23,0.4946,31,0.05829,37,0.00323,20,0.424,1,20,1,6,46,0.00003,23,0.21993,31,0.39347,37,0.10605,42,0.0325,20,0.24799,5,46,0.00002,23,0.11118,31,0.40155,37,0.31556,42,0.17167,6,46,0.00001,23,0.01868,31,0.12737,37,0.31651,42,0.51434,51,0.02306,5,31,0.00332,37,0.0268,42,0.43917,51,0.47016,53,0.06052,4,42,0.06491,51,0.64204,53,0.29137,59,0.00165,4,42,0.00356,51,0.26254,53,0.63329,59,0.10059,3,51,0.01908,53,0.54132,59,0.43959,2,53,0.20943,59,0.79056,1,59,1,2,53,0.08105,59,0.91894,3,51,0.11002,53,0.53596,59,0.35399,4,42,0.007,51,0.59824,53,0.38603,59,0.0087,4,42,0.02198,51,0.65886,53,0.31714,59,0.002,4,37,0.00107,42,0.46362,51,0.52394,53,0.01135,3,37,0.34598,42,0.6373,51,0.0167,3,31,0.25849,37,0.64918,42,0.09231,2,31,0.95501,37,0.04498,3,23,0.02782,31,0.22817,20,0.74399,3,23,0.02058,31,0.06741,20,0.91199,1,31,1,2,31,0.5,37,0.5,2,37,0.5,42,0.5,2,42,0.5,51,0.5,2,51,0.5,53,0.5,2,53,0.5,59,0.5],"slotPose":[1,0,0,1,0,0],"bonePose":[20,0.055996,-0.998431,0.998431,0.055996,-7.384407,-326.532931,23,0.569423,0.822045,-0.822045,0.569423,26.127219,-417.058456,31,-0.505883,0.862602,-0.862602,-0.505883,-32.45086,-426.413258,36,0.144356,0.989526,-0.989526,0.144356,37.031669,-401.316301,49,0.396828,0.917893,-0.917893,0.396828,37.65245,-366.793892,46,-0.100709,0.994916,-0.994916,-0.100709,39.461184,-384.662582,55,0.998832,0.048327,-0.048327,0.998832,43.410418,-353.475261,56,0.928356,-0.371692,0.371692,0.928356,55.825894,-352.874559,37,-0.295875,0.955227,-0.955227,-0.295875,-43.529703,-407.522275,42,-0.015184,0.999885,-0.999885,-0.015184,-50.00936,-386.602809,51,0.217121,0.976145,-0.976145,0.217121,-50.41141,-356.175406,53,0.583116,0.812389,-0.812389,0.583116,-43.392279,-326.644949,59,0.306526,0.951862,-0.951862,0.306526,-27.941748,-305.496768],"edges":[28,27,27,26,26,25,25,24,24,23,23,22,22,21,21,20,20,19,19,18,18,17,17,16,16,15,15,14,14,13,13,12,12,11,11,10,10,9,9,8,8,7,7,6,6,5,5,4,4,3,3,2,2,1,1,0,0,35,35,34,34,33,33,32,32,31,31,30,30,29,29,28],"userEdges":[6,9,5,10,4,11,3,13,2,14,1,15,0,16,36,17,36,33,18,37,37,32,19,38,38,31,20,39,39,30,21,40,40,29,23,41,41,27]}]},{"name":"06_4","display":[{"name":"06/06_4","transform":{"x":48.58,"y":0.93,"skX":-47.62,"skY":-47.62}}]},{"name":"00_3","display":[{"type":"mesh","name":"06/06_3","width":104,"height":175,"vertices":[47.68,-400.77,47.69,-385.57,47.69,-361.9,47.69,-343.85,47.7,-308.3,6.81,-310.27,-14.17,-310.28,-49.79,-310.27,-49.8,-346.58,-49.8,-374.24,-49.82,-478.26,47.67,-476.54,-44.07,-368.14,-35.24,-373.89,-23.92,-373.9,-14.31,-367.29,-13.06,-356.25,-26.98,-352.69,-35.24,-354.61,-41.47,-360.36,-44.64,-374.25,-35.52,-378.1,-23.33,-376.27,-12.78,-370.13,-10.08,-356.79,-37.84,-385,-32.59,-383.95,-20.82,-381.85,-9.62,-373.93,-0.32,-355.94,3.39,-365.21,12.11,-370.33,21.9,-370.11,27.58,-367.72,32.38,-361.51,1.75,-367.93,11.67,-373.16,21.58,-373.16,27.79,-371.42,32.81,-366.62,33.9,-372.51,29.21,-378.72,21.69,-379.27,10.03,-378.61,0.55,-373.05,5.33,-351.13,17.55,-349.11,25.49,-352.39,-37.72,-401.28,-14.18,-410.51,24.29,-410.51,-36.75,-329.09,22.71,-327.83,-42.84,-389.82,-28.1,-391.33,16.86,-390.56,38.55,-363.25,42.58,-376.88,39.21,-386.95],"uvs":[1,0.46291,1,0.5497,1,0.68493,1,0.78818,0.99999,0.99133,0.60686,0.97999,0.40505,0.97999,0.0625,0.97999,0.0625,0.77244,0.0625,0.61435,0.0625,0.02,0.99999,0.02991,0.11764,0.64922,0.20256,0.6163,0.31148,0.6163,0.40379,0.65415,0.41579,0.71724,0.28195,0.73753,0.20256,0.72656,0.14256,0.69365,0.1121,0.61428,0.19979,0.59234,0.31702,0.60276,0.41856,0.63787,0.44441,0.71412,0.17753,0.55287,0.22798,0.55886,0.34123,0.57086,0.44886,0.61617,0.53837,0.71897,0.574,0.66603,0.65785,0.63676,0.75217,0.638,0.80667,0.6517,0.85279,0.68721,0.55828,0.65046,0.65365,0.62056,0.74903,0.62057,0.80877,0.63051,0.85698,0.65793,0.86746,0.62429,0.82239,0.5888,0.75008,0.58568,0.63793,0.58942,0.54675,0.62118,0.59269,0.74651,0.71021,0.75803,0.78653,0.73931,0.17878,0.45989,0.40505,0.40719,0.77503,0.40719,0.18796,0.87238,0.75975,0.87965,0.1295,0.52536,0.2712,0.51672,0.70363,0.52123,0.91212,0.67725,0.95089,0.59935,0.91849,0.54187],"triangles":[49,50,11,10,49,11,52,5,4,11,50,0,50,58,0,57,56,2,0,58,1,58,57,1,57,2,1,56,34,3,34,47,3,2,56,3,47,52,3,52,4,3,50,55,58,40,39,56,58,41,57,41,40,57,40,56,57,55,41,58,39,34,56,46,52,47,55,42,41,38,33,39,38,39,40,41,38,40,33,34,39,33,47,34,32,47,33,37,38,41,42,37,41,31,46,32,32,46,47,32,33,38,37,32,38,46,45,52,49,55,50,30,45,31,31,45,46,55,43,42,45,5,52,43,36,42,42,36,37,31,32,37,36,31,37,45,6,5,16,6,45,30,29,45,28,44,43,35,30,31,43,44,36,35,31,36,44,35,36,24,16,45,51,6,16,17,51,16,29,24,45,24,29,35,35,29,30,15,24,35,23,15,35,44,28,35,28,23,35,10,48,49,22,23,28,27,22,28,15,16,24,48,54,49,15,17,16,14,15,23,22,14,23,51,7,6,14,17,15,18,17,14,13,18,14,26,22,27,54,26,27,13,19,18,18,51,17,26,21,22,22,21,14,21,13,14,8,51,18,53,25,54,48,53,54,25,26,54,12,19,13,25,21,26,10,53,48,20,12,13,20,13,21,19,8,18,25,20,21,10,9,53,8,7,51,53,20,25,9,20,53,12,8,19,9,8,12,9,12,20,27,43,55,54,27,55,27,28,43,54,49,55],"weights":[1,20,1,1,20,1,1,20,1,1,20,1,1,20,1,1,20,1,1,20,1,1,20,1,1,20,1,1,20,1,1,20,1,1,20,1,2,27,0.456,20,0.54399,2,27,0.82399,20,0.176,2,27,0.88799,20,0.112,2,27,0.6,20,0.39999,1,20,1,1,20,1,1,20,1,2,27,0.176,20,0.82399,2,27,0.528,20,0.47199,2,27,0.528,20,0.47199,2,27,0.528,20,0.47199,2,27,0.528,20,0.47199,1,20,1,2,27,0.528,20,0.47199,2,27,0.528,20,0.47199,2,27,0.528,20,0.47199,2,27,0.528,20,0.47199,1,20,1,2,29,0.664,20,0.33599,1,29,1,1,29,1,2,29,0.768,20,0.23199,1,20,1,2,29,0.688,20,0.31199,2,29,0.688,20,0.31199,2,29,0.688,20,0.31199,2,29,0.688,20,0.31199,2,29,0.688,20,0.31199,2,29,0.688,20,0.31199,2,29,0.688,20,0.31199,2,29,0.688,20,0.31199,2,29,0.688,20,0.31199,2,29,0.688,20,0.31199,1,20,1,1,20,1,1,20,1,1,20,1,1,20,1,1,20,1,1,20,1,1,20,1,1,20,1,1,20,1,1,20,1,1,20,1,1,20,1,1,20,1],"slotPose":[1,0,0,1,0,0],"bonePose":[20,0.055996,-0.998431,0.998431,0.055996,-7.384407,-326.532931,27,0.055996,-0.998431,0.998431,0.055996,-28.181445,-369.314601,29,0.055996,-0.998431,0.998431,0.055996,18.909231,-367.114271],"edges":[7,6,6,5,5,4,4,3,3,2,2,1,1,0,0,11,11,10,10,9,9,8,8,7],"userEdges":[48,49,49,50,50,0,8,51,51,6,5,52,52,3,9,53,53,48,53,54,54,55,1,58,58,55,50,58]}]},{"name":"06_11","display":[{"type":"mesh","name":"06/06_11","width":128,"height":146,"vertices":[59.18,-409.95,59.18,-384.19,59.19,-361.22,59.2,-343.6,59.2,-324.84,59.21,-310.01,59.22,-279.3,41.46,-279.31,-68.77,-279.26,-68.78,-299.05,-68.79,-319.76,-68.79,-340.48,-68.8,-361.48,-68.8,-393.1,-68.81,-425.26,-6.74,-425.26,59.18,-425.27,26.61,-308.32,19.05,-320.65,12.87,-338.27,8.95,-354.23,4.74,-376.62,-1.41,-399.29],"uvs":[1,0.105,1,0.28144,1,0.4387,1,0.55952,1,0.68801,1,0.78956,1,1,0.86123,1,0,1,0,0.86445,0,0.72253,0,0.58061,0,0.43678,0,0.22007,0,0,0.48498,0,1,0,0.74529,0.80116,0.68623,0.71678,0.63811,0.59596,0.60748,0.48664,0.57467,0.33322,0.52654,0.17787],"triangles":[15,22,16,7,6,5,17,7,5,17,5,4,18,17,4,18,4,3,19,18,3,20,19,3,20,3,2,21,20,2,22,21,1,21,2,1,22,1,0,16,22,0,17,8,7,9,8,18,18,8,17,19,10,18,10,9,18,20,11,19,11,10,19,21,12,20,12,11,20,22,13,21,13,12,21,15,13,22,14,13,15],"weights":[5,54,0.00005,50,0.00455,43,0.01889,26,0.76016,34,0.21636,5,54,0.00947,50,0.04641,43,0.10201,26,0.50034,34,0.34175,6,57,0.01008,54,0.06421,50,0.15855,43,0.23213,26,0.19557,34,0.33941,6,57,0.14647,54,0.16764,50,0.20865,43,0.19748,26,0.07892,34,0.20083,6,57,0.41203,54,0.2453,50,0.16919,43,0.10665,26,0.00215,34,0.06464,5,57,0.73515,54,0.14326,50,0.06454,43,0.03805,34,0.0199,2,57,0.99934,26,0.00065,2,57,0.99967,26,0.00032,6,57,0.02086,54,0.38252,50,0.36572,43,0.17871,26,0.00169,34,0.05047,6,57,0.01477,54,0.35419,50,0.35739,43,0.19141,26,0.01679,34,0.06542,6,57,0.00377,54,0.27434,50,0.31916,43,0.2178,26,0.07549,34,0.10941,5,54,0.1738,50,0.23867,43,0.22114,26,0.2046,34,0.16176,5,54,0.08685,50,0.13817,43,0.17497,26,0.42351,34,0.17647,5,54,0.01626,50,0.0314,43,0.06583,26,0.80149,34,0.08498,1,20,1,1,20,1,1,20,1,2,57,0.5,54,0.5,2,54,0.5,50,0.5,2,50,0.5,43,0.5,2,43,0.5,34,0.5,2,26,0.5,34,0.5,1,26,1],"slotPose":[1,0,0,1,0,0],"bonePose":[57,0.561217,0.827669,-0.827669,0.561217,24.971695,-308.796683,54,0.446354,0.894856,-0.894856,0.446354,18.781818,-322.304015,50,0.346936,0.937889,-0.937889,0.346936,12.634118,-338.923407,43,0.247675,0.968843,-0.968843,0.247675,8.676265,-354.405519,26,0.226821,0.973936,-0.973936,0.226821,-0.905521,-399.194146,34,0.190466,0.981694,-0.981694,0.190466,4.438389,-376.248205,20,0.055996,-0.998431,0.998431,0.055996,-7.384407,-326.532931],"edges":[8,7,7,6,6,5,5,4,4,3,3,2,2,1,1,0,0,16,16,15,15,14,14,13,13,12,12,11,11,10,10,9,9,8],"userEdges":[22,13,22,0,21,12,21,1,20,11,20,2,19,10,19,3,18,9,18,4,17,8,17,7,17,5]}]},{"name":"06_7","display":[{"type":"mesh","name":"06/06_7","width":126,"height":221,"vertices":[41.04,-128.91,41.4,-118.34,34.11,-36.32,34.83,-30.13,39.2,20.7,6.77,20.71,5.3,-2.78,9.11,-27.91,10.05,-34.13,9.7,-119.06,8.97,-126.71,1.92,-172.34,-11.21,-124.59,-12.3,-117.31,-22.87,-35.64,-20.79,-28.76,-3.29,1.13,-2.56,20.71,-36.82,20.71,-43.74,-20.01,-45.47,-28.71,-53.84,-106,-47.28,-128.96,-46.92,-137.71,-46.57,-200.29,0.48,-200.29,45.04,-200.29,-30.15,-128.6,-31.61,-120.22,-32.36,-32.36,-30.99,-24.03,19.16,-31.94,20.6,-25.03,23.18,-115.06,23.9,-121.98],"uvs":[0.8956,0.32298,0.8985,0.37082,0.84063,0.74196,0.84642,0.77,0.88114,1,0.62364,1,0.61207,0.89372,0.64222,0.78001,0.64968,0.75186,0.64679,0.36752,0.641,0.33288,0.58507,0.12646,0.48092,0.34255,0.47224,0.37554,0.38833,0.74503,0.40496,0.77614,0.54384,0.9114,0.54962,1,0.27766,1,0.22269,0.81573,0.20895,0.77637,0.14241,0.42667,0.19449,0.32276,0.19738,0.28317,0.20027,0,0.57373,0,0.92743,0,0.33047,0.3244,0.3189,0.36234,0.31311,0.75988,0.32395,0.79758,0.72201,0.76176,0.73359,0.7931,0.75384,0.38567,0.75962,0.35432],"triangles":[9,8,33,33,8,2,3,32,4,32,6,4,10,34,0,11,10,0,33,2,1,11,0,26,25,11,26,8,31,2,6,5,4,0,34,1,34,33,1,31,32,3,31,3,2,7,6,32,9,33,34,10,9,34,31,7,32,8,7,31,21,14,13,27,12,11,28,21,13,23,27,11,25,24,11,24,23,11,21,29,14,15,30,16,18,17,16,30,18,16,21,20,29,19,18,30,28,13,12,27,28,12,14,29,15,29,30,15,22,28,27,23,22,27,22,21,28,29,20,30,20,19,30],"weights":[2,12,0.29349,8,0.7065,2,12,0.68203,8,0.31796,2,3,0.40626,12,0.59372,2,3,0.66912,12,0.33087,1,3,1,1,3,1,1,3,1,2,3,0.88192,12,0.11807,2,3,0.58474,12,0.41525,2,12,0.66098,8,0.33901,2,12,0.29672,8,0.70327,2,8,0.55077,9,0.44922,2,9,0.51554,14,0.48445,2,9,0.23966,14,0.76033,2,14,0.54202,2,0.45796,2,14,0.13401,2,0.86598,1,2,1,1,2,1,1,2,1,2,14,0.13993,2,0.86005,2,14,0.42599,2,0.574,2,9,0.01318,14,0.98681,2,9,0.49831,14,0.50168,2,9,0.82135,14,0.17864,1,9,1,2,8,0.51221,9,0.48778,2,8,0.99732,9,0.00267,2,9,0.5,14,0.5,1,14,1,2,14,0.5,2,0.5,1,2,1,2,3,0.5,12,0.5,1,3,1,1,12,1,2,12,0.5,8,0.5],"slotPose":[1,0,0,1,0,0],"bonePose":[12,-0.046932,0.998898,-0.998898,-0.046932,23.180359,-123.02953,8,0.034027,0.999421,-0.999421,0.034027,20.27,-208.51,9,-0.171241,0.985229,-0.985229,-0.171241,-16.66,-203.54,14,-0.048327,0.998832,-0.998832,-0.048327,-29.931202,-127.184744,3,-0.184123,0.982903,-0.982903,-0.184123,19.01,-35.05,2,0.476699,0.879067,-0.879067,0.476699,-34.51,-32.97],"edges":[21,20,20,19,19,18,18,17,17,16,16,15,15,14,14,13,13,12,12,11,11,10,10,9,9,8,8,7,7,6,6,5,5,4,4,3,3,2,2,1,1,0,0,26,26,25,25,24,24,23,23,22,22,21],"userEdges":[12,27,27,23,22,28,28,13,20,29,29,14,15,30,30,19,8,31,31,2,7,32,32,3,1,33,33,9,10,34,34,0]}]}]}],"animation":[{"duration":60,"name":"idle","bone":[{"name":"bone","translateFrame":[{"duration":25,"curve":[0.155,0.125,0.878,1],"x":-0.77},{"duration":30,"curve":[0.25,0,0.75,1],"x":-5.42},{"duration":5,"curve":[0.312,0.2,0.665,0.76]},{"duration":0,"x":-0.77}]},{"name":"bone2","translateFrame":[{"duration":30,"curve":[0.125,0,0.875,1]},{"duration":30,"curve":[0.25,0,0.75,1],"x":1.36,"y":-2.05},{"duration":0}],"rotateFrame":[{"duration":30,"curve":[0.125,0,0.875,1]},{"duration":30,"curve":[0.25,0,0.75,1],"rotate":-1.37},{"duration":0}]},{"name":"bone3","translateFrame":[{"duration":9,"curve":[0.3105,0.155,0.75,1],"x":0.67,"y":0.1},{"duration":21,"curve":[0.25,0,0.75,1]},{"duration":9,"curve":[0.25,0,0.75,1]},{"duration":21,"curve":[0.25,0,0.551,0.63],"x":2.82,"y":1.58},{"duration":0,"x":0.67,"y":0.1}],"rotateFrame":[{"duration":9,"curve":[0.3105,0.155,0.75,1],"rotate":-0.4},{"duration":21,"curve":[0.25,0,0.75,1],"rotate":-0.13},{"duration":9,"curve":[0.25,0,0.75,1],"rotate":-0.13},{"duration":21,"curve":[0.25,0,0.551,0.63],"rotate":-1.28},{"duration":0,"rotate":-0.4}],"scaleFrame":[{"duration":9,"curve":[0.3105,0.155,0.75,1]},{"duration":21,"curve":[0.25,0,0.75,1]},{"duration":9,"curve":[0.25,0,0.75,1],"y":1.04},{"duration":21,"curve":[0.25,0,0.551,0.63],"y":1.04},{"duration":0}]},{"name":"bone4","scaleFrame":[{"duration":30,"curve":[0.25,0,0.75,1]},{"duration":30,"curve":[0.25,0,0.75,1],"x":1.01,"y":0.97},{"duration":0}]},{"name":"bone5","rotateFrame":[{"duration":25,"curve":[0.155,0.125,0.878,1],"rotate":0.16},{"duration":30,"curve":[0.25,0,0.75,1],"rotate":1.75},{"duration":5,"tweenEasing":0},{"duration":0,"rotate":0.16}]},{"name":"bone30","rotateFrame":[{"duration":30,"curve":[0.125,0,0.875,1],"rotate":0.43},{"duration":30,"curve":[0.25,0,0.75,1],"rotate":-3.89},{"duration":0,"rotate":0.43}]},{"name":"bone31","rotateFrame":[{"duration":5,"curve":[0.185,0.31,0.8545,1],"rotate":1.18},{"duration":30,"curve":[0.25,0,0.75,1],"rotate":1.52},{"duration":25,"curve":[0.243,0,0.689,0.75],"rotate":-2.04},{"duration":0,"rotate":1.18}]},{"name":"bone32","rotateFrame":[{"duration":10,"curve":[0.191,0.285,0.8674999999999999,1],"rotate":-0.17},{"duration":30,"curve":[0.25,0,0.75,1],"rotate":1.81},{"duration":20,"curve":[0.243,0,0.648,0.6],"rotate":-5.18},{"duration":0,"rotate":-0.17}]},{"name":"bone33","rotateFrame":[{"duration":15,"curve":[0.1875,0.25,0.875,1],"rotate":-0.24},{"duration":30,"curve":[0.25,0,0.75,1],"rotate":5.45},{"duration":15,"curve":[0.25,0,0.625,0.5],"rotate":-5.94},{"duration":0,"rotate":-0.24}]},{"name":"bone34","rotateFrame":[{"duration":30,"curve":[0.125,0,0.875,1],"rotate":-1.74},{"duration":30,"curve":[0.25,0,0.75,1],"rotate":-0.56},{"duration":0,"rotate":-1.74}]},{"name":"bone35","rotateFrame":[{"duration":5,"curve":[0.185,0.31,0.8545,1],"rotate":-0.43},{"duration":30,"tweenEasing":0,"rotate":-0.72},{"duration":25,"curve":[0.243,0,0.689,0.75],"rotate":2.28},{"duration":0,"rotate":-0.43}]},{"name":"bone36","rotateFrame":[{"duration":10,"curve":[0.191,0.285,0.8674999999999999,1],"rotate":-0.8},{"duration":30,"curve":[0.25,0,0.75,1],"rotate":-1.58},{"duration":20,"curve":[0.243,0,0.648,0.6],"rotate":1.17},{"duration":0,"rotate":-0.8}]},{"name":"bone37","rotateFrame":[{"duration":15,"curve":[0.1875,0.25,0.875,1],"rotate":0.19},{"duration":30,"curve":[0.25,0,0.75,1],"rotate":-3.06},{"duration":15,"curve":[0.25,0,0.625,0.5],"rotate":3.44},{"duration":0,"rotate":0.19}]},{"name":"bone38","rotateFrame":[{"duration":20,"curve":[0.1755,0.2,0.878,1],"rotate":3.42},{"duration":30,"curve":[0.25,0,0.75,1],"rotate":-8.99},{"duration":10,"curve":[0.264,0,0.617,0.42],"rotate":5.89},{"duration":0,"rotate":3.42}]},{"name":"bone39","rotateFrame":[{"duration":25,"curve":[0.155,0.125,0.878,1],"rotate":5.57},{"duration":30,"curve":[0.25,0,0.75,1],"rotate":-11.79},{"duration":5,"curve":[0.29,0,0.629,0.37],"rotate":6.56},{"duration":0,"rotate":5.57}]},{"name":"bone40","rotateFrame":[{"duration":5,"curve":[0.185,0.31,0.8545,1],"rotate":0.41},{"duration":30,"curve":[0.25,0,0.75,1],"rotate":0.7},{"duration":25,"curve":[0.243,0,0.689,0.75],"rotate":-2.21},{"duration":0,"rotate":0.41}]},{"name":"bone41","rotateFrame":[{"duration":5,"curve":[0.187,0.305,0.8574999999999999,1],"rotate":-0.06},{"duration":5,"curve":[0.25,0,0.625,0.5],"rotate":0.44},{"duration":30,"tweenEasing":0,"rotate":0.86},{"duration":20,"curve":[0.242,0,0.679,0.71],"rotate":-3.46},{"duration":0,"rotate":-0.06}]},{"name":"bone42","rotateFrame":[{"duration":5,"curve":[0.178,0.32,0.845,1],"rotate":-1.19},{"duration":10,"curve":[0.25,0,0.75,1],"rotate":-0.56},{"duration":30,"tweenEasing":0,"rotate":1.9},{"duration":15,"curve":[0.364,0.46,0.708,0.84],"rotate":-6.79},{"duration":0,"rotate":-1.19}]},{"name":"bone43","rotateFrame":[{"duration":5,"curve":[0.1745,0.325,0.8415,1],"rotate":-2.53},{"duration":15,"curve":[0.351,0.4,0.756,1],"rotate":-1.89},{"duration":30,"curve":[0.25,0,0.75,1],"rotate":2.53},{"duration":10,"curve":[0.356,0.47,0.691,0.82],"rotate":-6.33},{"duration":0,"rotate":-2.53}]},{"name":"bone44","rotateFrame":[{"duration":5,"curve":[0.1895,0.3,0.862,1],"rotate":-7.66},{"duration":20,"curve":[0.375,0.5,0.75,1],"rotate":-6.27},{"duration":30,"curve":[0.351,0.4,0.756,1],"rotate":3.34},{"duration":5,"curve":[0.342,0.36,0.685,0.72],"rotate":-10.08},{"duration":0,"rotate":-7.66}]},{"name":"bone45","rotateFrame":[{"duration":5,"curve":[0.132,0,0.8085,0.71],"rotate":-13.55},{"duration":25,"curve":[0.25,0,0.75,1],"rotate":-11.22},{"duration":30,"tweenEasing":0,"rotate":26.01},{"duration":0,"rotate":-13.55}]},{"name":"bone52","rotateFrame":[{"duration":15,"curve":[0.1875,0.25,0.875,1],"rotate":2.39},{"duration":30,"tweenEasing":0,"rotate":3.35},{"duration":15,"curve":[0.25,0,0.625,0.5],"rotate":0.54},{"duration":0,"rotate":2.39}]},{"name":"bone56","rotateFrame":[{"duration":10,"curve":[0.191,0.285,0.8674999999999999,1],"rotate":-0.82},{"duration":30,"curve":[0.25,0,0.75,1]},{"duration":20,"curve":[0.243,0,0.648,0.6],"rotate":-2.9},{"duration":0,"rotate":-0.82}]},{"name":"bone57","rotateFrame":[{"duration":5,"curve":[0.185,0.31,0.8545,1],"rotate":6.94},{"duration":30,"tweenEasing":0,"rotate":6.98},{"duration":25,"curve":[0.243,0,0.689,0.75],"rotate":6.6},{"duration":0,"rotate":6.94}]},{"name":"bone58","rotateFrame":[{"duration":10,"curve":[0.1875,0.25,0.875,1],"rotate":-0.66},{"duration":10,"curve":[0.243,0,0.648,0.6],"rotate":-0.29},{"duration":30,"tweenEasing":0},{"duration":10,"curve":[0.25,0,0.625,0.5],"rotate":-1.04},{"duration":0,"rotate":-0.66}]},{"name":"bone59","rotateFrame":[{"duration":15,"curve":[0.1875,0.25,0.875,1],"rotate":-1.26},{"duration":30,"curve":[0.25,0,0.75,1],"rotate":5.38},{"duration":15,"curve":[0.25,0,0.625,0.5],"rotate":-10.3},{"duration":0,"rotate":-1.26}]},{"name":"bone61","translateFrame":[{"duration":28},{"duration":2,"tweenEasing":0},{"duration":2,"tweenEasing":0,"x":-16.16,"y":0.46},{"duration":28}]},{"name":"bone60","translateFrame":[{"duration":28},{"duration":2,"tweenEasing":0},{"duration":2,"tweenEasing":0,"x":-19.36,"y":0.4},{"duration":28}]},{"name":"bone29","rotateFrame":[{"duration":15,"curve":[0.09375,0.125,0.9375,1],"rotate":-11.01},{"duration":30,"curve":[0.25,0,0.75,1],"rotate":-3.15},{"duration":15,"curve":[0.25,0,0.625,0.5],"rotate":-18.86},{"duration":0,"rotate":-11.01}]},{"name":"bone6","rotateFrame":[{"duration":10,"curve":[0.0955,0.1425,0.93375,1],"rotate":-1.3},{"duration":30,"tweenEasing":0,"rotate":-2.04},{"duration":20,"curve":[0.243,0,0.648,0.6],"rotate":0.58},{"duration":0,"rotate":-1.3}]},{"name":"bone11","rotateFrame":[{"duration":5,"curve":[0.0925,0.155,0.92725,1],"rotate":17.37},{"duration":5,"curve":[0.25,0,0.75,1],"rotate":20.67},{"duration":25,"curve":[0.351,0.4,0.756,1],"rotate":17.37},{"duration":25,"curve":[0.243,0,0.689,0.75],"rotate":-13.51},{"duration":0,"rotate":17.37}]},{"name":"bone10","rotateFrame":[{"duration":10,"curve":[0.0625,0,0.9375,1],"rotate":16.98},{"duration":20,"curve":[0.25,0,0.75,1],"rotate":11.05},{"duration":30,"curve":[0.25,0,0.75,1],"rotate":-3.91},{"duration":0,"rotate":16.98}]},{"name":"bone9","rotateFrame":[{"duration":10,"curve":[0.0745,0.0475,0.91,0.89],"rotate":6.4},{"duration":15,"curve":[0.31,0.25,0.756,1],"rotate":2.29},{"duration":30,"curve":[0.25,0,0.75,1],"rotate":-2.63},{"duration":5,"curve":[0.302,0,0.638,0.35],"rotate":7.23},{"duration":0,"rotate":6.4}]},{"name":"bone8","rotateFrame":[{"duration":10,"curve":[0.089,0.16,0.9225,1],"rotate":0.81},{"duration":10,"curve":[0.382,0.57,0.735,1],"rotate":-0.64},{"duration":30,"curve":[0.29,0,0.629,0.37],"rotate":-2.57},{"duration":10,"curve":[0.349,0.42,0.684,0.76],"rotate":4.23},{"duration":0,"rotate":0.81}]},{"name":"bone7","rotateFrame":[{"duration":10,"curve":[0.09525,0.135,0.9355,1],"rotate":1.73},{"duration":5,"curve":[0.375,0.5,0.75,1],"rotate":-1.57},{"duration":30,"curve":[0.243,0,0.648,0.6],"rotate":-2.53},{"duration":15,"curve":[0.245,0,0.637,0.55],"rotate":7.42},{"duration":0,"rotate":1.73}]},{"name":"bone15","rotateFrame":[{"duration":30,"curve":[0.0625,0,0.9375,1],"rotate":1.36},{"duration":30,"curve":[0.25,0,0.75,1],"rotate":-2.08},{"duration":0,"rotate":1.36}]},{"name":"bone16","rotateFrame":[{"duration":15,"curve":[0.09375,0.125,0.9375,1],"rotate":-2.32},{"duration":30,"tweenEasing":0,"rotate":4.67},{"duration":15,"curve":[0.25,0,0.625,0.5],"rotate":-9.32},{"duration":0,"rotate":-2.32}]},{"name":"bone13","rotateFrame":[{"duration":30,"curve":[0.0625,0,0.9375,1],"rotate":-1.49},{"duration":30,"curve":[0.25,0,0.75,1],"rotate":4.17},{"duration":0,"rotate":-1.49}]},{"name":"bone14","rotateFrame":[{"duration":15,"curve":[0.09375,0.125,0.9375,1],"rotate":0.49},{"duration":30,"tweenEasing":0,"rotate":-6.44},{"duration":15,"curve":[0.25,0,0.625,0.5],"rotate":7.44},{"duration":0,"rotate":0.49}]},{"name":"bone17","rotateFrame":[{"duration":10,"curve":[0.0625,0,0.9375,1],"rotate":-1.84},{"duration":30,"curve":[0.31,0.25,0.756,1],"rotate":-2.9},{"duration":20,"curve":[0.25,0,0.75,1],"rotate":0.81},{"duration":0,"rotate":-1.84}]},{"name":"bone22","rotateFrame":[{"duration":5,"curve":[0.08775,0.1,0.939,1],"rotate":4.7},{"duration":30,"curve":[0.37,0.62,0.709,1],"rotate":5.65},{"duration":25,"curve":[0.37,0.62,0.709,1],"rotate":-4.14},{"duration":0,"rotate":4.7}]},{"name":"bone21","rotateFrame":[{"duration":30,"curve":[0.0725,0,0.90725,0.8425],"rotate":3.73},{"duration":30,"curve":[0.25,0,0.75,1],"rotate":-6.17},{"duration":0,"rotate":3.73}]},{"name":"bone20","rotateFrame":[{"duration":25,"curve":[0.0625,0,0.9375,1],"rotate":3.64},{"duration":30,"curve":[0.375,0.5,0.75,1],"rotate":-2.71},{"duration":5,"curve":[0.25,0,0.75,1],"rotate":4.32},{"duration":0,"rotate":3.64}]},{"name":"bone19","rotateFrame":[{"duration":20,"curve":[0.0625,0,0.90625,0.875],"rotate":3.37},{"duration":30,"curve":[0.382,0.57,0.735,1],"rotate":-3.58},{"duration":10,"curve":[0.375,0.5,0.75,1],"rotate":6.12},{"duration":0,"rotate":3.37}]},{"name":"bone18","rotateFrame":[{"duration":15,"curve":[0.06075,0,0.912,0.9],"rotate":0.22},{"duration":30,"curve":[0.264,0,0.617,0.42],"rotate":-2.04},{"duration":15,"curve":[0.25,0,0.75,1],"rotate":2.48},{"duration":0,"rotate":0.22}]},{"name":"bone23","rotateFrame":[{"duration":10,"curve":[0.0955,0.1425,0.93375,1],"rotate":-0.48},{"duration":30,"curve":[0.25,0,0.75,1],"rotate":-1.58},{"duration":20,"curve":[0.243,0,0.648,0.6],"rotate":2.27},{"duration":0,"rotate":-0.48}]},{"name":"bone25","rotateFrame":[{"duration":30,"curve":[0.0955,0.1425,0.93375,1],"rotate":2.73},{"duration":30,"curve":[0.25,0,0.75,1],"rotate":-3.3},{"duration":0,"rotate":2.73}]},{"name":"bone24","rotateFrame":[{"duration":20,"curve":[0.0925,0.155,0.92725,1],"rotate":0.19},{"duration":30,"curve":[0.25,0,0.75,1],"rotate":-3.13},{"duration":10,"curve":[0.351,0.39,0.689,0.74],"rotate":3.23},{"duration":0,"rotate":0.19}]},{"name":"bone26","rotateFrame":[{"duration":30,"curve":[0.0625,0,0.9375,1],"rotate":-3.89},{"duration":30,"curve":[0.25,0,0.75,1],"rotate":1.83},{"duration":0,"rotate":-3.89}]},{"name":"bone28","rotateFrame":[{"duration":15,"curve":[0.09375,0.125,0.9375,1],"rotate":-0.23},{"duration":30,"curve":[0.25,0,0.75,1],"rotate":-5.45},{"duration":15,"curve":[0.25,0,0.625,0.5],"rotate":4.98},{"duration":0,"rotate":-0.23}]},{"name":"bone27","rotateFrame":[{"duration":10,"curve":[0.0955,0.1425,0.93375,1],"rotate":-0.72},{"duration":30,"curve":[0.25,0,0.75,1],"rotate":-2.54},{"duration":20,"curve":[0.243,0,0.648,0.6],"rotate":3.87},{"duration":0,"rotate":-0.72}]}]}],"defaultActions":[{"gotoAndPlay":"idle"}]}]}