{"imagePath":"girl_03_tex.png","width":512,"height":512,"name":"girl_03","SubTexture":[{"width":180,"y":406,"height":42,"name":"02/02_11","x":182},{"width":179,"y":344,"height":143,"name":"00/00_15","x":1},{"width":128,"y":1,"height":341,"name":"02/02_10","x":1},{"width":59,"y":1,"height":95,"name":"02/02_8","x":435},{"width":92,"y":189,"height":138,"name":"00/00_4","x":131},{"width":91,"y":165,"height":168,"name":"00/00_3","x":318},{"width":115,"y":1,"height":162,"name":"00/00_2","x":318},{"width":57,"y":165,"height":145,"name":"02/02_12","x":411},{"y":189,"frameX":-1,"frameY":-1,"width":81,"frameWidth":83,"height":66,"name":"02/02_9","frameHeight":68,"x":225},{"width":185,"y":1,"height":186,"name":"02/02_7","x":131},{"width":50,"y":257,"height":30,"name":"02/02_6","x":225},{"y":98,"frameX":-1,"frameY":-1,"width":38,"frameWidth":40,"height":40,"name":"02/02_5","frameHeight":42,"x":435},{"y":329,"frameX":-1,"frameY":-1,"width":121,"frameWidth":123,"height":75,"name":"02/02_1","frameHeight":77,"x":182}]}