{"frameRate":30,"name":"girl_03","version":"5.5","compatibleVersion":"5.5","armature":[{"type":"Armature","frameRate":30,"name":"girl_03","aabb":{"x":-103.06,"y":-478.27,"width":247.61,"height":487.98},"bone":[{"name":"root"},{"name":"bone","parent":"root","transform":{"x":-1.13,"y":-206.3}},{"length":33,"name":"bone51","parent":"root","transform":{"x":19.01,"y":-35.05,"skX":100.61,"skY":100.61}},{"length":39,"name":"bone48","parent":"root","transform":{"x":-34.51,"y":-32.97,"skX":61.53,"skY":61.53}},{"length":77,"name":"bone46","parent":"bone","transform":{"x":-15.53,"y":2.76,"skX":99.86,"skY":99.86}},{"length":49,"name":"bone2","parent":"bone","transform":{"y":-2.62,"skX":-84.74,"skY":-84.74}},{"length":85,"name":"bone49","parent":"bone","transform":{"x":21.4,"y":-2.21,"skX":88.05,"skY":88.05}},{"length":88,"name":"bone50","parent":"bone49","transform":{"x":85.53,"skX":4.64,"skY":4.64}},{"length":20,"name":"bone66","parent":"bone2","transform":{"x":24.78,"y":-0.93,"skX":179.5,"skY":179.5}},{"length":94,"name":"bone47","parent":"bone46","transform":{"x":77.5,"skX":-7.09,"skY":-7.09}},{"length":22,"name":"bone62","parent":"bone2","transform":{"x":23.05,"y":-19.76,"skX":-143.26,"skY":-143.26}},{"length":26,"name":"bone55","parent":"bone2","transform":{"x":9.41,"y":-40.13,"skX":73.83,"skY":73.83}},{"length":46,"name":"bone3","parent":"bone2","transform":{"x":49.01,"skX":-18.46,"skY":-18.46}},{"length":19,"name":"bone70","parent":"bone2","transform":{"x":24.41,"y":14.08,"skX":146.73,"skY":146.73}},{"length":21,"name":"bone67","parent":"bone66","transform":{"x":20.24,"skX":4.32,"skY":4.32}},{"length":21,"name":"bone4","parent":"bone3","transform":{"x":46.37,"y":0.16,"skX":12.51,"skY":12.51}},{"length":20,"name":"bone71","parent":"bone70","transform":{"x":19.43,"skX":-0.62,"skY":-0.62}},{"length":22,"name":"bone63","parent":"bone62","transform":{"x":22.62,"skX":1.46,"skY":1.46}},{"length":24,"name":"bone52","parent":"bone3","transform":{"x":52.01,"y":-6.22,"skX":-90.11,"skY":-90.11}},{"length":17,"name":"bone56","parent":"bone3","transform":{"x":47.24,"y":5.98,"skX":98.1,"skY":98.1}},{"length":18,"name":"bone64","parent":"bone63","transform":{"x":22,"skX":0.63,"skY":0.63}},{"length":14,"name":"bone68","parent":"bone67","transform":{"x":21.28,"skX":-0.96,"skY":-0.96}},{"length":114,"name":"bone5","parent":"bone4","transform":{"x":23.63,"y":-0.03,"skX":3.9,"skY":3.9}},{"length":53,"name":"bone57","parent":"bone56","transform":{"x":17.37,"skX":84.23,"skY":84.23}},{"length":55,"name":"bone53","parent":"bone52","transform":{"x":24.13,"skX":-28.94,"skY":-28.94}},{"length":17,"name":"bone72","parent":"bone71","transform":{"x":20.9,"skX":-2.66,"skY":-2.66}},{"length":22,"name":"bone65","parent":"bone64","transform":{"x":18.72,"skX":3.14,"skY":3.14}},{"length":34,"name":"bone17","parent":"bone5","transform":{"x":52.72,"y":-30.47,"skX":155.74,"skY":155.74}},{"length":32,"name":"bone23","parent":"bone5","transform":{"x":81.87,"y":-16.78,"skX":-134.16,"skY":-134.16}},{"length":25,"name":"bone69","parent":"bone68","transform":{"x":13.55,"y":-0.23,"skX":2.25,"skY":2.25}},{"length":19,"name":"bone30","parent":"bone5","transform":{"x":106.96,"y":3.01,"skX":-157.75,"skY":-157.75}},{"length":19,"name":"bone73","parent":"bone72","transform":{"x":17.49,"skX":-7.97,"skY":-7.97}},{"length":57,"name":"bone54","parent":"bone53","transform":{"x":55.12,"skX":-90.1,"skY":-90.1}},{"length":44,"name":"bone6","parent":"bone5","transform":{"x":74.14,"y":9.2,"skX":163.1,"skY":163.1}},{"length":21,"name":"bone34","parent":"bone5","transform":{"x":99.72,"y":-34.22,"skX":-148.71,"skY":-148.71}},{"name":"bone61","parent":"bone5","transform":{"x":41.99,"y":23.98}},{"length":58,"name":"bone58","parent":"bone57","transform":{"x":53.51,"y":-0.1,"skX":-10.98,"skY":-10.98}},{"name":"bone60","parent":"bone5","transform":{"x":41.55,"y":-23.16}},{"length":23,"name":"bone40","parent":"bone5","transform":{"x":98.53,"y":22.96,"skX":148.36,"skY":148.36}},{"length":27,"name":"bone7","parent":"bone6","transform":{"x":44.18,"skX":-6.1,"skY":-6.1}},{"length":21,"name":"bone35","parent":"bone34","transform":{"x":21.9,"skX":-22.61,"skY":-22.61}},{"length":22,"name":"bone41","parent":"bone40","transform":{"x":23.56,"skX":16.07,"skY":16.07}},{"length":29,"name":"bone59","parent":"bone58","transform":{"x":58.92,"skX":7.53,"skY":7.53}},{"length":28,"name":"bone18","parent":"bone17","transform":{"x":34.58,"skX":-1.88,"skY":-1.88}},{"length":17,"name":"bone31","parent":"bone30","transform":{"x":19.67,"skX":1.1,"skY":1.1}},{"length":22,"name":"bone24","parent":"bone23","transform":{"x":32.13,"skX":-22.08,"skY":-22.08}},{"length":24,"name":"bone19","parent":"bone18","transform":{"x":28.57,"skX":-14.99,"skY":-14.99}},{"length":16,"name":"bone36","parent":"bone35","transform":{"x":21.9,"skX":-16.81,"skY":-16.81}},{"length":15,"name":"bone42","parent":"bone41","transform":{"x":22.25,"skX":14.77,"skY":14.77}},{"length":18,"name":"bone8","parent":"bone7","transform":{"x":27.13,"skX":-10.32,"skY":-10.32}},{"length":16,"name":"bone32","parent":"bone31","transform":{"x":17.65,"skX":-1.72,"skY":-1.72}},{"length":19,"name":"bone25","parent":"bone24","transform":{"x":22.83,"skX":-38.47,"skY":-38.47}},{"length":20,"name":"bone20","parent":"bone19","transform":{"x":24.17,"skX":-19.17,"skY":-19.17}},{"length":14,"name":"bone9","parent":"bone8","transform":{"x":18.98,"skX":-15.18,"skY":-15.18}},{"length":14,"name":"bone26","parent":"bone25","transform":{"x":19.67,"skX":-11.87,"skY":-11.87}},{"length":17,"name":"bone43","parent":"bone42","transform":{"x":15.98,"skX":9.73,"skY":9.73}},{"length":15,"name":"bone33","parent":"bone32","transform":{"x":16.78,"skX":-5.4,"skY":-5.4}},{"length":15,"name":"bone37","parent":"bone36","transform":{"x":16.41,"skX":-4.2,"skY":-4.2}},{"length":13,"name":"bone27","parent":"bone26","transform":{"x":14.39,"skX":-17.21,"skY":-17.21}},{"length":16,"name":"bone44","parent":"bone43","transform":{"x":17.72,"skX":-3.55,"skY":-3.55}},{"length":17,"name":"bone10","parent":"bone9","transform":{"x":14.47,"skX":-43.72,"skY":-43.72}},{"length":17,"name":"bone38","parent":"bone37","transform":{"x":15.99,"skX":-6.04,"skY":-6.04}},{"length":19,"name":"bone21","parent":"bone20","transform":{"x":20.64,"skX":17.69,"skY":17.69}},{"length":12,"name":"bone28","parent":"bone27","transform":{"x":13.16,"skX":-0.89,"skY":-0.89}},{"length":15,"name":"bone45","parent":"bone44","transform":{"x":14.85,"y":0.49,"skX":-7.34,"skY":-7.34}},{"length":15,"name":"bone22","parent":"bone21","transform":{"x":18.93,"y":-0.39,"skX":34.33,"skY":34.33}},{"length":16,"name":"bone11","parent":"bone10","transform":{"x":17.29,"skX":-3.45,"skY":-3.45}},{"length":15,"name":"bone39","parent":"bone38","transform":{"x":16.69,"y":-0.14,"skX":-21.69,"skY":-21.69}},{"length":17,"name":"bone12","parent":"bone11","transform":{"x":16.19,"y":-0.65,"skX":0.57,"skY":0.57}},{"length":19,"name":"bone29","parent":"bone28","transform":{"x":12.39,"skX":20.68,"skY":20.68}},{"length":13,"name":"bone13","parent":"bone12","transform":{"x":17.99,"skX":15.47,"skY":15.47}},{"length":12,"name":"bone14","parent":"bone13","transform":{"x":13.36,"skX":28.53,"skY":28.53}},{"length":9,"name":"bone15","parent":"bone14","transform":{"x":12.75,"skX":14.76,"skY":14.76}},{"length":10,"name":"bone16","parent":"bone15","transform":{"x":9.85,"skX":23.99,"skY":23.99}}],"slot":[{"name":"02_11","parent":"root"},{"name":"00_15","parent":"bone6"},{"name":"00_12","parent":"bone2"},{"name":"00_10","parent":"bone53"},{"name":"00_4","parent":"bone23"},{"name":"00_3","parent":"bone5"},{"name":"00_2","parent":"bone30"},{"name":"02_12","parent":"root"},{"name":"02_9","parent":"root"},{"name":"02_7","parent":"root"},{"name":"02_6","parent":"root"},{"name":"02_5","parent":"bone54"},{"name":"02_1","parent":"bone5"}],"ik":[{"bendPositive":false,"chain":1,"name":"1","bone":"bone47","target":"bone48"},{"chain":1,"name":"2","bone":"bone50","target":"bone51"},{"bendPositive":false,"chain":1,"name":"3","bone":"bone54","target":"bone55"}],"skin":[{"slot":[{"name":"02_9","display":[{"name":"02/02_9","transform":{"x":-7.31,"y":-24.29}}]},{"name":"00_12","display":[{"type":"mesh","name":"02/02_10","width":128,"height":341,"vertices":[6.95,-316.9,25.56,-314.74,34.81,-280.93,26.89,-262.49,23.67,-251.94,25.13,-241.69,32.31,-229.35,42.86,-211.66,37.18,-129.12,36.82,-123.86,36.12,-113.95,30.78,-39.24,32.48,9.71,0.99,9.71,6.28,-33.51,7.45,-113.44,7.56,-121.32,6.68,-128.17,0.23,-178.26,-13.44,-123.24,-14.38,-116.04,-24.89,-35.74,-5.14,0.66,-16.58,9.7,-40.44,9.71,-48.11,-32.87,-54.79,-93.97,-49.59,-121.67,-47.15,-134.68,-47.02,-141.13,-45.58,-211.66,-35.96,-228.24,-30.04,-238.42,-28.81,-246.62,-34.55,-257.27,-43.97,-274.07,-52.16,-308.09,-23.07,-316.28,-21.91,-330.27,5.05,-330.26,-30.29,-127.05,-35.07,-33.2,-0.73,-205.31,23.15,-122.91,19.64,-34.79,22.96,-115.66,22,-130.6,-28.27,-134.42,-31.12,-118.21,-14.46,-306.44,-1.68,-304.2,29.61,-298.83],"uvs":[0.55274,0.04064,0.69815,0.04697,0.77041,0.1461,0.7086,0.20023,0.68342,0.23117,0.69487,0.26124,0.75095,0.29738,0.83339,0.34931,0.789,0.5914,0.78617,0.60682,0.78063,0.63591,0.73894,0.85499,0.75237,0.99853,0.5063,0.99853,0.54756,0.87179,0.55661,0.63737,0.5575,0.61428,0.55061,0.59416,0.50033,0.44727,0.39345,0.60868,0.38609,0.62979,0.30397,0.86525,0.45842,0.97198,0.36894,0.99853,0.18253,0.99853,0.12253,0.87365,0.07033,0.69452,0.11092,0.61327,0.12998,0.57509,0.13102,0.55619,0.14241,0.34931,0.21753,0.30071,0.26373,0.27083,0.27334,0.24679,0.22851,0.21554,0.15487,0.16626,0.09083,0.06651,0.31816,0.04247,0.32724,0.00146,0.53799,0.00146,0.26172,0.59749,0.22443,0.87272,0.49287,0.36797,0.67929,0.60961,0.65195,0.86805,0.6778,0.63089,0.67035,0.58704,0.27763,0.57584,0.25526,0.62342,0.3854,0.07131,0.48533,0.07788,0.72976,0.09364],"triangles":[15,14,44,45,15,11,15,44,11,11,44,12,1,51,2,45,11,10,18,46,8,6,42,7,42,18,7,18,8,7,9,43,10,43,45,10,43,9,8,46,43,8,18,17,46,51,50,2,50,3,2,5,42,6,1,0,51,0,50,51,50,34,3,33,4,3,34,33,3,32,42,5,4,33,5,33,32,5,16,45,43,46,16,43,17,16,46,16,15,45,26,21,20,35,34,49,49,34,50,32,31,42,39,37,0,38,37,39,37,49,0,49,50,0,48,26,20,29,47,18,30,18,42,30,29,18,31,30,42,41,23,22,21,41,22,26,41,21,41,24,23,26,25,41,37,36,49,36,35,49,47,40,19,40,48,19,19,48,20,25,24,41,27,26,48,28,40,47,29,28,47,27,48,40,28,27,40,47,19,18,14,13,44,44,13,12],"weights":[3,12,0.16546,15,0.54653,19,0.28799,3,12,0.33193,15,0.20406,19,0.464,3,12,0.90247,15,0.05871,5,0.0388,4,12,0.69264,15,0.00336,6,0.01421,5,0.28978,3,12,0.34684,6,0.07395,5,0.57919,3,12,0.08955,6,0.25051,5,0.65992,3,12,0.00308,6,0.67449,5,0.3224,1,6,1,2,7,0.27534,6,0.72465,2,7,0.45164,6,0.54834,2,7,0.78967,6,0.21032,2,2,0.31502,7,0.68497,1,2,1,1,2,1,2,2,0.5931,7,0.40689,2,7,0.79281,6,0.20718,2,7,0.53208,6,0.46791,2,7,0.28885,6,0.71115,3,4,0.4523,6,0.45722,5,0.09047,2,4,0.45962,9,0.54037,2,4,0.23051,9,0.76948,2,9,0.5276,3,0.47239,1,3,1,1,3,1,1,3,1,2,9,0.58164,3,0.41835,1,9,1,2,4,0.2595,9,0.74049,2,4,0.6868,9,0.31319,2,4,0.85379,9,0.1462,3,12,0.00055,4,0.95459,5,0.04484,3,12,0.03639,4,0.61472,5,0.34888,3,12,0.1353,4,0.31224,5,0.55242,4,12,0.3057,15,0.00152,4,0.15296,5,0.5398,4,12,0.59094,15,0.02018,4,0.05132,5,0.33754,4,12,0.7528,15,0.13794,4,0.00622,5,0.10302,3,12,0.22959,15,0.1784,18,0.59199,3,12,0.09392,15,0.45007,18,0.456,1,15,1,1,15,1,2,4,0.5,9,0.5,2,9,0.5,3,0.5,1,5,1,2,7,0.5,6,0.5,2,2,0.5,7,0.5,2,7,0.7997,6,0.20029,2,7,0.11829,6,0.8817,2,4,0.79795,9,0.20204,1,9,1,2,12,0.23761,15,0.76238,2,12,0.53658,15,0.4634,2,12,0.79258,15,0.20741],"slotPose":[1,0,0,1,0,0],"bonePose":[12,-0.228351,-0.973579,0.973579,-0.228351,3.363012,-257.723616,15,-0.012042,-0.999927,0.999927,-0.012042,-7.069845,-302.905006,19,0.996041,-0.088894,0.088894,0.996041,-1.602281,-305.081022,5,0.091675,-0.995789,0.995789,0.091675,-1.13,-208.92,6,0.034027,0.999421,-0.999421,0.034027,20.27,-208.51,7,-0.046932,0.998898,-0.998898,-0.046932,23.180359,-123.02953,2,-0.184123,0.982903,-0.982903,-0.184123,19.01,-35.05,4,-0.171241,0.985229,-0.985229,-0.171241,-16.66,-203.54,9,-0.048327,0.998832,-0.998832,-0.048327,-29.931202,-127.184744,3,0.476699,0.879067,-0.879067,0.476699,-34.51,-32.97,18,-0.973139,0.23022,-0.23022,-0.973139,-14.569177,-306.939112],"edges":[26,25,25,24,24,23,23,22,22,21,21,20,20,19,19,18,18,17,17,16,16,15,15,14,14,13,13,12,12,11,11,10,10,9,9,8,8,7,7,6,6,5,5,4,4,3,3,2,2,1,1,0,0,39,39,38,38,37,37,36,36,35,35,34,34,33,33,32,32,31,31,30,30,29,29,28,28,27,27,26],"userEdges":[28,40,40,19,21,41,41,25,30,42,42,7,9,43,43,16,14,44,44,11,15,45,45,10,17,46,46,8,29,47,47,19,27,48,48,20,37,49,49,50,50,51,51,1,51,2]}]},{"name":"02_12","display":[{"type":"mesh","name":"02/02_12","width":57,"height":145,"vertices":[34.26,-260.55,36.77,-256.62,39.04,-251.82,59.27,-209,63.17,-200.75,63.17,-168.28,42.9,-168.28,37.55,-195.51,34.19,-199.32,24.55,-210.26,17.12,-243.64,15.83,-249.44,14.61,-255.04,6.2,-297.64,6.21,-313.26,25.14,-313.26,48.4,-200.93,26.68,-253.32,47.24,-204.33,27.08,-249.17,24.56,-257.65],"uvs":[0.4924,0.36357,0.53665,0.39072,0.57642,0.4238,0.93149,0.71908,1,0.77605,1,1,0.64423,1,0.55026,0.81217,0.4913,0.78588,0.32223,0.71049,0.19176,0.48027,0.16907,0.44023,0.14765,0.40158,0,0.10782,0,0,0.33244,0,0.74086,0.77471,0.35966,0.41347,0.72043,0.75134,0.36647,0.44211,0.32223,0.38364],"triangles":[2,9,18,7,6,16,2,18,3,16,6,5,16,5,4,3,16,4,19,9,2,18,16,3,10,9,19,15,13,0,9,8,18,18,7,16,8,7,18,13,20,0,1,19,2,17,19,1,0,17,1,13,12,20,20,17,0,14,13,15,11,10,19,11,19,17,20,11,17,12,11,20],"weights":[2,36,0.26328,23,0.7367,2,36,0.63585,23,0.36414,2,36,0.91203,23,0.08796,2,42,0.24773,36,0.75226,2,42,0.6728,36,0.32719,1,42,1,1,42,1,2,42,0.49325,36,0.50673,2,42,0.16804,36,0.83195,1,36,1,2,36,0.89457,23,0.10542,2,36,0.60656,23,0.39343,2,36,0.23748,23,0.76251,1,23,1,1,23,1,1,23,1,2,42,0.28312,36,0.71686,2,36,0.5,23,0.5,1,36,1,1,36,1,1,23,1],"slotPose":[1,0,0,1,0,0],"bonePose":[36,0.372178,0.928161,-0.928161,0.372178,25.888142,-254.094072,23,0.188581,0.982058,-0.982058,0.188581,15.698952,-306.625116,42,0.247337,0.968929,-0.968929,0.247337,47.816866,-199.406803],"edges":[13,12,12,11,11,10,10,9,9,8,8,7,7,6,6,5,5,4,4,3,3,2,2,1,1,0,0,15,15,14,14,13],"userEdges":[16,7,16,4,1,17,17,11,8,18,18,3,10,19,19,2,12,20,20,0]}]},{"name":"00_15","display":[{"type":"mesh","name":"00/00_15","width":179,"height":143,"vertices":[39.49,-379.95,45.3,-359.95,51.1,-341.98,57.77,-330.97,63.42,-323.74,79.11,-315.27,96.06,-318.09,113.01,-311.18,124.62,-300.83,130.16,-292.67,130.17,-262.3,119.61,-282.32,112.7,-287.96,107.05,-293.92,97.32,-292.66,81.31,-287.33,63.42,-279.48,43.85,-262.27,19.47,-262.27,3.84,-271.22,-19.43,-282.35,-33.87,-302.77,-48.8,-340.73,-48.8,-383.44,-21.11,-405.24,24.7,-405.26,42.39,-297.37,33.9,-276.65,20.94,-292.97,3.55,-302.55,-10.37,-321.68,-23.41,-348.35,23.08,-318.22,14.93,-332.84,-0.9,-363.03],"uvs":[0.49337,0.17691,0.52577,0.31684,0.55817,0.44257,0.59541,0.51963,0.62699,0.57013,0.7147,0.62942,0.80942,0.60966,0.90415,0.65797,0.96905,0.73043,1,0.78752,1,1,0.94099,0.85998,0.90239,0.82045,0.87082,0.77873,0.81644,0.78752,0.72697,0.82485,0.62698,0.87974,0.51767,1,0.3814,1,0.2941,0.93739,0.16403,0.85951,0.08341,0.71669,0,0.45122,0,0.15257,0.15477,0,0.41074,0,0.50946,0.75458,0.46209,0.8995,0.38968,0.7853,0.29248,0.71837,0.21471,0.58453,0.1418,0.39795,0.40157,0.60886,0.35602,0.50657,0.26761,0.29528],"triangles":[8,12,9,12,11,9,11,10,9,7,13,8,13,12,8,6,14,13,6,13,7,6,5,14,5,15,14,5,16,15,27,17,16,26,27,16,3,26,4,2,32,3,32,26,3,1,33,2,33,32,2,28,27,26,0,34,1,34,33,1,32,28,26,27,18,17,25,34,0,28,18,27,19,18,28,29,28,32,24,34,25,33,29,32,30,29,33,29,19,28,34,31,33,31,30,33,24,23,34,29,20,19,30,21,29,21,20,29,23,31,34,31,22,30,22,21,30,23,22,31,26,4,16,4,16,5],"weights":[11,66,0.00195,60,0.00104,53,0.0237,49,0.00303,39,0.10726,33,0.85807,27,0.00167,43,0.00056,46,0.00014,62,0.00241,65,0.00009,10,66,0.01236,60,0.01103,53,0.07673,49,0.04634,39,0.42149,33,0.42133,43,0.00281,46,0.0008,62,0.00679,65,0.00026,11,66,0.05668,60,0.06215,53,0.18777,49,0.17508,39,0.44419,33,0.05738,43,0.00053,46,0.00179,52,0.00176,62,0.01215,65,0.00046,11,66,0.15649,60,0.18047,53,0.18771,49,0.32507,39,0.12444,33,0.00742,43,0.00019,46,0.00082,52,0.00143,62,0.01541,65,0.00049,10,68,0.01121,66,0.28267,60,0.3823,53,0.05371,49,0.20401,39,0.05808,43,0.00011,46,0.00055,52,0.00107,62,0.00623,8,68,0.48553,66,0.46588,60,0.01894,49,0.02508,39,0.00429,43,0.00001,46,0.00007,52,0.00016,4,70,0.44956,68,0.54909,49,0.00131,52,0.00001,3,71,0.47106,70,0.52819,68,0.00073,2,72,0.40398,71,0.59601,2,73,0.10308,72,0.89691,4,73,0.97005,72,0.02867,71,0.00091,70,0.00036,4,73,0.74349,72,0.24265,71,0.00831,70,0.00552,7,73,0.0788,72,0.50688,71,0.34135,70,0.07233,60,0.00038,62,0.00017,65,0.00006,8,73,0.00119,72,0.03561,71,0.58169,70,0.32984,68,0.04673,60,0.00318,62,0.00113,65,0.0006,7,71,0.13914,70,0.37626,68,0.43807,66,0.01317,60,0.02181,62,0.00713,65,0.00437,7,71,0.01524,70,0.03156,68,0.424,66,0.30476,60,0.14904,62,0.04309,65,0.03226,10,71,0.00007,68,0.04015,66,0.24293,60,0.34377,53,0.03156,49,0.00017,39,0.00042,46,0.00001,62,0.17088,65,0.17,5,66,0.00144,60,0.00212,53,0.00113,39,0.00001,65,0.99526,9,68,0.00006,66,0.00164,60,0.00235,53,0.00094,39,0.00001,46,0.00997,52,0.1215,62,0.22109,65,0.6424,9,68,0.00003,66,0.0003,60,0.00043,53,0.00017,43,0.001,46,0.13116,52,0.33578,62,0.3921,65,0.13897,9,68,0.00001,66,0.00001,60,0.00002,53,0.00001,43,0.05583,46,0.51217,52,0.36611,62,0.05299,65,0.01281,5,27,0.02285,43,0.3016,46,0.63772,52,0.03766,62,0.00014,3,27,0.6304,43,0.30923,46,0.06036,2,27,0.9994,43,0.00059,3,39,0.00018,33,0.99256,27,0.00723,3,53,0.00076,33,1.00119,62,0.00009,7,66,0.01112,60,0.13338,53,0.40975,39,0.00262,52,0.01407,62,0.4099,65,0.01912,2,62,0.5,65,0.5,2,52,0.5,62,0.5,2,46,0.5,52,0.5,2,43,0.5,46,0.5,2,27,0.5,43,0.5,1,49,1,2,49,0.5,39,0.5,5,39,0.07167,33,0.45535,27,0.39756,43,0.06832,46,0.00707],"slotPose":[1,0,0,1,0,0],"bonePose":[66,0.999078,-0.042922,0.042922,0.999078,62.686657,-304.691317,60,0.999851,0.017278,-0.017278,0.999851,45.399238,-304.990052,53,0.710677,0.703519,-0.703519,0.710677,35.115746,-315.169968,49,0.501662,0.865064,-0.865064,0.501662,25.594207,-331.58888,39,0.338574,0.94094,-0.94094,0.338574,16.408702,-357.116579,33,0.236669,0.97159,-0.97159,0.236669,5.952685,-400.041445,27,0.359183,0.933267,-0.933267,0.359183,-34.854503,-380.876405,43,0.389606,0.920982,-0.920982,0.389606,-22.433971,-348.60402,46,0.614561,0.78887,-0.78887,0.614561,-11.302921,-322.291578,62,0.634731,0.772734,-0.772734,0.634731,20.878806,-292.010454,65,0.088373,0.996087,-0.996087,0.088373,33.19562,-277.630153,52,0.839525,0.543321,-0.543321,0.839525,3.551008,-303.224599,68,0.999456,-0.032981,0.032981,0.999456,78.833838,-306.035624,70,0.972043,0.234803,-0.234803,0.972043,96.814051,-306.628947,71,0.741859,0.670556,-0.670556,0.741859,109.800546,-303.491981,72,0.546541,0.837433,-0.837433,0.546541,119.259246,-294.942391,73,0.158847,0.987303,-0.987303,0.158847,124.64267,-286.693679],"edges":[22,21,21,20,20,19,19,18,18,17,17,16,16,15,15,14,14,13,13,12,12,11,11,10,10,9,9,8,8,7,7,6,6,5,5,4,4,3,3,2,2,1,1,0,0,25,25,24,24,23,23,22],"userEdges":[9,11,8,12,7,13,6,14,5,15,4,16,3,26,26,27,27,18,26,32,32,33,33,34]}]},{"name":"00_10","display":[{"type":"mesh","name":"02/02_8","width":59,"height":95,"vertices":[-30.8,-287.17,-35.56,-283.81,-57.78,-265.66,-58.39,-258.92,-37.43,-229.96,-45.84,-218.29,-57.78,-218.3,-86.8,-253.42,-86.8,-258.47,-86.8,-261.68,-86.79,-267.65,-46.48,-313.28,-27.79,-313.27],"uvs":[0.94895,0.27485,0.86846,0.31026,0.492,0.50147,0.48163,0.57233,0.8371,0.87707,0.69465,1,0.49224,1,0,0.63044,0,0.57716,0,0.54334,0,0.48053,0.68316,0,1,0],"triangles":[11,1,0,11,0,12,3,6,4,11,2,1,6,5,4,10,2,11,10,9,2,2,9,3,9,8,3,7,6,3,8,7,3],"weights":[1,24,1,1,24,1,2,32,0.48,24,0.51999,2,32,0.696,24,0.30399,1,32,1,1,32,1,1,32,1,2,32,0.712,24,0.28799,2,32,0.656,24,0.34399,2,32,0.504,24,0.49599,2,32,0.336,24,0.66399,1,24,1,1,24,1],"slotPose":[1,0,0,1,0,0],"bonePose":[24,-0.740218,0.672367,-0.672367,-0.740218,-38.051014,-301.383914,32,0.673658,0.739043,-0.739043,0.673658,-78.851837,-264.323055],"edges":[7,6,6,5,5,4,4,3,3,2,2,1,1,0,0,12,12,11,11,10,10,9,9,8,8,7],"userEdges":[9,2,3,8,10,2]}]},{"name":"02_7","display":[{"type":"mesh","name":"02/02_7","width":185,"height":186,"vertices":[-85.22,-192.08,-80.86,-209.81,-68.78,-217.01,-51.56,-227.54,-35.4,-236.55,-33.29,-244.63,-30.24,-256.29,-36.92,-272.25,-60.05,-256.34,-83.94,-285.64,-52.06,-321.6,-30.73,-316.19,-20.41,-323.86,7.34,-323.57,12.89,-313.41,35.07,-318.87,38.84,-293.47,42.05,-271.79,34.72,-257.36,32.97,-245.54,31.42,-235.03,47.52,-227.69,57.63,-214.29,70.78,-198.35,84.17,-180.38,84.17,-173.77,61.62,-148.29,-13.14,-148.29,-84.62,-161.65,-100.79,-172.14,-100.79,-183.09,3.47,-258.12,-7.76,-303.69,-5.13,-293.04,-33.31,-297.19,24.37,-214.36,34.02,-195.32,42.86,-182.33,-17.1,-234.85,-1.56,-213.8,-4.05,-192.28,-7.63,-177.38,-33.58,-216.29,-51.51,-200.28,-62.54,-187.59,0.76,-234.71,1.96,-244.98],"uvs":[0.08413,0.76455,0.10775,0.66921,0.17304,0.63053,0.26611,0.57388,0.35347,0.52535,0.36487,0.48199,0.38138,0.41918,0.3453,0.33346,0.22027,0.41912,0.09108,0.26161,0.26334,0.06817,0.37864,0.09718,0.43444,0.05595,0.58458,0.05743,0.61457,0.11212,0.73444,0.08272,0.75482,0.21933,0.77221,0.33588,0.73262,0.41348,0.72316,0.47699,0.71474,0.53351,0.80179,0.57297,0.8565,0.64506,0.92761,0.73076,1,0.82733,1,0.86289,0.87807,1,0.47377,1,0.08737,0.92818,0,0.87179,0,0.81291,0.56366,0.40938,0.5029,0.16438,0.5171,0.22165,0.36475,0.19943,0.67666,0.64476,0.72888,0.74715,0.77662,0.81689,0.4524,0.53452,0.53643,0.64773,0.523,0.76347,0.5036,0.8436,0.36337,0.63437,0.26639,0.72044,0.20672,0.7887,0.54906,0.53528,0.55546,0.4801],"triangles":[37,26,25,37,25,24,23,37,24,22,37,23,36,37,22,37,27,26,21,35,22,35,36,22,41,27,37,20,35,21,15,14,16,16,31,17,36,41,37,33,31,16,31,18,17,40,41,36,14,33,16,31,19,18,35,40,36,46,20,19,31,46,19,45,35,20,46,45,20,39,40,35,45,39,35,13,32,14,32,33,14,7,6,33,33,6,31,12,32,13,38,39,45,6,46,31,38,45,46,42,40,39,38,42,39,34,7,33,43,41,40,42,43,40,32,34,33,12,11,32,44,27,41,43,44,41,11,34,32,44,28,27,5,4,38,4,42,38,4,3,42,10,34,11,9,7,34,10,9,34,3,43,42,9,8,7,3,2,43,2,44,43,2,1,44,1,0,44,0,28,44,30,29,0,0,29,28,38,5,46,5,6,46],"weights":[3,17,0.02758,20,0.17565,26,0.79676,3,17,0.16918,20,0.49808,26,0.33272,4,10,0.01625,17,0.37963,20,0.49611,26,0.108,3,10,0.29919,17,0.57272,20,0.12808,6,12,0.02245,5,0.00469,10,0.84578,17,0.11868,20,0.00267,24,0.0057,6,12,0.09837,5,0.0587,10,0.796,17,0.01997,18,0.00134,24,0.0256,6,12,0.28602,5,0.14602,10,0.46503,17,0.00013,18,0.01095,24,0.09181,5,12,0.28928,5,0.03919,10,0.12319,18,0.04988,24,0.49843,4,12,0.01104,5,0.00005,10,0.0047,24,0.98419,3,12,0.00002,10,0.00001,24,0.99996,3,18,0.36596,19,0.00002,24,0.63401,4,18,0.81385,19,0.00003,15,0.07191,24,0.11418,3,18,0.56629,15,0.4335,24,0.0002,2,19,0.54332,15,0.45666,2,19,0.88368,15,0.11631,3,12,0.00291,13,0.00156,19,0.99552,4,12,0.24781,5,0.01326,13,0.05853,19,0.68038,3,12,0.50866,5,0.09249,19,0.39884,4,12,0.5605,5,0.22632,16,0.0046,19,0.20856,5,12,0.47658,5,0.30063,16,0.10659,8,0.0023,19,0.11386,4,12,0.20119,16,0.75309,25,0.008,19,0.0377,2,13,0.512,16,0.48799,2,16,0.50399,25,0.496,2,25,0.552,31,0.44799,3,16,0.02399,25,0.09507,31,0.88092,3,16,0.01548,25,0.07061,31,0.91389,1,31,1,3,20,0.00137,26,0.00239,29,0.99622,3,26,0.99583,21,0.00016,29,0.004,1,26,1,2,20,0.00578,26,0.99421,2,12,0.5,5,0.5,2,12,0.5,15,0.5,4,12,0.56062,13,0.00048,19,0.29608,15,0.14279,2,18,0.5,24,0.5,2,13,0.5,16,0.5,2,16,0.5,25,0.5,2,25,0.5,31,0.5,1,10,1,2,8,0.5,14,0.5,2,14,0.5,21,0.5,2,21,0.5,29,0.5,2,10,0.5,17,0.5,2,17,0.5,20,0.5,2,20,0.5,26,0.5,1,8,1,1,5,1],"slotPose":[1,0,0,1,0,0],"bonePose":[17,-0.687848,0.725855,-0.725855,-0.687848,-33.829405,-216.874505,20,-0.695787,0.718248,-0.718248,-0.695787,-48.962061,-200.905701,26,-0.734086,0.679057,-0.679057,-0.734086,-61.987203,-187.460103,19,0.996041,-0.088894,0.088894,0.996041,-1.602281,-305.081022,24,-0.740218,0.672367,-0.672367,-0.740218,-38.051014,-301.383914,10,-0.669131,0.743145,-0.743145,-0.669131,-18.693671,-233.684441,12,-0.228351,-0.973579,0.973579,-0.228351,3.363012,-257.723616,5,0.091675,-0.995789,0.995789,0.091675,-1.13,-208.92,18,-0.973139,0.23022,-0.23022,-0.973139,-14.569177,-306.939112,15,-0.012042,-0.999927,0.999927,-0.012042,-7.069845,-302.905006,13,0.469626,0.882866,-0.882866,0.469626,15.128505,-231.936418,16,0.479152,0.877732,-0.877732,0.479152,24.253332,-214.782339,8,-0.082982,0.996551,-0.996551,-0.082982,0.215633,-233.680908,25,0.51937,0.854549,-0.854549,0.51937,34.267598,-196.437736,31,0.63284,0.774282,-0.774282,0.63284,43.351379,-181.491665,29,-0.180004,0.983666,-0.983666,-0.180004,-6.508394,-179.050736,21,-0.141247,0.989974,-0.989974,-0.141247,-4.822194,-192.497376,14,-0.157813,0.987469,-0.987469,-0.157813,-1.463925,-213.510715],"edges":[29,28,28,27,27,26,26,25,25,24,24,23,23,22,22,21,21,20,20,19,19,18,18,17,17,16,16,15,15,14,14,13,13,12,12,11,11,10,10,9,9,8,8,7,7,6,6,5,5,4,4,3,3,2,2,1,1,0,0,30,30,29],"userEdges":[6,31,31,33,33,32,16,33,33,7,7,34,34,11,31,18,4,38,20,45,5,46,45,46,46,31,19,46]}]},{"name":"02_11","display":[{"type":"mesh","name":"02/02_11","width":180,"height":42,"vertices":[85.17,-164.47,63.4,-138.29,-11.71,-138.29,-43.32,-138.29,-81.21,-157.38,-94.79,-164.12,-94.79,-180.29,-64.9,-180.3,-4.66,-180.29,44.81,-180.28,85.17,-180.27],"uvs":[1,0.37616,0.87906,1,0.46159,1,0.28592,1,0.07545,0.54561,0,0.38502,0,0,0.16606,0,0.50086,0,0.77572,0,1,0],"triangles":[10,9,0,9,1,0,9,2,1,8,2,9,3,2,8,7,3,8,7,4,3,6,4,7,6,5,4],"weights":[1,31,1,1,31,1,1,29,1,2,26,0.55198,29,0.448,1,26,1,1,26,1,1,26,1,1,26,1,1,29,1,1,31,1,1,31,1],"slotPose":[1,0,0,1,0,0],"bonePose":[31,0.63284,0.774282,-0.774282,0.63284,43.351379,-181.491665,29,-0.180004,0.983666,-0.983666,-0.180004,-6.508394,-179.050736,26,-0.734086,0.679057,-0.679057,-0.734086,-61.987203,-187.460103],"edges":[5,4,4,3,3,2,2,1,1,0,0,10,10,9,9,8,8,7,7,6,6,5],"userEdges":[9,1,8,2,4,7]}]},{"name":"02_1","display":[{"name":"02/02_1","transform":{"x":100.3,"y":-1.55,"skX":86.78,"skY":86.78}}]},{"name":"00_2","display":[{"type":"mesh","name":"00/00_2","width":115,"height":162,"vertices":[39.55,-431.07,53.18,-407.22,53.19,-381.61,53.2,-364.16,53.21,-347.28,53.22,-328.96,53.23,-311.2,20.71,-305.08,15.74,-330.4,20.68,-345.82,27.94,-363.28,19.2,-379.55,-0.96,-357.85,-24.17,-361.82,-39.3,-364.14,-38.43,-354.83,-33.21,-342.9,-26.81,-328.34,-40.78,-316.43,-54.44,-338.25,-61.81,-355.41,-61.81,-370.83,-61.81,-389.15,-61.8,-416.21,-47.45,-436.87,-27.37,-449.26,19.47,-449.26,-37.26,-427.28,-7.87,-415.94,22.09,-422.34,-46.57,-407.79,-16.59,-399.36,32.58,-401.98,-52.69,-388.58,-21.25,-383.37,36.96,-380.74,36.09,-363.29,33.76,-347.28,30.57,-332.45,14.83,-401.96,8.42,-423.78,2.01,-431.66,-20.68,-426.11,-29.69,-403.12,-36.39,-383.63],"uvs":[0.88153,0.11232,1,0.25961,1,0.41769,1,0.52546,1,0.62965,1,0.74282,1,0.85239,0.71706,0.89011,0.67404,0.73383,0.71706,0.63863,0.78032,0.53085,0.7044,0.43026,0.52917,0.56436,0.32737,0.53983,0.19579,0.52546,0.20338,0.58295,0.24893,0.65659,0.30459,0.74641,0.18313,0.82006,0.0642,0.68533,0,0.57935,0,0.48415,0,0.37098,0,0.20393,0.12493,0.07639,0.29953,0,0.70693,0,0.2135,0.13567,0.46907,0.20572,0.72971,0.16621,0.13253,0.25602,0.39316,0.30811,0.8208,0.29195,0.07939,0.37458,0.35267,0.40691,0.85876,0.42308,0.85117,0.53085,0.83092,0.62965,0.80309,0.72126,0.66645,0.29195,0.61078,0.15722,0.55511,0.10872,0.35773,0.14285,0.27929,0.28476,0.22109,0.40511],"triangles":[37,38,5,37,5,4,36,37,4,5,38,6,38,7,6,32,35,2,32,2,1,0,32,1,36,4,3,2,35,3,35,36,3,10,37,36,32,11,35,10,36,35,29,32,0,26,29,0,8,7,38,39,11,32,11,10,35,9,38,37,10,9,37,29,39,32,26,40,29,9,8,38,41,40,26,40,39,29,39,31,11,31,34,11,25,41,26,34,12,11,40,28,39,28,31,39,41,28,40,34,13,12,42,28,41,25,42,41,43,31,28,42,43,28,25,27,42,27,43,42,44,13,34,43,34,31,44,14,13,43,44,34,27,30,43,24,27,25,16,18,17,19,18,16,30,33,44,30,44,43,15,19,16,33,21,14,23,30,27,33,14,44,24,23,27,20,19,15,20,15,14,21,20,14,22,33,30,23,22,30,22,21,33],"weights":[3,38,0.97377,41,0.02422,30,0.00199,3,38,0.42601,41,0.57273,48,0.00125,4,38,0.0043,41,0.46652,48,0.52002,55,0.00913,4,41,0.02241,48,0.51886,55,0.42036,59,0.03836,4,48,0.07891,55,0.48262,59,0.37458,64,0.06387,3,55,0.07171,59,0.31526,64,0.61302,2,59,0.03,64,0.96999,1,64,0.99999,2,59,0.41002,64,0.58997,3,55,0.22741,59,0.76983,64,0.00275,5,48,0.3651,55,0.62527,44,0.00196,50,0.00338,56,0.00427,7,38,0.02141,41,0.35358,48,0.26304,55,0.00169,44,0.07924,50,0.11906,56,0.16192,5,41,0.07235,48,0.03224,44,0.01352,50,0.13116,56,0.75071,5,41,0.0074,48,0.00313,56,0.97902,57,0.01023,61,0.00019,4,56,0.31717,47,0.06454,57,0.51435,61,0.10392,4,56,0.02273,57,0.22962,61,0.74261,67,0.00503,3,47,0.00024,61,0.43325,67,0.56649,4,56,0.00003,47,0.00004,61,0.00335,67,0.99656,1,67,1,2,61,0.74391,67,0.25608,2,57,0.62256,61,0.37742,2,47,0.46421,57,0.53578,3,40,0.4892,47,0.51042,34,0.00035,2,40,0.47242,34,0.52757,1,34,1,2,30,0.43034,34,0.56965,2,38,0.52719,30,0.4728,1,34,1,2,30,0.5,44,0.5,1,38,1,2,40,0.5,34,0.5,2,44,0.5,50,0.5,2,38,0.5,41,0.5,2,40,0.5,47,0.5,2,50,0.5,56,0.5,2,41,0.5,48,0.5,2,48,0.5,55,0.5,2,55,0.5,59,0.5,2,59,0.5,64,0.5,7,38,0.42285,41,0.26931,48,0.01471,30,0.02221,44,0.17488,50,0.06141,56,0.0346,6,38,0.46818,41,0.00795,30,0.40554,44,0.11595,50,0.00176,56,0.00059,1,30,1,5,30,0.41587,44,0.22669,50,0.00969,40,0.00172,34,0.346,7,30,0.00354,44,0.18019,50,0.27117,56,0.015,40,0.24322,47,0.00913,34,0.27771,5,50,0.08647,56,0.34589,40,0.10781,47,0.38493,57,0.07487],"slotPose":[1,0,0,1,0,0],"bonePose":[38,0.476085,0.879399,-0.879399,0.476085,21.056832,-423.622675,41,0.214053,0.976822,-0.976822,0.214053,32.273388,-402.904025,30,-0.429881,0.902886,-0.902886,-0.429881,1.610178,-433.156564,57,0.158503,0.987359,-0.987359,0.158503,-51.475847,-372.184612,48,-0.04205,0.999116,-0.999116,-0.04205,37.036077,-381.169737,55,-0.210301,0.977637,-0.977637,-0.210301,36.364117,-365.203871,59,-0.149363,0.988782,-0.988782,-0.149363,32.637581,-347.880149,64,-0.021815,0.999762,-0.999762,-0.021815,29.935041,-333.269918,61,0.261515,0.965199,-0.965199,0.261515,-48.941389,-356.396749,44,-0.447135,0.894467,-0.894467,-0.447135,-6.845579,-415.396804,50,-0.420086,0.907484,-0.907484,-0.420086,-14.737507,-399.609469,56,-0.33282,0.942991,-0.942991,-0.33282,-21.786546,-384.38188,47,0.085765,0.996315,-0.996315,0.085765,-52.883246,-388.534148,67,0.599722,0.800208,-0.800208,0.599722,-44.441568,-340.324185,40,-0.206033,0.978545,-0.978545,-0.206033,-48.371115,-409.964283,34,-0.566406,0.824126,-0.824126,-0.566406,-35.966818,-428.012646],"edges":[20,19,19,18,18,17,17,16,16,15,15,14,14,13,13,12,12,11,11,10,10,9,9,8,8,7,7,6,6,5,5,4,4,3,3,2,2,1,1,0,0,26,26,25,25,24,24,23,23,22,22,21,21,20],"userEdges":[11,39,39,40,40,41,41,42,42,43,43,44,44,14]}]},{"name":"02_5","display":[{"name":"02/02_5","transform":{"x":39.06,"y":1.72,"skX":-47.62,"skY":-47.62}}]},{"name":"00_3","display":[{"type":"mesh","name":"00/00_3","width":91,"height":168,"vertices":[41.19,-310.29,-49.79,-310.27,-49.82,-478.26,41.17,-478.27,-44.07,-368.14,-35.24,-373.89,-23.92,-373.9,-14.31,-367.29,-13.06,-356.25,-26.98,-352.69,-35.24,-354.61,-41.47,-360.36,-44.64,-374.25,-35.52,-378.1,-23.33,-376.27,-12.78,-370.13,-10.08,-356.79,-37.84,-385,-32.59,-383.95,-20.82,-381.85,-9.62,-373.93,-0.32,-355.94,3.39,-365.21,12.11,-370.33,21.9,-370.11,27.58,-367.72,32.38,-361.51,1.75,-367.93,11.67,-373.16,21.58,-373.16,27.79,-371.42,32.81,-366.62,33.9,-372.51,29.21,-378.72,21.69,-379.27,10.03,-378.61,0.55,-373.05,5.33,-351.13,17.55,-349.11,25.49,-352.39],"uvs":[1,1,0,1,0,0,1,0,0.06302,0.65543,0.16007,0.62115,0.28455,0.62115,0.39005,0.66058,0.40376,0.72629,0.2508,0.74743,0.16007,0.736,0.0915,0.70172,0.05669,0.61904,0.15691,0.59618,0.29088,0.60704,0.40693,0.64361,0.43646,0.72304,0.13146,0.55507,0.18913,0.56132,0.31854,0.57381,0.44156,0.62101,0.54385,0.7281,0.58457,0.67295,0.6804,0.64245,0.7882,0.64375,0.85048,0.65803,0.90319,0.69501,0.56661,0.65673,0.67561,0.62559,0.7846,0.62559,0.85288,0.63595,0.90798,0.66451,0.91996,0.62947,0.86845,0.5925,0.7858,0.58925,0.65764,0.59314,0.55343,0.62623,0.60593,0.75678,0.74024,0.76878,0.82747,0.74928],"triangles":[31,26,32,38,37,0,37,1,0,39,38,0,26,39,0,32,26,0,19,35,3,2,19,3,35,34,3,34,33,3,33,32,3,32,0,3,2,18,19,30,25,31,30,31,32,33,30,32,25,26,31,25,39,26,24,39,25,29,30,33,34,29,33,23,38,24,24,38,39,24,25,30,29,24,30,9,1,37,2,17,18,22,37,23,23,37,38,35,28,34,23,24,29,28,23,29,34,28,29,8,9,37,22,21,37,20,36,35,19,20,35,28,27,23,27,22,23,35,36,28,36,27,28,16,8,37,21,16,37,16,21,27,27,21,22,7,16,27,15,7,27,36,20,27,20,15,27,14,15,20,19,14,20,7,8,16,10,1,9,6,7,15,14,6,15,7,9,8,6,9,7,10,9,6,5,10,6,18,14,19,5,11,10,18,13,14,14,13,6,13,5,6,2,12,17,4,11,5,11,1,10,17,13,18,12,4,5,12,5,13,17,12,13,4,1,11,12,1,4,2,1,12],"weights":[1,22,1,1,22,1,1,22,1,1,22,1,2,37,0.456,22,0.54399,2,37,0.82399,22,0.176,2,37,0.88799,22,0.112,2,37,0.6,22,0.39999,1,22,1,1,22,1,1,22,1,2,37,0.176,22,0.82399,2,37,0.528,22,0.47199,2,37,0.528,22,0.47199,2,37,0.528,22,0.47199,2,37,0.528,22,0.47199,1,22,1,2,37,0.528,22,0.47199,2,37,0.528,22,0.47199,2,37,0.528,22,0.47199,2,37,0.528,22,0.47199,1,22,1,2,35,0.664,22,0.33599,1,35,1,1,35,1,2,35,0.768,22,0.23199,1,22,1,2,35,0.688,22,0.31199,2,35,0.688,22,0.31199,2,35,0.688,22,0.31199,2,35,0.688,22,0.31199,2,35,0.688,22,0.31199,2,35,0.688,22,0.31199,2,35,0.688,22,0.31199,2,35,0.688,22,0.31199,2,35,0.688,22,0.31199,2,35,0.688,22,0.31199,1,22,1,1,22,1,1,22,1],"slotPose":[1,0,0,1,0,0],"bonePose":[22,0.055996,-0.998431,0.998431,0.055996,-7.384407,-326.532931,37,0.055996,-0.998431,0.998431,0.055996,-28.181445,-369.314601,35,0.055996,-0.998431,0.998431,0.055996,18.909231,-367.114271],"edges":[1,0,0,3,3,2,2,1],"userEdges":[]}]},{"name":"02_6","display":[{"type":"mesh","name":"02/02_6","width":50,"height":30,"vertices":[-5.81,-209.29,-19.84,-209.29,-47.19,-213.68,-55.82,-220.34,-42.4,-236.61,-33.89,-230.74,-25.27,-239.27,-5.8,-239.28],"uvs":[1,1,0.71942,1,0.17242,0.85367,0,0.63205,0.26845,0.08943,0.43837,0.28451,0.61063,0,1,0],"triangles":[6,5,1,1,0,7,6,1,7,5,2,1,3,2,4,4,2,5],"weights":[1,11,1,1,11,1,2,11,0.544,32,0.45599,1,32,1,1,32,1,2,11,0.544,32,0.45599,1,11,1,1,11,1],"slotPose":[1,0,0,1,0,0],"bonePose":[11,0.981926,-0.189267,0.189267,0.981926,-40.228345,-221.969308,32,0.673658,0.739043,-0.739043,0.673658,-78.851837,-264.323055],"edges":[3,2,2,1,1,0,0,7,7,6,6,5,5,4,4,3],"userEdges":[2,5]}]},{"name":"00_4","display":[{"type":"mesh","name":"00/00_4","width":92,"height":138,"vertices":[-8.67,-409.91,-8.49,-389.75,-30.62,-379.66,-36.49,-364.83,-39.3,-349.14,-32.31,-336.27,-19.43,-323.66,-7.4,-300.71,-9.09,-287.27,-42.12,-287.27,-34.55,-300.72,-45.19,-305.19,-54.7,-315.55,-60.86,-325.92,-68.81,-343.55,-68.81,-358.67,-63.36,-372.39,-56.93,-397.02,-41.53,-425.25,-8.78,-425.25,-27.55,-315.55,-36.5,-324.24,-44.07,-335.15,-50.21,-348.32,-53.84,-368.47,-44.6,-387.78],"uvs":[0.65388,0.11124,0.65561,0.25735,0.41518,0.3304,0.35126,0.43793,0.32083,0.55156,0.39691,0.64489,0.53691,0.73619,0.66778,0.90257,0.64952,1,0.29039,1,0.37257,0.90257,0.25691,0.87011,0.15344,0.79503,0.08648,0.71996,0,0.59214,0,0.48257,0.05909,0.38315,0.12909,0.2046,0.29648,0,0.65257,0,0.44865,0.79503,0.35126,0.73214,0.26909,0.65301,0.20213,0.55764,0.16257,0.41156,0.263,0.27156],"triangles":[25,2,0,19,18,0,0,2,1,6,20,7,10,8,7,20,10,7,18,25,0,10,9,8,21,20,6,5,21,6,17,25,18,11,10,20,21,11,20,22,21,5,25,3,2,25,24,3,4,22,5,12,11,21,23,4,3,23,22,4,22,12,21,24,23,3,13,12,22,23,13,22,16,24,25,17,16,25,14,13,23,24,15,23,15,14,23,16,15,24],"weights":[1,28,1,1,28,1,3,28,0.56167,45,0.41102,51,0.02729,4,28,0.01405,45,0.50379,51,0.46516,54,0.01698,4,45,0.01519,51,0.32273,54,0.61117,58,0.05088,3,54,0.16577,58,0.63615,63,0.19807,3,58,0.01771,63,0.60143,69,0.38084,1,69,1,1,69,1,1,69,1,3,58,0.02499,63,0.1022,69,0.87279,4,54,0.00897,58,0.24777,63,0.40357,69,0.33967,4,54,0.16515,58,0.5472,63,0.24556,69,0.04206,4,51,0.0459,54,0.49174,58,0.41883,63,0.04351,4,28,0.00001,51,0.53936,54,0.4373,58,0.02332,4,28,0.00003,45,0.04035,51,0.90576,54,0.05384,2,45,0.66858,51,0.33141,3,28,0.52511,45,0.47485,54,0.00002,1,28,0.99999,1,28,1,2,63,0.5,69,0.5,2,58,0.5,63,0.5,2,54,0.5,58,0.5,2,51,0.5,54,0.5,2,45,0.5,51,0.5,2,28,0.5,45,0.5],"slotPose":[1,0,0,1,0,0],"bonePose":[28,-0.755282,0.6554,-0.6554,-0.755282,-19.553706,-409.214087,45,-0.453524,0.891244,-0.891244,-0.453524,-43.82091,-388.156079,51,0.199368,0.979925,-0.979925,0.199368,-54.174861,-367.808976,54,0.396667,0.917962,-0.917962,0.396667,-50.253294,-348.533857,58,0.650509,0.759498,-0.759498,0.650509,-44.545251,-335.324378,63,0.662228,0.749303,-0.749303,0.662228,-35.984551,-325.329378,69,0.354944,0.934888,-0.934888,0.354944,-27.779549,-316.045519],"edges":[14,13,13,12,12,11,11,10,10,9,9,8,8,7,7,6,6,5,5,4,4,3,3,2,2,1,1,0,0,19,19,18,18,17,17,16,16,15,15,14],"userEdges":[25,0]}]}]}],"animation":[{"duration":60,"name":"idle","bone":[{"name":"bone","translateFrame":[{"duration":25,"curve":[0.166,0.12,0.878,1],"x":-0.77},{"duration":30,"curve":[0.25,0,0.75,1],"x":-5.42},{"duration":5,"curve":[0.422,0.34,0.617,0.73]},{"duration":0,"x":-0.77}]},{"name":"bone2","translateFrame":[{"duration":30,"curve":[0.125,0,0.875,1]},{"duration":30,"curve":[0.25,0,0.75,1],"x":1.36,"y":-2.05},{"duration":0}],"rotateFrame":[{"duration":30,"curve":[0.125,0,0.875,1]},{"duration":30,"curve":[0.25,0,0.75,1],"rotate":-1.37},{"duration":0}]},{"name":"bone3","translateFrame":[{"duration":9,"curve":[0.3105,0.155,0.75,1],"x":0.67,"y":0.1},{"duration":21,"curve":[0.25,0,0.75,1]},{"duration":9,"curve":[0.25,0,0.75,1]},{"duration":21,"curve":[0.25,0,0.551,0.63],"x":2.82,"y":1.58},{"duration":0,"x":0.67,"y":0.1}],"rotateFrame":[{"duration":9,"curve":[0.3105,0.155,0.75,1],"rotate":-0.4},{"duration":21,"curve":[0.25,0,0.75,1],"rotate":-0.13},{"duration":9,"curve":[0.25,0,0.75,1],"rotate":-0.13},{"duration":21,"curve":[0.25,0,0.551,0.63],"rotate":-1.28},{"duration":0,"rotate":-0.4}],"scaleFrame":[{"duration":9,"curve":[0.3105,0.155,0.75,1]},{"duration":21,"curve":[0.25,0,0.75,1]},{"duration":9,"curve":[0.25,0,0.75,1],"y":1.04},{"duration":21,"curve":[0.25,0,0.551,0.63],"y":1.04},{"duration":0}]},{"name":"bone4","scaleFrame":[{"duration":30,"curve":[0.25,0,0.75,1]},{"duration":30,"curve":[0.25,0,0.75,1],"x":1.01,"y":0.97},{"duration":0}]},{"name":"bone5","rotateFrame":[{"duration":25,"curve":[0.155,0.125,0.878,1],"rotate":0.16},{"duration":30,"curve":[0.25,0,0.75,1],"rotate":1.75},{"duration":5,"tweenEasing":0},{"duration":0,"rotate":0.16}]},{"name":"bone7","rotateFrame":[{"duration":20,"curve":[0.1755,0.2,0.878,1],"rotate":-1.18},{"duration":30,"curve":[0.25,0,0.75,1],"rotate":-4.17},{"duration":10,"tweenEasing":0},{"duration":0,"rotate":-1.18}]},{"name":"bone8","rotateFrame":[{"duration":25,"curve":[0.155,0.125,0.878,1],"rotate":-0.67},{"duration":30,"curve":[0.25,0,0.75,1],"rotate":-6.99},{"duration":5,"tweenEasing":0},{"duration":0,"rotate":-0.67}]},{"name":"bone9","rotateFrame":[{"duration":30,"curve":[0.125,0,0.875,1],"rotate":11.93},{"duration":30,"curve":[0.25,0,0.75,1],"rotate":3.63},{"duration":0,"rotate":11.93}]},{"name":"bone10","rotateFrame":[{"duration":4,"curve":[0.1825,0.315,0.851,1],"rotate":12.17},{"duration":30,"curve":[0.25,0,0.75,1],"rotate":12.7},{"duration":26,"curve":[0.244,0,0.699,0.78],"rotate":10.8},{"duration":0,"rotate":12.17}]},{"name":"bone11","rotateFrame":[{"duration":8,"curve":[0.19,0.295,0.863,1],"rotate":1.8},{"duration":30,"curve":[0.25,0,0.75,1],"rotate":4.04},{"duration":22,"curve":[0.242,0,0.662,0.65],"rotate":-6.99},{"duration":0,"rotate":1.8}]},{"name":"bone12","rotateFrame":[{"duration":12,"curve":[0.1905,0.27,0.871,1],"rotate":-3.19},{"duration":30,"curve":[0.25,0,0.75,1],"rotate":5.31},{"duration":18,"curve":[0.245,0,0.637,0.55],"rotate":-17.83},{"duration":0,"rotate":-3.19}]},{"name":"bone13","rotateFrame":[{"duration":16,"curve":[0.1855,0.24,0.8755,1],"rotate":-13.21},{"duration":30,"curve":[0.25,0,0.75,1],"rotate":5.07},{"duration":14,"curve":[0.252,0,0.622,0.48],"rotate":-28.54},{"duration":0,"rotate":-13.21}]},{"name":"bone14","rotateFrame":[{"duration":20,"curve":[0.1755,0.2,0.878,1],"rotate":-19.05},{"duration":30,"curve":[0.25,0,0.75,1],"rotate":3.36},{"duration":10,"curve":[0.264,0,0.617,0.42],"rotate":-27.93},{"duration":0,"rotate":-19.05}]},{"name":"bone15","rotateFrame":[{"duration":24,"curve":[0.16,0.14,0.8785000000000001,1],"rotate":-4.24},{"duration":30,"curve":[0.25,0,0.75,1],"rotate":5.19},{"duration":6,"curve":[0.284,0,0.625,0.38],"rotate":-5.65},{"duration":0,"rotate":-4.24}]},{"name":"bone16","rotateFrame":[{"duration":28,"curve":[0.1385,0.055,0.8765000000000001,1],"rotate":-10.46},{"duration":30,"curve":[0.25,0,0.75,1],"rotate":4.7},{"duration":2,"curve":[0.313,0,0.647,0.34],"rotate":-10.81},{"duration":0,"rotate":-10.46}]},{"name":"bone17","rotateFrame":[{"duration":10,"curve":[0.144,0.19,0.8594999999999999,1],"rotate":-0.13},{"duration":30,"curve":[0.25,0,0.75,1]},{"duration":20,"curve":[0.25,0,0.584,0.61],"rotate":-4.42},{"duration":0,"rotate":-0.13}]},{"name":"bone18","rotateFrame":[{"duration":14,"curve":[0.1905,0.275,0.87,1],"rotate":-0.41},{"duration":30,"tweenEasing":0,"rotate":1.01},{"duration":16,"curve":[0.244,0,0.639,0.56],"rotate":-2.63},{"duration":0,"rotate":-0.41}]},{"name":"bone19","rotateFrame":[{"duration":18,"curve":[0.189,0.26,0.873,1],"rotate":-0.92},{"duration":30,"tweenEasing":0,"rotate":2.43},{"duration":12,"curve":[0.247,0,0.629,0.52],"rotate":-3.64},{"duration":0,"rotate":-0.92}]},{"name":"bone20","rotateFrame":[{"duration":22,"curve":[0.184,0.235,0.8765000000000001,1],"rotate":-3.73},{"duration":30,"curve":[0.264,0,0.617,0.42],"rotate":4.31},{"duration":8,"curve":[0.253,0,0.62,0.47],"rotate":-6.7},{"duration":0,"rotate":-3.73}]},{"name":"bone21","rotateFrame":[{"duration":26,"curve":[0.1905,0.29,0.8645,1],"rotate":-4.28},{"duration":30,"tweenEasing":0,"rotate":3.38},{"duration":4,"curve":[0.34,0.35,0.675,0.69],"rotate":-5.94},{"duration":0,"rotate":-4.28}]},{"name":"bone22","rotateFrame":[{"duration":30,"curve":[0.19,0.295,0.863,1],"rotate":-16.14},{"duration":30,"tweenEasing":0,"rotate":3.45},{"duration":0,"rotate":-16.14}]},{"name":"bone23","rotateFrame":[{"duration":30,"curve":[0.125,0,0.875,1]},{"duration":30,"curve":[0.25,0,0.75,1],"rotate":2.51},{"duration":0}]},{"name":"bone24","rotateFrame":[{"duration":26,"curve":[0.1895,0.265,0.8725,1],"rotate":-0.56},{"duration":26,"curve":[0.29,0.19,0.676,0.7],"rotate":-3.16},{"duration":4,"curve":[0.351,0.4,0.756,1],"rotate":-0.22},{"duration":4,"curve":[0.333,0.33,0.667,0.67]},{"duration":0,"rotate":-0.56}]},{"name":"bone25","rotateFrame":[{"duration":30,"curve":[0.132,0,0.8085,0.71],"rotate":2.28},{"duration":22,"curve":[0.242,0,0.662,0.65],"rotate":-2.7},{"duration":8,"curve":[0.351,0.4,0.756,1],"rotate":1.27},{"duration":0,"rotate":2.28}]},{"name":"bone26","rotateFrame":[{"duration":4,"curve":[0.17,0.175,0.8375,0.845],"rotate":2.14},{"duration":30,"curve":[0.25,0,0.75,1],"rotate":3.08},{"duration":18,"curve":[0.338,0.34,0.684,0.72],"rotate":-4.99},{"duration":8,"curve":[0.29,0.19,0.676,0.7],"rotate":0.11},{"duration":0,"rotate":2.14}]},{"name":"bone27","rotateFrame":[{"duration":8,"curve":[0.176,0.325,0.843,1],"rotate":3.44},{"duration":30,"curve":[0.381,0.54,0.742,1],"rotate":4.79},{"duration":14,"curve":[0.25,0,0.75,1],"rotate":-3.7},{"duration":8,"curve":[0.37,0.62,0.709,1],"rotate":0.16},{"duration":0,"rotate":3.44}]},{"name":"bone28","rotateFrame":[{"duration":12,"curve":[0.181,0.22,0.877,1],"rotate":1.07},{"duration":30,"curve":[0.25,0,0.75,1],"rotate":7.24},{"duration":10,"curve":[0.371,0.48,0.751,1],"rotate":-6.37},{"duration":8,"curve":[0.257,0,0.618,0.45],"rotate":-2.5},{"duration":0,"rotate":1.07}]},{"name":"bone29","rotateFrame":[{"duration":16,"curve":[0.1755,0.2,0.878,1],"rotate":-7.06},{"duration":30,"curve":[0.316,0.27,0.712,0.81],"rotate":3.55},{"duration":6,"curve":[0.38,0.59,0.726,1],"rotate":-12.92},{"duration":8,"curve":[0.264,0,0.617,0.42],"rotate":-11.26},{"duration":0,"rotate":-7.06}]},{"name":"bone30","rotateFrame":[{"duration":30,"curve":[0.125,0,0.875,1],"rotate":0.43},{"duration":30,"curve":[0.25,0,0.75,1],"rotate":-3.89},{"duration":0,"rotate":0.43}]},{"name":"bone31","rotateFrame":[{"duration":5,"curve":[0.185,0.31,0.8545,1],"rotate":1.18},{"duration":30,"curve":[0.25,0,0.75,1],"rotate":1.52},{"duration":25,"curve":[0.243,0,0.689,0.75],"rotate":-2.04},{"duration":0,"rotate":1.18}]},{"name":"bone32","rotateFrame":[{"duration":10,"curve":[0.191,0.285,0.8674999999999999,1],"rotate":-0.17},{"duration":30,"curve":[0.25,0,0.75,1],"rotate":1.81},{"duration":20,"curve":[0.243,0,0.648,0.6],"rotate":-5.18},{"duration":0,"rotate":-0.17}]},{"name":"bone33","rotateFrame":[{"duration":15,"curve":[0.1875,0.25,0.875,1],"rotate":-0.24},{"duration":30,"curve":[0.25,0,0.75,1],"rotate":5.45},{"duration":15,"curve":[0.25,0,0.625,0.5],"rotate":-5.94},{"duration":0,"rotate":-0.24}]},{"name":"bone40","rotateFrame":[{"duration":5,"curve":[0.185,0.31,0.8545,1],"rotate":0.41},{"duration":30,"curve":[0.25,0,0.75,1],"rotate":0.7},{"duration":25,"curve":[0.243,0,0.689,0.75],"rotate":-2.21},{"duration":0,"rotate":0.41}]},{"name":"bone41","rotateFrame":[{"duration":5,"curve":[0.187,0.305,0.8574999999999999,1],"rotate":-0.06},{"duration":5,"curve":[0.25,0,0.625,0.5],"rotate":0.44},{"duration":30,"tweenEasing":0,"rotate":0.86},{"duration":20,"curve":[0.242,0,0.679,0.71],"rotate":-3.46},{"duration":0,"rotate":-0.06}]},{"name":"bone42","rotateFrame":[{"duration":5,"curve":[0.178,0.32,0.845,1],"rotate":-1.19},{"duration":10,"curve":[0.25,0,0.75,1],"rotate":-0.56},{"duration":30,"tweenEasing":0,"rotate":1.9},{"duration":15,"curve":[0.364,0.46,0.708,0.84],"rotate":-6.79},{"duration":0,"rotate":-1.19}]},{"name":"bone43","rotateFrame":[{"duration":5,"curve":[0.1745,0.325,0.8415,1],"rotate":-2.53},{"duration":15,"curve":[0.351,0.4,0.756,1],"rotate":-1.89},{"duration":30,"curve":[0.25,0,0.75,1],"rotate":2.53},{"duration":10,"curve":[0.356,0.47,0.691,0.82],"rotate":-6.33},{"duration":0,"rotate":-2.53}]},{"name":"bone44","rotateFrame":[{"duration":5,"curve":[0.1895,0.3,0.862,1],"rotate":-7.66},{"duration":20,"curve":[0.375,0.5,0.75,1],"rotate":-6.27},{"duration":30,"curve":[0.351,0.4,0.756,1],"rotate":3.34},{"duration":5,"curve":[0.342,0.36,0.685,0.72],"rotate":-10.08},{"duration":0,"rotate":-7.66}]},{"name":"bone45","rotateFrame":[{"duration":5,"curve":[0.132,0,0.8085,0.71],"rotate":-13.55},{"duration":25,"curve":[0.25,0,0.75,1],"rotate":-11.22},{"duration":30,"tweenEasing":0,"rotate":26.01},{"duration":0,"rotate":-13.55}]},{"name":"bone52","rotateFrame":[{"duration":15,"curve":[0.1875,0.25,0.875,1],"rotate":2.39},{"duration":30,"tweenEasing":0,"rotate":3.35},{"duration":15,"curve":[0.25,0,0.625,0.5],"rotate":0.54},{"duration":0,"rotate":2.39}]},{"name":"bone56","rotateFrame":[{"duration":10,"curve":[0.191,0.285,0.8674999999999999,1],"rotate":-0.82},{"duration":30,"curve":[0.25,0,0.75,1]},{"duration":20,"curve":[0.243,0,0.648,0.6],"rotate":-2.9},{"duration":0,"rotate":-0.82}]},{"name":"bone57","rotateFrame":[{"duration":5,"curve":[0.185,0.31,0.8545,1],"rotate":6.94},{"duration":30,"tweenEasing":0,"rotate":6.98},{"duration":25,"curve":[0.243,0,0.689,0.75],"rotate":6.6},{"duration":0,"rotate":6.94}]},{"name":"bone58","rotateFrame":[{"duration":10,"curve":[0.1875,0.25,0.875,1],"rotate":-0.66},{"duration":10,"curve":[0.243,0,0.648,0.6],"rotate":-0.29},{"duration":30,"tweenEasing":0},{"duration":10,"curve":[0.25,0,0.625,0.5],"rotate":-1.04},{"duration":0,"rotate":-0.66}]},{"name":"bone59","rotateFrame":[{"duration":15,"curve":[0.1875,0.25,0.875,1],"rotate":-1.26},{"duration":30,"tweenEasing":0,"rotate":5.38},{"duration":15,"curve":[0.25,0,0.625,0.5],"rotate":-10.3},{"duration":0,"rotate":-1.26}]},{"name":"bone61","translateFrame":[{"duration":28},{"duration":2,"tweenEasing":0},{"duration":2,"tweenEasing":0,"x":-16.16,"y":0.46},{"duration":28}]},{"name":"bone60","translateFrame":[{"duration":28},{"duration":2,"tweenEasing":0},{"duration":2,"tweenEasing":0,"x":-19.36,"y":0.4},{"duration":28}]},{"name":"bone70","rotateFrame":[{"duration":30,"curve":[0.25,0,0.75,1],"rotate":7.18},{"duration":30,"curve":[0.25,0,0.75,1],"rotate":3.69},{"duration":0,"rotate":7.18}]},{"name":"bone73","rotateFrame":[{"duration":15,"curve":[0.375,0.5,0.75,1],"rotate":-0.73},{"duration":30,"tweenEasing":0,"rotate":9.41},{"duration":15,"curve":[0.25,0,0.625,0.5],"rotate":-10.88},{"duration":0,"rotate":-0.73}]},{"name":"bone72","rotateFrame":[{"duration":10,"curve":[0.382,0.57,0.735,1],"rotate":0.06},{"duration":30,"tweenEasing":0,"rotate":1.88},{"duration":20,"curve":[0.243,0,0.648,0.6],"rotate":-4.53},{"duration":0,"rotate":0.06}]},{"name":"bone71","rotateFrame":[{"duration":5,"curve":[0.37,0.62,0.709,1],"rotate":1.55},{"duration":30,"curve":[0.25,0,0.75,1],"rotate":2.35},{"duration":25,"curve":[0.243,0,0.689,0.75],"rotate":-5.99},{"duration":0,"rotate":1.55}]},{"name":"bone69","rotateFrame":[{"duration":10,"curve":[0.351,0.4,0.756,1],"rotate":4.75},{"duration":15,"curve":[0.375,0.5,0.75,1],"rotate":-0.69},{"duration":30,"curve":[0.37,0.62,0.709,1],"rotate":-8.3},{"duration":5,"curve":[0.264,0,0.617,0.42],"rotate":6.91},{"duration":0,"rotate":4.75}]},{"name":"bone68","rotateFrame":[{"duration":10,"curve":[0.375,0.5,0.75,1],"rotate":0.03},{"duration":10,"curve":[0.25,0,0.75,1],"rotate":-4.02},{"duration":30,"curve":[0.382,0.57,0.735,1],"rotate":-7.23},{"duration":10,"curve":[0.25,0,0.625,0.5],"rotate":4.08},{"duration":0,"rotate":0.03}]},{"name":"bone67","rotateFrame":[{"duration":10,"curve":[0.381,0.54,0.742,1],"rotate":-2.15},{"duration":5,"curve":[0.37,0.62,0.709,1],"rotate":-4.56},{"duration":30,"curve":[0.375,0.5,0.75,1],"rotate":-5.26},{"duration":15,"curve":[0.245,0,0.637,0.55],"rotate":1.98},{"duration":0,"rotate":-2.15}]},{"name":"bone66","rotateFrame":[{"duration":10,"curve":[0.361,0.63,0.697,1],"rotate":-1.9},{"duration":30,"curve":[0.25,0,0.625,0.5],"rotate":-2.48},{"duration":20,"curve":[0.36,0.43,0.701,0.8],"rotate":0.97},{"duration":0,"rotate":-1.9}]},{"name":"bone65","rotateFrame":[{"duration":15,"curve":[0.375,0.5,0.75,1],"rotate":-0.46},{"duration":30,"tweenEasing":0,"rotate":-4.92},{"duration":15,"curve":[0.25,0,0.625,0.5],"rotate":4},{"duration":0,"rotate":-0.46}]},{"name":"bone64","rotateFrame":[{"duration":10,"curve":[0.382,0.57,0.735,1],"rotate":-1.65},{"duration":30,"tweenEasing":0,"rotate":-3.33},{"duration":20,"curve":[0.243,0,0.648,0.6],"rotate":2.59},{"duration":0,"rotate":-1.65}]},{"name":"bone63","rotateFrame":[{"duration":5,"curve":[0.37,0.62,0.709,1],"rotate":-2.83},{"duration":30,"curve":[0.25,0,0.75,1],"rotate":-3.44},{"duration":25,"curve":[0.243,0,0.689,0.75],"rotate":2.79},{"duration":0,"rotate":-2.83}]},{"name":"bone62","rotateFrame":[{"duration":30,"curve":[0.25,0,0.75,1],"rotate":-2.99},{"duration":30,"curve":[0.25,0,0.75,1],"rotate":1.36},{"duration":0,"rotate":-2.99}]}]}],"defaultActions":[{"gotoAndPlay":"idle"}]}]}