{"width":1024,"imagePath":"girl_05_tex.png","height":512,"name":"girl_05","SubTexture":[{"width":179,"y":344,"height":143,"name":"00/00_15","x":248},{"width":33,"y":106,"height":75,"name":"00/00_14","x":472},{"width":48,"y":399,"height":96,"name":"00/00_13","x":167},{"y":183,"frameX":-1,"frameY":-1,"width":42,"frameWidth":44,"height":58,"name":"04/04_11","frameHeight":60,"x":472},{"width":128,"y":1,"height":341,"name":"02/02_10","x":248},{"width":59,"y":399,"height":95,"name":"00/00_10","x":106},{"y":1,"frameX":-1,"frameY":-1,"width":68,"frameWidth":70,"height":53,"name":"04/04_7","frameHeight":55,"x":471},{"width":91,"y":1,"height":168,"name":"00/00_3","x":378},{"width":245,"y":1,"height":396,"name":"04/04_6","x":1},{"width":92,"y":171,"height":138,"name":"00/00_4","x":378},{"width":115,"y":344,"height":162,"name":"00/00_2","x":429},{"y":56,"frameX":-1,"frameY":-1,"width":74,"frameWidth":76,"height":48,"name":"04/04_9","frameHeight":50,"x":471},{"width":50,"y":311,"height":28,"name":"00/00_7","x":378},{"y":399,"frameX":-1,"frameY":-1,"width":103,"frameWidth":105,"height":96,"name":"04/04_1","frameHeight":98,"x":1}]}