{"frameRate":30,"name":"girl_01","version":"5.5","compatibleVersion":"5.5","armature":[{"type":"Armature","frameRate":30,"name":"girl_01","aabb":{"x":-117.9,"y":-478.27,"width":262.46,"height":483.68},"bone":[{"name":"root"},{"name":"bone","parent":"root","transform":{"x":-1.13,"y":-206.3}},{"length":39,"name":"bone48","parent":"root","transform":{"x":-34.51,"y":-32.97,"skX":61.53,"skY":61.53}},{"length":33,"name":"bone51","parent":"root","transform":{"x":19.01,"y":-35.05,"skX":100.61,"skY":100.61}},{"length":49,"name":"bone2","parent":"bone","transform":{"y":-2.62,"skX":-84.74,"skY":-84.74}},{"length":26,"name":"bone55","parent":"bone","transform":{"x":-39.1,"y":-15.67,"skX":-10.91,"skY":-10.91}},{"length":85,"name":"bone49","parent":"bone","transform":{"x":21.4,"y":-2.21,"skX":88.05,"skY":88.05}},{"length":77,"name":"bone46","parent":"bone","transform":{"x":-15.53,"y":2.76,"skX":99.86,"skY":99.86}},{"length":46,"name":"bone3","parent":"bone2","transform":{"x":49.01,"skX":-18.46,"skY":-18.46}},{"length":88,"name":"bone50","parent":"bone49","transform":{"x":85.53,"skX":4.64,"skY":4.64}},{"length":94,"name":"bone47","parent":"bone46","transform":{"x":77.5,"skX":-7.09,"skY":-7.09}},{"length":17,"name":"bone56","parent":"bone3","transform":{"x":47.24,"y":5.98,"skX":98.1,"skY":98.1}},{"length":21,"name":"bone4","parent":"bone3","transform":{"x":46.37,"y":0.16,"skX":12.51,"skY":12.51}},{"length":24,"name":"bone52","parent":"bone3","transform":{"x":52.01,"y":-6.22,"skX":-90.11,"skY":-90.11}},{"length":53,"name":"bone57","parent":"bone56","transform":{"x":17.37,"skX":84.23,"skY":84.23}},{"length":55,"name":"bone53","parent":"bone52","transform":{"x":24.13,"skX":-28.94,"skY":-28.94}},{"length":114,"name":"bone5","parent":"bone4","transform":{"x":23.63,"y":-0.03,"skX":3.9,"skY":3.9}},{"length":34,"name":"bone17","parent":"bone5","transform":{"x":52.72,"y":-30.47,"skX":155.74,"skY":155.74}},{"length":44,"name":"bone6","parent":"bone5","transform":{"x":74.14,"y":9.2,"skX":163.1,"skY":163.1}},{"length":57,"name":"bone54","parent":"bone53","transform":{"x":55.12,"skX":-90.1,"skY":-90.1}},{"name":"bone61","parent":"bone5","transform":{"x":41.99,"y":23.98}},{"name":"bone60","parent":"bone5","transform":{"x":41.55,"y":-23.16}},{"length":19,"name":"bone30","parent":"bone5","transform":{"x":106.96,"y":3.01,"skX":-157.75,"skY":-157.75}},{"length":32,"name":"bone23","parent":"bone5","transform":{"x":81.87,"y":-16.78,"skX":-134.16,"skY":-134.16}},{"length":58,"name":"bone58","parent":"bone57","transform":{"x":53.51,"y":-0.1,"skX":-10.98,"skY":-10.98}},{"length":23,"name":"bone40","parent":"bone5","transform":{"x":98.53,"y":22.96,"skX":148.36,"skY":148.36}},{"length":21,"name":"bone34","parent":"bone5","transform":{"x":99.72,"y":-34.22,"skX":-148.71,"skY":-148.71}},{"length":28,"name":"bone18","parent":"bone17","transform":{"x":34.58,"skX":-1.88,"skY":-1.88}},{"length":22,"name":"bone24","parent":"bone23","transform":{"x":32.13,"skX":-22.08,"skY":-22.08}},{"length":27,"name":"bone7","parent":"bone6","transform":{"x":44.18,"skX":-6.1,"skY":-6.1}},{"length":17,"name":"bone31","parent":"bone30","transform":{"x":19.67,"skX":1.1,"skY":1.1}},{"length":22,"name":"bone41","parent":"bone40","transform":{"x":23.56,"skX":16.07,"skY":16.07}},{"length":21,"name":"bone35","parent":"bone34","transform":{"x":21.9,"skX":-22.61,"skY":-22.61}},{"length":29,"name":"bone59","parent":"bone58","transform":{"x":58.92,"skX":7.53,"skY":7.53}},{"length":16,"name":"bone36","parent":"bone35","transform":{"x":21.9,"skX":-16.81,"skY":-16.81}},{"length":18,"name":"bone8","parent":"bone7","transform":{"x":27.13,"skX":-10.32,"skY":-10.32}},{"length":15,"name":"bone42","parent":"bone41","transform":{"x":22.25,"skX":14.77,"skY":14.77}},{"length":16,"name":"bone32","parent":"bone31","transform":{"x":17.65,"skX":-1.72,"skY":-1.72}},{"length":19,"name":"bone25","parent":"bone24","transform":{"x":22.83,"skX":-38.47,"skY":-38.47}},{"length":24,"name":"bone19","parent":"bone18","transform":{"x":28.57,"skX":-14.99,"skY":-14.99}},{"length":15,"name":"bone37","parent":"bone36","transform":{"x":16.41,"skX":-4.2,"skY":-4.2}},{"length":15,"name":"bone33","parent":"bone32","transform":{"x":16.78,"skX":-5.4,"skY":-5.4}},{"length":14,"name":"bone26","parent":"bone25","transform":{"x":19.67,"skX":-11.87,"skY":-11.87}},{"length":17,"name":"bone43","parent":"bone42","transform":{"x":15.98,"skX":9.73,"skY":9.73}},{"length":20,"name":"bone20","parent":"bone19","transform":{"x":24.17,"skX":-19.17,"skY":-19.17}},{"length":14,"name":"bone9","parent":"bone8","transform":{"x":18.98,"skX":-15.18,"skY":-15.18}},{"length":17,"name":"bone38","parent":"bone37","transform":{"x":15.99,"skX":-6.04,"skY":-6.04}},{"length":13,"name":"bone27","parent":"bone26","transform":{"x":14.39,"skX":-17.21,"skY":-17.21}},{"length":19,"name":"bone21","parent":"bone20","transform":{"x":20.64,"skX":17.69,"skY":17.69}},{"length":17,"name":"bone10","parent":"bone9","transform":{"x":14.47,"skX":-43.72,"skY":-43.72}},{"length":16,"name":"bone44","parent":"bone43","transform":{"x":17.72,"skX":-3.55,"skY":-3.55}},{"length":15,"name":"bone45","parent":"bone44","transform":{"x":14.85,"y":0.49,"skX":-7.34,"skY":-7.34}},{"length":15,"name":"bone22","parent":"bone21","transform":{"x":18.93,"y":-0.39,"skX":34.33,"skY":34.33}},{"length":15,"name":"bone39","parent":"bone38","transform":{"x":16.69,"y":-0.14,"skX":-21.69,"skY":-21.69}},{"length":12,"name":"bone28","parent":"bone27","transform":{"x":13.16,"skX":-0.89,"skY":-0.89}},{"length":16,"name":"bone11","parent":"bone10","transform":{"x":17.29,"skX":-3.45,"skY":-3.45}},{"length":19,"name":"bone29","parent":"bone28","transform":{"x":12.39,"skX":20.68,"skY":20.68}},{"length":17,"name":"bone12","parent":"bone11","transform":{"x":16.19,"y":-0.65,"skX":0.57,"skY":0.57}},{"length":13,"name":"bone13","parent":"bone12","transform":{"x":17.99,"skX":15.47,"skY":15.47}},{"length":12,"name":"bone14","parent":"bone13","transform":{"x":13.36,"skX":28.53,"skY":28.53}},{"length":9,"name":"bone15","parent":"bone14","transform":{"x":12.75,"skX":14.76,"skY":14.76}},{"length":10,"name":"bone16","parent":"bone15","transform":{"x":9.85,"skX":23.99,"skY":23.99}}],"slot":[{"name":"00_15","parent":"bone6"},{"name":"00_14","parent":"bone57"},{"name":"00_13","parent":"bone58"},{"name":"00_12","parent":"bone2"},{"name":"00_11","parent":"bone46"},{"name":"00_10","parent":"bone53"},{"name":"00_9","parent":"bone58"},{"name":"00_8","parent":"bone2"},{"name":"00_7","parent":"bone55"},{"name":"00_6","parent":"bone53"},{"name":"00_5","parent":"bone3"},{"name":"00_4","parent":"bone23"},{"name":"00_3","parent":"bone5"},{"name":"00_2","parent":"bone30"},{"name":"00_1","parent":"bone5"}],"ik":[{"chain":1,"name":"2","bone":"bone50","target":"bone51"},{"bendPositive":false,"chain":1,"name":"1","bone":"bone47","target":"bone48"},{"bendPositive":false,"chain":1,"name":"3","bone":"bone54","target":"bone55"}],"skin":[{"slot":[{"name":"00_12","display":[{"type":"mesh","name":"00/00_12","width":128,"height":340,"vertices":[6.95,-316.9,25.56,-314.74,34.81,-280.93,26.89,-262.49,23.67,-251.94,25.13,-241.69,32.31,-229.35,42.86,-211.66,37.18,-129.12,36.82,-123.86,36.12,-113.95,30.78,-39.24,32.48,9.71,0.99,9.71,6.28,-33.51,7.45,-113.44,7.56,-121.32,6.68,-128.17,0.23,-178.26,-13.44,-123.24,-14.38,-116.04,-24.89,-35.74,-5.14,0.66,-16.58,9.7,-40.44,9.71,-48.11,-32.87,-54.79,-93.97,-49.59,-121.67,-47.15,-134.68,-47.02,-141.13,-45.58,-211.66,-35.96,-228.24,-30.04,-238.42,-28.81,-246.62,-34.55,-257.27,-43.97,-274.07,-52.16,-308.09,-23.07,-316.28,-21.91,-330.27,5.05,-330.26,-30.29,-127.05,-35.07,-33.2,-0.73,-205.31,23.15,-122.91,19.64,-34.79,22.96,-115.66,22,-130.6,-28.27,-134.42,-31.12,-118.21,-14.46,-306.44,-1.68,-304.2,29.61,-298.83],"uvs":[0.55274,0.03929,0.69815,0.04563,0.77041,0.14506,0.7086,0.19935,0.68342,0.23038,0.69487,0.26054,0.75095,0.29679,0.83339,0.34887,0.789,0.59166,0.78617,0.60713,0.78063,0.63631,0.73894,0.85604,0.75237,1,0.5063,1,0.54756,0.87288,0.55661,0.63777,0.5575,0.61462,0.55061,0.59444,0.50033,0.44712,0.39345,0.609,0.38609,0.63017,0.30397,0.86633,0.45842,0.97337,0.36894,1,0.18253,1,0.12253,0.87475,0.07033,0.69509,0.11092,0.6136,0.12998,0.57531,0.13102,0.55636,0.14241,0.34887,0.21753,0.30013,0.26373,0.27015,0.27334,0.24604,0.22851,0.2147,0.15487,0.16528,0.09083,0.06523,0.31816,0.04112,0.32724,0,0.53799,0,0.26172,0.59777,0.22443,0.87381,0.49287,0.36758,0.67929,0.60994,0.65195,0.86914,0.6778,0.63127,0.67035,0.58729,0.27763,0.57607,0.25526,0.62379,0.3854,0.07005,0.48533,0.07664,0.72976,0.09244],"triangles":[15,14,44,45,15,11,15,44,11,11,44,12,1,51,2,45,11,10,18,46,8,6,42,7,42,18,7,18,8,7,9,43,10,43,45,10,43,9,8,46,43,8,18,17,46,51,50,2,50,3,2,5,42,6,1,0,51,0,50,51,50,34,3,33,4,3,34,33,3,32,42,5,4,33,5,33,32,5,16,45,43,46,16,43,17,16,46,16,15,45,26,21,20,35,34,49,49,34,50,32,31,42,39,37,0,38,37,39,37,49,0,49,50,0,48,26,20,29,47,18,30,18,42,30,29,18,31,30,42,41,23,22,21,41,22,26,41,21,41,24,23,26,25,41,37,36,49,36,35,49,47,40,19,40,48,19,19,48,20,25,24,41,27,26,48,28,40,47,29,28,47,27,48,40,28,27,40,47,19,18,14,13,44,44,13,12],"weights":[3,8,0.16546,12,0.54653,11,0.28799,3,8,0.33193,12,0.20406,11,0.464,3,8,0.90247,12,0.05871,4,0.0388,4,8,0.69264,12,0.00336,6,0.01421,4,0.28978,3,8,0.34684,6,0.07395,4,0.57919,3,8,0.08955,6,0.25051,4,0.65992,3,8,0.00308,6,0.67449,4,0.3224,1,6,1,2,9,0.27534,6,0.72465,2,9,0.45164,6,0.54834,2,9,0.78967,6,0.21032,2,3,0.31502,9,0.68497,1,3,1,1,3,1,2,3,0.5931,9,0.40689,2,9,0.79281,6,0.20718,2,9,0.53208,6,0.46791,2,9,0.28885,6,0.71115,3,7,0.4523,6,0.45722,4,0.09047,2,7,0.45962,10,0.54037,2,7,0.23051,10,0.76948,2,10,0.5276,2,0.47239,1,2,1,1,2,1,1,2,1,2,10,0.58164,2,0.41835,1,10,1,2,7,0.2595,10,0.74049,2,7,0.6868,10,0.31319,2,7,0.85379,10,0.1462,3,8,0.00055,7,0.95459,4,0.04484,3,8,0.03639,7,0.61472,4,0.34888,3,8,0.1353,7,0.31224,4,0.55242,4,8,0.3057,12,0.00152,7,0.15296,4,0.5398,4,8,0.59094,12,0.02018,7,0.05132,4,0.33754,4,8,0.7528,12,0.13794,7,0.00622,4,0.10302,3,8,0.22959,12,0.1784,13,0.59199,3,8,0.09392,12,0.45007,13,0.456,1,12,1,1,12,1,2,7,0.5,10,0.5,2,10,0.5,2,0.5,1,4,1,2,9,0.5,6,0.5,2,3,0.5,9,0.5,2,9,0.7997,6,0.20029,2,9,0.11829,6,0.8817,2,7,0.79795,10,0.20204,1,10,1,2,8,0.23761,12,0.76238,2,8,0.53658,12,0.4634,2,8,0.79258,12,0.20741],"slotPose":[1,0,0,1,0,0],"bonePose":[8,-0.228351,-0.973579,0.973579,-0.228351,3.363012,-257.723616,12,-0.012042,-0.999927,0.999927,-0.012042,-7.069845,-302.905006,11,0.996041,-0.088894,0.088894,0.996041,-1.602281,-305.081022,4,0.091675,-0.995789,0.995789,0.091675,-1.13,-208.92,6,0.034027,0.999421,-0.999421,0.034027,20.27,-208.51,9,-0.046932,0.998898,-0.998898,-0.046932,23.180359,-123.02953,3,-0.184123,0.982903,-0.982903,-0.184123,19.01,-35.05,7,-0.171241,0.985229,-0.985229,-0.171241,-16.66,-203.54,10,-0.048327,0.998832,-0.998832,-0.048327,-29.931202,-127.184744,2,0.476699,0.879067,-0.879067,0.476699,-34.51,-32.97,13,-0.973139,0.23022,-0.23022,-0.973139,-14.569177,-306.939112],"edges":[26,25,25,24,24,23,23,22,22,21,21,20,20,19,19,18,18,17,17,16,16,15,15,14,14,13,13,12,12,11,11,10,10,9,9,8,8,7,7,6,6,5,5,4,4,3,3,2,2,1,1,0,0,39,39,38,38,37,37,36,36,35,35,34,34,33,33,32,32,31,31,30,30,29,29,28,28,27,27,26],"userEdges":[28,40,40,19,21,41,41,25,30,42,42,7,9,43,43,16,14,44,44,11,15,45,45,10,17,46,46,8,29,47,47,19,27,48,48,20,37,49,49,50,50,51,51,1,51,2]}]},{"name":"00_6","display":[{"type":"mesh","name":"00/00_6","width":114,"height":83,"vertices":[-34.95,-284.08,-58.67,-263.82,-58.32,-260.01,-47.28,-242.07,-62.13,-230.3,-69.72,-230.31,-87.8,-257.13,-87.8,-262.38,-87.8,-268.17,-45.63,-313.28,-31.51,-313.27],"uvs":[0.46351,0.3519,0.25552,0.59614,0.2587,0.64194,0.35555,0.85797,0.22536,1,0.15867,1,0,0.67683,0,0.61359,0,0.5438,0.36984,0,0.49368,0],"triangles":[9,0,10,9,1,0,8,1,9,2,4,3,5,4,2,6,5,2,1,7,2,7,6,2,8,7,1],"weights":[1,15,1,2,15,0.6143,19,0.38569,2,15,0.26431,19,0.73568,1,19,1,1,19,1,1,19,1,1,19,1,2,15,0.32795,19,0.67204,1,15,1,1,15,1,1,15,1],"slotPose":[1,0,0,1,0,0],"bonePose":[15,-0.740218,0.672367,-0.672367,-0.740218,-38.051014,-301.383914,19,0.673658,0.739043,-0.739043,0.673658,-78.851837,-264.323055],"edges":[6,5,5,4,4,3,3,2,2,1,1,0,0,10,10,9,9,8,8,7,7,6],"userEdges":[7,1,6,2,8,1]}]},{"name":"00_7","display":[{"type":"mesh","name":"00/00_7","width":50,"height":28,"vertices":[-5.81,-231.12,-5.81,-209.29,-19.89,-209.29,-38.65,-213.04,-48.95,-214.7,-55.82,-223.01,-43.15,-232.94,-36.33,-229.62,-26.53,-237.28,-19.73,-237.28,-40.15,-221.84],"uvs":[1,0.21996,1,1,0.71832,1,0.34317,0.86617,0.13733,0.80689,0,0.51046,0.25353,0.15475,0.38965,0.27332,0.58552,0,0.72164,0,0.31329,0.55196],"triangles":[2,1,0,9,2,0,7,10,2,10,3,2,8,7,2,8,2,9,6,10,7,10,4,3,6,5,10,5,4,10],"weights":[1,5,1,1,5,1,1,5,1,2,5,0.7667,19,0.23329,2,5,0.09276,19,0.90723,1,19,1,2,5,0.05052,19,0.94947,2,5,0.7534,19,0.24659,1,5,1,1,5,1,2,5,0.5,19,0.5],"slotPose":[1,0,0,1,0,0],"bonePose":[5,0.981926,-0.189267,0.189267,0.981926,-40.23,-221.97,19,0.673658,0.739043,-0.739043,0.673658,-78.851837,-264.323055],"edges":[5,4,4,3,3,2,2,1,1,0,0,9,9,8,8,7,7,6,6,5],"userEdges":[7,10,10,4]}]},{"name":"00_13","display":[{"type":"mesh","name":"00/00_13","width":48,"height":96,"vertices":[34.76,-258.36,36.7,-253.69,45.77,-241.93,56.62,-203.08,58.33,-199.26,63.17,-184.1,63.17,-168.28,40.67,-168.28,39.33,-194.27,40.18,-199.23,15.19,-246.05,15.2,-250.72,15.2,-264.28,34.2,-264.27,25.08,-253.35,27.69,-249.82,47.71,-199.07,47.4,-195.23],"uvs":[0.40778,0.06154,0.44815,0.11023,0.63742,0.2327,0.86346,0.63739,0.89918,0.67725,1,0.83525,1,1,0.53118,1,0.50318,0.72925,0.52076,0.67749,0,0.18979,0,0.1411,0,0,0.3959,0,0.2059,0.11379,0.26053,0.15061,0.67753,0.67931,0.67118,0.71925],"triangles":[9,16,3,2,9,3,4,17,5,7,6,5,17,7,5,8,7,17,3,16,4,16,17,4,10,9,2,15,10,2,9,17,16,9,8,17,1,15,2,0,15,1,13,14,0,14,15,0,12,14,13,14,10,15,12,11,14,11,10,14],"weights":[2,24,0.34577,14,0.65422,2,24,0.79094,14,0.20905,1,24,1,2,33,0.41829,24,0.5817,2,33,0.75121,24,0.24878,1,33,1,1,33,1,1,33,1,2,33,0.79651,24,0.20348,2,33,0.33119,24,0.6688,2,24,0.81713,14,0.18286,2,24,0.58401,14,0.41598,2,24,0.00007,14,0.99992,2,24,0.07143,14,0.92855,2,24,0.5,14,0.5,1,24,1,2,33,0.5,24,0.5,1,33,1],"slotPose":[1,0,0,1,0,0],"bonePose":[24,0.372178,0.928161,-0.928161,0.372178,25.888142,-254.094072,14,0.188581,0.982058,-0.982058,0.188581,15.698952,-306.625116,33,0.247337,0.968929,-0.968929,0.247337,47.816866,-199.406803],"edges":[10,9,9,8,8,7,7,6,6,5,5,4,4,3,3,2,2,1,1,0,0,13,13,12,12,11,11,10],"userEdges":[0,14,14,11,10,15,15,1,3,16,16,9,8,17,17,4]}]},{"name":"00_3","display":[{"type":"mesh","name":"00/00_3","width":91,"height":168,"vertices":[41.19,-310.29,-49.79,-310.27,-49.82,-478.26,41.17,-478.27,-44.07,-368.14,-35.24,-373.89,-23.92,-373.9,-14.31,-367.29,-13.06,-356.25,-26.98,-352.69,-35.24,-354.61,-41.47,-360.36,-44.64,-374.25,-35.52,-378.1,-23.33,-376.27,-12.78,-370.13,-10.08,-356.79,-37.84,-385,-32.59,-383.95,-20.82,-381.85,-9.62,-373.93,-0.32,-355.94,3.39,-365.21,12.11,-370.33,21.9,-370.11,27.58,-367.72,32.38,-361.51,1.75,-367.93,11.67,-373.16,21.58,-373.16,27.79,-371.42,32.81,-366.62,33.9,-372.51,29.21,-378.72,21.69,-379.27,10.03,-378.61,0.55,-373.05,5.33,-351.13,17.55,-349.11,25.49,-352.39],"uvs":[1,1,0,1,0,0,1,0,0.06302,0.65543,0.16007,0.62115,0.28455,0.62115,0.39005,0.66058,0.40376,0.72629,0.2508,0.74743,0.16007,0.736,0.0915,0.70172,0.05669,0.61904,0.15691,0.59618,0.29088,0.60704,0.40693,0.64361,0.43646,0.72304,0.13146,0.55507,0.18913,0.56132,0.31854,0.57381,0.44156,0.62101,0.54385,0.7281,0.58457,0.67295,0.6804,0.64245,0.7882,0.64375,0.85048,0.65803,0.90319,0.69501,0.56661,0.65673,0.67561,0.62559,0.7846,0.62559,0.85288,0.63595,0.90798,0.66451,0.91996,0.62947,0.86845,0.5925,0.7858,0.58925,0.65764,0.59314,0.55343,0.62623,0.60593,0.75678,0.74024,0.76878,0.82747,0.74928],"triangles":[31,26,32,38,37,0,37,1,0,39,38,0,26,39,0,32,26,0,19,35,3,2,19,3,35,34,3,34,33,3,33,32,3,32,0,3,2,18,19,30,25,31,30,31,32,33,30,32,25,26,31,25,39,26,24,39,25,29,30,33,34,29,33,23,38,24,24,38,39,24,25,30,29,24,30,9,1,37,2,17,18,22,37,23,23,37,38,35,28,34,23,24,29,28,23,29,34,28,29,8,9,37,22,21,37,20,36,35,19,20,35,28,27,23,27,22,23,35,36,28,36,27,28,16,8,37,21,16,37,16,21,27,27,21,22,7,16,27,15,7,27,36,20,27,20,15,27,14,15,20,19,14,20,7,8,16,10,1,9,6,7,15,14,6,15,7,9,8,6,9,7,10,9,6,5,10,6,18,14,19,5,11,10,18,13,14,14,13,6,13,5,6,2,12,17,4,11,5,11,1,10,17,13,18,12,4,5,12,5,13,17,12,13,4,1,11,12,1,4,2,1,12],"weights":[1,16,1,1,16,1,1,16,1,1,16,1,2,21,0.456,16,0.54399,2,21,0.82399,16,0.176,2,21,0.88799,16,0.112,2,21,0.6,16,0.39999,1,16,1,1,16,1,1,16,1,2,21,0.176,16,0.82399,2,21,0.528,16,0.47199,2,21,0.528,16,0.47199,2,21,0.528,16,0.47199,2,21,0.528,16,0.47199,1,16,1,2,21,0.528,16,0.47199,2,21,0.528,16,0.47199,2,21,0.528,16,0.47199,2,21,0.528,16,0.47199,1,16,1,2,20,0.664,16,0.33599,1,20,1,1,20,1,2,20,0.768,16,0.23199,1,16,1,2,20,0.688,16,0.31199,2,20,0.688,16,0.31199,2,20,0.688,16,0.31199,2,20,0.688,16,0.31199,2,20,0.688,16,0.31199,2,20,0.688,16,0.31199,2,20,0.688,16,0.31199,2,20,0.688,16,0.31199,2,20,0.688,16,0.31199,2,20,0.688,16,0.31199,1,16,1,1,16,1,1,16,1],"slotPose":[1,0,0,1,0,0],"bonePose":[16,0.055996,-0.998431,0.998431,0.055996,-7.384407,-326.532931,21,0.055996,-0.998431,0.998431,0.055996,-28.181445,-369.314601,20,0.055996,-0.998431,0.998431,0.055996,18.909231,-367.114271],"edges":[1,0,0,3,3,2,2,1],"userEdges":[]}]},{"name":"00_2","display":[{"type":"mesh","name":"00/00_2","width":115,"height":162,"vertices":[39.55,-431.07,53.18,-407.22,53.19,-381.61,53.2,-364.16,53.21,-347.28,53.22,-328.96,53.23,-311.2,20.71,-305.08,15.74,-330.4,20.68,-345.82,27.94,-363.28,19.2,-379.55,-0.96,-357.85,-24.17,-361.82,-39.3,-364.14,-38.43,-354.83,-33.21,-342.9,-26.81,-328.34,-40.78,-316.43,-54.44,-338.25,-61.81,-355.41,-61.81,-370.83,-61.81,-389.15,-61.8,-416.21,-47.45,-436.87,-27.37,-449.26,19.47,-449.26,-37.26,-427.28,-7.87,-415.94,22.09,-422.34,-46.57,-407.79,-16.59,-399.36,32.58,-401.98,-52.69,-388.58,-21.25,-383.37,36.96,-380.74,36.09,-363.29,33.76,-347.28,30.57,-332.45,14.83,-401.96,8.42,-423.78,2.01,-431.66,-20.68,-426.11,-29.69,-403.12,-36.39,-383.63],"uvs":[0.88153,0.11232,1,0.25961,1,0.41769,1,0.52546,1,0.62965,1,0.74282,1,0.85239,0.71706,0.89011,0.67404,0.73383,0.71706,0.63863,0.78032,0.53085,0.7044,0.43026,0.52917,0.56436,0.32737,0.53983,0.19579,0.52546,0.20338,0.58295,0.24893,0.65659,0.30459,0.74641,0.18313,0.82006,0.0642,0.68533,0,0.57935,0,0.48415,0,0.37098,0,0.20393,0.12493,0.07639,0.29953,0,0.70693,0,0.2135,0.13567,0.46907,0.20572,0.72971,0.16621,0.13253,0.25602,0.39316,0.30811,0.8208,0.29195,0.07939,0.37458,0.35267,0.40691,0.85876,0.42308,0.85117,0.53085,0.83092,0.62965,0.80309,0.72126,0.66645,0.29195,0.61078,0.15722,0.55511,0.10872,0.35773,0.14285,0.27929,0.28476,0.22109,0.40511],"triangles":[37,38,5,37,5,4,36,37,4,5,38,6,38,7,6,32,35,2,32,2,1,0,32,1,36,4,3,2,35,3,35,36,3,10,37,36,32,11,35,10,36,35,29,32,0,26,29,0,8,7,38,39,11,32,11,10,35,9,38,37,10,9,37,29,39,32,26,40,29,9,8,38,41,40,26,40,39,29,39,31,11,31,34,11,25,41,26,34,12,11,40,28,39,28,31,39,41,28,40,34,13,12,42,28,41,25,42,41,43,31,28,42,43,28,25,27,42,27,43,42,44,13,34,43,34,31,44,14,13,43,44,34,27,30,43,24,27,25,16,18,17,19,18,16,30,33,44,30,44,43,15,19,16,33,21,14,23,30,27,33,14,44,24,23,27,20,19,15,20,15,14,21,20,14,22,33,30,23,22,30,22,21,33],"weights":[3,25,0.97377,31,0.02422,22,0.00199,3,25,0.42601,31,0.57273,36,0.00125,4,25,0.0043,31,0.46652,36,0.52002,43,0.00913,4,31,0.02241,36,0.51886,43,0.42036,50,0.03836,4,36,0.07891,43,0.48262,50,0.37458,51,0.06387,3,43,0.07171,50,0.31526,51,0.61302,2,50,0.03,51,0.96999,1,51,0.99999,2,50,0.41002,51,0.58997,3,43,0.22741,50,0.76983,51,0.00275,5,36,0.3651,43,0.62527,30,0.00196,37,0.00338,41,0.00427,7,25,0.02141,31,0.35358,36,0.26304,43,0.00169,30,0.07924,37,0.11906,41,0.16192,5,31,0.07235,36,0.03224,30,0.01352,37,0.13116,41,0.75071,5,31,0.0074,36,0.00313,41,0.97902,40,0.01023,46,0.00019,4,41,0.31717,34,0.06454,40,0.51435,46,0.10392,4,41,0.02273,40,0.22962,46,0.74261,53,0.00503,3,34,0.00024,46,0.43325,53,0.56649,4,41,0.00003,34,0.00004,46,0.00335,53,0.99656,1,53,1,2,46,0.74391,53,0.25608,2,40,0.62256,46,0.37742,2,34,0.46421,40,0.53578,3,32,0.4892,34,0.51042,26,0.00035,2,32,0.47242,26,0.52757,1,26,1,2,22,0.43034,26,0.56965,2,25,0.52719,22,0.4728,1,26,1,2,22,0.5,30,0.5,1,25,1,2,32,0.5,26,0.5,2,30,0.5,37,0.5,2,25,0.5,31,0.5,2,32,0.5,34,0.5,2,37,0.5,41,0.5,2,31,0.5,36,0.5,2,36,0.5,43,0.5,2,43,0.5,50,0.5,2,50,0.5,51,0.5,7,25,0.42285,31,0.26931,36,0.01471,22,0.02221,30,0.17488,37,0.06141,41,0.0346,6,25,0.46818,31,0.00795,22,0.40554,30,0.11595,37,0.00176,41,0.00059,1,22,1,5,22,0.41587,30,0.22669,37,0.00969,32,0.00172,26,0.346,7,22,0.00354,30,0.18019,37,0.27117,41,0.015,32,0.24322,34,0.00913,26,0.27771,5,37,0.08647,41,0.34589,32,0.10781,34,0.38493,40,0.07487],"slotPose":[1,0,0,1,0,0],"bonePose":[25,0.476085,0.879399,-0.879399,0.476085,21.056832,-423.622675,31,0.214053,0.976822,-0.976822,0.214053,32.273388,-402.904025,22,-0.429881,0.902886,-0.902886,-0.429881,1.610178,-433.156564,40,0.158503,0.987359,-0.987359,0.158503,-51.475847,-372.184612,36,-0.04205,0.999116,-0.999116,-0.04205,37.036077,-381.169737,43,-0.210301,0.977637,-0.977637,-0.210301,36.364117,-365.203871,50,-0.149363,0.988782,-0.988782,-0.149363,32.637581,-347.880149,51,-0.021815,0.999762,-0.999762,-0.021815,29.935041,-333.269918,46,0.261515,0.965199,-0.965199,0.261515,-48.941389,-356.396749,30,-0.447135,0.894467,-0.894467,-0.447135,-6.845579,-415.396804,37,-0.420086,0.907484,-0.907484,-0.420086,-14.737507,-399.609469,41,-0.33282,0.942991,-0.942991,-0.33282,-21.786546,-384.38188,34,0.085765,0.996315,-0.996315,0.085765,-52.883246,-388.534148,53,0.599722,0.800208,-0.800208,0.599722,-44.441568,-340.324185,32,-0.206033,0.978545,-0.978545,-0.206033,-48.371115,-409.964283,26,-0.566406,0.824126,-0.824126,-0.566406,-35.966818,-428.012646],"edges":[20,19,19,18,18,17,17,16,16,15,15,14,14,13,13,12,12,11,11,10,10,9,9,8,8,7,7,6,6,5,5,4,4,3,3,2,2,1,1,0,0,26,26,25,25,24,24,23,23,22,22,21,21,20],"userEdges":[11,39,39,40,40,41,41,42,42,43,43,44,44,14]}]},{"name":"00_15","display":[{"type":"mesh","name":"00/00_15","width":179,"height":143,"vertices":[39.49,-379.95,45.3,-359.95,51.1,-341.98,57.77,-330.97,63.42,-323.74,79.11,-315.27,96.06,-318.09,113.01,-311.18,124.62,-300.83,130.16,-292.67,130.17,-262.3,119.61,-282.32,112.7,-287.96,107.05,-293.92,97.32,-292.66,81.31,-287.33,63.42,-279.48,43.85,-262.27,19.47,-262.27,3.84,-271.22,-19.43,-282.35,-33.87,-302.77,-48.8,-340.73,-48.8,-383.44,-21.11,-405.24,24.7,-405.26,42.39,-297.37,33.9,-276.65,20.94,-292.97,3.55,-302.55,-10.37,-321.68,-23.41,-348.35,23.08,-318.22,14.93,-332.84,-0.9,-363.03],"uvs":[0.49337,0.17691,0.52577,0.31684,0.55817,0.44257,0.59541,0.51963,0.62699,0.57013,0.7147,0.62942,0.80942,0.60966,0.90415,0.65797,0.96905,0.73043,1,0.78752,1,1,0.94099,0.85998,0.90239,0.82045,0.87082,0.77873,0.81644,0.78752,0.72697,0.82485,0.62698,0.87974,0.51767,1,0.3814,1,0.2941,0.93739,0.16403,0.85951,0.08341,0.71669,0,0.45122,0,0.15257,0.15477,0,0.41074,0,0.50946,0.75458,0.46209,0.8995,0.38968,0.7853,0.29248,0.71837,0.21471,0.58453,0.1418,0.39795,0.40157,0.60886,0.35602,0.50657,0.26761,0.29528],"triangles":[8,12,9,12,11,9,11,10,9,7,13,8,13,12,8,6,14,13,6,13,7,6,5,14,5,15,14,5,16,15,27,17,16,26,27,16,3,26,4,2,32,3,32,26,3,1,33,2,33,32,2,28,27,26,0,34,1,34,33,1,32,28,26,27,18,17,25,34,0,28,18,27,19,18,28,29,28,32,24,34,25,33,29,32,30,29,33,29,19,28,34,31,33,31,30,33,24,23,34,29,20,19,30,21,29,21,20,29,23,31,34,31,22,30,22,21,30,23,22,31,26,4,16,4,16,5],"weights":[11,55,0.00195,49,0.00104,45,0.0237,35,0.00303,29,0.10726,18,0.85807,17,0.00167,27,0.00056,39,0.00014,48,0.00241,52,0.00009,10,55,0.01236,49,0.01103,45,0.07673,35,0.04634,29,0.42149,18,0.42133,27,0.00281,39,0.0008,48,0.00679,52,0.00026,11,55,0.05668,49,0.06215,45,0.18777,35,0.17508,29,0.44419,18,0.05738,27,0.00053,39,0.00179,44,0.00176,48,0.01215,52,0.00046,11,55,0.15649,49,0.18047,45,0.18771,35,0.32507,29,0.12444,18,0.00742,27,0.00019,39,0.00082,44,0.00143,48,0.01541,52,0.00049,10,57,0.01121,55,0.28267,49,0.3823,45,0.05371,35,0.20401,29,0.05808,27,0.00011,39,0.00055,44,0.00107,48,0.00623,8,57,0.48553,55,0.46588,49,0.01894,35,0.02508,29,0.00429,27,0.00001,39,0.00007,44,0.00016,4,58,0.44956,57,0.54909,35,0.00131,44,0.00001,3,59,0.47106,58,0.52819,57,0.00073,2,60,0.40398,59,0.59601,2,61,0.10308,60,0.89691,4,61,0.97005,60,0.02867,59,0.00091,58,0.00036,4,61,0.74349,60,0.24265,59,0.00831,58,0.00552,7,61,0.0788,60,0.50688,59,0.34135,58,0.07233,49,0.00038,48,0.00017,52,0.00006,8,61,0.00119,60,0.03561,59,0.58169,58,0.32984,57,0.04673,49,0.00318,48,0.00113,52,0.0006,7,59,0.13914,58,0.37626,57,0.43807,55,0.01317,49,0.02181,48,0.00713,52,0.00437,7,59,0.01524,58,0.03156,57,0.424,55,0.30476,49,0.14904,48,0.04309,52,0.03226,10,59,0.00007,57,0.04015,55,0.24293,49,0.34377,45,0.03156,35,0.00017,29,0.00042,39,0.00001,48,0.17088,52,0.17,5,55,0.00144,49,0.00212,45,0.00113,29,0.00001,52,0.99526,9,57,0.00006,55,0.00164,49,0.00235,45,0.00094,29,0.00001,39,0.00997,44,0.1215,48,0.22109,52,0.6424,9,57,0.00003,55,0.0003,49,0.00043,45,0.00017,27,0.001,39,0.13116,44,0.33578,48,0.3921,52,0.13897,9,57,0.00001,55,0.00001,49,0.00002,45,0.00001,27,0.05583,39,0.51217,44,0.36611,48,0.05299,52,0.01281,5,17,0.02285,27,0.3016,39,0.63772,44,0.03766,48,0.00014,3,17,0.6304,27,0.30923,39,0.06036,2,17,0.9994,27,0.00059,3,29,0.00018,18,0.99256,17,0.00723,3,45,0.00076,18,1.00119,48,0.00009,7,55,0.01112,49,0.13338,45,0.40975,29,0.00262,44,0.01407,48,0.4099,52,0.01912,2,48,0.5,52,0.5,2,44,0.5,48,0.5,2,39,0.5,44,0.5,2,27,0.5,39,0.5,2,17,0.5,27,0.5,1,35,1,2,35,0.5,29,0.5,5,29,0.07167,18,0.45535,17,0.39756,27,0.06832,39,0.00707],"slotPose":[1,0,0,1,0,0],"bonePose":[55,0.999078,-0.042922,0.042922,0.999078,62.686657,-304.691317,49,0.999851,0.017278,-0.017278,0.999851,45.399238,-304.990052,45,0.710677,0.703519,-0.703519,0.710677,35.115746,-315.169968,35,0.501662,0.865064,-0.865064,0.501662,25.594207,-331.58888,29,0.338574,0.94094,-0.94094,0.338574,16.408702,-357.116579,18,0.236669,0.97159,-0.97159,0.236669,5.952685,-400.041445,17,0.359183,0.933267,-0.933267,0.359183,-34.854503,-380.876405,27,0.389606,0.920982,-0.920982,0.389606,-22.433971,-348.60402,39,0.614561,0.78887,-0.78887,0.614561,-11.302921,-322.291578,48,0.634731,0.772734,-0.772734,0.634731,20.878806,-292.010454,52,0.088373,0.996087,-0.996087,0.088373,33.19562,-277.630153,44,0.839525,0.543321,-0.543321,0.839525,3.551008,-303.224599,57,0.999456,-0.032981,0.032981,0.999456,78.833838,-306.035624,58,0.972043,0.234803,-0.234803,0.972043,96.814051,-306.628947,59,0.741859,0.670556,-0.670556,0.741859,109.800546,-303.491981,60,0.546541,0.837433,-0.837433,0.546541,119.259246,-294.942391,61,0.158847,0.987303,-0.987303,0.158847,124.64267,-286.693679],"edges":[22,21,21,20,20,19,19,18,18,17,17,16,16,15,15,14,14,13,13,12,12,11,11,10,10,9,9,8,8,7,7,6,6,5,5,4,4,3,3,2,2,1,1,0,0,25,25,24,24,23,23,22],"userEdges":[9,11,8,12,7,13,6,14,5,15,4,16,3,26,26,27,27,18,26,32,32,33,33,34]}]},{"name":"00_8","display":[{"type":"mesh","name":"00/00_8","width":90,"height":178,"vertices":[28.85,-310.75,30.44,-292.56,36.61,-276.46,29.55,-260.04,25.16,-248.77,29.66,-238.82,42.18,-214.75,42.18,-145.29,-47.79,-145.29,-47.8,-213.14,-35.31,-238.37,-32.35,-246.14,-34.5,-256.07,-39.77,-274.15,-42.64,-284.01,-38.2,-301.91,-47.78,-311.58,-47.78,-323.28,-23.22,-323.27,2.8,-323.26,3.34,-257.15,0.93,-246.41,0.92,-236.22,-1.82,-280.56,-7.67,-302.58,-21.78,-302.28,9.47,-306.41,-1.76,-206.17],"uvs":[0.85176,0.07033,0.86942,0.17247,0.93801,0.26294,0.85955,0.35522,0.81078,0.41852,0.86081,0.4744,1,0.60972,1,1,0,1,0,0.61876,0.13884,0.47702,0.17164,0.43331,0.14778,0.37752,0.0892,0.27593,0.05729,0.22058,0.10658,0.12002,0,0.06569,0,0,0.27303,0,0.56228,0,0.56824,0.37149,0.5414,0.4318,0.5414,0.4891,0.51093,0.23993,0.44585,0.11623,0.28891,0.11798,0.63639,0.09468,0.51164,0.65793],"triangles":[5,27,6,6,27,7,27,8,7,22,27,5,1,23,2,23,3,2,23,20,3,19,26,0,26,23,1,0,26,1,4,22,5,20,4,3,20,21,4,21,22,4,19,24,26,24,23,26,9,8,27,10,27,22,18,24,19,12,21,20,23,12,20,12,11,21,13,12,23,11,10,22,11,22,21,10,9,27,24,25,23,25,13,23,14,13,25,18,25,24,16,15,18,15,14,25,18,15,25,17,16,18],"weights":[2,11,0.99984,13,0.00015,4,4,0.01051,8,0.3685,11,0.62043,13,0.00053,5,4,0.08895,6,0.00099,8,0.59938,11,0.31039,13,0.00026,5,4,0.33695,6,0.02952,8,0.51983,11,0.11362,13,0.00006,4,4,0.63892,6,0.13107,8,0.20403,11,0.02596,4,4,0.57375,6,0.39622,8,0.02762,11,0.00236,2,4,0.02704,6,0.97295,1,6,1,1,7,1,3,4,0.05936,7,0.93962,8,0.00101,4,4,0.46594,7,0.44569,8,0.08627,13,0.00209,4,4,0.52415,7,0.2581,8,0.20495,13,0.01277,4,4,0.4079,7,0.12437,8,0.41316,13,0.05455,5,4,0.14093,7,0.02589,8,0.50919,12,0.00079,13,0.32317,5,4,0.05707,7,0.00844,8,0.32115,12,0.00068,13,0.61264,1,13,1,4,4,0.00211,7,0.00026,8,0.01675,13,0.98085,4,4,0.00211,7,0.00026,8,0.01636,13,0.98126,2,8,0.896,13,0.10399,2,8,0.78399,11,0.216,2,4,0.5,8,0.5,1,4,1,1,4,1,1,8,1,2,8,0.5,12,0.5,1,13,1,1,11,1,1,4,1],"slotPose":[1,0,0,1,0,0],"bonePose":[7,-0.171241,0.985229,-0.985229,-0.171241,-16.66,-203.54,8,-0.228351,-0.973579,0.973579,-0.228351,3.363012,-257.723616,11,0.996041,-0.088894,0.088894,0.996041,-1.602281,-305.081022,13,-0.973139,0.23022,-0.23022,-0.973139,-14.569177,-306.939112,4,0.091675,-0.995789,0.995789,0.091675,-1.13,-208.92,6,0.034027,0.999421,-0.999421,0.034027,20.27,-208.51,12,-0.012042,-0.999927,0.999927,-0.012042,-7.069845,-302.905006],"edges":[8,7,7,6,6,5,5,4,4,3,3,2,2,1,1,0,0,19,19,18,18,17,17,16,16,15,15,14,14,13,13,12,12,11,11,10,10,9,9,8],"userEdges":[12,20,11,21,10,22,5,22,4,21,3,20,25,24,0,26,26,24,15,25,9,27,27,6]}]},{"name":"00_9","display":[{"type":"mesh","name":"00/00_9","width":35,"height":76,"vertices":[33.68,-262.28,35.37,-257.81,37.18,-253.2,49.17,-229.61,49.17,-214.27,30.53,-214.27,17.59,-244.98,16.87,-249.7,14.19,-255.39,14.19,-290.28,32.31,-290.27,25.6,-253.52,24.2,-258.92],"uvs":[0.55687,0.3683,0.60527,0.42721,0.65712,0.48771,1,0.79817,1,1,0.46698,1,0.09707,0.59597,0.07633,0.53388,0,0.45905,0,0,0.51768,0,0.32565,0.4836,0.28569,0.41249],"triangles":[2,6,3,6,5,3,5,4,3,9,12,10,10,12,0,11,6,2,1,11,2,0,12,1,12,11,1,9,8,12,7,6,11,12,8,11,8,7,11],"weights":[2,24,0.11613,14,0.88386,2,24,0.43959,14,0.5604,2,24,0.80233,14,0.19766,1,24,1,1,24,1,1,24,1,2,24,0.88804,14,0.11195,2,24,0.59385,14,0.40614,2,24,0.14896,14,0.85102,1,14,1,1,14,1,2,24,0.5,14,0.5,1,14,1],"slotPose":[1,0,0,1,0,0],"bonePose":[24,0.372178,0.928161,-0.928161,0.372178,25.888142,-254.094072,14,0.188581,0.982058,-0.982058,0.188581,15.698952,-306.625116],"edges":[8,7,7,6,6,5,5,4,4,3,3,2,2,1,1,0,0,10,10,9,9,8],"userEdges":[1,11,11,7,8,12,12,0,6,2]}]},{"name":"00_5","display":[{"name":"00/00_5","transform":{"x":52.64,"y":-5.27,"skX":103.2,"skY":103.2}}]},{"name":"00_10","display":[{"type":"mesh","name":"00/00_10","width":59,"height":95,"vertices":[-30.8,-287.17,-35.56,-283.81,-57.78,-265.66,-58.39,-258.92,-37.43,-229.96,-45.84,-218.29,-57.78,-218.3,-86.8,-253.42,-86.8,-258.47,-86.8,-261.68,-86.79,-267.65,-46.48,-313.28,-27.79,-313.27],"uvs":[0.94895,0.27485,0.86846,0.31026,0.492,0.50147,0.48163,0.57233,0.8371,0.87707,0.69465,1,0.49224,1,0,0.63044,0,0.57716,0,0.54334,0,0.48053,0.68316,0,1,0],"triangles":[11,1,0,11,0,12,3,6,4,11,2,1,6,5,4,10,2,11,10,9,2,2,9,3,9,8,3,7,6,3,8,7,3],"weights":[1,15,1,1,15,1,2,19,0.48,15,0.51999,2,19,0.696,15,0.30399,1,19,1,1,19,1,1,19,1,2,19,0.712,15,0.28799,2,19,0.656,15,0.34399,2,19,0.504,15,0.49599,2,19,0.336,15,0.66399,1,15,1,1,15,1],"slotPose":[1,0,0,1,0,0],"bonePose":[15,-0.740218,0.672367,-0.672367,-0.740218,-38.051014,-301.383914,19,0.673658,0.739043,-0.739043,0.673658,-78.851837,-264.323055],"edges":[7,6,6,5,5,4,4,3,3,2,2,1,1,0,0,12,12,11,11,10,10,9,9,8,8,7],"userEdges":[9,2,3,8,10,2]}]},{"name":"00_4","display":[{"type":"mesh","name":"00/00_4","width":92,"height":138,"vertices":[-8.67,-409.91,-8.49,-389.75,-30.62,-379.66,-36.49,-364.83,-39.3,-349.14,-32.31,-336.27,-19.43,-323.66,-7.4,-300.71,-9.09,-287.27,-42.12,-287.27,-34.55,-300.72,-45.19,-305.19,-54.7,-315.55,-60.86,-325.92,-68.81,-343.55,-68.81,-358.67,-63.36,-372.39,-56.93,-397.02,-41.53,-425.25,-8.78,-425.25,-27.55,-315.55,-36.5,-324.24,-44.07,-335.15,-50.21,-348.32,-53.84,-368.47,-44.6,-387.78],"uvs":[0.65388,0.11124,0.65561,0.25735,0.41518,0.3304,0.35126,0.43793,0.32083,0.55156,0.39691,0.64489,0.53691,0.73619,0.66778,0.90257,0.64952,1,0.29039,1,0.37257,0.90257,0.25691,0.87011,0.15344,0.79503,0.08648,0.71996,0,0.59214,0,0.48257,0.05909,0.38315,0.12909,0.2046,0.29648,0,0.65257,0,0.44865,0.79503,0.35126,0.73214,0.26909,0.65301,0.20213,0.55764,0.16257,0.41156,0.263,0.27156],"triangles":[25,2,0,19,18,0,0,2,1,6,20,7,10,8,7,20,10,7,18,25,0,10,9,8,21,20,6,5,21,6,17,25,18,11,10,20,21,11,20,22,21,5,25,3,2,25,24,3,4,22,5,12,11,21,23,4,3,23,22,4,22,12,21,24,23,3,13,12,22,23,13,22,16,24,25,17,16,25,14,13,23,24,15,23,15,14,23,16,15,24],"weights":[1,23,1,1,23,1,3,23,0.56167,28,0.41102,38,0.02729,4,23,0.01405,28,0.50379,38,0.46516,42,0.01698,4,28,0.01519,38,0.32273,42,0.61117,47,0.05088,3,42,0.16577,47,0.63615,54,0.19807,3,47,0.01771,54,0.60143,56,0.38084,1,56,1,1,56,1,1,56,1,3,47,0.02499,54,0.1022,56,0.87279,4,42,0.00897,47,0.24777,54,0.40357,56,0.33967,4,42,0.16515,47,0.5472,54,0.24556,56,0.04206,4,38,0.0459,42,0.49174,47,0.41883,54,0.04351,4,23,0.00001,38,0.53936,42,0.4373,47,0.02332,4,23,0.00003,28,0.04035,38,0.90576,42,0.05384,2,28,0.66858,38,0.33141,3,23,0.52511,28,0.47485,42,0.00002,1,23,0.99999,1,23,1,2,54,0.5,56,0.5,2,47,0.5,54,0.5,2,42,0.5,47,0.5,2,38,0.5,42,0.5,2,28,0.5,38,0.5,2,23,0.5,28,0.5],"slotPose":[1,0,0,1,0,0],"bonePose":[23,-0.755282,0.6554,-0.6554,-0.755282,-19.553706,-409.214087,28,-0.453524,0.891244,-0.891244,-0.453524,-43.82091,-388.156079,38,0.199368,0.979925,-0.979925,0.199368,-54.174861,-367.808976,42,0.396667,0.917962,-0.917962,0.396667,-50.253294,-348.533857,47,0.650509,0.759498,-0.759498,0.650509,-44.545251,-335.324378,54,0.662228,0.749303,-0.749303,0.662228,-35.984551,-325.329378,56,0.354944,0.934888,-0.934888,0.354944,-27.779549,-316.045519],"edges":[14,13,13,12,12,11,11,10,10,9,9,8,8,7,7,6,6,5,5,4,4,3,3,2,2,1,1,0,0,19,19,18,18,17,17,16,16,15,15,14],"userEdges":[25,0]}]},{"name":"00_14","display":[{"type":"mesh","name":"00/00_14","width":33,"height":75,"vertices":[32.85,-260.69,39.18,-253.18,39.18,-245.82,39.18,-238.27,18.48,-238.27,16.32,-246.84,15.66,-252.18,6.2,-300.44,6.21,-313.26,25.34,-313.26],"uvs":[0.80791,0.70104,1,0.80124,1,0.89922,1,1,0.3727,1,0.30691,0.88586,0.28667,0.8146,0,0.1711,0,0,0.58019,0],"triangles":[9,7,0,5,4,2,5,2,1,0,5,1,2,4,3,6,5,0,7,6,0,8,7,9],"weights":[2,14,0.815,24,0.18499,2,14,0.16844,24,0.83155,2,14,0.01992,24,0.98007,1,24,1,2,14,0.00036,24,0.99963,2,14,0.16694,24,0.83305,2,14,0.51449,24,0.4855,1,14,1,1,14,1,1,14,1],"slotPose":[1,0,0,1,0,0],"bonePose":[14,0.188581,0.982058,-0.982058,0.188581,15.698952,-306.625116,24,0.372178,0.928161,-0.928161,0.372178,25.888142,-254.094072],"edges":[7,6,6,5,5,4,4,3,3,2,2,1,1,0,0,9,9,8,8,7],"userEdges":[0,6,5,1,2,4]}]},{"name":"00_11","display":[{"type":"mesh","name":"00/00_11","width":87,"height":26,"vertices":[44.19,-141.29,3.64,-141.29,-10.41,-141.3,-42.79,-141.3,-42.79,-167.29,-4.85,-167.3,1.25,-167.28,44.19,-167.29],"uvs":[1,1,0.53377,1,0.37233,1,0,1,0,0,0.4363,0,0.50635,0,1,0],"triangles":[1,0,7,6,1,7,6,5,1,5,2,1,4,2,5,4,3,2],"weights":[1,6,1,1,6,1,1,7,1,1,7,1,1,7,1,1,7,1,1,6,1,1,6,1],"slotPose":[1,0,0,1,0,0],"bonePose":[6,0.034027,0.999421,-0.999421,0.034027,20.27,-208.51,7,-0.171241,0.985229,-0.985229,-0.171241,-16.66,-203.54],"edges":[3,2,2,1,1,0,0,7,7,6,6,5,5,4,4,3],"userEdges":[2,5,1,6]}]},{"name":"00_1","display":[{"name":"00/00_1","transform":{"x":103.77,"y":-2.24,"skX":86.78,"skY":86.78}}]}]}],"animation":[{"duration":60,"name":"idle","bone":[{"name":"bone","translateFrame":[{"duration":25,"curve":[0.155,0.125,0.878,1],"x":-0.77},{"duration":30,"curve":[0.25,0,0.75,1],"x":-5.42},{"duration":5,"curve":[0.323,0.26,0.694,0.75]},{"duration":0,"x":-0.77}]},{"name":"bone2","translateFrame":[{"duration":30,"curve":[0.125,0,0.875,1]},{"duration":30,"curve":[0.25,0,0.75,1],"x":1.36,"y":-2.05},{"duration":0}],"rotateFrame":[{"duration":30,"curve":[0.125,0,0.875,1]},{"duration":30,"curve":[0.25,0,0.75,1],"rotate":-1.37},{"duration":0}]},{"name":"bone3","translateFrame":[{"duration":9,"curve":[0.3105,0.155,0.75,1],"x":0.67,"y":0.1},{"duration":21,"curve":[0.25,0,0.75,1]},{"duration":9,"curve":[0.25,0,0.75,1]},{"duration":21,"curve":[0.25,0,0.551,0.63],"x":2.82,"y":1.58},{"duration":0,"x":0.67,"y":0.1}],"rotateFrame":[{"duration":9,"curve":[0.3105,0.155,0.75,1],"rotate":-0.4},{"duration":21,"curve":[0.25,0,0.75,1],"rotate":-0.13},{"duration":9,"curve":[0.25,0,0.75,1],"rotate":-0.13},{"duration":21,"curve":[0.25,0,0.551,0.63],"rotate":-1.28},{"duration":0,"rotate":-0.4}],"scaleFrame":[{"duration":9,"curve":[0.3105,0.155,0.75,1]},{"duration":21,"curve":[0.25,0,0.75,1]},{"duration":9,"curve":[0.25,0,0.75,1],"y":1.04},{"duration":21,"curve":[0.25,0,0.551,0.63],"y":1.04},{"duration":0}]},{"name":"bone4","scaleFrame":[{"duration":30,"curve":[0.25,0,0.75,1]},{"duration":30,"curve":[0.25,0,0.75,1],"x":1.01,"y":0.97},{"duration":0}]},{"name":"bone5","rotateFrame":[{"duration":25,"curve":[0.155,0.125,0.878,1],"rotate":0.16},{"duration":30,"curve":[0.25,0,0.75,1],"rotate":1.75},{"duration":5,"tweenEasing":0},{"duration":0,"rotate":0.16}]},{"name":"bone7","rotateFrame":[{"duration":20,"curve":[0.1755,0.2,0.878,1],"rotate":-1.18},{"duration":30,"curve":[0.25,0,0.75,1],"rotate":-4.17},{"duration":10,"tweenEasing":0},{"duration":0,"rotate":-1.18}]},{"name":"bone8","rotateFrame":[{"duration":25,"curve":[0.155,0.125,0.878,1],"rotate":-0.67},{"duration":30,"curve":[0.25,0,0.75,1],"rotate":-6.99},{"duration":5,"tweenEasing":0},{"duration":0,"rotate":-0.67}]},{"name":"bone9","rotateFrame":[{"duration":30,"curve":[0.125,0,0.875,1],"rotate":11.93},{"duration":30,"curve":[0.25,0,0.75,1],"rotate":3.63},{"duration":0,"rotate":11.93}]},{"name":"bone10","rotateFrame":[{"duration":4,"curve":[0.1825,0.315,0.851,1],"rotate":12.17},{"duration":30,"curve":[0.25,0,0.75,1],"rotate":12.7},{"duration":26,"curve":[0.244,0,0.699,0.78],"rotate":10.8},{"duration":0,"rotate":12.17}]},{"name":"bone11","rotateFrame":[{"duration":8,"curve":[0.19,0.295,0.863,1],"rotate":1.8},{"duration":30,"curve":[0.25,0,0.75,1],"rotate":4.04},{"duration":22,"curve":[0.242,0,0.662,0.65],"rotate":-6.99},{"duration":0,"rotate":1.8}]},{"name":"bone12","rotateFrame":[{"duration":12,"curve":[0.1905,0.27,0.871,1],"rotate":-3.19},{"duration":30,"curve":[0.25,0,0.75,1],"rotate":5.31},{"duration":18,"curve":[0.245,0,0.637,0.55],"rotate":-17.83},{"duration":0,"rotate":-3.19}]},{"name":"bone13","rotateFrame":[{"duration":16,"curve":[0.1855,0.24,0.8755,1],"rotate":-13.21},{"duration":30,"curve":[0.25,0,0.75,1],"rotate":5.07},{"duration":14,"curve":[0.252,0,0.622,0.48],"rotate":-28.54},{"duration":0,"rotate":-13.21}]},{"name":"bone14","rotateFrame":[{"duration":20,"curve":[0.1755,0.2,0.878,1],"rotate":-19.05},{"duration":30,"curve":[0.25,0,0.75,1],"rotate":3.36},{"duration":10,"curve":[0.264,0,0.617,0.42],"rotate":-27.93},{"duration":0,"rotate":-19.05}]},{"name":"bone15","rotateFrame":[{"duration":24,"curve":[0.16,0.14,0.8785000000000001,1],"rotate":-4.24},{"duration":30,"curve":[0.25,0,0.75,1],"rotate":5.19},{"duration":6,"curve":[0.284,0,0.625,0.38],"rotate":-5.65},{"duration":0,"rotate":-4.24}]},{"name":"bone16","rotateFrame":[{"duration":28,"curve":[0.1385,0.055,0.8765000000000001,1],"rotate":-10.46},{"duration":30,"curve":[0.25,0,0.75,1],"rotate":4.7},{"duration":2,"curve":[0.313,0,0.647,0.34],"rotate":-10.81},{"duration":0,"rotate":-10.46}]},{"name":"bone17","rotateFrame":[{"duration":10,"curve":[0.144,0.19,0.8594999999999999,1],"rotate":-0.13},{"duration":30,"curve":[0.25,0,0.75,1]},{"duration":20,"curve":[0.25,0,0.584,0.61],"rotate":-4.42},{"duration":0,"rotate":-0.13}]},{"name":"bone18","rotateFrame":[{"duration":14,"curve":[0.1905,0.275,0.87,1],"rotate":-0.41},{"duration":30,"tweenEasing":0,"rotate":1.01},{"duration":16,"curve":[0.244,0,0.639,0.56],"rotate":-2.63},{"duration":0,"rotate":-0.41}]},{"name":"bone19","rotateFrame":[{"duration":18,"curve":[0.189,0.26,0.873,1],"rotate":-0.92},{"duration":30,"tweenEasing":0,"rotate":2.43},{"duration":12,"curve":[0.247,0,0.629,0.52],"rotate":-3.64},{"duration":0,"rotate":-0.92}]},{"name":"bone20","rotateFrame":[{"duration":22,"curve":[0.184,0.235,0.8765000000000001,1],"rotate":-3.73},{"duration":30,"curve":[0.264,0,0.617,0.42],"rotate":4.31},{"duration":8,"curve":[0.253,0,0.62,0.47],"rotate":-6.7},{"duration":0,"rotate":-3.73}]},{"name":"bone21","rotateFrame":[{"duration":26,"curve":[0.1905,0.29,0.8645,1],"rotate":-4.28},{"duration":30,"tweenEasing":0,"rotate":3.38},{"duration":4,"curve":[0.34,0.35,0.675,0.69],"rotate":-5.94},{"duration":0,"rotate":-4.28}]},{"name":"bone22","rotateFrame":[{"duration":30,"curve":[0.19,0.295,0.863,1],"rotate":-16.14},{"duration":30,"tweenEasing":0,"rotate":3.45},{"duration":0,"rotate":-16.14}]},{"name":"bone23","rotateFrame":[{"duration":30,"curve":[0.125,0,0.875,1]},{"duration":30,"curve":[0.25,0,0.75,1],"rotate":2.51},{"duration":0}]},{"name":"bone24","rotateFrame":[{"duration":26,"curve":[0.1895,0.265,0.8725,1],"rotate":-0.56},{"duration":26,"curve":[0.29,0.19,0.676,0.7],"rotate":-3.16},{"duration":4,"curve":[0.351,0.4,0.756,1],"rotate":-0.22},{"duration":4,"curve":[0.333,0.33,0.667,0.67]},{"duration":0,"rotate":-0.56}]},{"name":"bone25","rotateFrame":[{"duration":30,"curve":[0.132,0,0.8085,0.71],"rotate":2.28},{"duration":22,"curve":[0.242,0,0.662,0.65],"rotate":-2.7},{"duration":8,"curve":[0.351,0.4,0.756,1],"rotate":1.27},{"duration":0,"rotate":2.28}]},{"name":"bone26","rotateFrame":[{"duration":4,"curve":[0.17,0.175,0.8375,0.845],"rotate":2.14},{"duration":30,"curve":[0.25,0,0.75,1],"rotate":3.08},{"duration":18,"curve":[0.338,0.34,0.684,0.72],"rotate":-4.99},{"duration":8,"curve":[0.29,0.19,0.676,0.7],"rotate":0.11},{"duration":0,"rotate":2.14}]},{"name":"bone27","rotateFrame":[{"duration":8,"curve":[0.176,0.325,0.843,1],"rotate":3.44},{"duration":30,"curve":[0.381,0.54,0.742,1],"rotate":4.79},{"duration":14,"curve":[0.25,0,0.75,1],"rotate":-3.7},{"duration":8,"curve":[0.37,0.62,0.709,1],"rotate":0.16},{"duration":0,"rotate":3.44}]},{"name":"bone28","rotateFrame":[{"duration":12,"curve":[0.181,0.22,0.877,1],"rotate":1.07},{"duration":30,"curve":[0.25,0,0.75,1],"rotate":7.24},{"duration":10,"curve":[0.371,0.48,0.751,1],"rotate":-6.37},{"duration":8,"curve":[0.257,0,0.618,0.45],"rotate":-2.5},{"duration":0,"rotate":1.07}]},{"name":"bone29","rotateFrame":[{"duration":16,"curve":[0.1755,0.2,0.878,1],"rotate":-7.06},{"duration":30,"curve":[0.316,0.27,0.712,0.81],"rotate":3.55},{"duration":6,"curve":[0.38,0.59,0.726,1],"rotate":-12.92},{"duration":8,"curve":[0.264,0,0.617,0.42],"rotate":-11.26},{"duration":0,"rotate":-7.06}]},{"name":"bone30","rotateFrame":[{"duration":30,"curve":[0.125,0,0.875,1],"rotate":0.43},{"duration":30,"curve":[0.25,0,0.75,1],"rotate":-3.89},{"duration":0,"rotate":0.43}]},{"name":"bone31","rotateFrame":[{"duration":5,"curve":[0.185,0.31,0.8545,1],"rotate":1.18},{"duration":30,"curve":[0.25,0,0.75,1],"rotate":1.52},{"duration":25,"curve":[0.243,0,0.689,0.75],"rotate":-2.04},{"duration":0,"rotate":1.18}]},{"name":"bone32","rotateFrame":[{"duration":10,"curve":[0.191,0.285,0.8674999999999999,1],"rotate":-0.17},{"duration":30,"curve":[0.25,0,0.75,1],"rotate":1.81},{"duration":20,"curve":[0.243,0,0.648,0.6],"rotate":-5.18},{"duration":0,"rotate":-0.17}]},{"name":"bone33","rotateFrame":[{"duration":15,"curve":[0.1875,0.25,0.875,1],"rotate":-0.24},{"duration":30,"curve":[0.25,0,0.75,1],"rotate":5.45},{"duration":15,"curve":[0.25,0,0.625,0.5],"rotate":-5.94},{"duration":0,"rotate":-0.24}]},{"name":"bone40","rotateFrame":[{"duration":5,"curve":[0.185,0.31,0.8545,1],"rotate":0.41},{"duration":30,"curve":[0.25,0,0.75,1],"rotate":0.7},{"duration":25,"curve":[0.243,0,0.689,0.75],"rotate":-2.21},{"duration":0,"rotate":0.41}]},{"name":"bone41","rotateFrame":[{"duration":5,"curve":[0.187,0.305,0.8574999999999999,1],"rotate":-0.06},{"duration":5,"curve":[0.25,0,0.625,0.5],"rotate":0.44},{"duration":30,"tweenEasing":0,"rotate":0.86},{"duration":20,"curve":[0.242,0,0.679,0.71],"rotate":-3.46},{"duration":0,"rotate":-0.06}]},{"name":"bone42","rotateFrame":[{"duration":5,"curve":[0.178,0.32,0.845,1],"rotate":-1.19},{"duration":10,"curve":[0.25,0,0.75,1],"rotate":-0.56},{"duration":30,"tweenEasing":0,"rotate":1.9},{"duration":15,"curve":[0.364,0.46,0.708,0.84],"rotate":-6.79},{"duration":0,"rotate":-1.19}]},{"name":"bone43","rotateFrame":[{"duration":5,"curve":[0.1745,0.325,0.8415,1],"rotate":-2.53},{"duration":15,"curve":[0.351,0.4,0.756,1],"rotate":-1.89},{"duration":30,"curve":[0.25,0,0.75,1],"rotate":2.53},{"duration":10,"curve":[0.356,0.47,0.691,0.82],"rotate":-6.33},{"duration":0,"rotate":-2.53}]},{"name":"bone44","rotateFrame":[{"duration":5,"curve":[0.1895,0.3,0.862,1],"rotate":-7.66},{"duration":20,"curve":[0.375,0.5,0.75,1],"rotate":-6.27},{"duration":30,"curve":[0.351,0.4,0.756,1],"rotate":3.34},{"duration":5,"curve":[0.342,0.36,0.685,0.72],"rotate":-10.08},{"duration":0,"rotate":-7.66}]},{"name":"bone45","rotateFrame":[{"duration":5,"curve":[0.132,0,0.8085,0.71],"rotate":-13.55},{"duration":25,"curve":[0.25,0,0.75,1],"rotate":-11.22},{"duration":30,"tweenEasing":0,"rotate":26.01},{"duration":0,"rotate":-13.55}]},{"name":"bone52","rotateFrame":[{"duration":15,"curve":[0.1875,0.25,0.875,1],"rotate":2.39},{"duration":30,"tweenEasing":0,"rotate":3.35},{"duration":15,"curve":[0.25,0,0.625,0.5],"rotate":0.54},{"duration":0,"rotate":2.39}]},{"name":"bone56","rotateFrame":[{"duration":10,"curve":[0.191,0.285,0.8674999999999999,1],"rotate":-0.82},{"duration":30,"curve":[0.25,0,0.75,1]},{"duration":20,"curve":[0.243,0,0.648,0.6],"rotate":-2.9},{"duration":0,"rotate":-0.82}]},{"name":"bone57","rotateFrame":[{"duration":5,"curve":[0.185,0.31,0.8545,1],"rotate":6.94},{"duration":30,"tweenEasing":0,"rotate":6.98},{"duration":25,"curve":[0.243,0,0.689,0.75],"rotate":6.6},{"duration":0,"rotate":6.94}]},{"name":"bone58","rotateFrame":[{"duration":10,"curve":[0.1875,0.25,0.875,1],"rotate":-0.66},{"duration":10,"curve":[0.243,0,0.648,0.6],"rotate":-0.29},{"duration":30,"tweenEasing":0},{"duration":10,"curve":[0.25,0,0.625,0.5],"rotate":-1.04},{"duration":0,"rotate":-0.66}]},{"name":"bone59","rotateFrame":[{"duration":15,"curve":[0.1875,0.25,0.875,1],"rotate":-1.26},{"duration":30,"tweenEasing":0,"rotate":5.38},{"duration":15,"curve":[0.25,0,0.625,0.5],"rotate":-10.3},{"duration":0,"rotate":-1.26}]},{"name":"bone61","translateFrame":[{"duration":28},{"duration":2,"tweenEasing":0},{"duration":2,"tweenEasing":0,"x":-16.16,"y":0.46},{"duration":28}]},{"name":"bone60","translateFrame":[{"duration":28},{"duration":2,"tweenEasing":0},{"duration":2,"tweenEasing":0,"x":-19.36,"y":0.4},{"duration":28}]}]}],"defaultActions":[{"gotoAndPlay":"idle"}]}]}