{"frameRate":30,"name":"gril","version":"5.5","compatibleVersion":"5.5","armature":[{"type":"Armature","frameRate":30,"name":"gril","aabb":{"x":-114.76,"y":-448.77,"width":264.35,"height":473.99},"bone":[{"name":"root"},{"name":"1","parent":"root","transform":{"x":-32.42,"y":-23.76}},{"name":"2","parent":"root","transform":{"x":20.74,"y":-33.01}},{"name":"3","parent":"root","transform":{"x":-40.32,"y":-221.47}},{"name":"bone","parent":"root","transform":{"x":-1.1,"y":-203.76}},{"length":32,"name":"shenti","parent":"bone","transform":{"x":4.19,"y":-28.32,"skX":-97.05,"skY":-97.05}},{"length":22,"name":"qunzi","parent":"bone","transform":{"x":-28.77,"y":-4.66,"skX":128.96,"skY":128.96}},{"length":22,"name":"bone21","parent":"bone","transform":{"x":25.46,"y":-5.02,"skX":52.77,"skY":52.77}},{"length":76,"name":"bone24","parent":"bone","transform":{"x":-16.76,"y":1.53,"skX":98.48,"skY":98.48}},{"length":82,"name":"bone26","parent":"bone","transform":{"x":20.6,"y":-1.19,"skX":90.54,"skY":90.54}},{"length":24,"name":"bone23","parent":"bone","transform":{"x":-1.11,"y":16.82,"skX":93.47,"skY":93.47}},{"length":50,"name":"bone2","parent":"shenti","transform":{"x":32.73,"skX":1.25,"skY":1.25}},{"length":103,"name":"xiezi","parent":"bone24","transform":{"x":76.19,"y":0.55,"skX":-6.96,"skY":-6.96}},{"length":25,"name":"bone22","parent":"bone21","transform":{"x":22.86,"skX":-24.03,"skY":-24.03}},{"length":90,"name":"bone27","parent":"bone26","transform":{"x":81.9,"y":-0.38,"skX":-1.53,"skY":-1.53}},{"length":26,"name":"bone20","parent":"qunzi","transform":{"x":22.57,"y":-0.46,"skX":30.4,"skY":30.4}},{"length":19,"name":"bone3","parent":"bone2","transform":{"x":50.63,"skX":3.63,"skY":3.63}},{"length":12,"name":"bone13","parent":"bone2","transform":{"x":38.36,"y":-20.21,"skX":-94.83,"skY":-94.83}},{"length":33,"name":"bone28","parent":"bone27","transform":{"x":90.1,"skX":10.9999,"skY":10.9999}},{"length":30,"name":"bone25","parent":"xiezi","transform":{"x":103,"y":0.01,"skX":-38.2092,"skY":-38.2092}},{"length":8,"name":"bone16","parent":"bone2","transform":{"x":34.87,"y":14.11,"skX":93.19,"skY":93.19}},{"name":"hudie2","parent":"bone28","transform":{"x":0.16,"y":3.97}},{"length":52,"name":"shoubi","parent":"bone13","transform":{"x":13.15,"y":0.07,"skX":-35.9,"skY":-35.9}},{"name":"hudie1","parent":"bone25","transform":{"x":3.93,"y":-4.49}},{"length":72,"name":"lian","parent":"bone3","transform":{"x":19.74,"y":-0.35,"skX":3.03,"skY":3.03}},{"length":52,"name":"shoubi2","parent":"bone16","transform":{"x":7.81,"y":0.75,"skX":80.54,"skY":80.54}},{"length":31,"name":"toufa","parent":"lian","transform":{"x":36.12,"y":46.18,"skX":-166.19,"skY":-166.19}},{"length":50,"name":"maozi","parent":"lian","transform":{"x":71.92,"y":-0.36,"skX":2.86,"skY":2.86}},{"length":51,"name":"bone14","parent":"shoubi","transform":{"x":52.41,"skX":-84.33,"skY":-84.33}},{"length":53,"name":"shoubi1","parent":"shoubi2","transform":{"x":51.36,"y":-0.25,"skX":-11.13,"skY":-11.13}},{"length":35,"name":"toufa1","parent":"lian","transform":{"x":54.96,"y":-35.88,"skX":-165.25,"skY":-165.25}},{"length":51,"name":"toufa3","parent":"lian","transform":{"x":27.55,"y":10.53,"skX":156.42,"skY":156.42}},{"length":27,"name":"maozihou","parent":"maozi","transform":{"x":-24.53,"y":-51.97,"skX":-105.58,"skY":-105.58}},{"length":19,"name":"shou","parent":"bone14","transform":{"x":51.33,"y":-0.04,"skX":-55.8267,"skY":-55.8267}},{"length":18,"name":"bone17","parent":"shoubi1","transform":{"x":52.5,"y":-0.1,"skX":5.92,"skY":5.92}},{"length":22,"name":"bone12","parent":"toufa","transform":{"x":31.69,"skX":-8.97,"skY":-8.97}},{"name":"hudiejie","parent":"maozi","transform":{"x":9.14,"y":-39.37}},{"length":32,"name":"bone7","parent":"toufa3","transform":{"x":51.04,"skX":-31.07,"skY":-31.07}},{"length":27,"name":"bone4","parent":"toufa1","transform":{"x":35.25,"skX":-28.9,"skY":-28.9}},{"length":23,"name":"bone30","parent":"maozi","transform":{"x":-22.03,"y":62.29,"skX":92.61,"skY":92.61}},{"length":21,"name":"bone5","parent":"bone4","transform":{"x":27,"skX":-26.14,"skY":-26.14}},{"length":28,"name":"bone8","parent":"bone7","transform":{"x":32.12,"skX":-42.15,"skY":-42.15}},{"length":10,"name":"bone18","parent":"bone17","transform":{"x":17.23,"y":0.02,"skX":15.16,"skY":15.16}},{"length":15,"name":"bone15","parent":"shou","transform":{"x":19.6,"skX":51.34,"skY":51.34}},{"length":26,"name":"bone31","parent":"bone30","transform":{"x":23.91,"skX":-17.09,"skY":-17.09}},{"length":22,"name":"bone29","parent":"maozihou","transform":{"x":27.64,"y":0.07,"skX":16.97,"skY":16.97}},{"length":26,"name":"bone9","parent":"bone8","transform":{"x":28.26,"skX":-6.16,"skY":-6.16}},{"length":12,"name":"bone19","parent":"bone18","transform":{"x":10.59,"skX":105.26,"skY":105.26}},{"length":22,"name":"bone6","parent":"bone5","transform":{"x":21.26,"skX":5.21,"skY":5.21}},{"length":23,"name":"bone10","parent":"bone9","transform":{"x":26.13,"skX":43.36,"skY":43.36}},{"length":17,"name":"bone11","parent":"bone10","transform":{"x":23.91,"skX":42.15,"skY":42.15}}],"slot":[{"name":"maozihou","parent":"maozihou"},{"name":"toufa3","parent":"toufa3"},{"name":"shoubi2","parent":"shoubi2"},{"name":"shoubi1","parent":"shoubi1"},{"name":"shenti","parent":"shenti"},{"name":"xiezi","parent":"xiezi"},{"name":"qunzi","parent":"qunzi"},{"name":"bulyq59","parent":"shenti"},{"name":"toufa1","parent":"toufa1"},{"name":"shou","parent":"shou"},{"name":"shoubi","parent":"shoubi"},{"name":"lian","parent":"lian"},{"name":"toufa","parent":"toufa"},{"name":"maozi","parent":"maozi"},{"name":"hudiejie","parent":"hudiejie"},{"name":"hudie1","parent":"hudie1"},{"name":"hudie2","parent":"hudie2"}],"ik":[{"chain":1,"name":"1","bone":"xiezi","target":"1"},{"bendPositive":false,"chain":1,"name":"2","bone":"bone27","target":"2"},{"bendPositive":false,"chain":1,"name":"3","bone":"bone14","target":"3"}],"skin":[{"slot":[{"name":"shoubi2","display":[{"name":"shoubi2","transform":{"x":25.69,"y":-0.51,"skX":-77.94,"skY":-77.94}}]},{"name":"hudie1","display":[{"name":"hudie1","transform":{"x":2.8,"y":1.23,"skX":-60.16,"skY":-60.16}}]},{"name":"toufa1","display":[{"type":"mesh","name":"toufa1","width":66,"height":135,"vertices":[-11.13,-417.32,-11.12,-380.09,-25.62,-374.83,-31.87,-373.83,-35.87,-357.08,-37.37,-338.07,-27.37,-328.58,-19.12,-319.33,-15.12,-307.33,-8.37,-298.08,-6.36,-290.58,-20.61,-282.32,-36.12,-282.32,-33.37,-293.59,-42.87,-300.33,-56.11,-312.82,-58.87,-331.33,-65.65,-341.07,-65.65,-359.32,-57.37,-380.07,-48.88,-401.58,-33.38,-413.58,-22.88,-417.31],"uvs":[0.82623,0,0.82623,0.27584,0.60653,0.31472,0.51183,0.32213,0.45123,0.44621,0.4285,0.58695,0.58001,0.65732,0.70501,0.72584,0.76562,0.81472,0.86789,0.88324,0.89819,0.9388,0.68229,1,0.44744,1,0.4891,0.91658,0.34516,0.86658,0.14441,0.77398,0.10274,0.63695,0,0.56472,0,0.42954,0.12547,0.27584,0.25426,0.11658,0.4891,0.02769,0.64819,0],"triangles":[22,21,1,21,2,1,22,1,0,9,11,10,8,13,9,13,11,9,21,20,2,20,3,2,7,14,8,14,13,8,6,14,7,13,12,11,15,14,6,20,19,3,5,15,6,16,15,5,19,4,3,17,5,4,18,17,4,19,18,4,17,16,5],"weights":[1,30,1,1,30,1,1,30,1,1,30,1,2,38,0.12381,30,0.87619,3,40,0.0857,38,0.89612,30,0.01818,3,48,0.01461,40,0.77483,38,0.21056,3,48,0.31468,40,0.67714,38,0.00818,2,48,0.92068,40,0.07932,1,48,1,1,48,1,1,48,1,1,48,1,2,48,0.9524,40,0.0476,2,48,0.34631,40,0.65369,3,48,0.00008,40,0.78193,38,0.21799,2,40,0.01375,38,0.98625,2,38,0.90877,30,0.09123,2,38,0.15883,30,0.84117,1,30,1,1,30,1,1,30,1,1,30,1],"slotPose":[1,0,0,1,0,0],"bonePose":[30,-0.269088,0.963116,-0.963116,-0.269088,-40.631857,-384.678286,38,0.22988,0.973219,-0.973219,0.22988,-50.117206,-350.72846,40,0.635135,0.772401,-0.772401,0.635135,-43.910449,-324.451547,48,0.562372,0.826884,-0.826884,0.562372,-30.407478,-308.030299],"edges":[17,16,16,15,15,14,14,13,13,12,12,11,11,10,10,9,9,8,8,7,7,6,6,5,5,4,4,3,3,2,2,1,1,0,0,22,22,21,21,20,20,19,19,18,18,17],"userEdges":[15,6,14,7,18,4]}]},{"name":"xiezi","display":[{"type":"mesh","name":"xiezi","width":88,"height":155,"vertices":[-45.85,-142.49,-44.38,-134.49,-46.49,-124.55,-51.8,-107.02,-51.8,-83.39,-42.69,-35.91,-41.7,-26.45,-47.13,-32.29,-57.19,-23.21,-61.87,-14.89,-62.08,3.88,-50.52,6.54,-36.65,-4.13,-19.55,-24.53,-24.31,-36.05,-24.57,-81.87,-21.08,-104.41,-14.7,-118.79,-8.92,-139.41,6.68,-138.79,9.38,-119.28,10.1,-102.21,9.35,-80.48,10.73,-41.47,17.73,-38.87,-5.21,-48.83,-16.46,-37.1,-7.99,-14.14,17.91,-16.77,31.08,-39.41,34.54,-77.01,36.28,-101.23,33.78,-120.24,37.15,-139.51,37.92,-142.49],"uvs":[0.08821,0,0.09332,0.05129,0.06264,0.11516,0,0.22839,0,0.38081,0.10355,0.68709,0.09332,0.75387,0.08208,0.9069,0.18874,0.97064,0.28417,1,0.49749,0.99933,0.52555,0.92443,0.40205,0.83997,0.3403,0.73958,0.2954,0.68699,0.30943,0.39059,0.34311,0.24558,0.40205,0.14359,0.461,0.01929,0.66309,0.02407,0.69396,0.14996,0.70238,0.25992,0.69396,0.40015,0.70238,0.65193,0.68274,0.76189,0.5873,0.91487,0.71642,0.98976,0.97465,0.94036,0.95219,0.78579,0.94096,0.66468,0.98026,0.42246,1,0.26629,0.96903,0.14359,1,0.01929,1,0],"triangles":[24,25,28,23,29,30,22,23,30,28,25,27,25,26,27,20,21,32,19,20,32,22,30,31,21,22,31,32,21,31,18,19,34,0,18,34,34,19,33,19,32,33,24,28,29,23,24,29,9,10,11,12,9,11,5,14,15,8,9,12,1,17,18,0,1,18,4,5,15,2,16,17,1,2,17,7,8,12,13,6,12,6,7,12,2,3,16,4,15,16,3,4,16,14,6,13,5,6,14],"weights":[2,8,0.37868,12,0.62132,2,8,0.23281,12,0.76719,2,8,0.0052,12,0.9948,1,12,1,1,12,1,1,12,1,2,12,0.89282,19,0.10718,2,12,0.00489,19,0.99511,1,19,1,1,19,1,1,19,1,1,19,1,2,12,0.02575,19,0.97425,2,12,0.81454,19,0.18546,1,12,1,1,12,1,2,8,0.10222,12,0.89778,4,14,0.00001,9,0.0009,8,0.97478,12,0.02431,3,14,0.00045,9,0.16228,8,0.83726,3,14,0.00082,9,0.89572,8,0.10345,1,9,1,2,14,0.92069,9,0.07931,1,14,1,2,14,0.97307,18,0.02693,2,14,0.15877,18,0.84123,1,18,1,1,18,1,1,18,1,2,14,0.10727,18,0.89273,2,14,0.99671,18,0.00329,1,14,1,1,14,1,3,14,0.91465,9,0.08531,8,0.00005,3,14,0.14946,9,0.8494,8,0.00114,3,14,0.14083,9,0.85798,8,0.0012],"slotPose":[1,0,0,1,0,0],"bonePose":[8,-0.147464,0.989067,-0.989067,-0.147464,-16.3,-196.77,12,-0.026526,0.999648,-0.999648,-0.026526,-28.079282,-121.49406,19,-0.875549,0.48313,-0.48313,-0.875549,-30.821446,-18.530568,14,0.017278,0.999851,-0.999851,0.017278,20.668105,-117.590056,9,-0.009425,0.999956,-0.999956,-0.009425,21.06,-199.49,18,-0.979152,-0.203129,0.203129,-0.979152,22.224844,-27.503506],"edges":[3,4,4,5,5,6,6,7,7,8,8,9,9,10,10,11,11,12,12,13,13,14,14,15,15,16,16,17,17,18,18,19,19,20,20,21,21,22,22,23,23,24,24,25,25,26,26,27,27,28,28,29,29,30,30,31,31,32,32,33,33,34,34,0,0,1,1,2,2,3],"userEdges":[]}]},{"name":"shoubi","display":[{"type":"mesh","name":"shoubi","width":57,"height":93,"vertices":[-41.83,-304.71,-48.95,-298.9,-79.31,-264.17,-83.64,-257.31,-83.63,-252.43,-80.87,-248.79,-76.79,-243.45,-67.68,-231.57,-47.35,-213.31,-43.92,-213.31,-38.11,-216.66,-36.53,-222.6,-49.6,-240.55,-61.22,-255.73,-37.06,-276.86,-35.35,-272.77,-28.48,-271.31,-26.64,-281.35,-26.64,-303.13,-29.15,-306.31,-35.88,-292.83,-72.15,-255.54],"uvs":[0.7337,0.01719,0.60865,0.07965,0.07602,0.45294,0,0.52674,0,0.57926,0.04856,0.61831,0.12002,0.67578,0.27981,0.80352,0.63644,1,0.69665,1,0.79854,0.9639,0.82633,0.90003,0.59707,0.707,0.39328,0.54378,0.81707,0.31668,0.84717,0.36068,0.96759,0.37629,1,0.26842,1,0.03423,0.95602,0,0.83791,0.14494,0.20155,0.54581],"triangles":[15,16,17,14,15,17,20,14,17,20,17,18,19,20,18,0,20,19,1,14,20,0,1,20,9,10,11,8,9,11,12,8,11,1,13,14,2,13,1,12,7,8,13,7,12,2,21,13,6,7,13,4,5,21,3,4,21,2,3,21,6,5,13,21,5,13],"weights":[2,17,0.448,22,0.552,2,17,0.00588,22,0.99412,2,22,0.95537,28,0.04463,2,22,0.60249,28,0.39751,2,22,0.37272,28,0.62728,2,22,0.22246,28,0.77754,2,22,0.00135,28,0.99865,1,28,1,1,28,1,1,28,1,1,28,1,1,28,1,1,28,1,2,22,0.6005,28,0.3995,2,17,0.448,22,0.552,1,11,1,1,11,1,1,11,1,2,17,0.536,11,0.464,2,17,0.536,11,0.464,2,17,0.448,22,0.552,2,22,0.55827,28,0.44173],"slotPose":[1,0,0,1,0,0],"bonePose":[17,-0.982839,0.184466,-0.184466,-0.982839,-23.35019,-295.223819,22,-0.687975,0.725735,-0.725735,-0.687975,-36.287434,-292.866889,28,0.654213,0.75631,-0.75631,0.654213,-72.344187,-254.831134,11,-0.101056,-0.994881,0.994881,-0.101056,0.632868,-259.102542],"edges":[3,4,4,5,5,6,6,7,7,8,8,9,9,10,10,11,11,12,12,13,13,14,14,15,15,16,16,17,17,18,18,19,19,0,0,1,1,2,2,3],"userEdges":[5,13,13,2,3,21]}]},{"name":"shoubi1","display":[{"type":"mesh","name":"shoubi1","width":46,"height":94,"vertices":[19.2,-245.18,18.36,-250.12,23.41,-257.31,34.9,-257.32,36.5,-249.58,46.92,-234.89,53.06,-210.6,58.13,-195.65,64.36,-179.9,64.36,-163.32,45.85,-163.32,40.78,-175.1,42.92,-192.45,36.51,-206.87,21.82,-229.82,29.56,-244.51],"uvs":[0.01829,0.12905,0,0.07656,0.11006,0,0.35964,0,0.39447,0.08224,0.62084,0.23846,0.75434,0.49694,0.86462,0.656,1,0.82359,1,1,0.59762,1,0.48734,0.87472,0.53377,0.69009,0.39447,0.53671,0.07523,0.29243,0.24356,0.13621],"triangles":[7,12,8,12,11,8,10,9,8,11,10,8,6,12,7,5,13,6,13,12,6,14,13,5,15,14,5,4,15,5,2,15,3,3,15,4,2,1,15,1,0,15,0,14,15],"weights":[2,25,0.99982,29,0.00018,2,25,0.99998,29,0.00002,2,25,0.99968,29,0.00032,2,25,0.86987,29,0.13013,2,25,0.28928,29,0.71072,1,29,1,2,29,0.96766,34,0.03234,1,34,1,2,34,0.95565,42,0.04435,2,34,0.01743,42,0.98257,1,42,1,3,29,0.00027,34,0.12048,42,0.87925,3,29,0.60727,34,0.35163,42,0.0411,1,29,1,2,25,0.33024,29,0.66976,1,25,1],"slotPose":[1,0,0,1,0,0],"bonePose":[25,0.209107,0.977893,-0.977893,0.209107,18.982853,-294.826362,29,0.393942,0.919135,-0.919135,0.393942,29.96704,-244.654061,34,0.297042,0.954865,-0.954865,0.297042,50.740904,-196.43885,42,0.036993,0.999316,-0.999316,0.036993,55.839833,-179.980593],"edges":[1,0,0,14,14,13,13,12,12,11,11,10,10,9,9,8,8,7,7,6,6,5,5,4,4,3,3,2,2,1],"userEdges":[15,0]}]},{"name":"toufa","display":[{"type":"mesh","name":"toufa","width":113,"height":160,"vertices":[21.34,-370.07,30.72,-359.34,28.84,-346.75,22.68,-334.69,19.2,-319.95,25.1,-308.16,34.21,-293.16,50.03,-298.26,41.19,-314.06,37.7,-322.64,37.43,-331.48,46,-342.73,54.35,-358.54,54.35,-378.65,50.55,-400.09,41.7,-422.07,17.31,-442.33,-18.6,-442.31,-40.05,-431.7,-56.92,-414.82,-58.65,-397.39,-58.65,-371.67,-54.78,-355.32,-50.75,-338.97,-42.71,-323.43,-31.19,-306.82,-21.01,-317.81,-29.31,-330.67,-33.6,-344.6,-38.16,-356.93,-18.06,-358.01,-4.65,-351.57,7.13,-365.24],"uvs":[0.70786,0.45157,0.79087,0.51857,0.77427,0.5973,0.71972,0.67267,0.68889,0.7648,0.74106,0.8385,0.8217,0.9323,0.96163,0.90047,0.88337,0.80165,0.85253,0.74805,0.85016,0.69277,0.92606,0.62242,1,0.5236,1,0.39797,0.96637,0.26397,0.88811,0.12662,0.67229,0,0.35448,0,0.16475,0.06632,0.01533,0.17185,0,0.28072,0,0.44152,0.0343,0.5437,0.06988,0.64587,0.14103,0.74302,0.24301,0.84687,0.33314,0.7782,0.25961,0.6978,0.22167,0.6107,0.18135,0.53365,0.35922,0.52695,0.47781,0.56715,0.58216,0.48172],"triangles":[1,11,12,14,0,13,0,1,13,1,12,13,15,0,14,8,6,7,5,6,8,2,10,11,1,2,11,16,32,0,16,0,15,9,5,8,17,32,16,4,5,9,3,4,9,3,9,10,2,3,10,17,18,32,18,30,32,18,20,30,30,31,32,19,20,18,20,29,30,20,21,29,27,24,26,24,25,26,28,23,27,23,24,27,29,23,28,22,23,29,21,22,29],"weights":[1,24,1,2,26,0.95949,24,0.04051,2,26,0.99565,35,0.00435,2,26,0.31811,35,0.68189,1,35,1,1,35,1,1,35,1,1,35,1,1,35,1,1,35,1,2,26,0.36275,35,0.63725,1,26,1,1,26,1,1,24,1,1,24,1,1,24,1,1,24,1,1,24,1,1,24,1,1,24,1,1,24,1,1,24,1,2,24,0.368,38,0.632,1,38,1,2,38,0.488,40,0.512,1,40,1,1,40,1,2,38,0.488,40,0.512,1,38,1,2,24,0.368,38,0.632,1,24,1,1,24,1,1,24,1],"slotPose":[1,0,0,1,0,0],"bonePose":[24,0.015009,-0.999887,0.999887,0.015009,-5.580808,-329.185944,26,-0.253251,0.9674,-0.9674,-0.253251,41.136125,-364.608747,35,-0.09932,0.995056,-0.995056,-0.09932,33.110586,-333.951826,38,0.22988,0.973219,-0.973219,0.22988,-50.117206,-350.72846,40,0.635135,0.772401,-0.772401,0.635135,-43.910449,-324.451547],"edges":[20,21,21,22,22,23,23,24,24,25,25,26,26,27,27,28,28,29,29,30,30,31,31,32,32,0,0,1,1,2,2,3,3,4,4,5,5,6,6,7,7,8,8,9,9,10,10,11,11,12,12,13,13,14,14,15,15,16,16,17,17,18,18,19,19,20],"userEdges":[]}]},{"name":"shou","display":[{"type":"mesh","name":"shou","width":48,"height":26,"vertices":[-52.63,-219.51,-43.37,-229.45,-32.45,-220.02,-20.51,-216.78,-16.03,-211.61,-13.67,-204.61,-9.98,-195.82,-13.89,-192.43,-17.53,-196.84,-21.69,-185.69,-28.36,-188.67,-27.08,-197.62,-30.21,-188.26,-33.84,-192.46,-34.49,-200.08,-45.24,-211.04,-48.6,-212.28],"uvs":[0,0.4151,0.19295,0.03306,0.36227,0.27121,0.5262,0,0.66864,0,0.81108,0.10748,1,0.2216,1,0.42006,0.88095,0.4151,1,0.81698,0.86214,0.93606,0.73852,0.67309,0.84333,1,0.72777,1,0.59877,0.8269,0.22789,0.87652,0.08545,0.75248],"triangles":[11,10,8,8,10,9,8,7,6,5,8,6,5,11,8,4,11,5,4,3,11,2,14,11,3,2,11,14,13,11,2,15,14,1,0,2,0,16,2,16,15,2,11,13,12],"weights":[1,28,1,1,28,1,2,33,0.64596,28,0.35404,3,33,0.99565,28,0.00032,43,0.00403,2,33,0.8299,43,0.1701,2,33,0.22963,43,0.77037,1,43,1,1,43,1,1,43,1,1,43,1,1,43,1,2,33,0.2284,43,0.7716,2,33,0.35027,43,0.64973,2,33,0.38182,43,0.61818,2,33,0.70428,43,0.29572,2,33,0.66394,28,0.33606,2,33,0.16144,28,0.83856],"slotPose":[1,0,0,1,0,0],"bonePose":[28,0.654213,0.75631,-0.75631,0.654213,-72.344187,-254.831134,33,0.792183,0.610283,-0.610283,0.792183,-38.733183,-216.035891,43,0.018325,0.999832,-0.999832,0.018325,-23.206393,-204.074336],"edges":[0,16,16,15,15,14,14,13,13,12,12,11,11,10,10,9,9,8,8,7,7,6,6,5,5,4,4,3,3,2,2,1,1,0],"userEdges":[2,15]}]},{"name":"maozi","display":[{"type":"mesh","name":"maozi","width":219,"height":99,"vertices":[-54.28,-427.95,-43.16,-441.01,-25.1,-449.31,15.21,-449.32,38.56,-439.09,53.58,-416.56,53.03,-402.39,62.21,-393.22,74.16,-388.49,85.01,-383.49,95.57,-383.49,109.36,-388.23,109.35,-379.05,97.8,-371.54,85.57,-368.75,73.33,-366.26,55.81,-369.59,40.25,-378.48,9.39,-385.7,-24.25,-378.74,-45.1,-367.62,-59.83,-361.5,-74.01,-360.93,-85.68,-363.72,-97.92,-368.17,-108.76,-371.78,-109.66,-384.57,-99.87,-384.01,-87.36,-392.63,-76.51,-392.35,-67.62,-397.63,-60.67,-405.7,-60.39,-419.04],"uvs":[0.25286,0.2158,0.30364,0.08382,0.38615,0,0.57021,0,0.67684,0.10347,0.74539,0.33093,0.74285,0.47414,0.78474,0.56681,0.83933,0.61455,0.88883,0.66509,0.93707,0.66509,1,0.61735,1,0.71002,0.94723,0.78584,0.89137,0.81392,0.83552,0.83919,0.75555,0.8055,0.68446,0.71564,0.54356,0.64263,0.38996,0.71283,0.29475,0.82515,0.22747,0.88693,0.16273,0.89255,0.10942,0.86446,0.05356,0.81954,0.00406,0.78303,0,0.65386,0.04468,0.65947,0.1018,0.57242,0.15131,0.57523,0.19193,0.52188,0.22366,0.44044,0.22493,0.30566],"triangles":[11,10,12,10,13,12,10,9,13,9,14,13,15,14,9,8,15,9,7,16,8,8,16,15,17,16,7,6,17,7,18,6,5,4,18,5,18,17,6,3,18,4,2,1,19,2,19,18,2,18,3,1,0,19,32,31,0,31,20,19,0,31,19,30,21,20,31,30,20,30,29,21,29,22,21,28,23,29,29,23,22,28,27,23,27,24,23,26,25,27,27,25,24],"weights":[1,27,1,1,27,1,1,27,1,1,27,1,1,27,1,1,27,1,1,27,1,4,27,0.08598,39,0.91156,44,0.00245,32,0.00001,3,27,0.00407,39,0.84562,44,0.15031,2,39,0.20126,44,0.79874,1,44,1,1,44,1,1,44,1,1,44,1,1,44,1,2,39,0.99845,44,0.00155,1,39,1,1,27,1,1,27,1,1,27,1,1,27,1,2,27,0.0002,32,0.9998,2,32,0.98796,45,0.01204,2,32,0.5073,45,0.4927,1,45,1,1,45,1,1,45,1,2,32,0.02025,45,0.97975,2,32,0.54186,45,0.45814,3,27,0.00798,32,0.9063,45,0.08572,3,27,0.08326,32,0.91542,45,0.00132,1,27,1,1,27,1],"slotPose":[1,0,0,1,0,0],"bonePose":[27,0.064881,-0.997893,0.997893,0.064881,-4.861301,-401.103246,39,0.993903,0.110255,-0.110255,0.993903,55.868136,-375.078247,44,0.982418,-0.186696,0.186696,0.982418,79.632365,-372.442057,32,-0.978653,0.205521,-0.205521,-0.978653,-58.313324,-379.996777,45,-0.996026,-0.089068,0.089068,-0.996026,-85.377671,-374.384682],"edges":[26,25,25,24,24,23,23,22,22,21,21,20,20,19,19,18,18,17,17,16,16,15,15,14,14,13,13,12,12,11,11,10,10,9,9,8,8,7,7,6,6,5,5,4,4,3,3,2,2,1,1,0,0,32,32,31,31,30,30,29,29,28,28,27,27,26],"userEdges":[8,15,7,16,6,17,29,22,30,21,30,20,28,23]}]},{"name":"hudiejie","display":[{"name":"hudiejie","transform":{"x":-4.27,"y":3.18,"skX":86.27,"skY":86.27}}]},{"name":"bulyq59","display":[{"type":"mesh","name":"bulyq59","width":78,"height":117,"vertices":[-26.09,-310.02,-26.76,-299.54,-27.27,-290.58,-28.45,-277.58,-28.11,-264.73,-29.3,-254.08,-25.58,-246.65,-21.69,-238.54,-26.08,-231.61,-34.03,-225.35,-39.63,-218.09,-39.43,-208.12,-15.94,-196.29,2.48,-193.31,20.73,-193.32,36.61,-202.88,38.37,-210.15,38.37,-216.23,32.05,-223.17,29.85,-230.76,27.32,-238.04,27.32,-247.33,28.34,-256.46,32.21,-265.25,33.74,-277.07,25.63,-287.55,18.53,-294.81,13.63,-302.26,7.7,-310.32,-15.45,-284.51,-1.25,-283.16,6.53,-277.41,13.12,-283.66,1.46,-260.34],"uvs":[0.17371,0.00248,0.16504,0.09203,0.15854,0.16859,0.14337,0.27981,0.14771,0.38959,0.13254,0.48059,0.18021,0.54414,0.23004,0.61347,0.17371,0.6727,0.07187,0.72614,0,0.78825,0.00254,0.87347,0.30371,0.97458,0.53987,1,0.77387,1,0.97754,0.91825,1,0.85614,1,0.80414,0.91904,0.74492,0.89087,0.67992,0.85837,0.61781,0.85837,0.53836,0.87137,0.46036,0.92121,0.38525,0.94071,0.28414,0.83671,0.19459,0.74571,0.13247,0.68287,0.06892,0.60704,0,0.31021,0.22059,0.49221,0.23214,0.59187,0.28125,0.67637,0.22781,0.52687,0.42714],"triangles":[18,15,16,18,16,17,18,14,15,13,14,18,32,23,24,25,32,24,19,13,18,32,31,23,20,7,19,7,13,19,7,8,13,26,32,25,8,12,13,27,32,26,28,30,27,27,30,32,30,31,32,30,33,31,29,30,28,1,29,28,0,1,28,30,29,33,29,4,33,4,5,33,8,9,12,10,11,9,3,4,29,2,3,29,1,2,29,9,11,12,31,23,33,33,22,23,7,20,21,6,7,21,33,22,5,6,21,22,5,6,22],"weights":[1,11,1,1,11,1,2,5,0.00088,11,0.99912,2,5,0.04612,11,0.95388,2,5,0.2599,11,0.7401,2,5,0.52115,11,0.47885,2,5,0.71163,11,0.28837,2,5,0.92285,11,0.07715,2,5,0.99109,11,0.00891,2,5,0.99997,11,0.00003,1,5,1,1,5,1,1,5,1,1,5,1,1,5,1,1,5,1,1,5,1,1,5,1,1,5,1,2,5,0.9975,11,0.0025,2,5,0.97015,11,0.02985,2,5,0.83764,11,0.16236,2,5,0.55874,11,0.44126,2,5,0.29016,11,0.70984,2,5,0.12757,11,0.87243,2,5,0.0332,11,0.9668,2,5,0.00231,11,0.99769,1,11,1,1,11,1,2,5,0.00244,11,0.99756,1,11,1,2,5,0.00563,11,0.99437,2,5,0.01057,11,0.98943,2,5,0.12482,11,0.87518],"slotPose":[1,0,0,1,0,0],"bonePose":[11,-0.101056,-0.994881,0.994881,-0.101056,0.632868,-259.102542,5,-0.122735,-0.992439,0.992439,-0.122735,4.65,-226.62],"edges":[10,11,11,12,12,13,13,14,14,15,15,16,16,17,17,18,18,19,19,20,20,21,21,22,22,23,23,24,24,25,25,26,26,27,27,28,28,0,0,1,1,2,2,3,3,4,4,5,5,6,6,7,7,8,8,9,9,10],"userEdges":[29,3,29,30,30,31,31,32,32,25,23,33,33,4,6,21,22,5]}]},{"name":"shenti","display":[{"type":"mesh","name":"shenti","width":126,"height":340,"vertices":[-18.42,-312.06,-17.22,-323.53,7.25,-324.32,6.65,-311.76,16.31,-306.93,27.48,-290.62,35.65,-273.4,29.01,-258.31,27.2,-245.62,24.47,-234.75,34.44,-221.77,41.99,-206.36,46.22,-185.52,45.46,-176.29,44.71,-167.11,41.57,-152.21,39.61,-139.5,36.35,-126.78,36.48,-119.12,36.68,-108.53,39.28,-92.88,34.39,-69.74,29.5,-46.91,30.14,-29.8,22.03,-17.64,2.96,-17.28,-7.56,-19.63,-9.54,-44.32,5.39,-43.6,16.88,-36.08,13.63,-35.47,13.05,-47.85,12.16,-70.79,10.07,-94.92,11.56,-110.73,9.49,-119.85,7.69,-127.7,5.91,-140.82,3.82,-154.53,2.62,-172.41,-4.24,-155.42,-8.11,-140.22,-11.09,-130.69,-14.96,-119.66,-19.43,-107.45,-21.82,-91.66,-23.6,-62.44,-24.5,-39.21,-22.68,-24.62,-33.12,-5.64,-58.9,9.67,-60.8,-18.97,-54.76,-24.24,-38.43,-24.05,-42.44,-27.08,-41.2,-37.71,-46.26,-61.56,-51.62,-93.15,-48.63,-111.63,-44.16,-125.03,-42.38,-134.57,-42.67,-144.4,-43.56,-158.7,-43.86,-177.78,-44.46,-192.37,-39.39,-209.07,-30.45,-224.22,-23.6,-233.76,-25.38,-244.18,-31.65,-256.4,-36.12,-268.91,-41.79,-282.92,-52.21,-299.01,-37.32,-306.76,7.93,-277.66,17.76,-285.7,-3.99,-282.42,-20.08,-283.02,6.74,-260.97,-27.23,-120.61,20.75,-117.63,21.38,-28.84,-30.03,-24.33],"uvs":[0.33512,0.03604,0.34471,0.00229,0.53885,0,0.53406,0.03693,0.61075,0.05114,0.69944,0.0991,0.76415,0.14973,0.71142,0.19415,0.69704,0.23145,0.67547,0.26343,0.75456,0.30162,0.81448,0.34692,0.84804,0.40821,0.84203,0.43537,0.83606,0.46239,0.81112,0.50618,0.7956,0.54358,0.76973,0.58097,0.77081,0.60352,0.77231,0.63467,0.79301,0.68069,0.7542,0.74877,0.71539,0.81588,0.72574,0.85903,0.74903,0.88588,0.73384,0.9306,0.71255,0.96128,0.51625,0.96479,0.52571,0.92096,0.56119,0.88152,0.56119,0.8526,0.58484,0.81316,0.57774,0.74567,0.56119,0.67468,0.57301,0.62822,0.5565,0.6014,0.54227,0.57826,0.52807,0.5397,0.51152,0.49938,0.50206,0.44679,0.44766,0.49675,0.41692,0.54145,0.39327,0.5695,0.36252,0.60193,0.32704,0.63786,0.30812,0.68432,0.29393,0.77021,0.28684,0.83858,0.30103,0.87451,0.34596,0.90957,0.46422,0.98056,0.23717,0.98758,0.1946,0.97005,0.13547,0.91045,0.1402,0.87451,0.15439,0.84296,0.11419,0.77284,0.07162,0.67993,0.09527,0.62559,0.13074,0.58615,0.14493,0.55811,0.14257,0.52918,0.13547,0.48711,0.13311,0.43102,0.12838,0.38807,0.16858,0.33899,0.23954,0.2944,0.29393,0.26635,0.27974,0.23568,0.23008,0.19974,0.1946,0.16293,0.14966,0.12174,0.06688,0.07441,0.18514,0.05162,0.54419,0.13723,0.62224,0.11357,0.44959,0.12321,0.32187,0.12146,0.53473,0.18632,0.26511,0.59913,0.64589,0.6079,0.6413,0.87081,0.24264,0.88217],"triangles":[39,13,12,11,39,12,38,15,14,39,38,14,13,39,14,10,39,11,33,32,21,33,21,20,37,16,15,38,37,15,37,17,16,19,33,20,66,39,9,32,31,22,9,39,10,32,22,21,5,75,6,36,80,17,37,36,17,80,18,17,80,34,19,34,33,19,18,80,19,75,7,6,67,66,9,75,74,7,81,25,24,23,81,24,31,81,22,74,78,7,22,81,23,81,29,25,29,28,25,28,26,25,31,30,81,28,27,26,78,8,7,4,75,5,78,9,8,36,35,80,78,67,9,66,65,39,3,76,4,4,76,75,35,34,80,30,29,81,76,74,75,68,67,78,65,64,39,0,76,3,76,78,74,1,3,2,76,77,78,77,69,78,69,68,78,1,0,3,64,63,39,0,77,76,63,40,39,63,62,40,49,51,50,61,41,40,62,61,40,70,69,77,52,51,49,61,42,41,73,77,0,60,79,42,61,60,42,79,43,42,79,44,43,56,46,45,73,71,77,82,53,49,53,52,49,48,82,49,57,56,45,55,47,46,56,55,46,58,45,44,79,58,44,71,70,77,47,82,48,58,57,45,55,82,47,55,54,82,59,58,79,60,59,79,72,71,73,54,53,82],"weights":[3,11,0.16188,16,0.47986,17,0.35826,2,16,0.92684,17,0.07316,2,20,0.03648,16,0.96352,3,11,0.24037,20,0.2899,16,0.46973,3,11,0.04237,20,0.87275,16,0.08489,3,5,0.02906,11,0.07836,20,0.89257,3,5,0.20277,11,0.24355,20,0.55368,4,9,0.00094,5,0.53756,11,0.21075,20,0.25075,4,9,0.02799,5,0.83717,11,0.05526,20,0.07958,4,9,0.15528,5,0.82536,11,0.00256,20,0.0168,3,9,0.58996,5,0.40969,20,0.00035,2,9,0.92162,5,0.07838,1,9,1,1,9,1,2,14,0.00081,9,0.99919,2,14,0.02613,9,0.97387,2,14,0.14095,9,0.85905,2,14,0.56162,9,0.43838,2,14,0.93777,9,0.06223,1,14,1,1,14,1,2,14,0.99996,9,0.00004,1,14,1,2,14,0.81438,18,0.18562,2,14,0.2456,18,0.7544,1,18,1,1,18,1,1,18,1,1,18,1,2,14,0.2325,18,0.7675,2,14,0.80951,18,0.19049,1,14,1,1,14,1,2,14,0.93345,9,0.06655,2,14,0.09629,9,0.90371,1,9,1,1,9,1,2,9,0.99966,8,0.00034,2,9,0.97016,8,0.02984,2,9,0.55496,8,0.44504,2,9,0.05043,8,0.94957,2,9,0.00157,8,0.99843,2,8,0.96138,12,0.03862,2,8,0.57053,12,0.42947,2,8,0.01535,12,0.98465,1,12,1,1,12,1,1,12,1,2,12,0.85806,19,0.14194,2,12,0.08028,19,0.91972,2,12,0.00001,19,0.99999,1,19,1,1,19,1,2,12,0.44019,19,0.55981,2,12,0.97406,19,0.02594,1,12,1,1,12,1,1,12,1,2,8,0.0642,12,0.9358,2,8,0.56409,12,0.43591,2,8,0.94149,12,0.05851,1,8,1,1,8,1,1,8,1,2,5,0.00963,8,0.99037,2,5,0.13304,8,0.86696,4,5,0.44573,11,0.00244,17,0.0031,8,0.54874,4,5,0.69248,11,0.03594,17,0.0222,8,0.24938,4,5,0.666,11,0.16979,17,0.09079,8,0.07342,4,5,0.3657,11,0.34977,17,0.27205,8,0.01248,4,5,0.13992,11,0.30887,17,0.55044,8,0.00077,3,5,0.01903,11,0.06852,17,0.91245,2,11,0.00005,17,0.99995,2,16,0.02103,17,0.97897,3,5,0.01191,11,0.73741,20,0.25068,3,5,0.02581,11,0.20882,20,0.76538,3,5,0.00034,11,0.96651,17,0.03315,3,5,0.02148,11,0.41363,17,0.5649,3,5,0.42194,11,0.52795,20,0.05011,2,8,0.4292,12,0.5708,1,14,1,2,14,0.55415,18,0.44585,2,12,0.99162,19,0.00838],"slotPose":[1,0,0,1,0,0],"bonePose":[11,-0.101056,-0.994881,0.994881,-0.101056,0.632868,-259.102542,16,-0.037865,-0.999283,0.999283,-0.037865,-4.483612,-309.473353,17,-0.982839,0.184466,-0.184466,-0.982839,-23.35019,-295.223819,20,0.998963,-0.045537,0.045537,0.998963,11.146802,-295.219937,5,-0.122735,-0.992439,0.992439,-0.122735,4.65,-226.62,9,-0.009425,0.999956,-0.999956,-0.009425,21.06,-199.49,14,0.017278,0.999851,-0.999851,0.017278,20.668105,-117.590056,18,-0.979152,-0.203129,0.203129,-0.979152,22.224844,-27.503506,8,-0.147464,0.989067,-0.989067,-0.147464,-16.3,-196.77,12,-0.026526,0.999648,-0.999648,-0.026526,-28.079282,-121.49406,19,-0.875549,0.48313,-0.48313,-0.875549,-30.821446,-18.530568],"edges":[72,71,71,70,70,69,69,68,68,67,67,66,66,65,65,64,64,63,63,62,62,61,61,60,60,59,59,58,58,57,57,56,56,55,55,54,54,53,53,52,52,51,51,50,50,49,49,48,48,47,47,46,46,45,45,44,44,43,43,42,42,41,41,40,40,39,39,38,38,37,37,36,36,35,35,34,34,33,33,32,32,31,31,30,30,29,29,28,28,27,27,26,26,25,25,24,24,23,23,22,22,21,21,20,20,19,19,18,18,17,17,16,16,15,15,14,14,13,13,12,12,11,11,10,10,9,9,8,8,7,7,6,6,5,5,4,4,3,3,2,2,1,1,0,0,73,73,72],"userEdges":[74,75,75,5,74,76,76,77,77,70,69,78,78,7,63,39,39,13,59,79,79,43,80,18,80,35,81,23,81,30,48,82,82,54]}]},{"name":"qunzi","display":[{"type":"mesh","name":"qunzi","width":142,"height":66,"vertices":[-33.96,-216.33,-39.07,-207.12,-43.79,-200.5,-52.49,-201.45,-57.97,-195.02,-70.44,-194.65,-71.63,-179.71,-71.64,-161.95,-55.33,-158.16,-39.83,-154.38,-14.88,-150.31,18.39,-150.32,42.95,-150.6,56,-164.02,65.44,-161.94,70.36,-173.09,70.36,-186.32,63.93,-196.15,57.51,-202.96,45.97,-199.74,39.36,-207.87,35.39,-216.32,0.72,-216.32,-12.43,-172.64,4.28,-197.81,-50.37,-174.65,41.82,-172.71,-37.75,-173.28],"uvs":[0.26527,0,0.22933,0.13945,0.19606,0.23968,0.13483,0.22536,0.09623,0.32273,0.00839,0.32845,0,0.55468,0,0.82386,0.11487,0.88113,0.22401,0.93841,0.3997,1,0.63395,1,0.80698,0.99568,0.89881,0.79236,0.96536,0.82386,1,0.65491,1,0.45445,0.95472,0.30554,0.90946,0.20245,0.82827,0.25114,0.78169,0.128,0.75374,0,0.5095,0,0.41699,0.66183,0.53459,0.2805,0.14975,0.63136,0.79899,0.66063,0.23865,0.65204],"triangles":[17,26,16,26,13,16,16,13,15,13,14,15,19,26,17,18,19,17,26,12,13,26,11,12,24,26,19,20,24,19,24,11,26,21,24,20,24,23,11,22,24,21,23,10,11,1,23,24,22,0,24,0,1,24,27,9,10,2,27,23,1,2,23,27,10,23,4,25,2,25,9,27,2,25,27,25,8,9,3,4,2,4,6,25,7,8,25,6,7,25,5,6,4],"weights":[2,4,0.01637,6,0.98363,1,6,1,2,6,0.98531,15,0.01469,2,6,0.81363,15,0.18637,2,6,0.40891,15,0.59109,2,6,0.08364,15,0.91636,2,6,0.00462,15,0.99538,2,10,0.00097,15,0.99903,2,10,0.05857,15,0.94143,2,10,0.25334,15,0.74666,2,10,0.80068,15,0.19932,3,13,0.26908,7,0.04739,10,0.68354,3,13,0.755,7,0.00956,10,0.23544,2,13,0.96766,10,0.03234,2,13,0.99935,10,0.00065,1,13,1,2,13,0.99652,7,0.00348,2,13,0.92384,7,0.07616,2,13,0.81608,7,0.18392,2,13,0.38477,7,0.61523,2,13,0.02262,7,0.97738,2,7,0.9988,4,0.0012,3,7,0.11884,4,0.78458,6,0.09659,4,10,0.79472,4,0.00352,6,0.03626,15,0.1655,3,7,0.10128,10,0.05368,4,0.84504,2,10,0.02627,15,0.97373,3,13,0.86928,7,0.04438,10,0.08634,3,10,0.15659,6,0.00102,15,0.84239],"slotPose":[1,0,0,1,0,0],"bonePose":[4,1,0,0,1,0.46,-198.3,6,-0.628778,0.777585,-0.777585,-0.628778,-28.31,-202.96,15,-0.935814,0.352495,-0.352495,-0.935814,-42.143823,-185.120666,10,-0.060526,0.998167,-0.998167,-0.060526,-0.65,-181.48,13,0.876811,0.480836,-0.480836,0.876811,39.750668,-185.118565,7,0.605016,0.796213,-0.796213,0.605016,25.92,-203.32],"edges":[6,7,7,8,8,9,9,10,10,11,11,12,12,13,13,14,14,15,15,16,16,17,17,18,18,19,19,20,20,21,21,22,22,0,0,1,1,2,2,3,3,4,4,5,5,6],"userEdges":[19,26,26,12,2,27]}]},{"name":"lian","display":[{"type":"mesh","name":"lian","width":89,"height":94,"vertices":[34.14,-41.58,42.56,-39.66,51.71,-37.57,66.58,-29.79,74.99,-10.17,75.61,31.08,59.67,42.57,47.49,47.22,35.3,47.41,29.74,47.49,11.61,38.8,-2.54,29.26,-13.5,15.17,-18.82,3.25,-18.97,-6.74,-7.82,-22.42,13.72,-36.49,27.05,2.47,33.24,14.5,35.3,24.19,33.17,33.82,29.91,40.35,20.13,36.9,13.62,26.56,15.49,15.85,22.65,4.7,37.61,33.63,37.58,24.27,35.25,12.79,31.72,1.32,41.5,-2.55,47.37,-11.16,49.09,-24.15,46.67,-33.83,21.09,-2.72,28.16,-3.79,36.09,-11.11,38.7,-21.23,37.47,-31.05,30.39,-38.75,21.83,-33.1,16.35,-22.57,18.21,-11.2,38.61,-11.27,34.27,-4.36,40.97,-21.86,40.34,-31.82,16.76,0.72,12.34,15.66,10.13,27.12,14.09,-10.43,11.75,-23.01,28.5,-30.53,32.2,-20.58,30,-11.17,24.16,-8.03,21.12,-11.67,19.25,-22.87,23.67,-31.03,29.61,23.97,27.54,32.66,24.6,35.26,19.07,31.44,17.77,25.21,17.98,15.55,22.21,8.67,27.72,15.97],"uvs":[0,0.42939,0.02306,0.34014,0.0481,0.24322,0.13799,0.0863,0.3599,0,0.82338,0,0.94978,0.17141,1,0.30173,1,0.43148,1,0.49056,0.89922,0.68205,0.78967,0.83098,0.62956,0.94534,0.49473,1,0.38237,1,0.20821,0.87885,0.05372,0.64747,0.49372,0.5119,0.6299,0.44807,0.73911,0.42765,0.84698,0.4519,0.91979,0.48765,0.87934,0.59105,0.76203,0.65871,0.64203,0.63701,0.51799,0.55914,0.84563,0.40467,0.74046,0.40339,0.61102,0.42637,0.48158,0.46211,0.43979,0.35743,0.34406,0.2936,0.19844,0.27318,0.08923,0.29743,0.43439,0.57445,0.42361,0.49914,0.34271,0.4136,0.22945,0.38424,0.11889,0.39573,0.03125,0.46977,0.09327,0.56169,0.21057,0.62169,0.33866,0.60382,0.34136,0.3868,0.41821,0.43403,0.22271,0.35999,0.1108,0.36509,0.47227,0.62116,0.6394,0.67053,0.76776,0.69585,0.34658,0.64775,0.20485,0.67053,0.1232,0.49117,0.23569,0.4534,0.34099,0.47833,0.37529,0.54102,0.33381,0.57274,0.20776,0.59087,0.11682,0.54253,0.73567,0.48815,0.833,0.51156,0.86171,0.54329,0.81784,0.60144,0.74764,0.61428,0.63914,0.61051,0.56256,0.56443,0.64553,0.50703],"triangles":[26,21,8,26,8,7,6,26,7,8,21,9,21,22,9,22,10,9,61,22,21,26,20,21,27,26,6,5,27,6,49,11,10,60,61,21,20,60,21,23,49,10,28,27,5,30,28,5,61,62,22,4,30,5,60,62,61,59,60,20,19,59,20,19,20,26,27,19,26,59,63,62,59,62,60,63,23,62,49,48,11,48,12,11,59,66,63,66,64,63,23,48,49,63,24,23,24,48,23,64,24,63,4,31,30,19,18,59,18,19,27,28,18,27,18,66,59,47,50,13,47,13,12,18,65,66,65,64,66,64,65,24,24,47,48,47,12,48,50,14,13,28,17,18,30,29,28,29,17,28,50,15,14,30,44,29,17,34,25,34,47,25,29,35,17,35,34,17,44,35,29,34,50,47,32,31,4,3,32,4,42,50,34,35,55,34,43,44,30,31,43,30,51,15,50,43,36,44,55,42,34,54,55,35,54,56,55,56,42,55,31,45,43,45,37,43,53,57,56,42,41,50,41,51,50,53,56,54,36,53,54,32,45,31,37,53,36,37,36,43,57,42,56,57,41,42,52,58,57,3,2,32,16,15,51,52,57,53,38,52,53,38,53,37,45,38,37,32,46,45,46,38,45,2,33,32,33,46,32,57,40,41,16,51,41,40,16,41,58,40,57,38,39,52,0,39,38,52,39,58,39,40,58,0,38,46,1,0,46,33,1,46,39,16,40,2,1,33,39,0,16,62,22,23,22,23,10,65,24,25,25,47,24,65,25,18,17,25,18,44,35,36,36,54,35],"edges":[0,16,16,15,15,14,14,13,13,12,12,11,11,10,10,9,9,8,8,7,7,6,6,5,5,4,4,3,3,2,2,1,1,0],"userEdges":[17,18,18,19,19,20,20,21,21,22,22,23,23,24,24,25,25,18,8,26,26,27,27,28,28,29,29,30,30,31,31,32,32,33,33,1,34,35,35,36,36,37,37,38,38,39,39,40,40,41,41,42,42,34,43,44,44,29,43,45,45,46,46,0,47,48,48,49,49,10,47,50,50,51,51,16,52,53,53,54,54,55,55,56,56,57,57,58,58,52,59,60,60,61,61,62,62,63,63,64,64,65,65,18,59,66,66,65]}]},{"name":"hudie2","display":[{"name":"hudie2","transform":{"x":1.78,"y":-0.98,"skX":-103.55,"skY":-103.55}}]},{"name":"maozihou","display":[{"type":"mesh","name":"maozihou","width":215,"height":32,"vertices":[33.51,-388.33,59.15,-388.34,70.7,-382.28,82.95,-379.74,92.19,-379.74,98.65,-384.36,107.36,-384.83,107.36,-373.96,102.58,-368.65,94.27,-365.42,82.49,-364.26,70.24,-358.95,57.54,-356.33,41.13,-356.33,-49.19,-356.31,-67.9,-356.3,-81.53,-357.75,-93.54,-362.14,-103.71,-368.15,-107.66,-373.47,-107.66,-382.24,-101.85,-379.42,-95.73,-376.13,-89.24,-373.24,-80.84,-372.31,-69.29,-373.24,-51.73,-380.86,-45.04,-388.31],"uvs":[0.65655,0,0.77581,0,0.82953,0.1893,0.88647,0.26871,0.92945,0.26871,0.95953,0.12434,1,0.1099,1,0.44918,0.9778,0.61521,0.93912,0.71627,0.88432,0.75237,0.82738,0.9184,0.76829,1,0.692,1,0.27191,1,0.18488,1,0.12149,0.95449,0.06562,0.81734,0.01834,0.62965,0,0.46362,0,0.1893,0.02698,0.27747,0.05542,0.38009,0.08564,0.47055,0.12471,0.49971,0.17843,0.47084,0.26009,0.23262,0.29125,0],"triangles":[6,5,7,4,9,8,3,10,4,4,10,9,3,2,10,2,11,10,1,12,2,2,12,11,13,12,1,0,13,1,0,14,13,27,14,0,26,25,14,26,14,27,25,15,14,24,16,25,25,16,15,17,16,24,23,17,24,22,18,17,22,17,23,21,18,22,19,18,21,20,19,21,4,5,8,5,8,7],"weights":[1,27,1,2,39,0.99935,45,0.00065,2,39,0.99023,44,0.00977,2,39,0.2013,44,0.7987,1,44,1,1,44,1,1,44,1,1,44,1,1,44,1,1,44,1,2,39,0.34556,44,0.65444,2,39,0.99402,44,0.00598,2,39,0.99681,45,0.00319,2,39,0.96286,45,0.03714,2,32,0.592,27,0.408,1,32,1,2,32,0.752,45,0.248,2,32,0.384,45,0.616,3,39,0.00005,32,0.152,45,0.84795,1,45,1,1,45,1,1,45,1,2,32,0.152,45,0.848,2,32,0.384,45,0.616,2,32,0.752,45,0.248,1,32,1,2,32,0.704,27,0.296,1,27,1],"slotPose":[1,0,0,1,0,0],"bonePose":[27,0.064881,-0.997893,0.997893,0.064881,-4.861301,-401.103246,39,0.993903,0.110255,-0.110255,0.993903,55.868136,-375.078247,45,-0.996026,-0.089068,0.089068,-0.996026,-85.377671,-374.384682,44,0.982418,-0.186696,0.186696,0.982418,79.632365,-372.442057,32,-0.978653,0.205521,-0.205521,-0.978653,-58.313324,-379.996777],"edges":[19,18,18,17,17,16,16,15,15,14,14,13,13,12,12,11,11,10,10,9,9,8,8,7,7,6,6,5,5,4,4,3,3,2,2,1,1,0,0,27,27,26,26,25,25,24,24,23,23,22,22,21,21,20,20,19],"userEdges":[0,13,27,14,1,12,2,11,4,9,5,8,25,15,24,16,22,18,21,19,23,17]}]},{"name":"toufa3","display":[{"type":"mesh","name":"toufa3","width":177,"height":141,"vertices":[-45.65,-353.62,-45.64,-330.63,-31.9,-314.88,-34.73,-289.68,-13.31,-275.82,12.52,-264.17,37.72,-257.33,56.61,-264.81,65.11,-279.93,83.07,-283.4,98.2,-291.28,105.82,-291.82,111.43,-292.22,115.75,-288.19,120.56,-283.72,122.53,-278.54,124.88,-272.41,127.17,-266.39,131.35,-264.5,131.36,-273.11,131.36,-281.03,131.36,-289.39,123.93,-297.08,116.46,-304.82,108.69,-308.94,100.4,-313.32,83.7,-309.55,64.17,-317.1,52.51,-331.59,46.84,-351.11,39.91,-376,30.46,-391.12,23.21,-398.32,4.32,-398.32,-29.08,-398.32,-45.65,-376.93],"uvs":[0,0.31695,0,0.48004,0.07764,0.59174,0.06162,0.77046,0.18264,0.86876,0.32857,0.95142,0.47095,1,0.57772,0.94695,0.62578,0.83972,0.72722,0.81514,0.81264,0.75929,0.85572,0.75543,0.88739,0.75259,0.91183,0.78115,0.939,0.81291,0.95015,0.8496,0.96339,0.89312,0.97637,0.93578,1,0.94918,1,0.88815,1,0.83198,1,0.77269,0.95804,0.71811,0.91586,0.66323,0.87194,0.63404,0.8251,0.60291,0.73078,0.62972,0.62044,0.5761,0.55459,0.47333,0.52256,0.33482,0.4834,0.15833,0.43001,0.0511,0.38908,0,0.2823,0,0.09366,0,0,0.15163],"triangles":[14,15,20,14,20,21,22,14,21,20,15,19,15,16,19,16,17,19,19,17,18,13,14,22,23,12,22,12,13,22,24,11,12,24,12,23,10,11,24,25,10,24,26,10,25,26,9,10,27,8,26,26,8,9,6,7,8,5,6,8,5,8,27,28,5,27,4,5,28,2,4,28,29,2,28,30,0,29,0,2,29,33,0,30,31,33,30,32,33,31,35,0,33,0,1,2,34,35,33,2,3,4],"weights":[1,24,1,2,37,0.00177,24,0.99823,3,37,0.05877,31,0.01077,24,0.93046,3,37,0.21489,31,0.05398,24,0.73113,3,37,0.43876,31,0.09032,24,0.47092,4,41,0.02945,37,0.80014,31,0.02719,24,0.14322,3,41,0.27758,37,0.70218,24,0.02024,3,41,0.65623,37,0.34303,24,0.00074,2,41,0.98375,37,0.01625,2,46,0.64008,41,0.35992,2,49,0.02634,46,0.97366,2,49,0.58348,46,0.41652,2,49,0.99307,46,0.00693,3,49,0.78338,50,0.21297,46,0.00365,2,49,0.55028,50,0.44972,2,49,0.38598,50,0.61402,2,49,0.19104,50,0.80896,1,50,1,1,50,1,2,49,0.1378,50,0.8622,2,49,0.26462,50,0.73538,2,49,0.39849,50,0.60151,3,49,0.67624,50,0.30158,46,0.02219,2,49,0.9555,46,0.0445,2,49,0.52154,46,0.47846,2,49,0.0588,46,0.9412,4,46,0.76041,41,0.2208,37,0.01611,31,0.00267,4,46,0.04216,41,0.52111,37,0.31287,31,0.12386,3,41,0.1273,37,0.29976,31,0.57294,4,41,0.01602,37,0.06166,31,0.91945,24,0.00287,4,41,0.00002,37,0.001,31,0.81689,24,0.18209,2,31,0.51715,24,0.48285,2,31,0.37477,24,0.62523,2,31,0.08057,24,0.91943,1,24,1,1,24,1],"slotPose":[1,0,0,1,0,0],"bonePose":[24,0.015009,-0.999887,0.999887,0.015009,-5.580808,-329.185944,37,0.806857,0.590746,-0.590746,0.806857,25.074591,-309.495327,31,0.386228,0.922403,-0.922403,0.386228,5.361511,-356.574793,41,0.994631,-0.103487,0.103487,0.994631,50.990845,-290.52055,46,0.977783,-0.209619,0.209619,0.977783,79.099111,-293.445091,49,0.854821,0.518922,-0.518922,0.854821,104.648587,-298.922424,50,0.285521,0.958372,-0.958372,0.285521,125.087365,-286.514988],"edges":[0,1,1,2,2,3,3,4,4,5,5,6,6,7,7,8,8,9,9,10,10,11,11,12,12,13,13,14,14,15,15,16,16,17,17,18,18,19,19,20,20,21,21,22,22,23,23,24,24,25,25,26,26,27,27,28,28,29,29,30,30,31,31,32,32,33,33,34,34,35,35,0],"userEdges":[22,13,24,11,19,16,20,15]}]}]}],"animation":[{"duration":60,"name":"animation","bone":[{"name":"bone","translateFrame":[{"duration":30,"curve":[0.25,0,0.75,1]},{"duration":30,"curve":[0.25,0,0.75,1],"x":-3.24,"y":3},{"duration":0}]},{"name":"shenti","rotateFrame":[{"duration":15,"curve":[0.375,0.5,0.75,1],"rotate":1.78},{"duration":30,"curve":[0.25,0,0.75,1],"rotate":0.62},{"duration":15,"curve":[0.25,0,0.625,0.5],"rotate":2.93},{"duration":0,"rotate":1.78}]},{"name":"bone2","translateFrame":[{"duration":15,"curve":[0.305,0.435,0.75,1]},{"duration":30,"curve":[0.25,0,0.75,1],"x":1.99,"y":0.22},{"duration":15,"curve":[0.25,0,0.7090000000000001,0.6],"x":-1.99,"y":-0.14},{"duration":0}],"rotateFrame":[{"duration":15,"curve":[0.305,0.435,0.75,1],"rotate":-0.74},{"duration":30,"curve":[0.25,0,0.75,1],"rotate":1.81},{"duration":15,"curve":[0.25,0,0.7090000000000001,0.6],"rotate":-3.3},{"duration":0,"rotate":-0.74}]},{"name":"lian","rotateFrame":[{"duration":30,"curve":[0.25,0,0.75,1]},{"duration":30,"curve":[0.25,0,0.75,1],"rotate":2.41},{"duration":0}]},{"name":"toufa1","rotateFrame":[{"duration":30,"curve":[0.25,0,0.75,1]},{"duration":30,"curve":[0.25,0,0.75,1],"rotate":3.15},{"duration":0}]},{"name":"bone4","rotateFrame":[{"duration":15,"curve":[0.375,0.5,0.75,1],"rotate":1.74},{"duration":30,"curve":[0.25,0,0.75,1],"rotate":-3},{"duration":15,"curve":[0.25,0,0.625,0.5],"rotate":6.48},{"duration":0,"rotate":1.74}]},{"name":"bone5","rotateFrame":[{"duration":30,"curve":[0.25,0,0.75,1]},{"duration":30,"curve":[0.25,0,0.75,1],"rotate":-9.76},{"duration":0}]},{"name":"bone6","rotateFrame":[{"duration":10,"curve":[0.382,0.57,0.735,1],"rotate":4.74},{"duration":30,"curve":[0.25,0,0.75,1],"rotate":11.65},{"duration":20,"curve":[0.243,0,0.649,0.6],"rotate":-12.68},{"duration":0,"rotate":4.74}]},{"name":"toufa3","rotateFrame":[{"duration":30,"curve":[0.25,0,0.75,1]},{"duration":30,"curve":[0.25,0,0.75,1],"rotate":4.19},{"duration":0}]},{"name":"bone7","rotateFrame":[{"duration":15,"curve":[0.375,0.5,0.75,1],"rotate":0.45},{"duration":30,"curve":[0.25,0,0.75,1],"rotate":-5.33},{"duration":15,"curve":[0.25,0,0.625,0.5],"rotate":6.24},{"duration":0,"rotate":0.45}]},{"name":"bone8","rotateFrame":[{"duration":23,"curve":[0.329,0.32,0.758,1],"rotate":10.1},{"duration":30,"curve":[0.25,0,0.75,1],"rotate":0.02},{"duration":7,"curve":[0.278,0,0.622,0.39],"rotate":12.11},{"duration":0,"rotate":10.1}]},{"name":"bone9","rotateFrame":[{"duration":30,"curve":[0.25,0,0.75,1]},{"duration":30,"curve":[0.25,0,0.75,1],"rotate":-22.11},{"duration":0}]},{"name":"bone10","rotateFrame":[{"duration":10,"curve":[0.382,0.57,0.735,1],"rotate":-4.92},{"duration":30,"curve":[0.25,0,0.75,1],"rotate":4.95},{"duration":20,"curve":[0.243,0,0.649,0.6],"rotate":-29.85},{"duration":0,"rotate":-4.92}]},{"name":"bone11","rotateFrame":[{"duration":15,"curve":[0.375,0.5,0.75,1],"rotate":-12.45},{"duration":30,"curve":[0.25,0,0.75,1],"rotate":4.95},{"duration":15,"curve":[0.25,0,0.625,0.5],"rotate":-29.85},{"duration":0,"rotate":-12.45}]},{"name":"toufa","rotateFrame":[{"duration":30,"curve":[0.25,0,0.75,1],"rotate":-4.62},{"duration":30,"curve":[0.25,0,0.75,1]},{"duration":0,"rotate":-4.62}]},{"name":"bone12","rotateFrame":[{"duration":15,"curve":[0.375,0.5,0.75,1],"rotate":-2.95},{"duration":30,"curve":[0.25,0,0.75,1],"rotate":-14.54},{"duration":15,"curve":[0.25,0,0.625,0.5],"rotate":8.63},{"duration":0,"rotate":-2.95}]},{"name":"bone13","rotateFrame":[{"duration":30,"curve":[0.25,0,0.75,1]},{"duration":30,"curve":[0.25,0,0.75,1],"rotate":7},{"duration":0}]},{"name":"shou","rotateFrame":[{"duration":30,"curve":[0.25,0,0.75,1]},{"duration":30,"curve":[0.25,0,0.75,1],"rotate":-2.58},{"duration":0}]},{"name":"shoubi2","rotateFrame":[{"duration":30,"curve":[0.25,0,0.75,1]},{"duration":30,"curve":[0.25,0,0.75,1],"rotate":1.59},{"duration":0}]},{"name":"shoubi1","rotateFrame":[{"duration":15,"curve":[0.375,0.5,0.75,1],"rotate":-1.12},{"duration":30,"curve":[0.25,0,0.75,1],"rotate":-5.6},{"duration":15,"curve":[0.25,0,0.625,0.5],"rotate":3.35},{"duration":0,"rotate":-1.12}]},{"name":"bone17","rotateFrame":[{"duration":30,"curve":[0.25,0,0.75,1]},{"duration":30,"curve":[0.25,0,0.75,1],"rotate":-12.84},{"duration":0}]},{"name":"qunzi","rotateFrame":[{"duration":15,"curve":[0.235,0.37,0.75,1]},{"duration":30,"curve":[0.25,0,0.75,1],"rotate":3},{"duration":15,"curve":[0.25,0,0.793,0.7],"rotate":-4},{"duration":0}]},{"name":"bone20","rotateFrame":[{"duration":30,"curve":[0.25,0,0.75,1]},{"duration":30,"curve":[0.25,0,0.75,1],"rotate":9.92},{"duration":0}]},{"name":"bone21","rotateFrame":[{"duration":15,"curve":[0.235,0.37,0.75,1]},{"duration":30,"curve":[0.25,0,0.75,1],"rotate":-3},{"duration":15,"curve":[0.25,0,0.793,0.7],"rotate":3},{"duration":0}]},{"name":"bone22","rotateFrame":[{"duration":30,"curve":[0.25,0,0.75,1]},{"duration":30,"curve":[0.25,0,0.75,1],"rotate":-8.38},{"duration":0}]},{"name":"bone23","translateFrame":[{"duration":30,"curve":[0.25,0,0.75,1]},{"duration":30,"curve":[0.25,0,0.75,1],"y":-1.99},{"duration":0}],"scaleFrame":[{"duration":30,"curve":[0.25,0,0.75,1]},{"duration":30,"curve":[0.25,0,0.75,1],"x":0.89},{"duration":0}]},{"name":"bone24","translateFrame":[{"duration":30,"curve":[0.25,0,0.75,1]},{"duration":30,"curve":[0.25,0,0.75,1],"y":-3},{"duration":0}]},{"name":"bone26","translateFrame":[{"duration":30,"curve":[0.25,0,0.75,1]},{"duration":30,"curve":[0.25,0,0.75,1],"y":-2.91},{"duration":0}]},{"name":"maozihou","rotateFrame":[{"duration":30,"curve":[0.25,0,0.75,1]},{"duration":30,"curve":[0.25,0,0.75,1],"rotate":5.3},{"duration":0}]},{"name":"bone29","rotateFrame":[{"duration":15,"curve":[0.375,0.5,0.75,1],"rotate":2.65},{"duration":30,"curve":[0.25,0,0.75,1],"rotate":-5},{"duration":15,"curve":[0.25,0,0.625,0.5],"rotate":10.3},{"duration":0,"rotate":2.65}]},{"name":"bone30","rotateFrame":[{"duration":30,"curve":[0.25,0,0.75,1]},{"duration":30,"curve":[0.25,0,0.75,1],"rotate":-9.09},{"duration":0}]},{"name":"bone31","rotateFrame":[{"duration":15,"curve":[0.375,0.5,0.75,1],"rotate":-3.57},{"duration":30,"curve":[0.25,0,0.75,1],"rotate":5},{"duration":15,"curve":[0.25,0,0.625,0.5],"rotate":-12.13},{"duration":0,"rotate":-3.57}]},{"name":"3","translateFrame":[{"duration":30,"curve":[0.25,0,0.75,1]},{"duration":30,"curve":[0.25,0,0.75,1],"x":-4.27,"y":3.25},{"duration":0}]}],"ffd":[{"name":"lian","slot":"lian","frame":[{"duration":25},{"duration":5,"curve":[0.25,0,0.75,1]},{"duration":5,"curve":[0.32,0.29,0.757,1],"offset":36,"vertices":[-6.55,0.66,-8.04,0.51,-6.01,0.4,-1.36,0.38,0,0,1.52,0.02,0,0,0,0,0,0,0,0,0,0,0,0,0,0,0,0,0,0,0,0,0,0,0,0,-4.48,0,-5.87,0,-5.21,0,0,0,1.32,0.34,2.06,0.34,1.81,0.34,0,0,0,0,0,0,0,0,0,0,0,0,0,0,0,0,0,0,-2.74,-0.25,-8.4,-0.95,-6.51,-0.38,0,0,2,-0.05,3.79,1.37,1.44,0.25,-8.83,0.82,-5.56,0.04,-1.7,0.16,1.91,-0.93,2.52,-0.3,2.69,0.2,0.79,0.36,-6.51,-0.53]},{"duration":25}]}]}],"defaultActions":[{"gotoAndPlay":"animation"}]}]}