{"width":512,"imagePath":"gril_tex.png","height":512,"name":"gril","SubTexture":[{"width":215,"y":423,"height":32,"name":"maozihou","x":180},{"width":177,"y":343,"height":141,"name":"toufa3","x":1},{"frameHeight":73,"y":102,"frameX":-1,"width":30,"frameY":0,"height":73,"name":"shoubi2","frameWidth":31,"x":299},{"width":46,"y":235,"height":94,"name":"shoubi1","x":341},{"width":126,"y":1,"height":340,"name":"shenti","x":1},{"width":88,"y":102,"height":155,"name":"xiezi","x":129},{"width":142,"y":259,"height":66,"name":"qunzi","x":129},{"width":78,"y":102,"height":117,"name":"bulyq59","x":219},{"width":66,"y":221,"height":135,"name":"toufa1","x":273},{"width":48,"y":221,"height":26,"name":"shou","x":219},{"width":57,"y":358,"height":93,"name":"shoubi","x":397},{"width":89,"y":327,"height":94,"name":"lian","x":180},{"width":113,"y":1,"height":160,"name":"toufa","x":350},{"width":219,"y":1,"height":99,"name":"maozi","x":129},{"width":64,"y":163,"height":70,"name":"hudiejie","x":341},{"width":28,"y":177,"height":24,"name":"hudie1","x":299},{"width":23,"y":203,"height":14,"name":"hudie2","x":299}]}