{"frameRate":24,"name":"honeyAdd","version":"5.5","compatibleVersion":"5.5","armature":[{"type":"Sheet","frameRate":24,"name":"honeyAdd","aabb":{"x":-112,"y":-125.5,"width":268,"height":239},"bone":[{"name":"root"}],"slot":[{"displayIndex":10,"name":"sheetSlot","parent":"root"}],"skin":[{"slot":[{"name":"sheetSlot","display":[{"name":"fm0001","transform":{"x":22,"y":-6}},{"name":"fm0002","transform":{"x":22,"y":-6}},{"name":"fm0003","transform":{"x":22,"y":-6}},{"name":"fm0004","transform":{"x":22,"y":-6}},{"name":"fm0005","transform":{"x":22,"y":-6}},{"name":"fm0006","transform":{"x":22,"y":-6}},{"name":"fm0007","transform":{"x":22,"y":-6}},{"name":"fm0008","transform":{"x":22,"y":-6}},{"name":"fm0009","transform":{"x":22,"y":-6}},{"name":"fm0010","transform":{"x":22,"y":-6}},{"name":"fm0011","transform":{"x":22,"y":-6}},{"name":"fm0012","transform":{"x":22,"y":-6}}]}]}],"animation":[{"duration":12,"playTimes":0,"name":"honeyAdd","slot":[{"name":"sheetSlot","displayFrame":[{},{"value":1},{"value":2},{"value":3},{"value":4},{"value":5},{"value":6},{"value":7},{"value":8},{"value":9},{"value":10},{"value":11}]}]}],"defaultActions":[{"gotoAndPlay":"honeyAdd"}]}]}