{"SubTexture":[{"frameHeight":239,"y":378,"frameWidth":268,"frameX":-47,"width":127,"frameY":-68,"height":114,"name":"fm0003","x":245},{"frameHeight":239,"y":259,"frameWidth":268,"frameX":-47,"width":127,"frameY":-63,"height":127,"name":"fm0006","x":1},{"frameHeight":239,"y":254,"frameWidth":268,"frameX":-51,"width":119,"frameY":-67,"height":122,"name":"fm0010","x":130},{"frameHeight":239,"y":1,"frameWidth":268,"frameX":-47,"width":127,"frameY":-63,"height":127,"name":"fm0005","x":1},{"frameHeight":239,"y":388,"frameWidth":268,"frameX":-50,"width":120,"frameY":-66,"height":121,"name":"fm0008","x":123},{"frameHeight":239,"y":130,"frameWidth":268,"frameX":-61,"width":102,"frameY":-82,"height":84,"name":"fm0002","x":251},{"frameHeight":239,"y":130,"frameWidth":268,"frameX":-47,"width":127,"frameY":-63,"height":127,"name":"fm0004","x":1},{"frameHeight":239,"y":1,"frameWidth":268,"frameX":-47,"width":127,"frameY":-63,"height":127,"name":"fm0007","x":130},{"frameHeight":239,"y":130,"frameWidth":268,"frameX":-51,"width":119,"frameY":-67,"height":122,"name":"fm0011","x":130},{"frameHeight":239,"y":378,"frameWidth":268,"frameX":-51,"width":119,"frameY":-67,"height":119,"name":"fm0012","x":374},{"frameHeight":239,"y":388,"frameWidth":268,"frameX":-50,"width":120,"frameY":-66,"height":121,"name":"fm0009","x":1},{"frameHeight":239,"y":1,"frameWidth":268,"frameX":-81,"width":61,"frameY":-93,"height":57,"name":"fm0001","x":259}],"width":512,"imagePath":"honeyAdd_tex.png","height":512,"name":"honeyAdd"}