{"SubTexture":[{"frameHeight":239,"y":1,"frameWidth":268,"frameX":-13,"width":242,"frameY":-8,"height":222,"name":"fm0043","x":1},{"frameHeight":239,"y":1,"frameWidth":268,"frameX":-10,"width":248,"frameY":-6,"height":202,"name":"fm0044","x":744},{"frameHeight":239,"y":211,"frameWidth":268,"frameX":-15,"width":236,"frameY":-18,"height":215,"name":"fm0039","x":245},{"frameHeight":239,"y":1,"frameWidth":268,"frameX":-13,"width":241,"frameY":-12,"height":213,"name":"fm0041","x":501},{"frameHeight":239,"y":423,"frameWidth":268,"frameX":-9,"width":218,"frameY":-26,"height":200,"name":"fm0037","x":483},{"frameHeight":239,"y":216,"frameWidth":268,"frameX":-13,"width":241,"frameY":-12,"height":205,"name":"fm0040","x":483},{"frameHeight":239,"y":225,"frameWidth":268,"frameX":-14,"width":238,"frameY":-11,"height":211,"name":"fm0042","x":1},{"frameHeight":239,"y":205,"frameWidth":268,"frameX":-2,"width":244,"frameY":-27,"height":205,"name":"fm0038","x":744},{"frameHeight":239,"y":1,"frameWidth":268,"frameX":-7,"width":254,"frameY":-3,"height":208,"name":"fm0045","x":245}],"width":1024,"imagePath":"honeyBoom_tex.png","height":1024,"name":"honeyBoom"}