{
    "frameRate": 24,
    "name": "honeyBoom",
    "version": "5.5",
    "compatibleVersion": "5.5",
    "armature": [
        {
            "type": "Sheet",
            "frameRate": 24,
            "name": "honeyBoom",
            "aabb": {
                "x": -110,
                "y": -129.5,
                "width": 268,
                "height": 239
            },
            "bone": [
                {
                    "name": "root"
                }
            ],
            "slot": [
                {
                    "name": "sheetSlot",
                    "parent": "root"
                }
            ],
            "skin": [
                {
                    "slot": [
                        {
                            "name": "sheetSlot",
                            "display": [
                                {
                                    "name": "fm0037",
                                    "transform": {
                                        "x": 24,
                                        "y": -10
                                    }
                                },
                                {
                                    "name": "fm0038",
                                    "transform": {
                                        "x": 24,
                                        "y": -10
                                    }
                                },
                                {
                                    "name": "fm0039",
                                    "transform": {
                                        "x": 24,
                                        "y": -10
                                    }
                                },
                                {
                                    "name": "fm0040",
                                    "transform": {
                                        "x": 24,
                                        "y": -10
                                    }
                                },
                                {
                                    "name": "fm0041",
                                    "transform": {
                                        "x": 24,
                                        "y": -10
                                    }
                                },
                                {
                                    "name": "fm0042",
                                    "transform": {
                                        "x": 24,
                                        "y": -10
                                    }
                                },
                                {
                                    "name": "fm0043",
                                    "transform": {
                                        "x": 24,
                                        "y": -10
                                    }
                                },
                                {
                                    "name": "fm0044",
                                    "transform": {
                                        "x": 24,
                                        "y": -10
                                    }
                                },
                                {
                                    "name": "fm0045",
                                    "transform": {
                                        "x": 24,
                                        "y": -10
                                    }
                                }
                            ]
                        }
                    ]
                }
            ],
            "animation": [
                {
                    "duration": 9,
                    "playTimes": 0,
                    "name": "honeyBoom",
                    "slot": [
                        {
                            "name": "sheetSlot",
                            "displayFrame": [
                                {},
                                {
                                    "value": 1
                                },
                                {
                                    "value": 2
                                },
                                {
                                    "value": 3
                                },
                                {
                                    "value": 4
                                },
                                {
                                    "value": 5
                                },
                                {
                                    "value": 6
                                },
                                {
                                    "value": 7
                                },
                                {
                                    "value": 8
                                }
                            ]
                        }
                    ]
                }
            ],
            "defaultActions": [
                {
                    "gotoAndPlay": "honeyBoom"
                }
            ]
        }
    ]
}