{"width":1024,"imagePath":"huojian02_tex.png","height":1024,"name":"huojian02","SubTexture":[{"width":600,"y":1,"height":588,"name":"4a9544d868832ba89217965e8597c8f1ad9cfdbf1322b-5slRPL_fw658","x":1},{"frameHeight":102,"y":105,"frameWidth":107,"frameX":-5,"width":101,"frameY":-3,"height":99,"name":"huojian_down_00038","x":820},{"frameHeight":102,"y":105,"frameWidth":107,"frameX":0,"width":106,"frameY":0,"height":102,"name":"huojian_down_00040","x":603},{"frameHeight":102,"y":204,"frameWidth":107,"frameX":0,"width":107,"frameY":0,"height":93,"name":"huojian_down_00050","x":711},{"width":107,"y":1,"height":102,"name":"huojian_down_00042","x":821},{"frameHeight":102,"y":105,"frameWidth":107,"frameX":0,"width":107,"frameY":0,"height":97,"name":"huojian_down_00048","x":711},{"width":107,"y":1,"height":102,"name":"huojian_down_00046","x":712},{"width":107,"y":1,"height":102,"name":"huojian_down_00044","x":603},{"frameHeight":102,"y":206,"frameWidth":107,"frameX":0,"width":107,"frameY":0,"height":83,"name":"huojian_down_00052","x":820},{"frameHeight":102,"y":266,"frameWidth":107,"frameX":-11,"width":77,"frameY":-6,"height":83,"name":"huojian_up_00040","x":929},{"frameHeight":102,"y":1,"frameWidth":107,"frameX":-7,"width":93,"frameY":-9,"height":77,"name":"huojian_up_00050","x":930},{"frameHeight":102,"y":351,"frameWidth":107,"frameX":-16,"width":78,"frameY":-14,"height":76,"name":"huojian_up_00042","x":929},{"frameHeight":102,"y":190,"frameWidth":107,"frameX":-9,"width":90,"frameY":-11,"height":74,"name":"huojian_up_00048","x":929},{"frameHeight":102,"y":299,"frameWidth":107,"frameX":-38,"width":39,"frameY":-35,"height":37,"name":"huojian_up_00056","x":888},{"frameHeight":102,"y":291,"frameWidth":107,"frameX":-22,"width":66,"frameY":-21,"height":65,"name":"huojian_up_00038","x":820},{"frameHeight":102,"y":105,"frameWidth":107,"frameX":-12,"width":87,"frameY":-13,"height":83,"name":"huojian_up_00046","x":923},{"frameHeight":102,"y":209,"frameWidth":107,"frameX":-6,"width":95,"frameY":-8,"height":73,"name":"huojian_up_00052","x":603},{"frameHeight":102,"y":284,"frameWidth":107,"frameX":-14,"width":83,"frameY":-13,"height":82,"name":"huojian_up_00044","x":603},{"frameHeight":102,"y":338,"frameWidth":107,"frameX":-37,"width":29,"frameY":-36,"height":32,"name":"huojian_up_00060","x":888}]}