{"width":1024,"imagePath":"huojian1_tex.png","SubTexture":[{"frameWidth":314,"y":1,"frameX":-4,"frameHeight":315,"frameY":0,"width":308,"height":310,"name":"hj_yuanbao_015","x":1},{"frameWidth":314,"y":623,"frameX":-46,"frameHeight":315,"frameY":-20,"width":245,"height":270,"name":"hj_yuanbao_021","x":579},{"frameWidth":314,"y":1,"frameX":-10,"frameHeight":315,"frameY":-4,"width":294,"height":302,"name":"hj_yuanbao_017","x":311},{"frameWidth":314,"y":313,"frameX":-2,"frameHeight":315,"frameY":0,"width":309,"height":308,"name":"hj_yuanbao_013","x":1},{"frameWidth":314,"y":517,"frameX":-111,"frameHeight":315,"frameY":-216,"width":155,"height":32,"name":"hj_yuanbao_023","x":539},{"frameWidth":314,"y":305,"frameX":-44,"frameHeight":315,"frameY":-40,"width":225,"height":226,"name":"hj_yuanbao_011","x":312},{"frameWidth":314,"y":623,"frameX":-25,"frameHeight":315,"frameY":-12,"width":274,"height":290,"name":"hj_yuanbao_019","x":303},{"width":187,"y":305,"height":209,"name":"hj_cibao_011","x":751},{"width":179,"y":516,"height":182,"name":"hj_Light_Decal","x":826},{"width":210,"y":305,"height":210,"name":"hj_shizi01_010","x":539},{"width":114,"y":862,"height":127,"name":"hj_xx_011","x":826},{"width":300,"y":623,"height":294,"name":"hj_guangmang","x":1},{"width":160,"y":700,"height":160,"name":"hj_yuanquangongyong","x":826}],"height":1024,"name":"huojian1"}