{"width":256,"imagePath":"huojian_weiba_tex.png","name":"huojian_weiba","SubTexture":[{"frameY":-5,"y":1,"frameWidth":90,"frameHeight":120,"width":81,"height":113,"name":"hj_penhuo_013","frameX":-5,"x":1},{"frameY":-5,"y":116,"frameWidth":90,"frameHeight":120,"width":80,"height":112,"name":"hj_penhuo_017","frameX":-6,"x":1},{"frameY":-5,"y":116,"frameWidth":90,"frameHeight":120,"width":81,"height":110,"name":"hj_penhuo_015","frameX":-5,"x":83},{"frameY":-6,"y":1,"frameWidth":90,"frameHeight":120,"width":80,"height":110,"name":"hj_penhuo_019","frameX":-6,"x":84},{"frameY":-6,"y":116,"frameWidth":90,"frameHeight":120,"width":80,"height":111,"name":"hj_penhuo_011","frameX":-6,"x":166}],"height":256}