{"frameRate":24,"name":"huojian_weiba","version":"5.5","compatibleVersion":"5.5","armature":[{"type":"Armature","frameRate":24,"name":"huojian_weiba","aabb":{"x":-45,"y":-40,"width":90,"height":120},"bone":[{"name":"root"},{"name":"bone","parent":"root"}],"slot":[{"name":"bone","parent":"bone"}],"skin":[{"slot":[{"name":"bone","display":[{"name":"hj_penhuo_011","transform":{"y":20}},{"name":"hj_penhuo_013","transform":{"y":20}},{"name":"hj_penhuo_015","transform":{"y":20}},{"name":"hj_penhuo_017","transform":{"y":20}},{"name":"hj_penhuo_019","transform":{"y":20}}]}]}],"animation":[{"duration":8,"playTimes":0,"name":"newAnimation","slot":[{"name":"bone","displayFrame":[{"duration":2},{"duration":2,"value":1},{"duration":2,"value":2},{"duration":2,"value":3},{"duration":0,"value":4}]}]}],"defaultActions":[{"gotoAndPlay":"newAnimation"}]}]}