{"imagePath":"huojian.png","width":1024,"height":1024,"name":"huojian","SubTexture":[{"frameY":-20,"y":623,"frameWidth":314,"frameHeight":315,"width":245,"height":270,"name":"hj_yuanbao_021","frameX":-46,"x":579},{"frameY":-4,"y":1,"frameWidth":314,"frameHeight":315,"width":294,"height":302,"name":"hj_yuanbao_017","frameX":-10,"x":311},{"frameY":0,"y":313,"frameWidth":314,"frameHeight":315,"width":309,"height":308,"name":"hj_yuanbao_013","frameX":-2,"x":1},{"frameY":0,"y":1,"frameWidth":314,"frameHeight":315,"width":308,"height":310,"name":"hj_yuanbao_015","frameX":-4,"x":1},{"frameY":-40,"y":305,"frameWidth":314,"frameHeight":315,"width":225,"height":226,"name":"hj_yuanbao_011","frameX":-44,"x":312},{"frameY":-216,"y":529,"frameWidth":314,"frameHeight":315,"width":155,"height":32,"name":"hj_yuanbao_023","frameX":-111,"x":539},{"frameY":-12,"y":623,"frameWidth":314,"frameHeight":315,"width":274,"height":290,"name":"hj_yuanbao_019","frameX":-25,"x":303},{"width":187,"y":305,"height":209,"name":"hj_cibao_011","x":765},{"width":179,"y":516,"height":182,"name":"hj_Light_Decal","x":826},{"width":224,"y":305,"height":222,"name":"hj_shizi01_010","x":539},{"width":114,"y":862,"height":127,"name":"hj_xx_011","x":826},{"width":300,"y":623,"height":294,"name":"hj_guangmang","x":1},{"width":160,"y":700,"height":160,"name":"hj_yuanquangongyong","x":826}]}