{"frameRate":24,"name":"huojian","version":"5.5","compatibleVersion":"5.5","armature":[{"type":"Armature","frameRate":24,"name":"huojian","bone":[{"name":"root"},{"name":"cibao","parent":"root","transform":{"x":-84.5371,"y":25.643}},{"name":"ciquan","parent":"root"},{"name":"shizi","parent":"root","transform":{"x":195.5054,"y":-124.5475}},{"name":"xingxing1","parent":"root","transform":{"x":-0.0909,"y":-151.8274}},{"name":"xingbao1","parent":"root","transform":{"x":107.6512,"y":118.7415}},{"name":"gaungmang","parent":"root","transform":{"y":240.3451}},{"name":"yuanquan","parent":"root"},{"name":"xingbao11","parent":"root","transform":{"x":107.6512,"y":118.7415}},{"name":"xingxing11","parent":"root","transform":{"x":-0.0909,"y":-151.8274}},{"name":"xingxing12","parent":"root","transform":{"x":-0.0909,"y":-151.8274}},{"name":"xingxing121","parent":"root","transform":{"x":-0.0909,"y":-151.8274}},{"name":"xingxing1211","parent":"root","transform":{"x":-0.0909,"y":-151.8274}},{"name":"xingxing12111","parent":"root","transform":{"x":-0.0909,"y":-151.8274}},{"name":"xingxing121111","parent":"root","transform":{"x":-0.0909,"y":-151.8274}}],"slot":[{"displayIndex":-1,"name":"hj_yuanbao_0101","parent":"xingbao11"},{"displayIndex":-1,"name":"hj_cibao_011","parent":"cibao"},{"displayIndex":-1,"name":"hj_Light_Decal","parent":"ciquan"},{"blendMode":"add","displayIndex":-1,"name":"hj_shizi01_010","parent":"shizi"},{"blendMode":"add","displayIndex":-1,"name":"hj_xx_011","parent":"xingxing1"},{"blendMode":"add","displayIndex":-1,"name":"hj_yuanbao_010","parent":"xingbao1"},{"displayIndex":-1,"name":"hj_guangmang","parent":"gaungmang"},{"blendMode":"add","displayIndex":-1,"name":"hj_yuanquangongyong","parent":"yuanquan"},{"blendMode":"add","displayIndex":-1,"name":"hj_xx_0111","parent":"xingxing11"},{"blendMode":"add","displayIndex":-1,"name":"hj_xx_0112","parent":"xingxing12"},{"blendMode":"add","displayIndex":-1,"name":"hj_xx_01121","parent":"xingxing121"},{"blendMode":"add","displayIndex":-1,"name":"hj_xx_011211","parent":"xingxing1211"},{"blendMode":"add","displayIndex":-1,"name":"hj_xx_0112111","parent":"xingxing12111"},{"blendMode":"add","displayIndex":-1,"name":"hj_xx_01121111","parent":"xingxing121111"}],"skin":[{"slot":[{"name":"hj_cibao_011","display":[{"name":"hj_cibao_011","transform":{"x":1.04,"y":-11.14}}]},{"name":"hj_yuanbao_010","display":[{"name":"hj_yuanbao_023"},{"name":"hj_yuanbao_021"},{"name":"hj_yuanbao_019"},{"name":"hj_yuanbao_017"},{"name":"hj_yuanbao_015"},{"name":"hj_yuanbao_013"},{"name":"hj_yuanbao_011"}]},{"name":"hj_xx_0112111","display":[{"name":"hj_xx_011","transform":{"x":0.09,"y":-1.24}}]},{"name":"hj_xx_011","display":[{"name":"hj_xx_011","transform":{"x":0.09,"y":-1.24}}]},{"name":"hj_xx_01121","display":[{"name":"hj_xx_011","transform":{"x":0.09,"y":-1.24}}]},{"name":"hj_xx_0111","display":[{"name":"hj_xx_011","transform":{"x":0.09,"y":-1.24}}]},{"name":"hj_Light_Decal","display":[{"name":"hj_Light_Decal"}]},{"name":"hj_yuanbao_0101","display":[{"name":"hj_yuanbao_023"},{"name":"hj_yuanbao_021"},{"name":"hj_yuanbao_019"},{"name":"hj_yuanbao_017"},{"name":"hj_yuanbao_015"},{"name":"hj_yuanbao_013"},{"name":"hj_yuanbao_011"}]},{"name":"hj_yuanquangongyong","display":[{"name":"hj_yuanquangongyong"}]},{"name":"hj_xx_01121111","display":[{"name":"hj_xx_011","transform":{"x":0.09,"y":-1.24}}]},{"name":"hj_xx_0112","display":[{"name":"hj_xx_011","transform":{"x":0.09,"y":-1.24}}]},{"name":"hj_xx_011211","display":[{"name":"hj_xx_011","transform":{"x":0.09,"y":-1.24}}]},{"name":"hj_shizi01_010","display":[{"name":"hj_shizi01_010","transform":{"x":-0.6,"y":-0.03}}]},{"name":"hj_guangmang","display":[{"name":"hj_guangmang","transform":{"x":0.98,"y":-2.61}}]}]}],"animation":[{"duration":28,"playTimes":0,"name":"huojian01","bone":[{"name":"cibao","translateFrame":[{"duration":2},{"duration":26,"x":84.54,"y":-25.64}],"scaleFrame":[{"duration":2},{"duration":18,"curve":[0,0,0.35365853658536583,1],"x":1.27,"y":1.27},{"duration":8,"x":2.05,"y":2.05}]},{"name":"ciquan","scaleFrame":[{"duration":10,"curve":[0,0,0.18292682926829268,0.9912280701754386],"x":1.12,"y":1.12},{"duration":18,"x":2.01,"y":2.01}]},{"name":"shizi","translateFrame":[{"duration":28,"x":-196.32,"y":122.82}],"scaleFrame":[{"duration":5,"curve":[0,0,0.1097560975609756,0.9824561403508771],"x":0.97,"y":0.97},{"duration":16,"tweenEasing":0,"x":1.03,"y":1.03},{"duration":7,"x":1.06,"y":1.06}]},{"name":"xingxing1","translateFrame":[{"duration":2},{"duration":19,"curve":[0,0,0.36341463414634145,1.0087719298245614],"x":19.65,"y":159.65},{"duration":7,"x":108.09,"y":164.83}],"scaleFrame":[{"duration":2},{"duration":19,"curve":[0,0,0.5,1],"x":0.68,"y":0.68},{"duration":7,"x":0.29,"y":0.29}]},{"name":"xingbao1","translateFrame":[{"duration":28,"x":-107.65,"y":-118.74}]},{"name":"gaungmang","translateFrame":[{"duration":28,"y":-240.35}],"scaleFrame":[{"duration":10,"tweenEasing":0,"x":0.72,"y":0.72},{"duration":18,"x":1.25,"y":1.25}]},{"name":"yuanquan","scaleFrame":[{"duration":28,"curve":[0,0,0.012195121951219468,0.9912280701754385],"x":0.99,"y":0.99},{"duration":0,"x":3,"y":3}]},{"name":"xingbao11","translateFrame":[{"duration":28,"x":-107.65,"y":-118.74}]},{"name":"xingxing11","translateFrame":[{"duration":3},{"duration":19,"curve":[0,0,0.36341463414634145,1.0087719298245614],"x":-21.55,"y":135.47},{"duration":6,"x":-56.87,"y":121.65}],"scaleFrame":[{"duration":3},{"duration":19,"curve":[0,0,0.5,1],"x":0.68,"y":0.68},{"duration":6,"x":0.29,"y":0.29}]},{"name":"xingxing12","translateFrame":[{"duration":4},{"duration":19,"curve":[0,0,0.36341463414634145,1.0087719298245614],"x":-25.78,"y":183.84},{"duration":5,"x":-82.78,"y":243.43}],"scaleFrame":[{"duration":4},{"duration":19,"curve":[0,0,0.5,1],"x":0.91,"y":0.91},{"duration":5,"x":0.36,"y":0.36}]},{"name":"xingxing121","translateFrame":[{"duration":5},{"duration":19,"curve":[0,0,0.36341463414634145,1.0087719298245614],"x":21.38,"y":135.34},{"duration":4,"x":69.22,"y":84.47}],"scaleFrame":[{"duration":5},{"duration":19,"curve":[0,0,0.5,1],"x":0.35,"y":0.35},{"duration":4,"x":0.19,"y":0.19}]},{"name":"xingxing1211","translateFrame":[{"duration":6},{"duration":19,"curve":[0,0,0.36341463414634145,1.0087719298245614],"x":-10.28,"y":116.47},{"duration":3,"x":-60.37,"y":53.38}],"scaleFrame":[{"duration":6},{"duration":19,"curve":[0,0,0.5,1],"x":0.68,"y":0.68},{"duration":3,"x":0.29,"y":0.29}]},{"name":"xingxing12111","translateFrame":[{"duration":2},{"duration":19,"curve":[0,0,0.36341463414634145,1.0087719298245614],"x":17.92,"y":171.74},{"duration":7,"x":61.45,"y":232.2}],"scaleFrame":[{"duration":2},{"duration":19,"curve":[0,0,0.5,1],"x":0.68,"y":0.68},{"duration":7,"x":0.29,"y":0.29}]},{"name":"xingxing121111","translateFrame":[{"duration":2},{"duration":19,"curve":[0,0,0.36341463414634145,1.0087719298245614],"x":5.83,"y":163.11},{"duration":7,"x":16.54,"y":220.15}],"scaleFrame":[{"duration":2},{"duration":19,"curve":[0,0,0.5,1],"x":0.3,"y":0.3},{"duration":7,"x":0.2,"y":0.2}]}],"slot":[{"name":"hj_cibao_011","displayFrame":[{"duration":2,"value":-1},{"duration":26}],"colorFrame":[{"duration":2},{"duration":6,"tweenEasing":0,"value":{"aM":20}},{"duration":12,"curve":[0,0,0.5,1],"value":{"aM":20}},{"duration":8,"value":{"aM":0}}]},{"name":"hj_Light_Decal","displayFrame":[{"duration":28}],"colorFrame":[{"duration":10,"tweenEasing":0,"value":{"aM":85}},{"duration":18,"value":{"aM":0}}]},{"name":"hj_shizi01_010","displayFrame":[{"duration":28}],"colorFrame":[{"duration":8,"tweenEasing":0,"value":{"aM":30}},{"duration":13,"curve":[0,0,0.5,1],"value":{"aM":35}},{"duration":7,"value":{"aM":0}}]},{"name":"hj_xx_011","displayFrame":[{"duration":2,"value":-1},{"duration":20},{"duration":6,"value":-1}],"colorFrame":[{"duration":14},{"duration":7,"tweenEasing":0},{"duration":7,"value":{"aM":0}}]},{"name":"hj_yuanbao_010","displayFrame":[{"duration":2,"value":6},{"duration":2,"value":5},{"duration":2,"value":4},{"duration":2,"value":3},{"duration":2,"value":2},{"duration":2,"value":1},{"duration":2},{"duration":14,"value":-1}],"colorFrame":[{"duration":28,"value":{"aM":20}}]},{"name":"hj_guangmang","displayFrame":[{"duration":28}],"colorFrame":[{"duration":10,"tweenEasing":0,"value":{"gM":72,"bM":34}},{"duration":10,"tweenEasing":0,"value":{"aM":50,"gM":72,"bM":34}},{"duration":8,"value":{"aM":0,"gM":72,"bM":34}}]},{"name":"hj_yuanquangongyong","displayFrame":[{"duration":28}],"colorFrame":[{"duration":6,"tweenEasing":0,"value":{"aM":50,"gM":43,"bM":0}},{"duration":22,"curve":[0,0,0.5,1],"value":{"aM":69,"gM":43,"bM":0}},{"duration":0,"value":{"aM":0,"gM":43,"bM":0}}]},{"name":"hj_yuanbao_0101","displayFrame":[{"duration":2,"value":6},{"duration":2,"value":5},{"duration":2,"value":4},{"duration":2,"value":3},{"duration":2,"value":2},{"duration":2,"value":1},{"duration":2},{"duration":14,"value":-1}],"colorFrame":[{"duration":28,"value":{"aM":1}}]},{"name":"hj_xx_0111","displayFrame":[{"duration":3,"value":-1},{"duration":20},{"duration":5,"value":-1}],"colorFrame":[{"duration":15},{"duration":7,"tweenEasing":0},{"duration":6,"value":{"aM":0}}]},{"name":"hj_xx_0112","displayFrame":[{"duration":4,"value":-1},{"duration":20},{"duration":4,"value":-1}],"colorFrame":[{"duration":16},{"duration":7,"tweenEasing":0},{"duration":5,"value":{"aM":0}}]},{"name":"hj_xx_01121","displayFrame":[{"duration":5,"value":-1},{"duration":20},{"duration":3,"value":-1}],"colorFrame":[{"duration":17},{"duration":7,"tweenEasing":0},{"duration":4,"value":{"aM":0}}]},{"name":"hj_xx_011211","displayFrame":[{"duration":6,"value":-1},{"duration":20},{"duration":2,"value":-1}],"colorFrame":[{"duration":18},{"duration":7,"tweenEasing":0},{"duration":3,"value":{"aM":0}}]},{"name":"hj_xx_0112111","displayFrame":[{"duration":2,"value":-1},{"duration":20},{"duration":6,"value":-1}],"colorFrame":[{"duration":14},{"duration":7,"tweenEasing":0},{"duration":7,"value":{"aM":0}}]},{"name":"hj_xx_01121111","displayFrame":[{"duration":2,"value":-1},{"duration":20},{"duration":6,"value":-1}],"colorFrame":[{"duration":14},{"duration":7,"tweenEasing":0},{"duration":7,"value":{"aM":0}}]}],"zOrder":{"frame":[{"duration":28,"zOrder":[6,-6,8,2,9,4]}]}}],"defaultActions":[{"gotoAndPlay":"huojian01"}]}]}