{"frameRate":24,"name":"huojian02","version":"5.5","compatibleVersion":"5.5","armature":[{"type":"Armature","frameRate":24,"name":"huojian02","aabb":{"x":-300.42,"y":-292.24,"width":906.56,"height":588},"bone":[{"name":"root"},{"name":"guang","parent":"root"},{"name":"bone","parent":"root","transform":{"x":518.0173,"y":-157.2043}},{"name":"bone1","parent":"root","transform":{"x":552.6466,"y":99.0568}}],"slot":[{"name":"4a9544d868832ba89217965e8597c8f1ad9cfdbf1322b-5slRPL_fw658","parent":"guang"},{"name":"huojian_down_00038","parent":"bone"},{"blendMode":"add","name":"huojian_up_00038","parent":"bone1"}],"skin":[{"slot":[{"name":"4a9544d868832ba89217965e8597c8f1ad9cfdbf1322b-5slRPL_fw658","display":[{"name":"4a9544d868832ba89217965e8597c8f1ad9cfdbf1322b-5slRPL_fw658","transform":{"x":-0.42,"y":1.76}}]},{"name":"huojian_down_00038","display":[{"name":"huojian_down_00038"},{"name":"huojian_down_00052"},{"name":"huojian_down_00050"},{"name":"huojian_down_00048"},{"name":"huojian_down_00046"},{"name":"huojian_down_00044"},{"name":"huojian_down_00042"},{"name":"huojian_down_00040"}]},{"name":"huojian_up_00038","display":[{"name":"huojian_up_00038"},{"name":"huojian_up_00060"},{"name":"huojian_up_00056"},{"name":"huojian_up_00052"},{"name":"huojian_up_00050"},{"name":"huojian_up_00048"},{"name":"huojian_up_00046"},{"name":"huojian_up_00044"},{"name":"huojian_up_00042"},{"name":"huojian_up_00040"}]}]}],"animation":[{"duration":20,"playTimes":0,"name":"newAnimation","bone":[{"name":"guang","scaleFrame":[{"duration":20,"x":0.39,"y":0.39}]},{"name":"bone","translateFrame":[{"duration":20,"x":-523.77,"y":148.77}],"scaleFrame":[{"duration":20,"x":2,"y":2}]},{"name":"bone1","translateFrame":[{"duration":20,"x":-558.4,"y":-107.49}],"scaleFrame":[{"duration":20,"x":2,"y":2}]}],"slot":[{"name":"4a9544d868832ba89217965e8597c8f1ad9cfdbf1322b-5slRPL_fw658","colorFrame":[{"duration":12,"curve":[0.28048780487804875,-0.018072289156626505,0.6463414634146342,0.963855421686747],"value":{"rM":79,"gM":79,"bM":79}},{"duration":8,"value":{"aM":0,"rM":59,"gM":59,"bM":59}}]},{"name":"huojian_down_00038","displayFrame":[{"duration":2},{"duration":2,"value":7},{"duration":2,"value":6},{"duration":2,"value":5},{"duration":2,"value":4},{"duration":2,"value":3},{"duration":2,"value":2},{"duration":2,"value":1},{"duration":4,"value":-1}]},{"name":"huojian_up_00038","displayFrame":[{"duration":2},{"duration":2,"value":9},{"duration":2,"value":8},{"duration":2,"value":7},{"duration":2,"value":6},{"duration":2,"value":5},{"duration":2,"value":4},{"duration":2,"value":3},{"duration":2,"value":2},{"duration":2,"value":1},{"duration":0,"value":-1}]}]}],"defaultActions":[{"gotoAndPlay":"newAnimation"}]}]}