{
    "frameRate": 24,
    "name": "iceCoagulation",
    "version": "5.5",
    "compatibleVersion": "5.5",
    "armature": [
        {
            "type": "Sheet",
            "frameRate": 24,
            "name": "iceCoagulation",
            "aabb": {
                "x": -130,
                "y": -123,
                "width": 256,
                "height": 256
            },
            "bone": [
                {
                    "name": "root"
                }
            ],
            "slot": [
                {
                    "displayIndex": 24,
                    "name": "sheetSlot",
                    "parent": "root"
                }
            ],
            "skin": [
                {
                    "slot": [
                        {
                            "name": "sheetSlot",
                            "display": [
                                {
                                    "name": "0_00000"
                                },
                                {
                                    "name": "0_00001"
                                },
                                {
                                    "name": "0_00002"
                                },
                                {
                                    "name": "0_00003"
                                },
                                {
                                    "name": "0_00004"
                                },
                                {
                                    "name": "0_00005"
                                },
                                {
                                    "name": "0_00006"
                                },
                                {
                                    "name": "0_00007"
                                },
                                {
                                    "name": "0_00008"
                                },
                                {
                                    "name": "0_00009"
                                },
                                {
                                    "name": "0_00010"
                                },
                                {
                                    "name": "0_00011"
                                },
                                {
                                    "name": "0_00012"
                                },
                                {
                                    "name": "0_00013"
                                },
                                {
                                    "name": "0_00014"
                                },
                                {
                                    "name": "0_00015"
                                },
                                {
                                    "name": "0_00016"
                                },
                                {
                                    "name": "0_00017"
                                },
                                {
                                    "name": "0_00018"
                                },
                                {
                                    "name": "0_00019"
                                },
                                {
                                    "name": "0_00020"
                                },
                                {
                                    "name": "0_00021"
                                },
                                {
                                    "name": "0_00022"
                                },
                                {
                                    "name": "0_00023"
                                },
                                {
                                    "name": "0_00024",
                                    "transform": {
                                        "x": -2,
                                        "y": 5
                                    }
                                }
                            ]
                        }
                    ]
                }
            ],
            "animation": [
                {
                    "duration": 25,
                    "playTimes": 0,
                    "name": "iceCoagulation",
                    "slot": [
                        {
                            "name": "sheetSlot",
                            "displayFrame": [
                                {},
                                {
                                    "value": 1
                                },
                                {
                                    "value": 2
                                },
                                {
                                    "value": 3
                                },
                                {
                                    "value": 4
                                },
                                {
                                    "value": 5
                                },
                                {
                                    "value": 6
                                },
                                {
                                    "value": 7
                                },
                                {
                                    "value": 8
                                },
                                {
                                    "value": 9
                                },
                                {
                                    "value": 10
                                },
                                {
                                    "value": 11
                                },
                                {
                                    "value": 12
                                },
                                {
                                    "value": 13
                                },
                                {
                                    "value": 14
                                },
                                {
                                    "value": 15
                                },
                                {
                                    "value": 16
                                },
                                {
                                    "value": 17
                                },
                                {
                                    "value": 18
                                },
                                {
                                    "value": 19
                                },
                                {
                                    "value": 20
                                },
                                {
                                    "value": 21
                                },
                                {
                                    "value": 22
                                },
                                {
                                    "value": 23
                                },
                                {
                                    "value": 24
                                }
                            ]
                        }
                    ]
                }
            ],
            "defaultActions": [
                {
                    "gotoAndPlay": "Sprite"
                }
            ]
        }
    ]
}