{
    "width": 1024,
    "imagePath": "iceCoagulation_tex.png",
    "height": 1024,
    "name": "iceCoagulation",
    "SubTexture": [
        {
            "frameHeight": 256,
            "y": 219,
            "frameX": -22,
            "width": 212,
            "frameY": -22,
            "height": 212,
            "name": "0_00005",
            "frameWidth": 256,
            "x": 1
        },
        {
            "frameHeight": 256,
            "y": 643,
            "frameX": -25,
            "width": 206,
            "frameY": -25,
            "height": 206,
            "name": "0_00004",
            "frameWidth": 256,
            "x": 1
        },
        {
            "frameHeight": 256,
            "y": 433,
            "frameX": -56,
            "width": 144,
            "frameY": -66,
            "height": 128,
            "name": "0_00011",
            "frameWidth": 256,
            "x": 211
        },
        {
            "frameHeight": 256,
            "y": 563,
            "frameX": -130,
            "width": 61,
            "frameY": -112,
            "height": 59,
            "name": "0_00022",
            "frameWidth": 256,
            "x": 211
        },
        {
            "frameHeight": 256,
            "y": 811,
            "frameX": -72,
            "width": 126,
            "frameY": -80,
            "height": 116,
            "name": "0_00017",
            "frameWidth": 256,
            "x": 831
        },
        {
            "frameHeight": 256,
            "y": 433,
            "frameX": -56,
            "width": 144,
            "frameY": -67,
            "height": 128,
            "name": "0_00012",
            "frameWidth": 256,
            "x": 357
        },
        {
            "frameHeight": 256,
            "y": 1,
            "frameX": -85,
            "width": 112,
            "frameY": -87,
            "height": 108,
            "name": "0_00019",
            "frameWidth": 256,
            "x": 909
        },
        {
            "frameHeight": 256,
            "y": 111,
            "frameX": -74,
            "width": 108,
            "frameY": -74,
            "height": 108,
            "name": "0_00000",
            "frameWidth": 256,
            "x": 909
        },
        {
            "frameHeight": 256,
            "y": 219,
            "frameX": -82,
            "width": 116,
            "frameY": -82,
            "height": 114,
            "name": "0_00018",
            "frameWidth": 256,
            "x": 215
        },
        {
            "frameHeight": 256,
            "y": 1,
            "frameX": -20,
            "width": 216,
            "frameY": -20,
            "height": 216,
            "name": "0_00006",
            "frameWidth": 256,
            "x": 1
        },
        {
            "frameHeight": 256,
            "y": 843,
            "frameX": -55,
            "width": 144,
            "frameY": -63,
            "height": 130,
            "name": "0_00008",
            "frameWidth": 256,
            "x": 391
        },
        {
            "frameHeight": 256,
            "y": 843,
            "frameX": -55,
            "width": 145,
            "frameY": -64,
            "height": 129,
            "name": "0_00009",
            "frameWidth": 256,
            "x": 684
        },
        {
            "frameHeight": 256,
            "y": 691,
            "frameX": -65,
            "width": 134,
            "frameY": -75,
            "height": 121,
            "name": "0_00015",
            "frameWidth": 256,
            "x": 643
        },
        {
            "frameHeight": 256,
            "y": 691,
            "frameX": -111,
            "width": 81,
            "frameY": -93,
            "height": 92,
            "name": "0_00021",
            "frameWidth": 256,
            "x": 409
        },
        {
            "frameHeight": 256,
            "y": 811,
            "frameX": -161,
            "width": 29,
            "frameY": -143,
            "height": 29,
            "name": "0_00023",
            "frameWidth": 256,
            "x": 779
        },
        {
            "frameHeight": 256,
            "y": 563,
            "frameX": -57,
            "width": 143,
            "frameY": -70,
            "height": 126,
            "name": "0_00013",
            "frameWidth": 256,
            "x": 409
        },
        {
            "frameHeight": 256,
            "y": 851,
            "frameX": -49,
            "width": 165,
            "frameY": -50,
            "height": 162,
            "name": "0_00001",
            "frameWidth": 256,
            "x": 1
        },
        {
            "frameHeight": 256,
            "y": 691,
            "frameX": -61,
            "width": 138,
            "frameY": -73,
            "height": 123,
            "name": "0_00014",
            "frameWidth": 256,
            "x": 503
        },
        {
            "frameHeight": 256,
            "y": 643,
            "frameX": -29,
            "width": 198,
            "frameY": -29,
            "height": 198,
            "name": "0_00003",
            "frameWidth": 256,
            "x": 209
        },
        {
            "frameHeight": 256,
            "y": 433,
            "frameX": -24,
            "width": 208,
            "frameY": -24,
            "height": 208,
            "name": "0_00007",
            "frameWidth": 256,
            "x": 1
        },
        {
            "frameHeight": 256,
            "y": 843,
            "frameX": -55,
            "width": 145,
            "frameY": -65,
            "height": 129,
            "name": "0_00010",
            "frameWidth": 256,
            "x": 537
        },
        {
            "frameHeight": 256,
            "y": 691,
            "frameX": -71,
            "width": 128,
            "frameY": -78,
            "height": 118,
            "name": "0_00016",
            "frameWidth": 256,
            "x": 779
        },
        {
            "frameHeight": 256,
            "y": 221,
            "frameX": -98,
            "width": 97,
            "frameY": -90,
            "height": 102,
            "name": "0_00020",
            "frameWidth": 256,
            "x": 909
        },
        {
            "frameHeight": 256,
            "y": 814,
            "frameX": -164,
            "width": 23,
            "frameY": -148,
            "height": 22,
            "name": "0_00024",
            "frameWidth": 256,
            "x": 643
        },
        {
            "frameHeight": 256,
            "y": 843,
            "frameX": -38,
            "width": 180,
            "frameY": -38,
            "height": 180,
            "name": "0_00002",
            "frameWidth": 256,
            "x": 209
        }
    ]
}