{
    "width": 2048,
    "imagePath": "icePieceBoom_tex.png",
    "height": 1024,
    "name": "icePieceBoom",
    "SubTexture": [
        {
            "frameHeight": 500,
            "y": 589,
            "frameX": -173,
            "width": 154,
            "frameY": -173,
            "height": 154,
            "name": "0_00000",
            "frameWidth": 500,
            "x": 810
        },
        {
            "frameHeight": 500,
            "y": 180,
            "frameX": -148,
            "width": 140,
            "frameY": -174,
            "height": 120,
            "name": "0_00014",
            "frameWidth": 500,
            "x": 527
        },
        {
            "frameHeight": 500,
            "y": 311,
            "frameX": -122,
            "width": 256,
            "frameY": -102,
            "height": 276,
            "name": "0_00002",
            "frameWidth": 500,
            "x": 589
        },
        {
            "frameHeight": 500,
            "y": 311,
            "frameX": -109,
            "width": 282,
            "frameY": -109,
            "height": 282,
            "name": "0_00003",
            "frameWidth": 500,
            "x": 305
        },
        {
            "frameHeight": 500,
            "y": 745,
            "frameX": -144,
            "width": 148,
            "frameY": -171,
            "height": 133,
            "name": "0_00013",
            "frameWidth": 500,
            "x": 810
        },
        {
            "frameHeight": 500,
            "y": 589,
            "frameX": -144,
            "width": 212,
            "frameY": -169,
            "height": 155,
            "name": "0_00010",
            "frameWidth": 500,
            "x": 596
        },
        {
            "frameHeight": 500,
            "y": 1,
            "frameX": -144,
            "width": 215,
            "frameY": -151,
            "height": 177,
            "name": "0_00008",
            "frameWidth": 500,
            "x": 527
        },
        {
            "frameHeight": 500,
            "y": 1,
            "frameX": -96,
            "width": 308,
            "frameY": -96,
            "height": 308,
            "name": "0_00006",
            "frameWidth": 500,
            "x": 1
        },
        {
            "frameHeight": 500,
            "y": 746,
            "frameX": -144,
            "width": 212,
            "frameY": -169,
            "height": 155,
            "name": "0_00011",
            "frameWidth": 500,
            "x": 596
        },
        {
            "frameHeight": 500,
            "y": 311,
            "frameX": -99,
            "width": 302,
            "frameY": -99,
            "height": 302,
            "name": "0_00005",
            "frameWidth": 500,
            "x": 1
        },
        {
            "frameHeight": 500,
            "y": 880,
            "frameX": -144,
            "width": 148,
            "frameY": -171,
            "height": 133,
            "name": "0_00012",
            "frameWidth": 500,
            "x": 810
        },
        {
            "frameHeight": 500,
            "y": 615,
            "frameX": -102,
            "width": 297,
            "frameY": -102,
            "height": 297,
            "name": "0_00007",
            "frameWidth": 500,
            "x": 1
        },
        {
            "frameHeight": 500,
            "y": 1,
            "frameX": -143,
            "width": 214,
            "frameY": -127,
            "height": 226,
            "name": "0_00001",
            "frameWidth": 500,
            "x": 311
        },
        {
            "frameHeight": 500,
            "y": 903,
            "frameX": -148,
            "width": 140,
            "frameY": -174,
            "height": 120,
            "name": "0_00015",
            "frameWidth": 500,
            "x": 596
        },
        {
            "frameHeight": 500,
            "y": 1,
            "frameX": -144,
            "width": 215,
            "frameY": -151,
            "height": 177,
            "name": "0_00009",
            "frameWidth": 500,
            "x": 744
        },
        {
            "frameHeight": 500,
            "y": 615,
            "frameX": -103,
            "width": 294,
            "frameY": -103,
            "height": 294,
            "name": "0_00004",
            "frameWidth": 500,
            "x": 300
        }
    ]
}