{
    "frameRate": 24,
    "name": "icePieceBoom",
    "version": "5.5",
    "compatibleVersion": "5.5",
    "armature": [
        {
            "type": "Sheet",
            "frameRate": 24,
            "name": "icePieceBoom",
            "aabb": {
                "x": -250,
                "y": -250,
                "width": 500,
                "height": 500
            },
            "bone": [
                {
                    "name": "root"
                }
            ],
            "slot": [
                {
                    "displayIndex": 7,
                    "name": "sheetSlot",
                    "parent": "root"
                }
            ],
            "skin": [
                {
                    "slot": [
                        {
                            "name": "sheetSlot",
                            "display": [
                                {
                                    "name": "0_00000"
                                },
                                {
                                    "name": "0_00001"
                                },
                                {
                                    "name": "0_00002"
                                },
                                {
                                    "name": "0_00003"
                                },
                                {
                                    "name": "0_00004"
                                },
                                {
                                    "name": "0_00005"
                                },
                                {
                                    "name": "0_00006"
                                },
                                {
                                    "name": "0_00007"
                                },
                                {
                                    "name": "0_00008"
                                },
                                {
                                    "name": "0_00009"
                                },
                                {
                                    "name": "0_00010"
                                },
                                {
                                    "name": "0_00011"
                                },
                                {
                                    "name": "0_00012"
                                },
                                {
                                    "name": "0_00013"
                                },
                                {
                                    "name": "0_00014"
                                },
                                {
                                    "name": "0_00015"
                                }
                            ]
                        }
                    ]
                }
            ],
            "animation": [
                {
                    "duration": 16,
                    "playTimes": 0,
                    "name": "icePieceBoom",
                    "slot": [
                        {
                            "name": "sheetSlot",
                            "displayFrame": [
                                {},
                                {
                                    "value": 1
                                },
                                {
                                    "value": 2
                                },
                                {
                                    "value": 3
                                },
                                {
                                    "value": 4
                                },
                                {
                                    "value": 5
                                },
                                {
                                    "value": 6
                                },
                                {
                                    "value": 7
                                },
                                {
                                    "value": 8
                                },
                                {
                                    "value": 9
                                },
                                {
                                    "value": 10
                                },
                                {
                                    "value": 11
                                },
                                {
                                    "value": 12
                                },
                                {
                                    "value": 13
                                },
                                {
                                    "value": 14
                                },
                                {
                                    "value": 15
                                }
                            ]
                        }
                    ]
                }
            ],
            "defaultActions": [
                {
                    "gotoAndPlay": "Sprite"
                }
            ]
        }
    ]
}