{
    "frameRate": 24,
    "name": "jiesuanxingbegin",
    "version": "5.5",
    "compatibleVersion": "5.5",
    "armature": [
        {
            "type": "Armature",
            "frameRate": 24,
            "name": "jiesuanxingbegin",
            "aabb": {
                "x": -80,
                "y": -84.5,
                "width": 160,
                "height": 169
            },
            "bone": [
                {
                    "name": "root"
                },
                {
                    "name": "xx",
                    "parent": "root"
                },
                {
                    "name": "gc",
                    "parent": "root",
                    "transform": {
                        "scX": 3,
                        "scY": 3
                    }
                },
                {
                    "name": "xk",
                    "parent": "root"
                },
                {
                    "name": "gc1",
                    "parent": "root",
                    "transform": {
                        "scX": -3,
                        "scY": 3
                    }
                },
                {
                    "name": "GUANGYUN",
                    "parent": "root",
                    "transform": {
                        "scX": 3.5,
                        "scY": 3.5
                    }
                },
                {
                    "name": "lizi011",
                    "parent": "root",
                    "transform": {
                        "skX": 75,
                        "skY": 75,
                        "scX": 0.9,
                        "scY": 0.9
                    }
                },
                {
                    "name": "lizi01",
                    "parent": "root"
                },
                {
                    "name": "lizi0111",
                    "parent": "root",
                    "transform": {
                        "skX": 75,
                        "skY": 75,
                        "scX": 0.6,
                        "scY": 0.6
                    }
                },
                {
                    "name": "lz_14",
                    "parent": "lizi01",
                    "transform": {
                        "skX": -58,
                        "skY": -58
                    }
                },
                {
                    "name": "lz_13",
                    "parent": "lizi01",
                    "transform": {
                        "skX": -126,
                        "skY": -126
                    }
                },
                {
                    "name": "lz_12",
                    "parent": "lizi01",
                    "transform": {
                        "skX": 143,
                        "skY": 143
                    }
                },
                {
                    "name": "lz_111",
                    "parent": "lizi01",
                    "transform": {
                        "skX": 38,
                        "skY": 38,
                        "scX": 0.8,
                        "scY": 0.8
                    }
                },
                {
                    "name": "lz_11",
                    "parent": "lizi01"
                },
                {
                    "name": "lz_15",
                    "parent": "lizi011"
                },
                {
                    "name": "lz_112",
                    "parent": "lizi011"
                },
                {
                    "name": "lz_121",
                    "parent": "lizi011",
                    "transform": {
                        "skX": 143,
                        "skY": 143
                    }
                },
                {
                    "name": "lz_131",
                    "parent": "lizi011",
                    "transform": {
                        "skX": -126,
                        "skY": -126
                    }
                },
                {
                    "name": "lz_141",
                    "parent": "lizi011",
                    "transform": {
                        "skX": -58,
                        "skY": -58
                    }
                },
                {
                    "name": "lz_1111",
                    "parent": "lizi011",
                    "transform": {
                        "skX": 38,
                        "skY": 38,
                        "scX": 0.8,
                        "scY": 0.8
                    }
                },
                {
                    "name": "lz_1",
                    "parent": "lizi01"
                },
                {
                    "name": "lz_151",
                    "parent": "lizi0111"
                },
                {
                    "name": "lz_1121",
                    "parent": "lizi0111"
                },
                {
                    "name": "lz_1211",
                    "parent": "lizi0111",
                    "transform": {
                        "skX": 143,
                        "skY": 143
                    }
                },
                {
                    "name": "lz_1311",
                    "parent": "lizi0111",
                    "transform": {
                        "skX": -126,
                        "skY": -126
                    }
                },
                {
                    "name": "lz_1411",
                    "parent": "lizi0111",
                    "transform": {
                        "skX": -58,
                        "skY": -58
                    }
                },
                {
                    "name": "lz_11111",
                    "parent": "lizi0111",
                    "transform": {
                        "skX": 38,
                        "skY": 38,
                        "scX": 0.8,
                        "scY": 0.8
                    }
                }
            ],
            "slot": [
                {
                    "name": "gc",
                    "parent": "gc"
                },
                {
                    "name": "gc1",
                    "parent": "gc1"
                },
                {
                    "blendMode": "add",
                    "name": "GUANGYUN",
                    "parent": "GUANGYUN",
                    "color": {
                        "aM": 50
                    }
                },
                {
                    "blendMode": "add",
                    "name": "BK01",
                    "parent": "xk"
                },
                {
                    "name": "XX",
                    "parent": "lz_1"
                },
                {
                    "name": "XX1",
                    "parent": "lz_11"
                },
                {
                    "name": "XX2",
                    "parent": "lz_12"
                },
                {
                    "name": "XX3",
                    "parent": "lz_13"
                },
                {
                    "name": "XX4",
                    "parent": "lz_14"
                },
                {
                    "name": "XX11",
                    "parent": "lz_111"
                },
                {
                    "name": "XX5",
                    "parent": "lz_15"
                },
                {
                    "name": "XX12",
                    "parent": "lz_112"
                },
                {
                    "name": "XX21",
                    "parent": "lz_121"
                },
                {
                    "name": "XX31",
                    "parent": "lz_131"
                },
                {
                    "name": "XX41",
                    "parent": "lz_141"
                },
                {
                    "name": "XX111",
                    "parent": "lz_1111"
                },
                {
                    "name": "XX51",
                    "parent": "lz_151"
                },
                {
                    "name": "XX121",
                    "parent": "lz_1121"
                },
                {
                    "name": "XX211",
                    "parent": "lz_1211"
                },
                {
                    "name": "XX311",
                    "parent": "lz_1311"
                },
                {
                    "name": "XX411",
                    "parent": "lz_1411"
                },
                {
                    "name": "XX1111",
                    "parent": "lz_11111"
                },
                {
                    "name": "XX01",
                    "parent": "xx"
                }
            ],
            "skin": [
                {
                    "slot": [
                        {
                            "name": "XX5",
                            "display": [
                                {
                                    "name": "BK"
                                }
                            ]
                        },
                        {
                            "name": "XX01",
                            "display": [
                                {
                                    "name": "XX01"
                                }
                            ]
                        },
                        {
                            "name": "BK01",
                            "display": [
                                {
                                    "name": "BK01",
                                    "transform": {
                                        "scX": 1.1,
                                        "scY": 1.1
                                    }
                                }
                            ]
                        },
                        {
                            "name": "XX21",
                            "display": [
                                {
                                    "name": "BK"
                                }
                            ]
                        },
                        {
                            "name": "XX411",
                            "display": [
                                {
                                    "name": "BK"
                                }
                            ]
                        },
                        {
                            "name": "XX1",
                            "display": [
                                {
                                    "name": "XX"
                                }
                            ]
                        },
                        {
                            "name": "XX41",
                            "display": [
                                {
                                    "name": "BK"
                                }
                            ]
                        },
                        {
                            "name": "XX3",
                            "display": [
                                {
                                    "name": "XX"
                                }
                            ]
                        },
                        {
                            "name": "gc",
                            "display": [
                                {
                                    "name": "gc01"
                                }
                            ]
                        },
                        {
                            "name": "gc1",
                            "display": [
                                {
                                    "name": "gc01"
                                }
                            ]
                        },
                        {
                            "name": "XX11",
                            "display": [
                                {
                                    "name": "XX"
                                }
                            ]
                        },
                        {
                            "name": "XX121",
                            "display": [
                                {
                                    "name": "BK"
                                }
                            ]
                        },
                        {
                            "name": "XX211",
                            "display": [
                                {
                                    "name": "BK"
                                }
                            ]
                        },
                        {
                            "name": "XX12",
                            "display": [
                                {
                                    "name": "BK"
                                }
                            ]
                        },
                        {
                            "name": "XX311",
                            "display": [
                                {
                                    "name": "BK"
                                }
                            ]
                        },
                        {
                            "name": "XX",
                            "display": [
                                {
                                    "name": "XX"
                                }
                            ]
                        },
                        {
                            "name": "XX31",
                            "display": [
                                {
                                    "name": "BK"
                                }
                            ]
                        },
                        {
                            "name": "XX1111",
                            "display": [
                                {
                                    "name": "BK"
                                }
                            ]
                        },
                        {
                            "name": "XX2",
                            "display": [
                                {
                                    "name": "XX"
                                }
                            ]
                        },
                        {
                            "name": "XX111",
                            "display": [
                                {
                                    "name": "BK"
                                }
                            ]
                        },
                        {
                            "name": "XX4",
                            "display": [
                                {
                                    "name": "XX"
                                }
                            ]
                        },
                        {
                            "name": "XX51",
                            "display": [
                                {
                                    "name": "BK"
                                }
                            ]
                        },
                        {
                            "name": "GUANGYUN",
                            "display": [
                                {
                                    "name": "GUANGYUN"
                                }
                            ]
                        }
                    ]
                }
            ],
            "animation": [
                {
                    "duration": 67,
                    "playTimes": 0,
                    "name": "newAnimation",
                    "bone": [
                        {
                            "name": "xx",
                            "rotateFrame": [
                                {
                                    "duration": 6,
                                    "tweenEasing": 0,
                                    "rotate": -2
                                },
                                {
                                    "duration": 6,
                                    "tweenEasing": 0,
                                    "rotate": 2
                                },
                                {
                                    "duration": 6,
                                    "tweenEasing": 0,
                                    "rotate": -4
                                },
                                {
                                    "duration": 14,
                                    "tweenEasing": 0,
                                    "rotate": 3
                                },
                                {
                                    "duration": 35
                                }
                            ],
                            "scaleFrame": [
                                {
                                    "duration": 12
                                },
                                {
                                    "duration": 6,
                                    "tweenEasing": 0,
                                    "x": 0.92,
                                    "y": 0.92
                                },
                                {
                                    "duration": 14,
                                    "tweenEasing": 0,
                                    "x": 0.8,
                                    "y": 0.8
                                },
                                {
                                    "duration": 35
                                }
                            ]
                        },
                        {
                            "name": "gc",
                            "rotateFrame": [
                                {
                                    "duration": 50,
                                    "tweenEasing": 0
                                },
                                {
                                    "duration": 17,
                                    "rotate": 50
                                }
                            ]
                        },
                        {
                            "name": "xk",
                            "scaleFrame": [
                                {
                                    "duration": 32
                                },
                                {
                                    "duration": 6,
                                    "tweenEasing": 0
                                },
                                {
                                    "duration": 11,
                                    "tweenEasing": 0,
                                    "x": 1.3,
                                    "y": 1.3
                                },
                                {
                                    "tweenEasing": 0,
                                    "x": 1.5,
                                    "y": 1.5
                                },
                                {
                                    "duration": 6,
                                    "tweenEasing": 0
                                },
                                {
                                    "duration": 11,
                                    "tweenEasing": 0,
                                    "x": 1.3,
                                    "y": 1.3
                                },
                                {
                                    "duration": 0,
                                    "x": 1.5,
                                    "y": 1.5
                                }
                            ]
                        },
                        {
                            "name": "gc1",
                            "rotateFrame": [
                                {
                                    "duration": 50,
                                    "tweenEasing": 0
                                },
                                {
                                    "duration": 17,
                                    "rotate": -50
                                }
                            ]
                        },
                        {
                            "name": "lz_1",
                            "translateFrame": [
                                {
                                    "duration": 28
                                },
                                {
                                    "duration": 20,
                                    "tweenEasing": 0,
                                    "x": -81.2,
                                    "y": -62.87
                                },
                                {
                                    "duration": 19,
                                    "x": -97.22,
                                    "y": -76.92
                                }
                            ]
                        },
                        {
                            "name": "lz_11",
                            "translateFrame": [
                                {
                                    "duration": 28
                                },
                                {
                                    "duration": 20,
                                    "tweenEasing": 0,
                                    "x": 67.25,
                                    "y": 12.93
                                },
                                {
                                    "duration": 19,
                                    "x": 109.99,
                                    "y": 17.2
                                }
                            ],
                            "scaleFrame": [
                                {
                                    "duration": 28
                                },
                                {
                                    "duration": 39,
                                    "x": 0.8,
                                    "y": 0.8
                                }
                            ]
                        },
                        {
                            "name": "lz_12",
                            "translateFrame": [
                                {
                                    "duration": 27
                                },
                                {
                                    "duration": 20,
                                    "tweenEasing": 0,
                                    "y": 78.04
                                },
                                {
                                    "duration": 20,
                                    "y": 116.51
                                }
                            ],
                            "scaleFrame": [
                                {
                                    "duration": 27
                                },
                                {
                                    "duration": 40,
                                    "x": 1.2,
                                    "y": 1.2
                                }
                            ]
                        },
                        {
                            "name": "lz_13",
                            "translateFrame": [
                                {
                                    "duration": 28
                                },
                                {
                                    "duration": 24,
                                    "tweenEasing": 0,
                                    "x": -50.16,
                                    "y": 60.95
                                },
                                {
                                    "duration": 15,
                                    "x": -130.29,
                                    "y": 124.95
                                }
                            ]
                        },
                        {
                            "name": "lz_14",
                            "translateFrame": [
                                {
                                    "duration": 28
                                },
                                {
                                    "duration": 23,
                                    "tweenEasing": 0,
                                    "x": 64.1,
                                    "y": -51.12
                                },
                                {
                                    "duration": 16,
                                    "x": 125,
                                    "y": -99.36
                                }
                            ]
                        },
                        {
                            "name": "lz_111",
                            "translateFrame": [
                                {
                                    "duration": 28
                                },
                                {
                                    "duration": 20,
                                    "tweenEasing": 0,
                                    "x": -65.11,
                                    "y": 3.73
                                },
                                {
                                    "duration": 19,
                                    "x": -124.65,
                                    "y": 9.45
                                }
                            ],
                            "scaleFrame": [
                                {
                                    "duration": 28
                                },
                                {
                                    "duration": 39,
                                    "x": 0.8,
                                    "y": 0.8
                                }
                            ]
                        },
                        {
                            "name": "lz_15",
                            "translateFrame": [
                                {
                                    "duration": 28
                                },
                                {
                                    "duration": 20,
                                    "tweenEasing": 0,
                                    "x": -81.2,
                                    "y": -62.87
                                },
                                {
                                    "duration": 19,
                                    "x": -97.22,
                                    "y": -76.92
                                }
                            ]
                        },
                        {
                            "name": "lz_112",
                            "translateFrame": [
                                {
                                    "duration": 28
                                },
                                {
                                    "duration": 20,
                                    "tweenEasing": 0,
                                    "x": 67.25,
                                    "y": 12.93
                                },
                                {
                                    "duration": 19,
                                    "x": 109.99,
                                    "y": 17.2
                                }
                            ],
                            "scaleFrame": [
                                {
                                    "duration": 28
                                },
                                {
                                    "duration": 39,
                                    "x": 0.8,
                                    "y": 0.8
                                }
                            ]
                        },
                        {
                            "name": "lz_121",
                            "translateFrame": [
                                {
                                    "duration": 27
                                },
                                {
                                    "duration": 20,
                                    "tweenEasing": 0,
                                    "y": 78.04
                                },
                                {
                                    "duration": 20,
                                    "y": 116.51
                                }
                            ],
                            "scaleFrame": [
                                {
                                    "duration": 27
                                },
                                {
                                    "duration": 40,
                                    "x": 1.2,
                                    "y": 1.2
                                }
                            ]
                        },
                        {
                            "name": "lz_131",
                            "translateFrame": [
                                {
                                    "duration": 28
                                },
                                {
                                    "duration": 24,
                                    "tweenEasing": 0,
                                    "x": -50.16,
                                    "y": 60.95
                                },
                                {
                                    "duration": 15,
                                    "x": -130.29,
                                    "y": 124.95
                                }
                            ]
                        },
                        {
                            "name": "lz_141",
                            "translateFrame": [
                                {
                                    "duration": 28
                                },
                                {
                                    "duration": 23,
                                    "tweenEasing": 0,
                                    "x": 64.1,
                                    "y": -51.12
                                },
                                {
                                    "duration": 16,
                                    "x": 125,
                                    "y": -99.36
                                }
                            ]
                        },
                        {
                            "name": "lz_1111",
                            "translateFrame": [
                                {
                                    "duration": 28
                                },
                                {
                                    "duration": 20,
                                    "tweenEasing": 0,
                                    "x": -65.11,
                                    "y": 3.73
                                },
                                {
                                    "duration": 19,
                                    "x": -124.65,
                                    "y": 9.45
                                }
                            ],
                            "scaleFrame": [
                                {
                                    "duration": 28
                                },
                                {
                                    "duration": 39,
                                    "x": 0.8,
                                    "y": 0.8
                                }
                            ]
                        },
                        {
                            "name": "lz_151",
                            "translateFrame": [
                                {
                                    "duration": 28
                                },
                                {
                                    "duration": 20,
                                    "tweenEasing": 0,
                                    "x": -81.2,
                                    "y": -62.87
                                },
                                {
                                    "duration": 19,
                                    "x": -97.22,
                                    "y": -76.92
                                }
                            ]
                        },
                        {
                            "name": "lz_1121",
                            "translateFrame": [
                                {
                                    "duration": 28
                                },
                                {
                                    "duration": 20,
                                    "tweenEasing": 0,
                                    "x": 67.25,
                                    "y": 12.93
                                },
                                {
                                    "duration": 19,
                                    "x": 109.99,
                                    "y": 17.2
                                }
                            ],
                            "scaleFrame": [
                                {
                                    "duration": 28
                                },
                                {
                                    "duration": 39,
                                    "x": 0.8,
                                    "y": 0.8
                                }
                            ]
                        },
                        {
                            "name": "lz_1211",
                            "translateFrame": [
                                {
                                    "duration": 27
                                },
                                {
                                    "duration": 20,
                                    "tweenEasing": 0,
                                    "y": 78.04
                                },
                                {
                                    "duration": 20,
                                    "y": 116.51
                                }
                            ],
                            "scaleFrame": [
                                {
                                    "duration": 27
                                },
                                {
                                    "duration": 40,
                                    "x": 1.2,
                                    "y": 1.2
                                }
                            ]
                        },
                        {
                            "name": "lz_1311",
                            "translateFrame": [
                                {
                                    "duration": 28
                                },
                                {
                                    "duration": 24,
                                    "tweenEasing": 0,
                                    "x": -50.16,
                                    "y": 60.95
                                },
                                {
                                    "duration": 15,
                                    "x": -130.29,
                                    "y": 124.95
                                }
                            ]
                        },
                        {
                            "name": "lz_1411",
                            "translateFrame": [
                                {
                                    "duration": 28
                                },
                                {
                                    "duration": 23,
                                    "tweenEasing": 0,
                                    "x": 64.1,
                                    "y": -51.12
                                },
                                {
                                    "duration": 16,
                                    "x": 125,
                                    "y": -99.36
                                }
                            ]
                        },
                        {
                            "name": "lz_11111",
                            "translateFrame": [
                                {
                                    "duration": 28
                                },
                                {
                                    "duration": 20,
                                    "tweenEasing": 0,
                                    "x": -65.11,
                                    "y": 3.73
                                },
                                {
                                    "duration": 19,
                                    "x": -124.65,
                                    "y": 9.45
                                }
                            ],
                            "scaleFrame": [
                                {
                                    "duration": 28
                                },
                                {
                                    "duration": 39,
                                    "x": 0.8,
                                    "y": 0.8
                                }
                            ]
                        }
                    ],
                    "slot": [
                        {
                            "name": "XX01",
                            "colorFrame": [
                                {
                                    "duration": 49
                                },
                                {
                                    "tweenEasing": 0
                                },
                                {
                                    "duration": 17,
                                    "value": {
                                        "aM": 0
                                    }
                                }
                            ]
                        },
                        {
                            "name": "gc",
                            "colorFrame": [
                                {
                                    "duration": 4
                                },
                                {
                                    "duration": 46,
                                    "tweenEasing": 0
                                },
                                {
                                    "duration": 17,
                                    "value": {
                                        "aM": 0
                                    }
                                }
                            ]
                        },
                        {
                            "name": "BK01",
                            "colorFrame": [
                                {
                                    "duration": 30,
                                    "tweenEasing": 0,
                                    "value": {
                                        "aM": 0
                                    }
                                },
                                {
                                    "duration": 2,
                                    "tweenEasing": 0,
                                    "value": {
                                        "aM": 0
                                    }
                                },
                                {
                                    "duration": 6,
                                    "tweenEasing": 0
                                },
                                {
                                    "duration": 11,
                                    "tweenEasing": 0,
                                    "value": {
                                        "aM": 31
                                    }
                                },
                                {
                                    "tweenEasing": 0,
                                    "value": {
                                        "aM": 0
                                    }
                                },
                                {
                                    "duration": 6,
                                    "tweenEasing": 0
                                },
                                {
                                    "duration": 11,
                                    "tweenEasing": 0,
                                    "value": {
                                        "aM": 31
                                    }
                                },
                                {
                                    "duration": 0,
                                    "value": {
                                        "aM": 0
                                    }
                                }
                            ]
                        },
                        {
                            "name": "gc1",
                            "colorFrame": [
                                {
                                    "duration": 4
                                },
                                {
                                    "duration": 46,
                                    "tweenEasing": 0
                                },
                                {
                                    "duration": 17,
                                    "value": {
                                        "aM": 0
                                    }
                                }
                            ]
                        },
                        {
                            "name": "GUANGYUN",
                            "colorFrame": [
                                {
                                    "duration": 57
                                },
                                {
                                    "duration": 10,
                                    "tweenEasing": 0,
                                    "value": {
                                        "aM": 50
                                    }
                                },
                                {
                                    "duration": 0,
                                    "value": {
                                        "aM": 0
                                    }
                                }
                            ]
                        },
                        {
                            "name": "XX",
                            "colorFrame": [
                                {
                                    "duration": 28
                                },
                                {
                                    "duration": 2,
                                    "tweenEasing": 0,
                                    "value": {
                                        "aM": 0
                                    }
                                },
                                {
                                    "duration": 18,
                                    "tweenEasing": 0
                                },
                                {
                                    "duration": 19,
                                    "value": {
                                        "aM": 0
                                    }
                                }
                            ]
                        },
                        {
                            "name": "XX1",
                            "colorFrame": [
                                {
                                    "duration": 28
                                },
                                {
                                    "duration": 2,
                                    "tweenEasing": 0,
                                    "value": {
                                        "aM": 0
                                    }
                                },
                                {
                                    "duration": 4,
                                    "tweenEasing": 0
                                },
                                {
                                    "duration": 14,
                                    "tweenEasing": 0,
                                    "value": {
                                        "aM": 50
                                    }
                                },
                                {
                                    "duration": 19,
                                    "value": {
                                        "aM": 0
                                    }
                                }
                            ]
                        },
                        {
                            "name": "XX2",
                            "colorFrame": [
                                {
                                    "duration": 27
                                },
                                {
                                    "duration": 2,
                                    "tweenEasing": 0,
                                    "value": {
                                        "aM": 0
                                    }
                                },
                                {
                                    "duration": 4,
                                    "tweenEasing": 0
                                },
                                {
                                    "duration": 14,
                                    "tweenEasing": 0,
                                    "value": {
                                        "aM": 50
                                    }
                                },
                                {
                                    "duration": 20,
                                    "value": {
                                        "aM": 0
                                    }
                                }
                            ]
                        },
                        {
                            "name": "XX3",
                            "colorFrame": [
                                {
                                    "duration": 28
                                },
                                {
                                    "duration": 2,
                                    "tweenEasing": 0,
                                    "value": {
                                        "aM": 0
                                    }
                                },
                                {
                                    "duration": 8,
                                    "tweenEasing": 0
                                },
                                {
                                    "duration": 14,
                                    "tweenEasing": 0,
                                    "value": {
                                        "aM": 44
                                    }
                                },
                                {
                                    "duration": 15,
                                    "value": {
                                        "aM": 0
                                    }
                                }
                            ]
                        },
                        {
                            "name": "XX4",
                            "colorFrame": [
                                {
                                    "duration": 28
                                },
                                {
                                    "duration": 2,
                                    "tweenEasing": 0,
                                    "value": {
                                        "aM": 0
                                    }
                                },
                                {
                                    "duration": 6,
                                    "tweenEasing": 0
                                },
                                {
                                    "duration": 15,
                                    "tweenEasing": 0,
                                    "value": {
                                        "aM": 40
                                    }
                                },
                                {
                                    "duration": 16,
                                    "value": {
                                        "aM": 0
                                    }
                                }
                            ]
                        },
                        {
                            "name": "XX11",
                            "colorFrame": [
                                {
                                    "duration": 28
                                },
                                {
                                    "duration": 2,
                                    "tweenEasing": 0,
                                    "value": {
                                        "aM": 0
                                    }
                                },
                                {
                                    "duration": 4,
                                    "tweenEasing": 0
                                },
                                {
                                    "duration": 14,
                                    "tweenEasing": 0,
                                    "value": {
                                        "aM": 50
                                    }
                                },
                                {
                                    "duration": 19,
                                    "value": {
                                        "aM": 0
                                    }
                                }
                            ]
                        },
                        {
                            "name": "XX5",
                            "colorFrame": [
                                {
                                    "duration": 28
                                },
                                {
                                    "duration": 2,
                                    "tweenEasing": 0,
                                    "value": {
                                        "aM": 0
                                    }
                                },
                                {
                                    "duration": 18,
                                    "tweenEasing": 0
                                },
                                {
                                    "duration": 19,
                                    "value": {
                                        "aM": 0
                                    }
                                }
                            ]
                        },
                        {
                            "name": "XX12",
                            "colorFrame": [
                                {
                                    "duration": 28
                                },
                                {
                                    "duration": 2,
                                    "tweenEasing": 0,
                                    "value": {
                                        "aM": 0
                                    }
                                },
                                {
                                    "duration": 4,
                                    "tweenEasing": 0
                                },
                                {
                                    "duration": 14,
                                    "tweenEasing": 0,
                                    "value": {
                                        "aM": 50
                                    }
                                },
                                {
                                    "duration": 19,
                                    "value": {
                                        "aM": 0
                                    }
                                }
                            ]
                        },
                        {
                            "name": "XX21",
                            "colorFrame": [
                                {
                                    "duration": 27
                                },
                                {
                                    "duration": 2,
                                    "tweenEasing": 0,
                                    "value": {
                                        "aM": 0
                                    }
                                },
                                {
                                    "duration": 4,
                                    "tweenEasing": 0
                                },
                                {
                                    "duration": 14,
                                    "tweenEasing": 0,
                                    "value": {
                                        "aM": 50
                                    }
                                },
                                {
                                    "duration": 20,
                                    "value": {
                                        "aM": 0
                                    }
                                }
                            ]
                        },
                        {
                            "name": "XX31",
                            "colorFrame": [
                                {
                                    "duration": 28
                                },
                                {
                                    "duration": 2,
                                    "tweenEasing": 0,
                                    "value": {
                                        "aM": 0
                                    }
                                },
                                {
                                    "duration": 8,
                                    "tweenEasing": 0
                                },
                                {
                                    "duration": 14,
                                    "tweenEasing": 0,
                                    "value": {
                                        "aM": 44
                                    }
                                },
                                {
                                    "duration": 15,
                                    "value": {
                                        "aM": 0
                                    }
                                }
                            ]
                        },
                        {
                            "name": "XX41",
                            "colorFrame": [
                                {
                                    "duration": 28
                                },
                                {
                                    "duration": 2,
                                    "tweenEasing": 0,
                                    "value": {
                                        "aM": 0
                                    }
                                },
                                {
                                    "duration": 6,
                                    "tweenEasing": 0
                                },
                                {
                                    "duration": 15,
                                    "tweenEasing": 0,
                                    "value": {
                                        "aM": 40
                                    }
                                },
                                {
                                    "duration": 16,
                                    "value": {
                                        "aM": 0
                                    }
                                }
                            ]
                        },
                        {
                            "name": "XX111",
                            "colorFrame": [
                                {
                                    "duration": 28
                                },
                                {
                                    "duration": 2,
                                    "tweenEasing": 0,
                                    "value": {
                                        "aM": 0
                                    }
                                },
                                {
                                    "duration": 4,
                                    "tweenEasing": 0
                                },
                                {
                                    "duration": 14,
                                    "tweenEasing": 0,
                                    "value": {
                                        "aM": 50
                                    }
                                },
                                {
                                    "duration": 19,
                                    "value": {
                                        "aM": 0
                                    }
                                }
                            ]
                        },
                        {
                            "name": "XX51",
                            "colorFrame": [
                                {
                                    "duration": 28
                                },
                                {
                                    "duration": 2,
                                    "tweenEasing": 0,
                                    "value": {
                                        "aM": 0
                                    }
                                },
                                {
                                    "duration": 18,
                                    "tweenEasing": 0
                                },
                                {
                                    "duration": 19,
                                    "value": {
                                        "aM": 0
                                    }
                                }
                            ]
                        },
                        {
                            "name": "XX121",
                            "colorFrame": [
                                {
                                    "duration": 28
                                },
                                {
                                    "duration": 2,
                                    "tweenEasing": 0,
                                    "value": {
                                        "aM": 0
                                    }
                                },
                                {
                                    "duration": 4,
                                    "tweenEasing": 0
                                },
                                {
                                    "duration": 14,
                                    "tweenEasing": 0,
                                    "value": {
                                        "aM": 50
                                    }
                                },
                                {
                                    "duration": 19,
                                    "value": {
                                        "aM": 0
                                    }
                                }
                            ]
                        },
                        {
                            "name": "XX211",
                            "colorFrame": [
                                {
                                    "duration": 27
                                },
                                {
                                    "duration": 2,
                                    "tweenEasing": 0,
                                    "value": {
                                        "aM": 0
                                    }
                                },
                                {
                                    "duration": 4,
                                    "tweenEasing": 0
                                },
                                {
                                    "duration": 14,
                                    "tweenEasing": 0,
                                    "value": {
                                        "aM": 50
                                    }
                                },
                                {
                                    "duration": 20,
                                    "value": {
                                        "aM": 0
                                    }
                                }
                            ]
                        },
                        {
                            "name": "XX311",
                            "colorFrame": [
                                {
                                    "duration": 28
                                },
                                {
                                    "duration": 2,
                                    "tweenEasing": 0,
                                    "value": {
                                        "aM": 0
                                    }
                                },
                                {
                                    "duration": 8,
                                    "tweenEasing": 0
                                },
                                {
                                    "duration": 14,
                                    "tweenEasing": 0,
                                    "value": {
                                        "aM": 44
                                    }
                                },
                                {
                                    "duration": 15,
                                    "value": {
                                        "aM": 0
                                    }
                                }
                            ]
                        },
                        {
                            "name": "XX411",
                            "colorFrame": [
                                {
                                    "duration": 28
                                },
                                {
                                    "duration": 2,
                                    "tweenEasing": 0,
                                    "value": {
                                        "aM": 0
                                    }
                                },
                                {
                                    "duration": 6,
                                    "tweenEasing": 0
                                },
                                {
                                    "duration": 15,
                                    "tweenEasing": 0,
                                    "value": {
                                        "aM": 40
                                    }
                                },
                                {
                                    "duration": 16,
                                    "value": {
                                        "aM": 0
                                    }
                                }
                            ]
                        },
                        {
                            "name": "XX1111",
                            "colorFrame": [
                                {
                                    "duration": 28
                                },
                                {
                                    "duration": 2,
                                    "tweenEasing": 0,
                                    "value": {
                                        "aM": 0
                                    }
                                },
                                {
                                    "duration": 4,
                                    "tweenEasing": 0
                                },
                                {
                                    "duration": 14,
                                    "tweenEasing": 0,
                                    "value": {
                                        "aM": 50
                                    }
                                },
                                {
                                    "duration": 19,
                                    "value": {
                                        "aM": 0
                                    }
                                }
                            ]
                        }
                    ]
                }
            ],
            "defaultActions": [
                {
                    "gotoAndPlay": "newAnimation"
                }
            ]
        }
    ]
}