{
    "imagePath": "jiesuanxing_tex.png",
    "width": 512,
    "height": 256,
    "name": "jiesuanxing",
    "SubTexture": [
        {
            "frameY": 0,
            "y": 171,
            "frameWidth": 80,
            "frameHeight": 45,
            "width": 80,
            "height": 44,
            "name": "twei",
            "frameX": 0,
            "x": 163
        },
        {
            "width": 160,
            "y": 1,
            "height": 169,
            "name": "XX01",
            "x": 1
        },
        {
            "frameY": -1,
            "y": 1,
            "frameWidth": 160,
            "frameHeight": 169,
            "width": 160,
            "height": 168,
            "name": "BK01",
            "frameX": 0,
            "x": 163
        },
        {
            "frameY": -1,
            "y": 172,
            "frameWidth": 32,
            "frameHeight": 34,
            "width": 30,
            "height": 32,
            "name": "BK",
            "frameX": -1,
            "x": 1
        },
        {
            "frameY": -2,
            "y": 206,
            "frameWidth": 32,
            "frameHeight": 32,
            "width": 30,
            "height": 28,
            "name": "XX",
            "frameX": -1,
            "x": 1
        }
    ]
}