{
    "frameRate": 24,
    "name": "jiesuanxing",
    "version": "5.5",
    "compatibleVersion": "5.5",
    "armature": [
        {
            "type": "Armature",
            "frameRate": 24,
            "name": "jiesuanxing",
            "aabb": {
                "x": -80,
                "y": -84.5,
                "width": 160,
                "height": 169
            },
            "bone": [
                {
                    "name": "root"
                },
                {
                    "name": "xk",
                    "parent": "root"
                },
                {
                    "name": "lizi",
                    "parent": "root",
                    "transform": {
                        "skX": 75,
                        "skY": 75,
                        "scX": 0.9,
                        "scY": 0.9
                    }
                },
                {
                    "name": "xx",
                    "parent": "root"
                },
                {
                    "name": "tw",
                    "parent": "root"
                },
                {
                    "name": "lizi1",
                    "parent": "root",
                    "transform": {
                        "skX": 75,
                        "skY": 75,
                        "scX": 0.9,
                        "scY": -0.9
                    }
                },
                {
                    "name": "lizi11",
                    "parent": "root",
                    "transform": {
                        "skX": 75,
                        "skY": 75,
                        "scX": 0.9,
                        "scY": -0.9
                    }
                },
                {
                    "name": "lz_15",
                    "parent": "lizi",
                    "transform": {
                        "scX": 0.8,
                        "scY": 0.8
                    }
                },
                {
                    "name": "lz_121",
                    "parent": "lizi",
                    "transform": {
                        "skX": 143,
                        "skY": 143
                    }
                },
                {
                    "name": "lz_131",
                    "parent": "lizi",
                    "transform": {
                        "skX": -126,
                        "skY": -126
                    }
                },
                {
                    "name": "lz_141",
                    "parent": "lizi",
                    "transform": {
                        "skX": -58,
                        "skY": -58,
                        "scX": 0.5,
                        "scY": 0.5
                    }
                },
                {
                    "name": "lz_112",
                    "parent": "lizi"
                },
                {
                    "name": "lz_1121",
                    "parent": "lizi1"
                },
                {
                    "name": "lz_1211",
                    "parent": "lizi1",
                    "transform": {
                        "skX": 143,
                        "skY": 143
                    }
                },
                {
                    "name": "lz_1311",
                    "parent": "lizi1",
                    "transform": {
                        "skX": -126,
                        "skY": -126
                    }
                },
                {
                    "name": "lz_1411",
                    "parent": "lizi1",
                    "transform": {
                        "skX": -58,
                        "skY": -58
                    }
                },
                {
                    "name": "lz_151",
                    "parent": "lizi1"
                },
                {
                    "name": "lz_1511",
                    "parent": "lizi11",
                    "transform": {
                        "scX": 0.6,
                        "scY": 0.6
                    }
                },
                {
                    "name": "lz_11211",
                    "parent": "lizi11"
                },
                {
                    "name": "lz_12111",
                    "parent": "lizi11",
                    "transform": {
                        "skX": 143,
                        "skY": 143,
                        "scX": 0.8,
                        "scY": 0.8
                    }
                },
                {
                    "name": "lz_112111",
                    "parent": "lizi11"
                }
            ],
            "slot": [
                {
                    "name": "twei",
                    "parent": "tw"
                },
                {
                    "name": "XX01",
                    "parent": "xx"
                },
                {
                    "blendMode": "add",
                    "name": "BK01",
                    "parent": "xk"
                },
                {
                    "name": "XX5",
                    "parent": "lz_15"
                },
                {
                    "name": "XX12",
                    "parent": "lz_112"
                },
                {
                    "name": "XX21",
                    "parent": "lz_121"
                },
                {
                    "name": "XX31",
                    "parent": "lz_131"
                },
                {
                    "name": "XX41",
                    "parent": "lz_141"
                },
                {
                    "name": "XX51",
                    "parent": "lz_151"
                },
                {
                    "name": "XX121",
                    "parent": "lz_1121"
                },
                {
                    "name": "XX211",
                    "parent": "lz_1211"
                },
                {
                    "name": "XX311",
                    "parent": "lz_1311"
                },
                {
                    "name": "XX411",
                    "parent": "lz_1411"
                },
                {
                    "name": "XX511",
                    "parent": "lz_1511"
                },
                {
                    "name": "XX1211",
                    "parent": "lz_11211"
                },
                {
                    "name": "XX2111",
                    "parent": "lz_12111"
                },
                {
                    "name": "XX12111",
                    "parent": "lz_112111"
                }
            ],
            "skin": [
                {
                    "slot": [
                        {
                            "name": "XX12",
                            "display": [
                                {
                                    "name": "BK"
                                }
                            ]
                        },
                        {
                            "name": "XX211",
                            "display": [
                                {
                                    "name": "BK",
                                    "path": "XX"
                                }
                            ]
                        },
                        {
                            "name": "XX1211",
                            "display": [
                                {
                                    "name": "BK",
                                    "path": "XX"
                                }
                            ]
                        },
                        {
                            "name": "XX31",
                            "display": [
                                {
                                    "name": "BK"
                                }
                            ]
                        },
                        {
                            "name": "XX311",
                            "display": [
                                {
                                    "name": "BK",
                                    "path": "XX"
                                }
                            ]
                        },
                        {
                            "name": "XX12111",
                            "display": [
                                {
                                    "name": "BK",
                                    "path": "XX"
                                }
                            ]
                        },
                        {
                            "name": "XX2111",
                            "display": [
                                {
                                    "name": "BK",
                                    "path": "XX"
                                }
                            ]
                        },
                        {
                            "name": "BK01",
                            "display": [
                                {
                                    "name": "BK01",
                                    "transform": {
                                        "scX": 1.1,
                                        "scY": 1.1
                                    }
                                }
                            ]
                        },
                        {
                            "name": "XX01",
                            "display": [
                                {
                                    "name": "XX01"
                                }
                            ]
                        },
                        {
                            "name": "XX5",
                            "display": [
                                {
                                    "name": "BK"
                                }
                            ]
                        },
                        {
                            "name": "twei",
                            "display": [
                                {
                                    "name": "twei"
                                }
                            ]
                        },
                        {
                            "name": "XX21",
                            "display": [
                                {
                                    "name": "BK"
                                }
                            ]
                        },
                        {
                            "name": "XX121",
                            "display": [
                                {
                                    "name": "BK",
                                    "path": "XX"
                                }
                            ]
                        },
                        {
                            "name": "XX511",
                            "display": [
                                {
                                    "name": "BK",
                                    "path": "XX"
                                }
                            ]
                        },
                        {
                            "name": "XX51",
                            "display": [
                                {
                                    "name": "BK",
                                    "path": "XX"
                                }
                            ]
                        },
                        {
                            "name": "XX41",
                            "display": [
                                {
                                    "name": "BK"
                                }
                            ]
                        },
                        {
                            "name": "XX411",
                            "display": [
                                {
                                    "name": "BK",
                                    "path": "XX"
                                }
                            ]
                        }
                    ]
                }
            ],
            "animation": [
                {
                    "duration": 59,
                    "playTimes": 0,
                    "name": "newAnimation",
                    "bone": [
                        {
                            "name": "xx",
                            "rotateFrame": [
                                {
                                    "duration": 16,
                                    "tweenEasing": 0
                                },
                                {
                                    "duration": 16,
                                    "tweenEasing": 0,
                                    "rotate": 180
                                },
                                {
                                    "duration": 27
                                }
                            ]
                        },
                        {
                            "name": "xk",
                            "scaleFrame": [
                                {
                                    "duration": 30
                                },
                                {
                                    "tweenEasing": 0,
                                    "x": 1.5,
                                    "y": 1.5
                                },
                                {
                                    "duration": 6,
                                    "tweenEasing": 0
                                },
                                {
                                    "tweenEasing": 0,
                                    "x": 1.3,
                                    "y": 1.3
                                },
                                {
                                    "duration": 12,
                                    "tweenEasing": 0,
                                    "x": 1.3,
                                    "y": 1.3
                                },
                                {
                                    "duration": 9,
                                    "x": 1.5,
                                    "y": 1.5
                                }
                            ]
                        },
                        {
                            "name": "lz_15",
                            "translateFrame": [
                                {
                                    "duration": 20,
                                    "tweenEasing": 0,
                                    "x": -70.31,
                                    "y": 111.91
                                },
                                {
                                    "duration": 39,
                                    "x": -129.2,
                                    "y": 136.67
                                }
                            ]
                        },
                        {
                            "name": "lz_112",
                            "translateFrame": [
                                {
                                    "duration": 20,
                                    "tweenEasing": 0,
                                    "x": 28.04,
                                    "y": 69.21
                                },
                                {
                                    "duration": 39,
                                    "x": 42.35,
                                    "y": 135.83
                                }
                            ],
                            "scaleFrame": [
                                {
                                    "duration": 59,
                                    "x": 0.8,
                                    "y": 0.8
                                }
                            ]
                        },
                        {
                            "name": "lz_121",
                            "translateFrame": [
                                {
                                    "duration": 20,
                                    "tweenEasing": 0,
                                    "x": -88.52,
                                    "y": 241.38
                                },
                                {
                                    "duration": 39,
                                    "x": -142.96,
                                    "y": 287.21
                                }
                            ],
                            "scaleFrame": [
                                {
                                    "duration": 59,
                                    "x": 1.2,
                                    "y": 1.2
                                }
                            ]
                        },
                        {
                            "name": "lz_131",
                            "translateFrame": [
                                {
                                    "duration": 7
                                },
                                {
                                    "duration": 20,
                                    "tweenEasing": 0,
                                    "x": -19.57,
                                    "y": 136.46
                                },
                                {
                                    "duration": 32,
                                    "x": 1.34,
                                    "y": 200.14
                                }
                            ]
                        },
                        {
                            "name": "lz_141",
                            "translateFrame": [
                                {
                                    "duration": 9
                                },
                                {
                                    "duration": 20,
                                    "tweenEasing": 0,
                                    "x": -69.59,
                                    "y": 329.58
                                },
                                {
                                    "duration": 30,
                                    "x": -41.73,
                                    "y": 388.33
                                }
                            ]
                        },
                        {
                            "name": "tw",
                            "translateFrame": [
                                {
                                    "duration": 12,
                                    "tweenEasing": 0,
                                    "x": -76.14
                                },
                                {
                                    "duration": 20,
                                    "tweenEasing": 0,
                                    "x": -129.23
                                },
                                {
                                    "duration": 27,
                                    "x": -47.73
                                }
                            ],
                            "scaleFrame": [
                                {
                                    "duration": 12,
                                    "tweenEasing": 0,
                                    "x": 5.9,
                                    "y": 8
                                },
                                {
                                    "duration": 20,
                                    "tweenEasing": 0,
                                    "x": 10,
                                    "y": 8
                                },
                                {
                                    "duration": 27,
                                    "x": 5.6,
                                    "y": 6.7
                                }
                            ]
                        },
                        {
                            "name": "lizi1",
                            "translateFrame": [
                                {
                                    "duration": 21,
                                    "tweenEasing": 0,
                                    "x": -35.17
                                },
                                {
                                    "duration": 38,
                                    "x": -39.77
                                }
                            ],
                            "rotateFrame": [
                                {
                                    "duration": 59,
                                    "rotate": -152
                                }
                            ]
                        },
                        {
                            "name": "lz_151",
                            "translateFrame": [
                                {
                                    "duration": 20,
                                    "tweenEasing": 0,
                                    "x": -42.01,
                                    "y": 118.44
                                },
                                {
                                    "duration": 39,
                                    "x": -69.22,
                                    "y": 150.52
                                }
                            ],
                            "scaleFrame": [
                                {
                                    "duration": 59,
                                    "x": 0.6,
                                    "y": 0.6
                                }
                            ]
                        },
                        {
                            "name": "lz_1121",
                            "translateFrame": [
                                {
                                    "duration": 20,
                                    "tweenEasing": 0,
                                    "x": 28.04,
                                    "y": 69.21
                                },
                                {
                                    "duration": 39,
                                    "x": 42.35,
                                    "y": 135.83
                                }
                            ],
                            "scaleFrame": [
                                {
                                    "duration": 59,
                                    "x": 0.8,
                                    "y": 0.8
                                }
                            ]
                        },
                        {
                            "name": "lz_1211",
                            "translateFrame": [
                                {
                                    "duration": 20,
                                    "tweenEasing": 0,
                                    "x": -81.33,
                                    "y": 214.54
                                },
                                {
                                    "duration": 39,
                                    "x": -184.01,
                                    "y": 236.21
                                }
                            ],
                            "scaleFrame": [
                                {
                                    "duration": 59,
                                    "x": 1.2,
                                    "y": 1.2
                                }
                            ]
                        },
                        {
                            "name": "lz_1311",
                            "translateFrame": [
                                {
                                    "duration": 20,
                                    "tweenEasing": 0,
                                    "x": -7.41,
                                    "y": 105.72
                                },
                                {
                                    "duration": 39,
                                    "x": 1.34,
                                    "y": 200.14
                                }
                            ]
                        },
                        {
                            "name": "lz_1411",
                            "translateFrame": [
                                {
                                    "duration": 20,
                                    "tweenEasing": 0,
                                    "x": -69.59,
                                    "y": 329.58
                                },
                                {
                                    "duration": 39,
                                    "x": -41.73,
                                    "y": 388.33
                                }
                            ]
                        },
                        {
                            "name": "lizi11",
                            "translateFrame": [
                                {
                                    "duration": 17
                                },
                                {
                                    "duration": 21,
                                    "tweenEasing": 0,
                                    "x": -35.17
                                },
                                {
                                    "duration": 21,
                                    "x": -39.77
                                }
                            ],
                            "rotateFrame": [
                                {
                                    "duration": 17
                                },
                                {
                                    "duration": 42,
                                    "rotate": -152
                                }
                            ]
                        },
                        {
                            "name": "lz_1511",
                            "translateFrame": [
                                {
                                    "duration": 17
                                },
                                {
                                    "duration": 20,
                                    "tweenEasing": 0,
                                    "x": -70.31,
                                    "y": 111.91
                                },
                                {
                                    "duration": 22,
                                    "x": -129.2,
                                    "y": 136.67
                                }
                            ]
                        },
                        {
                            "name": "lz_11211",
                            "translateFrame": [
                                {
                                    "duration": 17
                                },
                                {
                                    "duration": 20,
                                    "tweenEasing": 0,
                                    "x": 28.04,
                                    "y": 69.21
                                },
                                {
                                    "duration": 22,
                                    "x": 42.35,
                                    "y": 135.83
                                }
                            ],
                            "scaleFrame": [
                                {
                                    "duration": 17
                                },
                                {
                                    "duration": 42,
                                    "x": 0.8,
                                    "y": 0.8
                                }
                            ]
                        },
                        {
                            "name": "lz_12111",
                            "translateFrame": [
                                {
                                    "duration": 17
                                },
                                {
                                    "duration": 20,
                                    "tweenEasing": 0,
                                    "x": -81.33,
                                    "y": 214.54
                                },
                                {
                                    "duration": 22,
                                    "x": -184.01,
                                    "y": 236.21
                                }
                            ],
                            "scaleFrame": [
                                {
                                    "duration": 17
                                },
                                {
                                    "duration": 42,
                                    "x": 1.2,
                                    "y": 1.2
                                }
                            ]
                        },
                        {
                            "name": "lz_112111",
                            "translateFrame": [
                                {
                                    "duration": 14
                                },
                                {
                                    "duration": 20,
                                    "tweenEasing": 0,
                                    "x": -8.81,
                                    "y": 60.7
                                },
                                {
                                    "duration": 25,
                                    "x": -8.58,
                                    "y": 124.07
                                }
                            ],
                            "scaleFrame": [
                                {
                                    "duration": 14
                                },
                                {
                                    "duration": 45,
                                    "x": 0.8,
                                    "y": 0.8
                                }
                            ]
                        }
                    ],
                    "slot": [
                        {
                            "name": "XX01",
                            "colorFrame": [
                                {
                                    "duration": 31
                                },
                                {
                                    "duration": 6,
                                    "tweenEasing": 0
                                },
                                {
                                    "duration": 22,
                                    "value": {
                                        "aM": 0
                                    }
                                }
                            ]
                        },
                        {
                            "name": "BK01",
                            "colorFrame": [
                                {
                                    "duration": 30,
                                    "tweenEasing": 0,
                                    "value": {
                                        "aM": 0
                                    }
                                },
                                {
                                    "tweenEasing": 0,
                                    "value": {
                                        "aM": 0
                                    }
                                },
                                {
                                    "duration": 6,
                                    "tweenEasing": 0
                                },
                                {
                                    "duration": 13,
                                    "tweenEasing": 0,
                                    "value": {
                                        "aM": 31
                                    }
                                },
                                {
                                    "duration": 9,
                                    "value": {
                                        "aM": 0
                                    }
                                }
                            ]
                        },
                        {
                            "name": "XX5",
                            "colorFrame": [
                                {
                                    "duration": 2,
                                    "tweenEasing": 0
                                },
                                {
                                    "duration": 10,
                                    "tweenEasing": 0
                                },
                                {
                                    "duration": 8,
                                    "tweenEasing": 0,
                                    "value": {
                                        "aM": 79
                                    }
                                },
                                {
                                    "duration": 39,
                                    "value": {
                                        "aM": 0
                                    }
                                }
                            ]
                        },
                        {
                            "name": "XX12",
                            "colorFrame": [
                                {
                                    "duration": 2,
                                    "tweenEasing": 0,
                                    "value": {
                                        "aM": 0
                                    }
                                },
                                {
                                    "duration": 4,
                                    "tweenEasing": 0
                                },
                                {
                                    "duration": 6,
                                    "tweenEasing": 0,
                                    "value": {
                                        "aM": 50
                                    }
                                },
                                {
                                    "duration": 8,
                                    "tweenEasing": 0,
                                    "value": {
                                        "aM": 73
                                    }
                                },
                                {
                                    "duration": 39,
                                    "value": {
                                        "aM": 0
                                    }
                                }
                            ]
                        },
                        {
                            "name": "XX21",
                            "colorFrame": [
                                {
                                    "duration": 2,
                                    "tweenEasing": 0,
                                    "value": {
                                        "aM": 0
                                    }
                                },
                                {
                                    "duration": 4,
                                    "tweenEasing": 0
                                },
                                {
                                    "duration": 6,
                                    "tweenEasing": 0,
                                    "value": {
                                        "aM": 50
                                    }
                                },
                                {
                                    "duration": 8,
                                    "tweenEasing": 0,
                                    "value": {
                                        "aM": 63
                                    }
                                },
                                {
                                    "duration": 39,
                                    "value": {
                                        "aM": 0
                                    }
                                }
                            ]
                        },
                        {
                            "name": "XX31",
                            "colorFrame": [
                                {
                                    "duration": 6,
                                    "tweenEasing": 0,
                                    "value": {
                                        "aM": 0
                                    }
                                },
                                {
                                    "tweenEasing": 0,
                                    "value": {
                                        "aM": 0
                                    }
                                },
                                {
                                    "duration": 12,
                                    "tweenEasing": 0
                                },
                                {
                                    "duration": 8,
                                    "tweenEasing": 0,
                                    "value": {
                                        "aM": 62
                                    }
                                },
                                {
                                    "duration": 32,
                                    "value": {
                                        "aM": 0
                                    }
                                }
                            ]
                        },
                        {
                            "name": "XX41",
                            "colorFrame": [
                                {
                                    "duration": 6,
                                    "tweenEasing": 0,
                                    "value": {
                                        "aM": 0
                                    }
                                },
                                {
                                    "duration": 3,
                                    "tweenEasing": 0,
                                    "value": {
                                        "aM": 0
                                    }
                                },
                                {
                                    "duration": 12,
                                    "tweenEasing": 0
                                },
                                {
                                    "duration": 8,
                                    "tweenEasing": 0,
                                    "value": {
                                        "aM": 69
                                    }
                                },
                                {
                                    "duration": 30,
                                    "value": {
                                        "aM": 0
                                    }
                                }
                            ]
                        },
                        {
                            "name": "twei",
                            "colorFrame": [
                                {
                                    "duration": 22
                                },
                                {
                                    "duration": 10,
                                    "tweenEasing": 0
                                },
                                {
                                    "duration": 27,
                                    "value": {
                                        "aM": 0
                                    }
                                }
                            ]
                        },
                        {
                            "name": "XX51",
                            "colorFrame": [
                                {
                                    "duration": 2,
                                    "tweenEasing": 0
                                },
                                {
                                    "duration": 10,
                                    "tweenEasing": 0
                                },
                                {
                                    "duration": 8,
                                    "tweenEasing": 0,
                                    "value": {
                                        "aM": 79
                                    }
                                },
                                {
                                    "duration": 39,
                                    "value": {
                                        "aM": 0
                                    }
                                }
                            ]
                        },
                        {
                            "name": "XX121",
                            "colorFrame": [
                                {
                                    "duration": 2,
                                    "tweenEasing": 0,
                                    "value": {
                                        "aM": 0
                                    }
                                },
                                {
                                    "duration": 4,
                                    "tweenEasing": 0
                                },
                                {
                                    "duration": 6,
                                    "tweenEasing": 0,
                                    "value": {
                                        "aM": 50
                                    }
                                },
                                {
                                    "duration": 8,
                                    "tweenEasing": 0,
                                    "value": {
                                        "aM": 73
                                    }
                                },
                                {
                                    "duration": 39,
                                    "value": {
                                        "aM": 0
                                    }
                                }
                            ]
                        },
                        {
                            "name": "XX211",
                            "colorFrame": [
                                {
                                    "duration": 2,
                                    "tweenEasing": 0,
                                    "value": {
                                        "aM": 0
                                    }
                                },
                                {
                                    "duration": 4,
                                    "tweenEasing": 0
                                },
                                {
                                    "duration": 6,
                                    "tweenEasing": 0,
                                    "value": {
                                        "aM": 50
                                    }
                                },
                                {
                                    "duration": 8,
                                    "tweenEasing": 0,
                                    "value": {
                                        "aM": 63
                                    }
                                },
                                {
                                    "duration": 39,
                                    "value": {
                                        "aM": 0
                                    }
                                }
                            ]
                        },
                        {
                            "name": "XX311",
                            "colorFrame": [
                                {
                                    "duration": 12,
                                    "tweenEasing": 0
                                },
                                {
                                    "duration": 8,
                                    "tweenEasing": 0,
                                    "value": {
                                        "aM": 62
                                    }
                                },
                                {
                                    "duration": 39,
                                    "value": {
                                        "aM": 0
                                    }
                                }
                            ]
                        },
                        {
                            "name": "XX411",
                            "colorFrame": [
                                {
                                    "duration": 12,
                                    "tweenEasing": 0
                                },
                                {
                                    "duration": 8,
                                    "tweenEasing": 0,
                                    "value": {
                                        "aM": 69
                                    }
                                },
                                {
                                    "duration": 39,
                                    "value": {
                                        "aM": 0
                                    }
                                }
                            ]
                        },
                        {
                            "name": "XX511",
                            "colorFrame": [
                                {
                                    "duration": 19
                                },
                                {
                                    "duration": 10,
                                    "tweenEasing": 0
                                },
                                {
                                    "duration": 8,
                                    "tweenEasing": 0,
                                    "value": {
                                        "aM": 79
                                    }
                                },
                                {
                                    "duration": 22,
                                    "value": {
                                        "aM": 0
                                    }
                                }
                            ]
                        },
                        {
                            "name": "XX1211",
                            "colorFrame": [
                                {
                                    "duration": 17
                                },
                                {
                                    "duration": 2,
                                    "tweenEasing": 0,
                                    "value": {
                                        "aM": 0
                                    }
                                },
                                {
                                    "duration": 4,
                                    "tweenEasing": 0
                                },
                                {
                                    "duration": 6,
                                    "tweenEasing": 0,
                                    "value": {
                                        "aM": 50
                                    }
                                },
                                {
                                    "duration": 8,
                                    "tweenEasing": 0,
                                    "value": {
                                        "aM": 73
                                    }
                                },
                                {
                                    "duration": 22,
                                    "value": {
                                        "aM": 0
                                    }
                                }
                            ]
                        },
                        {
                            "name": "XX2111",
                            "colorFrame": [
                                {
                                    "duration": 17
                                },
                                {
                                    "duration": 2,
                                    "tweenEasing": 0,
                                    "value": {
                                        "aM": 0
                                    }
                                },
                                {
                                    "duration": 4,
                                    "tweenEasing": 0
                                },
                                {
                                    "duration": 6,
                                    "tweenEasing": 0,
                                    "value": {
                                        "aM": 50
                                    }
                                },
                                {
                                    "duration": 8,
                                    "tweenEasing": 0,
                                    "value": {
                                        "aM": 63
                                    }
                                },
                                {
                                    "duration": 22,
                                    "value": {
                                        "aM": 0
                                    }
                                }
                            ]
                        },
                        {
                            "name": "XX12111",
                            "colorFrame": [
                                {
                                    "duration": 14
                                },
                                {
                                    "duration": 2,
                                    "tweenEasing": 0,
                                    "value": {
                                        "aM": 0
                                    }
                                },
                                {
                                    "duration": 4,
                                    "tweenEasing": 0
                                },
                                {
                                    "duration": 6,
                                    "tweenEasing": 0,
                                    "value": {
                                        "aM": 50
                                    }
                                },
                                {
                                    "duration": 8,
                                    "tweenEasing": 0,
                                    "value": {
                                        "aM": 73
                                    }
                                },
                                {
                                    "duration": 25,
                                    "value": {
                                        "aM": 0
                                    }
                                }
                            ]
                        }
                    ]
                }
            ],
            "defaultActions": [
                {
                    "gotoAndPlay": "newAnimation"
                }
            ]
        }
    ]
}