{
    "SubTexture": [
        {
            "width": 128,
            "y": 120,
            "height": 117,
            "name": "gc01",
            "x": 325
        },
        {
            "width": 128,
            "y": 1,
            "height": 117,
            "name": "GUANGYUN",
            "x": 325
        },
        {
            "frameX": 0,
            "frameHeight": 169,
            "y": 1,
            "frameY": -1,
            "frameWidth": 160,
            "width": 160,
            "height": 168,
            "name": "BK01",
            "x": 163
        },
        {
            "frameX": -1,
            "frameHeight": 32,
            "y": 171,
            "frameY": -2,
            "frameWidth": 32,
            "width": 30,
            "height": 28,
            "name": "XX",
            "x": 195
        },
        {
            "frameX": -1,
            "frameHeight": 34,
            "y": 171,
            "frameY": -1,
            "frameWidth": 32,
            "width": 30,
            "height": 32,
            "name": "BK",
            "x": 163
        },
        {
            "width": 160,
            "y": 1,
            "height": 169,
            "name": "XX01",
            "x": 1
        }
    ],
    "width": 512,
    "height": 256,
    "name": "jiesuanxingbegin",
    "imagePath": "jiesuanxingbegin_tex.png"
}