{"frameRate":30,"name":"lihe","version":"5.5","compatibleVersion":"5.5","armature":[{"type":"Armature","frameRate":30,"name":"lihe","aabb":{"x":-128,"y":-128,"width":256,"height":256},"bone":[{"name":"root"},{"name":"all","parent":"root"},{"name":"ci","parent":"all"},{"name":"glow","parent":"all","transform":{"scX":2,"scY":2}},{"name":"huan","parent":"all"},{"name":"suipian","parent":"all","transform":{"scX":2,"scY":2}},{"name":"yuan","parent":"all"}],"slot":[{"blendMode":"add","displayIndex":-1,"name":"glow","parent":"glow"},{"blendMode":"add","name":"huan_00","parent":"huan"},{"blendMode":"add","name":"ci_00","parent":"ci"},{"blendMode":"add","name":"glow_00","parent":"yuan"},{"displayIndex":-1,"name":"suipian","parent":"suipian"}],"skin":[{"slot":[{"name":"glow","display":[{"name":"glow/glow_01"},{"name":"glow/glow_02"},{"name":"glow/glow_03"},{"name":"glow/glow_04"},{"name":"glow/glow_05"},{"name":"glow/glow_06"},{"name":"glow/glow_07"},{"name":"glow/glow_08"},{"name":"glow/glow_09"},{"name":"glow/glow_10"},{"name":"glow/glow_11"},{"name":"glow/glow_12"},{"name":"glow/glow_13"},{"name":"glow/glow_14"}]},{"name":"ci_00","display":[{"name":"ci_00"}]},{"name":"huan_00","display":[{"name":"huan_00"}]},{"name":"glow_00","display":[{"name":"glow_00"}]},{"name":"suipian","display":[{"name":"suipian1/suipian_01"},{"name":"suipian1/suipian_02"},{"name":"suipian1/suipian_03"},{"name":"suipian1/suipian_04"},{"name":"suipian1/suipian_05"},{"name":"suipian1/suipian_06"},{"name":"suipian1/suipian_07"},{"name":"suipian1/suipian_08"},{"name":"suipian1/suipian_09"},{"name":"suipian1/suipian_10"},{"name":"suipian1/suipian_11"},{"name":"suipian1/suipian_12"},{"name":"suipian1/suipian_13"},{"name":"suipian1/suipian_14"},{"name":"suipian1/suipian_15"},{"name":"suipian1/suipian_16"},{"name":"suipian1/suipian_17"}]}]}],"animation":[{"duration":30,"name":"animation","bone":[{"name":"yuan","scaleFrame":[{"duration":5,"x":0.3,"y":0.3},{"duration":3,"tweenEasing":0,"x":0.3,"y":0.3},{"duration":7,"tweenEasing":0,"x":1.2,"y":1.2},{"duration":15,"x":1.5,"y":1.5}]},{"name":"ci","scaleFrame":[{"duration":7,"x":0.4,"y":0.4},{"duration":3,"tweenEasing":0,"x":0.4,"y":0.4},{"duration":7,"tweenEasing":0,"x":1.3,"y":1.3},{"duration":13}]},{"name":"huan","scaleFrame":[{"duration":5,"x":0.4,"y":0.4},{"duration":5,"tweenEasing":0,"x":0.4,"y":0.4},{"duration":10,"tweenEasing":0,"x":1.5,"y":1.5},{"duration":10,"x":1.8,"y":1.8}]}],"slot":[{"name":"ci_00","colorFrame":[{"duration":7,"value":{"aM":0}},{"duration":3,"tweenEasing":0,"value":{"aM":0}},{"duration":7,"tweenEasing":0},{"duration":13,"value":{"aM":0}}]},{"name":"glow","displayFrame":[{"value":-1},{},{"value":1},{"value":2},{"value":3},{"value":4},{"value":5},{"value":6},{"value":7},{"value":8},{"value":9},{"value":10},{"value":11},{"value":12},{"value":13},{"duration":15,"value":-1}],"colorFrame":[{"duration":5,"tweenEasing":0,"value":{"aM":0}},{"duration":5,"tweenEasing":0},{"duration":5,"tweenEasing":0},{"duration":15,"value":{"aM":0}}]},{"name":"glow_00","colorFrame":[{"duration":5,"value":{"aM":0}},{"duration":3,"tweenEasing":0,"value":{"aM":0}},{"duration":7,"tweenEasing":0},{"duration":15,"value":{"aM":0}}]},{"name":"huan_00","colorFrame":[{"duration":5,"value":{"aM":0}},{"duration":5,"tweenEasing":0,"value":{"aM":0}},{"duration":10,"tweenEasing":0},{"duration":10,"value":{"aM":0}}]},{"name":"suipian","displayFrame":[{"duration":5,"value":-1},{},{"duration":2,"value":1},{"value":2},{"duration":2,"value":3},{"value":4},{"duration":2,"value":5},{"value":6},{"duration":2,"value":7},{"value":8},{"duration":2,"value":9},{"value":10},{"duration":2,"value":11},{"value":12},{"duration":2,"value":13},{"value":14},{"duration":2,"value":15},{"value":16},{"duration":0,"value":-1}]}]}],"defaultActions":[{"gotoAndPlay":"animation"}]}]}