{"width":1024,"imagePath":"lihe_tex.png","SubTexture":[{"frameWidth":128,"y":784,"frameHeight":128,"width":95,"frameX":-16,"height":104,"name":"glow/glow_09","frameY":-12,"x":99},{"frameWidth":128,"y":679,"frameHeight":128,"width":96,"frameX":-17,"height":104,"name":"glow/glow_06","frameY":-11,"x":1},{"frameWidth":128,"y":810,"frameHeight":128,"width":96,"frameX":-17,"height":98,"name":"glow/glow_01","frameY":-14,"x":718},{"frameWidth":128,"y":679,"frameHeight":128,"width":96,"frameX":-17,"height":103,"name":"glow/glow_05","frameY":-11,"x":99},{"frameWidth":128,"y":739,"frameHeight":128,"width":96,"frameX":-17,"height":99,"name":"glow/glow_02","frameY":-13,"x":816},{"frameWidth":128,"y":785,"frameHeight":128,"width":95,"frameX":-16,"height":104,"name":"glow/glow_10","frameY":-12,"x":1},{"frameWidth":128,"y":217,"frameHeight":128,"width":96,"frameX":-14,"height":105,"name":"glow/glow_12","frameY":-12,"x":904},{"frameWidth":128,"y":324,"frameHeight":128,"width":96,"frameX":-16,"height":104,"name":"glow/glow_08","frameY":-12,"x":908},{"frameWidth":128,"y":527,"frameHeight":128,"width":96,"frameX":-15,"height":104,"name":"glow/glow_11","frameY":-12,"x":892},{"frameWidth":128,"y":709,"frameHeight":128,"width":96,"frameX":-17,"height":99,"name":"glow/glow_03","frameY":-13,"x":718},{"frameWidth":128,"y":109,"frameHeight":128,"width":96,"frameX":-14,"height":106,"name":"glow/glow_13","frameY":-12,"x":904},{"frameWidth":128,"y":633,"frameHeight":128,"width":96,"frameX":-17,"height":104,"name":"glow/glow_07","frameY":-11,"x":892},{"frameWidth":128,"y":709,"frameHeight":128,"width":96,"frameX":-17,"height":101,"name":"glow/glow_04","frameY":-12,"x":620},{"frameWidth":128,"y":1,"frameHeight":128,"width":98,"frameX":-13,"height":106,"name":"glow/glow_14","frameY":-12,"x":904},{"frameWidth":256,"y":1,"frameHeight":256,"width":207,"frameX":-25,"height":207,"name":"huan_00","frameY":-25,"x":258},{"frameWidth":256,"y":1,"frameHeight":256,"width":255,"frameX":0,"height":215,"name":"ci_00","frameY":-22,"x":1},{"frameWidth":256,"y":555,"frameHeight":256,"width":156,"frameX":-50,"height":156,"name":"glow_00","frameY":-50,"x":218},{"frameWidth":256,"y":210,"frameHeight":256,"width":217,"frameX":-10,"height":173,"name":"suipian1/suipian_10","frameY":-62,"x":258},{"frameWidth":256,"y":430,"frameHeight":256,"width":104,"frameX":-69,"height":83,"name":"suipian1/suipian_01","frameY":-84,"x":908},{"frameWidth":256,"y":180,"frameHeight":256,"width":217,"frameX":-10,"height":175,"name":"suipian1/suipian_11","frameY":-64,"x":685},{"frameWidth":256,"y":560,"frameHeight":256,"width":149,"frameX":-46,"height":117,"name":"suipian1/suipian_02","frameY":-68,"x":1},{"frameWidth":256,"y":357,"frameHeight":256,"width":216,"frameX":-11,"height":170,"name":"suipian1/suipian_09","frameY":-60,"x":477},{"frameWidth":256,"y":385,"frameHeight":256,"width":29,"frameX":-43,"height":41,"name":"suipian1/suipian_17","frameY":-215,"x":438},{"frameWidth":256,"y":182,"frameHeight":256,"width":199,"frameX":-20,"height":159,"name":"suipian1/suipian_04","frameY":-49,"x":477},{"frameWidth":256,"y":686,"frameHeight":256,"width":180,"frameX":-30,"height":143,"name":"suipian1/suipian_03","frameY":-55,"x":438},{"frameWidth":256,"y":713,"frameHeight":256,"width":147,"frameX":-32,"height":134,"name":"suipian1/suipian_16","frameY":-122,"x":218},{"frameWidth":256,"y":385,"frameHeight":256,"width":216,"frameX":-11,"height":168,"name":"suipian1/suipian_07","frameY":-55,"x":220},{"frameWidth":256,"y":527,"frameHeight":256,"width":195,"frameX":-31,"height":180,"name":"suipian1/suipian_14","frameY":-71,"x":695},{"frameWidth":256,"y":218,"frameHeight":256,"width":217,"frameX":-11,"height":171,"name":"suipian1/suipian_06","frameY":-50,"x":1},{"frameWidth":256,"y":529,"frameHeight":256,"width":194,"frameX":-31,"height":155,"name":"suipian1/suipian_15","frameY":-99,"x":438},{"frameWidth":256,"y":1,"frameHeight":256,"width":216,"frameX":-10,"height":179,"name":"suipian1/suipian_13","frameY":-68,"x":467},{"frameWidth":256,"y":357,"frameHeight":256,"width":211,"frameX":-14,"height":168,"name":"suipian1/suipian_05","frameY":-48,"x":695},{"frameWidth":256,"y":1,"frameHeight":256,"width":217,"frameX":-10,"height":177,"name":"suipian1/suipian_12","frameY":-66,"x":685},{"frameWidth":256,"y":391,"frameHeight":256,"width":215,"frameX":-12,"height":167,"name":"suipian1/suipian_08","frameY":-59,"x":1}],"height":1024,"name":"lihe"}