{"frameRate":15,"name":"liuyou","version":"5.5","compatibleVersion":"5.5","armature":[{"type":"Armature","frameRate":15,"name":"liuyou","aabb":{"x":-128,"y":-128,"width":256,"height":256},"bone":[{"name":"root"},{"name":"youzha","parent":"root","transform":{"scX":3,"scY":3}},{"name":"bianyou","parent":"root"}],"slot":[{"displayIndex":4,"name":"youzha","parent":"youzha"},{"displayIndex":8,"name":"bianyou","parent":"bianyou"}],"skin":[{"slot":[{"name":"bianyou","display":[{"name":"bianyou/bianyou_08"},{"name":"bianyou/bianyou_07"},{"name":"bianyou/bianyou_06"},{"name":"bianyou/bianyou_05"},{"name":"bianyou/bianyou_04"},{"name":"bianyou/bianyou_03"},{"name":"bianyou/bianyou_02"},{"name":"bianyou/bianyou_01"},{"name":"bianyou/bianyou_00"}]},{"name":"youzha","display":[{"name":"youzha/youzha_10"},{"name":"youzha/youzha_09"},{"name":"youzha/youzha_08"},{"name":"youzha/youzha_07"},{"name":"youzha/youzha_06"},{"name":"youzha/youzha_05"},{"name":"youzha/youzha_04"},{"name":"youzha/youzha_03"},{"name":"youzha/youzha_02"},{"name":"youzha/youzha_01"},{"name":"youzha/youzha_00"}]}]}],"animation":[{"duration":11,"playTimes":0,"name":"youzha","bone":[{"name":"youzha","scaleFrame":[{"duration":10,"tweenEasing":0},{"x":1.33,"y":1.33}]}],"slot":[{"name":"youzha","displayFrame":[{"value":10},{"value":9},{"value":8},{"value":7},{"value":6},{"value":5},{"value":4},{"value":3},{"value":2},{"value":1},{},{"duration":0,"value":-1}]},{"name":"bianyou","displayFrame":[{"duration":11,"value":-1}]}]},{"duration":8,"playTimes":0,"name":"bianyou","bone":[{"name":"bianyou","scaleFrame":[{"duration":7,"x":2,"y":2},{"x":2,"y":2},{"duration":0}]}],"slot":[{"name":"youzha","displayFrame":[{"duration":8,"value":-1}]},{"name":"bianyou","displayFrame":[{"value":8},{"value":7},{"value":6},{"value":5},{"value":4},{"value":3},{"value":2},{"value":1},{"duration":0}]}]}],"defaultActions":[{"gotoAndPlay":"youzha"}],"canvas":{"width":128,"height":128}}]}