{"width":512,"imagePath":"liuyou_tex.png","SubTexture":[{"frameWidth":256,"y":311,"frameHeight":256,"width":72,"frameX":-90,"height":92,"name":"youzha/youzha_08","frameY":-98,"x":1},{"frameWidth":256,"y":69,"frameHeight":256,"width":65,"frameX":-100,"height":65,"name":"youzha/youzha_03","frameY":-99,"x":154},{"frameWidth":256,"y":1,"frameHeight":256,"width":26,"frameX":-115,"height":22,"name":"youzha/youzha_00","frameY":-117,"x":346},{"frameWidth":256,"y":223,"frameHeight":256,"width":67,"frameX":-88,"height":73,"name":"youzha/youzha_09","frameY":-101,"x":82},{"frameWidth":256,"y":311,"frameHeight":256,"width":71,"frameX":-97,"height":74,"name":"youzha/youzha_04","frameY":-97,"x":75},{"frameWidth":256,"y":69,"frameHeight":256,"width":50,"frameX":-105,"height":45,"name":"youzha/youzha_01","frameY":-107,"x":221},{"frameWidth":256,"y":405,"frameHeight":256,"width":75,"frameX":-95,"height":81,"name":"youzha/youzha_05","frameY":-96,"x":1},{"frameWidth":256,"y":136,"frameHeight":256,"width":59,"frameX":-102,"height":55,"name":"youzha/youzha_02","frameY":-102,"x":154},{"frameWidth":256,"y":131,"frameHeight":256,"width":67,"frameX":-88,"height":67,"name":"youzha/youzha_10","frameY":-103,"x":85},{"frameWidth":256,"y":223,"frameHeight":256,"width":79,"frameX":-93,"height":86,"name":"youzha/youzha_06","frameY":-96,"x":1},{"frameWidth":256,"y":131,"frameHeight":256,"width":82,"frameX":-91,"height":90,"name":"youzha/youzha_07","frameY":-97,"x":1},{"frameWidth":512,"y":1,"frameHeight":512,"width":128,"frameX":-192,"height":128,"name":"bianyou/bianyou_08","frameY":-192,"x":1},{"frameWidth":256,"y":1,"frameHeight":256,"width":57,"frameX":-95,"height":66,"name":"bianyou/bianyou_03","frameY":-95,"x":198},{"frameWidth":256,"y":136,"frameHeight":256,"width":52,"frameX":-95,"height":57,"name":"bianyou/bianyou_02","frameY":-98,"x":215},{"frameWidth":256,"y":1,"frameHeight":256,"width":65,"frameX":-95,"height":66,"name":"bianyou/bianyou_04","frameY":-95,"x":131},{"frameWidth":256,"y":200,"frameHeight":256,"width":66,"frameX":-95,"height":66,"name":"bianyou/bianyou_05","frameY":-95,"x":151},{"frameWidth":256,"y":200,"frameHeight":256,"width":66,"frameX":-95,"height":66,"name":"bianyou/bianyou_06","frameY":-95,"x":287},{"frameWidth":256,"y":1,"frameHeight":256,"width":33,"frameX":-95,"height":43,"name":"bianyou/bianyou_00","frameY":-102,"x":311},{"frameWidth":256,"y":200,"frameHeight":256,"width":66,"frameX":-95,"height":66,"name":"bianyou/bianyou_07","frameY":-95,"x":219},{"frameWidth":256,"y":1,"frameHeight":256,"width":40,"frameX":-95,"height":46,"name":"bianyou/bianyou_01","frameY":-100,"x":269}],"height":512,"name":"liuyou"}