{
    "frameRate": 24,
    "name": "NewProject",
    "version": "5.5",
    "compatibleVersion": "5.5",
    "armature": [
        {
            "type": "Sheet",
            "frameRate": 24,
            "name": "NewProject",
            "aabb": {
                "x": -78,
                "y": -78,
                "width": 156,
                "height": 156
            },
            "bone": [
                {
                    "name": "root"
                }
            ],
            "slot": [
                {
                    "displayIndex": 5,
                    "name": "sheetSlot",
                    "parent": "root"
                }
            ],
            "skin": [
                {
                    "slot": [
                        {
                            "name": "sheetSlot",
                            "display": [
                                {
                                    "name": "10000"
                                },
                                {
                                    "name": "10002"
                                },
                                {
                                    "name": "10004"
                                },
                                {
                                    "name": "10006"
                                },
                                {
                                    "name": "10008"
                                },
                                {
                                    "name": "10012"
                                }
                            ]
                        }
                    ]
                }
            ],
            "animation": [
                {
                    "duration": 6,
                    "playTimes": 0,
                    "name": "Sprite",
                    "slot": [
                        {
                            "name": "sheetSlot",
                            "displayFrame": [
                                {},
                                {
                                    "value": 1
                                },
                                {
                                    "value": 2
                                },
                                {
                                    "value": 3
                                },
                                {
                                    "value": 4
                                },
                                {
                                    "value": 5
                                }
                            ]
                        }
                    ]
                }
            ],
            "defaultActions": [
                {
                    "gotoAndPlay": "Sprite"
                }
            ]
        }
    ]
}