{
    "SubTexture": [
        {
            "y": 151,
            "frameX": -4,
            "frameY": -3,
            "width": 148,
            "frameWidth": 156,
            "height": 143,
            "name": "10008",
            "frameHeight": 156,
            "x": 1
        },
        {
            "y": 1,
            "frameX": -1,
            "frameY": -3,
            "width": 155,
            "frameWidth": 156,
            "height": 99,
            "name": "10004",
            "frameHeight": 156,
            "x": 306
        },
        {
            "y": 296,
            "frameX": -1,
            "frameY": -2,
            "width": 154,
            "frameWidth": 156,
            "height": 27,
            "name": "10000",
            "frameHeight": 156,
            "x": 1
        },
        {
            "y": 1,
            "frameX": -5,
            "frameY": -3,
            "width": 147,
            "frameWidth": 156,
            "height": 148,
            "name": "10012",
            "frameHeight": 156,
            "x": 1
        },
        {
            "y": 102,
            "frameX": -1,
            "frameY": -3,
            "width": 155,
            "frameWidth": 156,
            "height": 65,
            "name": "10002",
            "frameHeight": 156,
            "x": 306
        },
        {
            "y": 1,
            "frameX": -1,
            "frameY": -3,
            "width": 154,
            "frameWidth": 156,
            "height": 121,
            "name": "10006",
            "frameHeight": 156,
            "x": 150
        }
    ],
    "width": 512,
    "height": 512,
    "name": "NewProject",
    "imagePath": "NewProject_tex.png"
}