{"width":512,"imagePath":"paomo_tex.png","SubTexture":[{"frameWidth":256,"y":1,"frameHeight":256,"width":66,"frameX":-101,"height":84,"name":"zhapaomo/zhapaomo_07","frameY":-95,"x":291},{"frameWidth":256,"y":173,"frameHeight":256,"width":53,"frameX":-110,"height":62,"name":"zhapaomo/zhapaomo_01","frameY":-95,"x":147},{"frameWidth":256,"y":81,"frameHeight":256,"width":75,"frameX":-93,"height":70,"name":"zhapaomo/zhapaomo_10","frameY":-95,"x":214},{"frameWidth":256,"y":91,"frameHeight":256,"width":64,"frameX":-102,"height":80,"name":"zhapaomo/zhapaomo_06","frameY":-95,"x":138},{"frameWidth":256,"y":1,"frameHeight":256,"width":74,"frameX":-93,"height":88,"name":"zhapaomo/zhapaomo_08","frameY":-95,"x":138},{"frameWidth":256,"y":87,"frameHeight":256,"width":62,"frameX":-103,"height":76,"name":"zhapaomo/zhapaomo_05","frameY":-95,"x":291},{"frameWidth":256,"y":1,"frameHeight":256,"width":75,"frameX":-93,"height":78,"name":"zhapaomo/zhapaomo_09","frameY":-95,"x":214},{"frameWidth":256,"y":271,"frameHeight":256,"width":54,"frameX":-109,"height":64,"name":"zhapaomo/zhapaomo_02","frameY":-94,"x":1},{"frameWidth":256,"y":237,"frameHeight":256,"width":50,"frameX":-112,"height":62,"name":"zhapaomo/zhapaomo_00","frameY":-95,"x":147},{"frameWidth":256,"y":219,"frameHeight":256,"width":61,"frameX":-104,"height":73,"name":"zhapaomo/zhapaomo_04","frameY":-94,"x":204},{"frameWidth":256,"y":239,"frameHeight":256,"width":58,"frameX":-106,"height":67,"name":"zhapaomo/zhapaomo_03","frameY":-94,"x":71},{"frameWidth":256,"y":173,"frameHeight":256,"width":69,"frameX":-94,"height":64,"name":"paomochuxian/a_01","frameY":-94,"x":76},{"frameWidth":256,"y":71,"frameHeight":256,"width":70,"frameX":-94,"height":68,"name":"paomochuxian/a_03","frameY":-94,"x":432},{"frameWidth":256,"y":1,"frameHeight":256,"width":72,"frameX":-94,"height":68,"name":"paomochuxian/a_06","frameY":-94,"x":433},{"frameWidth":256,"y":71,"frameHeight":256,"width":71,"frameX":-94,"height":68,"name":"paomochuxian/a_04","frameY":-94,"x":359},{"frameWidth":256,"y":153,"frameHeight":256,"width":70,"frameX":-94,"height":64,"name":"paomochuxian/a_02","frameY":-94,"x":204},{"frameWidth":256,"y":207,"frameHeight":256,"width":68,"frameX":-94,"height":62,"name":"paomochuxian/a_00","frameY":-95,"x":1},{"frameWidth":150,"y":1,"frameHeight":150,"width":135,"frameX":-8,"height":134,"name":"91","frameY":-8,"x":1},{"frameWidth":256,"y":137,"frameHeight":256,"width":73,"frameX":-94,"height":68,"name":"paomochuxian/a_07","frameY":-94,"x":1},{"frameWidth":256,"y":1,"frameHeight":256,"width":72,"frameX":-94,"height":68,"name":"paomochuxian/a_05","frameY":-94,"x":359}],"height":512,"name":"paomo"}