{"frameRate":15,"name":"paomo","version":"5.5","compatibleVersion":"5.5","armature":[{"type":"Armature","frameRate":15,"name":"paomo","aabb":{"x":-128,"y":-128,"width":256,"height":256},"bone":[{"name":"root"},{"name":"zhapaomo","parent":"root","transform":{"scX":3,"scY":3}},{"name":"paomochuxian","parent":"root"}],"slot":[{"displayIndex":10,"name":"zhapaomo","parent":"zhapaomo"},{"displayIndex":8,"name":"paomochuxian","parent":"paomochuxian"}],"skin":[{"slot":[{"name":"zhapaomo","display":[{"name":"zhapaomo/zhapaomo_10"},{"name":"zhapaomo/zhapaomo_09"},{"name":"zhapaomo/zhapaomo_08"},{"name":"zhapaomo/zhapaomo_07"},{"name":"zhapaomo/zhapaomo_06"},{"name":"zhapaomo/zhapaomo_05"},{"name":"zhapaomo/zhapaomo_04"},{"name":"zhapaomo/zhapaomo_03"},{"name":"zhapaomo/zhapaomo_02"},{"name":"zhapaomo/zhapaomo_01"},{"name":"zhapaomo/zhapaomo_00"}]},{"name":"paomochuxian","display":[{"name":"paomochuxian/a_07"},{"name":"paomochuxian/a_06"},{"name":"paomochuxian/a_05"},{"name":"paomochuxian/a_04"},{"name":"paomochuxian/a_03"},{"name":"paomochuxian/a_02"},{"name":"paomochuxian/a_01"},{"name":"paomochuxian/a_00"},{"name":"91"}]}]}],"animation":[{"duration":11,"playTimes":0,"name":"zhapaomo","bone":[{"name":"zhapaomo","scaleFrame":[{"duration":10,"tweenEasing":0},{"x":1.33,"y":1.33}]}],"slot":[{"name":"zhapaomo","displayFrame":[{"value":10},{"value":9},{"value":8},{"value":7},{"value":6},{"value":5},{"value":4},{"value":3},{"value":2},{"value":1},{},{"duration":0,"value":-1}]},{"name":"paomochuxian","displayFrame":[{"duration":11,"value":-1}]}]},{"duration":8,"playTimes":0,"name":"paomochuxian","bone":[{"name":"paomochuxian","scaleFrame":[{"duration":7,"x":2,"y":2},{"x":2,"y":2},{"duration":0}]}],"slot":[{"name":"zhapaomo","displayFrame":[{"duration":8,"value":-1}]},{"name":"paomochuxian","displayFrame":[{"value":7},{"value":6},{"value":5},{"value":4},{"value":3},{"value":2},{"value":1},{},{"duration":0,"value":8}]}]}],"defaultActions":[{"gotoAndPlay":"zhapaomo"}]}]}