{"frameRate":30,"name":"posui","version":"5.5","compatibleVersion":"5.5","armature":[{"type":"Armature","frameRate":30,"name":"posui","aabb":{"x":-34.96,"y":-8,"width":69.96,"height":16.3},"bone":[{"name":"root"},{"name":"all","parent":"root"},{"name":"L","parent":"all","transform":{"x":-22.96,"y":0.3}},{"name":"M","parent":"all","transform":{"x":0.5}},{"name":"R","parent":"all","transform":{"x":23.5}}],"slot":[{"name":"L","parent":"L"},{"blendMode":"add","name":"L2","parent":"L"},{"name":"M","parent":"M"},{"blendMode":"add","name":"M2","parent":"M"},{"name":"R","parent":"R"},{"blendMode":"add","name":"R2","parent":"R"}],"skin":[{"slot":[{"name":"M2","display":[{"name":"M"}]},{"name":"L2","display":[{"name":"L"}]},{"name":"R2","display":[{"name":"R"}]},{"name":"M","display":[{"name":"M"}]},{"name":"R","display":[{"name":"R"}]},{"name":"L","display":[{"name":"L"}]}]}],"animation":[{"duration":31,"name":"posui","bone":[{"name":"L","translateFrame":[{"duration":6},{"duration":5,"curve":[0,0.155,0.6935,0.825]},{"duration":5,"curve":[0.26,0.35,0.616,0.69],"x":-1.59,"y":-47},{"duration":5,"curve":[0.329,0.4,0.682,0.75],"x":-4.96,"y":-70.51},{"duration":5,"curve":[0.403,0.62,0.761,1],"x":-10.83,"y":-87.38},{"duration":5,"x":-19.3,"y":-93.74}],"rotateFrame":[{"duration":6},{"duration":20,"tweenEasing":0},{"duration":5,"rotate":159.85}]},{"name":"M","translateFrame":[{"duration":6},{"duration":5,"curve":[0,0.15,0.7045,0.8300000000000001]},{"duration":5,"curve":[0.283,0.38,0.652,0.74],"x":-5.47,"y":-47.28},{"duration":5,"curve":[0.4,0.61,0.775,1],"x":-12.12,"y":-68.99},{"duration":10,"x":-20.18,"y":-77.04}],"rotateFrame":[{"duration":6},{"duration":15,"tweenEasing":0},{"duration":10,"rotate":179}]},{"name":"R","translateFrame":[{"duration":6},{"duration":5,"curve":[0,0.155,0.6875,0.825]},{"duration":5,"curve":[0.25,0.33,0.6,0.68],"x":4.09,"y":-43.37},{"duration":5,"curve":[0.308,0.36,0.654,0.7],"x":7.46,"y":-65.41},{"duration":5,"curve":[0.346,0.41,0.692,0.76],"x":11.9,"y":-81.47},{"duration":5,"curve":[0.2,0.315,0.875,1],"x":19.9,"y":-91.54},{"duration":0,"x":25.55,"y":-88.21}],"rotateFrame":[{"duration":6},{"duration":20,"tweenEasing":0},{"duration":5,"tweenEasing":0,"rotate":180},{"duration":0,"rotate":-136}]}],"slot":[{"name":"L","colorFrame":[{"duration":16},{"duration":10,"tweenEasing":0},{"duration":5,"value":{"aM":0}}]},{"name":"L2","colorFrame":[{"duration":3,"tweenEasing":0,"value":{"aM":0}},{"duration":3,"tweenEasing":0},{"duration":25,"value":{"aM":0}}]},{"name":"M","colorFrame":[{"duration":16},{"duration":5,"tweenEasing":0},{"duration":10,"value":{"aM":0}}]},{"name":"M2","colorFrame":[{"duration":3,"tweenEasing":0,"value":{"aM":0}},{"duration":3,"tweenEasing":0},{"duration":25,"value":{"aM":0}}]},{"name":"R","colorFrame":[{"duration":21},{"duration":10,"tweenEasing":0},{"duration":0,"value":{"aM":0}}]},{"name":"R2","colorFrame":[{"duration":3,"tweenEasing":0,"value":{"aM":0}},{"duration":3,"tweenEasing":0},{"duration":25,"value":{"aM":0}}]}]}],"defaultActions":[{"gotoAndPlay":"posui"}]}]}