{"width":512,"SubTexture":[{"width":175,"y":1,"height":178,"name":"ci","x":1},{"width":132,"y":318,"height":131,"name":"lizi/lizi_05","x":139},{"width":89,"y":294,"height":95,"name":"lizi/lizi_02","x":403},{"width":136,"y":318,"height":134,"name":"lizi/lizi_06","x":1},{"width":139,"y":181,"height":135,"name":"lizi/lizi_07","x":1},{"width":128,"y":318,"height":131,"name":"lizi/lizi_08","x":273},{"width":107,"y":181,"height":111,"name":"lizi/lizi_03","x":397},{"width":128,"y":181,"height":129,"name":"lizi/lizi_09","x":142},{"width":123,"y":181,"height":125,"name":"lizi/lizi_04","x":272},{"width":55,"y":391,"height":61,"name":"lizi/lizi_01","x":403}],"height":512,"name":"qizixiaochu","imagePath":"qizixiaochu_tex.png"}