{"frameRate":30,"name":"qizixiaochu","version":"5.5","compatibleVersion":"5.5","armature":[{"type":"Armature","frameRate":30,"name":"qizixiaochu","bone":[{"name":"root"},{"name":"ci","parent":"root"},{"name":"lizi","parent":"root"}],"slot":[{"blendMode":"add","displayIndex":-1,"name":"ci","parent":"ci"},{"blendMode":"add","displayIndex":-1,"name":"lizi","parent":"lizi"}],"skin":[{"slot":[{"name":"lizi","display":[{"name":"lizi/lizi_01"},{"name":"lizi/lizi_02"},{"name":"lizi/lizi_03"},{"name":"lizi/lizi_04"},{"name":"lizi/lizi_05"},{"name":"lizi/lizi_06"},{"name":"lizi/lizi_07"},{"name":"lizi/lizi_08"},{"name":"lizi/lizi_09"}]},{"name":"ci","display":[{"name":"ci"}]}]}],"animation":[{"duration":18,"name":"animation","bone":[{"name":"ci","rotateFrame":[{"duration":3,"tweenEasing":0},{"duration":7,"tweenEasing":0},{"duration":8,"rotate":60}],"scaleFrame":[{"duration":3,"tweenEasing":0,"x":0.4,"y":0.4},{"duration":7,"tweenEasing":0},{"duration":8,"x":0.4,"y":0.4}]},{"name":"lizi","translateFrame":[{"duration":14},{},{"duration":3,"x":6.32,"y":2.71}]}],"slot":[{"name":"ci","displayFrame":[{"duration":18}],"colorFrame":[{"duration":3,"tweenEasing":0,"value":{"aM":0}},{"duration":7,"tweenEasing":0},{"duration":8,"value":{"aM":0}}]},{"name":"lizi","displayFrame":[{"duration":4,"value":-1},{"duration":2},{"value":1},{"duration":2,"value":2},{"value":3},{"duration":2,"value":4},{"value":5},{"duration":2,"value":6},{"value":7},{"duration":2,"value":8},{"duration":0,"value":-1}]}]}],"defaultActions":[{"gotoAndPlay":"animation"}]}]}