{
    "SubTexture": [
        {
            "width": 48,
            "y": 1,
            "height": 53,
            "name": "zi/目",
            "x": 162
        },
        {
            "width": 55,
            "y": 1,
            "height": 57,
            "name": "zi/标",
            "x": 1
        },
        {
            "width": 51,
            "y": 60,
            "height": 56,
            "name": "zi/有",
            "x": 56
        },
        {
            "width": 50,
            "y": 60,
            "height": 56,
            "name": "zi/所",
            "x": 161
        },
        {
            "width": 50,
            "y": 1,
            "height": 56,
            "name": "zi/成",
            "x": 58
        },
        {
            "width": 50,
            "y": 1,
            "height": 52,
            "name": "zi/已",
            "x": 110
        },
        {
            "width": 50,
            "y": 60,
            "height": 57,
            "name": "zi/完",
            "x": 109
        },
        {
            "frameX": -10,
            "frameHeight": 64,
            "y": 60,
            "frameY": -6,
            "frameWidth": 64,
            "width": 53,
            "height": 54,
            "name": "fire_00",
            "x": 1
        }
    ],
    "width": 256,
    "height": 128,
    "name": "reachtarget",
    "imagePath": "reachtarget_tex.png"
}