{
    "frameRate": 24,
    "name": "reachtarget",
    "version": "5.5",
    "compatibleVersion": "5.5",
    "armature": [
        {
            "type": "Armature",
            "frameRate": 24,
            "name": "reachtarget",
            "aabb": {
                "x": -180.01,
                "y": -32,
                "width": 441.11,
                "height": 64
            },
            "bone": [
                {
                    "name": "root"
                },
                {
                    "name": "wenzi",
                    "parent": "root"
                },
                {
                    "name": "YW1",
                    "parent": "root"
                },
                {
                    "name": "YW0",
                    "parent": "root"
                },
                {
                    "name": "YW2",
                    "parent": "root",
                    "transform": {
                        "x": 52.8689
                    }
                },
                {
                    "name": "YW3",
                    "parent": "root",
                    "transform": {
                        "x": 100.4985
                    }
                },
                {
                    "name": "YW4",
                    "parent": "root",
                    "transform": {
                        "x": 160.5357
                    }
                },
                {
                    "name": "YW5",
                    "parent": "root",
                    "transform": {
                        "x": 229.0985
                    }
                },
                {
                    "name": "Y2",
                    "parent": "YW1"
                },
                {
                    "name": "Y111",
                    "parent": "YW1",
                    "transform": {
                        "skX": 180,
                        "skY": 180
                    }
                },
                {
                    "name": "Y11",
                    "parent": "YW0",
                    "transform": {
                        "skX": 180,
                        "skY": 180
                    }
                },
                {
                    "name": "Y1111",
                    "parent": "YW2",
                    "transform": {
                        "skX": 180,
                        "skY": 180
                    }
                },
                {
                    "name": "Y21",
                    "parent": "YW2"
                },
                {
                    "name": "Y211",
                    "parent": "YW3"
                },
                {
                    "name": "Y1211",
                    "parent": "YW3",
                    "transform": {
                        "skX": 180,
                        "skY": 180
                    }
                },
                {
                    "name": "Y11111",
                    "parent": "YW3",
                    "transform": {
                        "skX": 180,
                        "skY": 180
                    }
                },
                {
                    "name": "Y1",
                    "parent": "YW0",
                    "transform": {
                        "skX": 180,
                        "skY": 180
                    }
                },
                {
                    "name": "Y2111",
                    "parent": "YW4"
                },
                {
                    "name": "Y12111",
                    "parent": "YW4",
                    "transform": {
                        "skX": 180,
                        "skY": 180
                    }
                },
                {
                    "name": "Y111111",
                    "parent": "YW4",
                    "transform": {
                        "skX": 180,
                        "skY": 180
                    }
                },
                {
                    "name": "Y121",
                    "parent": "YW2",
                    "transform": {
                        "skX": 180,
                        "skY": 180
                    }
                },
                {
                    "name": "Y",
                    "parent": "YW0"
                },
                {
                    "name": "Y12",
                    "parent": "YW1",
                    "transform": {
                        "skX": 180,
                        "skY": 180
                    }
                },
                {
                    "name": "Y21111",
                    "parent": "YW5"
                },
                {
                    "name": "Y121111",
                    "parent": "YW5",
                    "transform": {
                        "skX": 180,
                        "skY": 180
                    }
                },
                {
                    "name": "Y1111111",
                    "parent": "YW5",
                    "transform": {
                        "skX": 180,
                        "skY": 180
                    }
                },
                {
                    "name": "Y211111",
                    "parent": "YW5"
                }
            ],
            "slot": [
                {
                    "name": "目",
                    "parent": "wenzi"
                },
                {
                    "name": "标",
                    "parent": "wenzi"
                },
                {
                    "name": "有",
                    "parent": "wenzi"
                },
                {
                    "name": "所",
                    "parent": "wenzi"
                },
                {
                    "name": "成",
                    "parent": "wenzi"
                },
                {
                    "name": "已",
                    "parent": "wenzi"
                },
                {
                    "name": "完",
                    "parent": "wenzi"
                },
                {
                    "blendMode": "add",
                    "name": "fire_00",
                    "parent": "Y"
                },
                {
                    "blendMode": "add",
                    "name": "fire_001",
                    "parent": "Y1"
                },
                {
                    "blendMode": "add",
                    "name": "fire_0011",
                    "parent": "Y11"
                },
                {
                    "blendMode": "add",
                    "name": "fire_002",
                    "parent": "Y2"
                },
                {
                    "blendMode": "add",
                    "name": "fire_0012",
                    "parent": "Y12"
                },
                {
                    "blendMode": "add",
                    "name": "fire_00111",
                    "parent": "Y111"
                },
                {
                    "blendMode": "add",
                    "name": "fire_0021",
                    "parent": "Y21"
                },
                {
                    "blendMode": "add",
                    "name": "fire_00121",
                    "parent": "Y121"
                },
                {
                    "blendMode": "add",
                    "name": "fire_001111",
                    "parent": "Y1111"
                },
                {
                    "blendMode": "add",
                    "name": "fire_00211",
                    "parent": "Y211"
                },
                {
                    "blendMode": "add",
                    "name": "fire_001211",
                    "parent": "Y1211"
                },
                {
                    "blendMode": "add",
                    "name": "fire_0011111",
                    "parent": "Y11111"
                },
                {
                    "blendMode": "add",
                    "name": "fire_002111",
                    "parent": "Y2111"
                },
                {
                    "blendMode": "add",
                    "name": "fire_0012111",
                    "parent": "Y12111"
                },
                {
                    "blendMode": "add",
                    "name": "fire_00111111",
                    "parent": "Y111111"
                },
                {
                    "blendMode": "add",
                    "name": "fire_0021111",
                    "parent": "Y21111"
                },
                {
                    "blendMode": "add",
                    "name": "fire_00121111",
                    "parent": "Y121111"
                },
                {
                    "blendMode": "add",
                    "name": "fire_001111111",
                    "parent": "Y1111111"
                },
                {
                    "blendMode": "add",
                    "name": "fire_00211111",
                    "parent": "Y211111"
                }
            ],
            "skin": [
                {
                    "slot": [
                        {
                            "name": "fire_0012111",
                            "display": [
                                {
                                    "name": "fire_00"
                                }
                            ]
                        },
                        {
                            "name": "fire_0021",
                            "display": [
                                {
                                    "name": "fire_00"
                                }
                            ]
                        },
                        {
                            "name": "完",
                            "display": [
                                {
                                    "name": "zi/完",
                                    "transform": {
                                        "x": -104.5
                                    }
                                }
                            ]
                        },
                        {
                            "name": "fire_001111111",
                            "display": [
                                {
                                    "name": "fire_00"
                                }
                            ]
                        },
                        {
                            "name": "fire_001211",
                            "display": [
                                {
                                    "name": "fire_00"
                                }
                            ]
                        },
                        {
                            "name": "fire_002",
                            "display": [
                                {
                                    "name": "fire_00"
                                }
                            ]
                        },
                        {
                            "name": "所",
                            "display": [
                                {
                                    "name": "zi/所",
                                    "transform": {
                                        "x": -1.77
                                    }
                                }
                            ]
                        },
                        {
                            "name": "fire_00111111",
                            "display": [
                                {
                                    "name": "fire_00"
                                }
                            ]
                        },
                        {
                            "name": "fire_00121",
                            "display": [
                                {
                                    "name": "fire_00"
                                }
                            ]
                        },
                        {
                            "name": "fire_00",
                            "display": [
                                {
                                    "name": "fire_00"
                                }
                            ]
                        },
                        {
                            "name": "目",
                            "display": [
                                {
                                    "name": "zi/目",
                                    "transform": {
                                        "x": 100.09
                                    }
                                }
                            ]
                        },
                        {
                            "name": "fire_00211111",
                            "display": [
                                {
                                    "name": "fire_00"
                                }
                            ]
                        },
                        {
                            "name": "fire_0011111",
                            "display": [
                                {
                                    "name": "fire_00"
                                }
                            ]
                        },
                        {
                            "name": "fire_0012",
                            "display": [
                                {
                                    "name": "fire_00"
                                }
                            ]
                        },
                        {
                            "name": "成",
                            "display": [
                                {
                                    "name": "zi/成",
                                    "transform": {
                                        "x": -52.7
                                    }
                                }
                            ]
                        },
                        {
                            "name": "fire_0021111",
                            "display": [
                                {
                                    "name": "fire_00"
                                }
                            ]
                        },
                        {
                            "name": "fire_001111",
                            "display": [
                                {
                                    "name": "fire_00"
                                }
                            ]
                        },
                        {
                            "name": "fire_001",
                            "display": [
                                {
                                    "name": "fire_00"
                                }
                            ]
                        },
                        {
                            "name": "标",
                            "display": [
                                {
                                    "name": "zi/标",
                                    "transform": {
                                        "x": 152.8
                                    }
                                }
                            ]
                        },
                        {
                            "name": "fire_002111",
                            "display": [
                                {
                                    "name": "fire_00"
                                }
                            ]
                        },
                        {
                            "name": "fire_00111",
                            "display": [
                                {
                                    "name": "fire_00"
                                }
                            ]
                        },
                        {
                            "name": "已",
                            "display": [
                                {
                                    "name": "zi/已",
                                    "transform": {
                                        "x": -155.01
                                    }
                                }
                            ]
                        },
                        {
                            "name": "fire_00121111",
                            "display": [
                                {
                                    "name": "fire_00"
                                }
                            ]
                        },
                        {
                            "name": "fire_00211",
                            "display": [
                                {
                                    "name": "fire_00"
                                }
                            ]
                        },
                        {
                            "name": "fire_0011",
                            "display": [
                                {
                                    "name": "fire_00"
                                }
                            ]
                        },
                        {
                            "name": "有",
                            "display": [
                                {
                                    "name": "zi/有",
                                    "transform": {
                                        "x": 49.58
                                    }
                                }
                            ]
                        }
                    ]
                }
            ],
            "animation": [
                {
                    "duration": 36,
                    "playTimes": 0,
                    "name": "newAnimation",
                    "bone": [
                        {
                            "name": "Y",
                            "translateFrame": [
                                {
                                    "duration": 3
                                },
                                {
                                    "duration": 33,
                                    "x": -196.21,
                                    "y": 9.79
                                }
                            ],
                            "scaleFrame": [
                                {
                                    "duration": 2,
                                    "x": 0.01,
                                    "y": 0.01
                                },
                                {
                                    "x": 0.01,
                                    "y": 0.01
                                },
                                {
                                    "duration": 33,
                                    "x": 2.5,
                                    "y": 2.5
                                }
                            ]
                        },
                        {
                            "name": "Y1",
                            "translateFrame": [
                                {
                                    "duration": 3
                                },
                                {
                                    "duration": 33,
                                    "x": -143.84,
                                    "y": -12.12
                                }
                            ],
                            "scaleFrame": [
                                {
                                    "duration": 2,
                                    "x": 0.01,
                                    "y": 0.01
                                },
                                {
                                    "x": 0.01,
                                    "y": 0.01
                                },
                                {
                                    "duration": 33,
                                    "x": 2,
                                    "y": 2
                                }
                            ]
                        },
                        {
                            "name": "Y11",
                            "translateFrame": [
                                {
                                    "duration": 3
                                },
                                {
                                    "duration": 33,
                                    "x": -151.46,
                                    "y": -7.36
                                }
                            ],
                            "scaleFrame": [
                                {
                                    "duration": 2,
                                    "x": 0.01,
                                    "y": 0.01
                                },
                                {
                                    "x": 0.01,
                                    "y": 0.01
                                },
                                {
                                    "duration": 33,
                                    "x": 1.5,
                                    "y": 1.5
                                }
                            ]
                        },
                        {
                            "name": "YW1",
                            "translateFrame": [
                                {
                                    "duration": 36,
                                    "x": 52.39
                                }
                            ]
                        },
                        {
                            "name": "Y2",
                            "translateFrame": [
                                {
                                    "duration": 6
                                },
                                {
                                    "duration": 30,
                                    "x": -196.21,
                                    "y": 9.79
                                }
                            ],
                            "scaleFrame": [
                                {
                                    "duration": 5,
                                    "x": 0.01,
                                    "y": 0.01
                                },
                                {
                                    "x": 0.01,
                                    "y": 0.01
                                },
                                {
                                    "duration": 30,
                                    "x": 2.5,
                                    "y": 2.5
                                }
                            ]
                        },
                        {
                            "name": "Y12",
                            "translateFrame": [
                                {
                                    "duration": 7
                                },
                                {
                                    "duration": 29,
                                    "x": -143.84,
                                    "y": -12.12
                                }
                            ],
                            "scaleFrame": [
                                {
                                    "duration": 6,
                                    "x": 0.01,
                                    "y": 0.01
                                },
                                {
                                    "x": 0.01,
                                    "y": 0.01
                                },
                                {
                                    "duration": 29,
                                    "x": 2,
                                    "y": 2
                                }
                            ]
                        },
                        {
                            "name": "Y111",
                            "translateFrame": [
                                {
                                    "duration": 7
                                },
                                {
                                    "duration": 29,
                                    "x": -151.46,
                                    "y": -7.36
                                }
                            ],
                            "scaleFrame": [
                                {
                                    "duration": 6,
                                    "x": 0.01,
                                    "y": 0.01
                                },
                                {
                                    "x": 0.01,
                                    "y": 0.01
                                },
                                {
                                    "duration": 29,
                                    "x": 3.35,
                                    "y": 1.5
                                }
                            ]
                        },
                        {
                            "name": "YW2",
                            "translateFrame": [
                                {
                                    "duration": 36,
                                    "x": 52.39
                                }
                            ]
                        },
                        {
                            "name": "Y21",
                            "translateFrame": [
                                {
                                    "duration": 6
                                },
                                {
                                    "duration": 30,
                                    "x": -196.21,
                                    "y": 9.79
                                }
                            ],
                            "scaleFrame": [
                                {
                                    "duration": 5,
                                    "x": 0.01,
                                    "y": 0.01
                                },
                                {
                                    "x": 0.01,
                                    "y": 0.01
                                },
                                {
                                    "duration": 30,
                                    "x": 2.5,
                                    "y": 2.5
                                }
                            ]
                        },
                        {
                            "name": "Y121",
                            "translateFrame": [
                                {
                                    "duration": 11
                                },
                                {
                                    "duration": 25,
                                    "x": -143.84,
                                    "y": -12.12
                                }
                            ],
                            "scaleFrame": [
                                {
                                    "duration": 10,
                                    "x": 0.01,
                                    "y": 0.01
                                },
                                {
                                    "x": 0.01,
                                    "y": 0.01
                                },
                                {
                                    "duration": 25,
                                    "x": 2,
                                    "y": 2
                                }
                            ]
                        },
                        {
                            "name": "Y1111",
                            "translateFrame": [
                                {
                                    "duration": 11
                                },
                                {
                                    "duration": 25,
                                    "x": -151.46,
                                    "y": -7.36
                                }
                            ],
                            "scaleFrame": [
                                {
                                    "duration": 10,
                                    "x": 0.01,
                                    "y": 0.01
                                },
                                {
                                    "x": 0.01,
                                    "y": 0.01
                                },
                                {
                                    "duration": 25,
                                    "x": 3.35,
                                    "y": 1.5
                                }
                            ]
                        },
                        {
                            "name": "YW3",
                            "translateFrame": [
                                {
                                    "duration": 36,
                                    "x": 52.39
                                }
                            ]
                        },
                        {
                            "name": "Y211",
                            "translateFrame": [
                                {
                                    "duration": 13
                                },
                                {
                                    "duration": 23,
                                    "x": -196.21,
                                    "y": 9.79
                                }
                            ],
                            "scaleFrame": [
                                {
                                    "duration": 12,
                                    "x": 0.01,
                                    "y": 0.01
                                },
                                {
                                    "x": 0.01,
                                    "y": 0.01
                                },
                                {
                                    "duration": 23,
                                    "x": 2.5,
                                    "y": 2.5
                                }
                            ]
                        },
                        {
                            "name": "Y1211",
                            "translateFrame": [
                                {
                                    "duration": 15
                                },
                                {
                                    "duration": 21,
                                    "x": -143.84,
                                    "y": -12.12
                                }
                            ],
                            "scaleFrame": [
                                {
                                    "duration": 14,
                                    "x": 0.01,
                                    "y": 0.01
                                },
                                {
                                    "x": 0.01,
                                    "y": 0.01
                                },
                                {
                                    "duration": 21,
                                    "x": 2,
                                    "y": 2
                                }
                            ]
                        },
                        {
                            "name": "Y11111",
                            "translateFrame": [
                                {
                                    "duration": 15
                                },
                                {
                                    "duration": 21,
                                    "x": -151.46,
                                    "y": -7.36
                                }
                            ],
                            "scaleFrame": [
                                {
                                    "duration": 14,
                                    "x": 0.01,
                                    "y": 0.01
                                },
                                {
                                    "x": 0.01,
                                    "y": 0.01
                                },
                                {
                                    "duration": 21,
                                    "x": 3.35,
                                    "y": 1.5
                                }
                            ]
                        },
                        {
                            "name": "YW4",
                            "translateFrame": [
                                {
                                    "duration": 36,
                                    "x": 52.39
                                }
                            ]
                        },
                        {
                            "name": "Y2111",
                            "translateFrame": [
                                {
                                    "duration": 17
                                },
                                {
                                    "duration": 19,
                                    "x": -177.63,
                                    "y": 9.79
                                }
                            ],
                            "scaleFrame": [
                                {
                                    "duration": 16,
                                    "x": 0.01,
                                    "y": 0.01
                                },
                                {
                                    "x": 0.01,
                                    "y": 0.01
                                },
                                {
                                    "duration": 19,
                                    "x": 2.5,
                                    "y": 2.5
                                }
                            ]
                        },
                        {
                            "name": "Y12111",
                            "translateFrame": [
                                {
                                    "duration": 19
                                },
                                {
                                    "duration": 17,
                                    "x": -131.93,
                                    "y": -12.12
                                }
                            ],
                            "scaleFrame": [
                                {
                                    "duration": 18,
                                    "x": 0.01,
                                    "y": 0.01
                                },
                                {
                                    "x": 0.01,
                                    "y": 0.01
                                },
                                {
                                    "duration": 17,
                                    "x": 2,
                                    "y": 2
                                }
                            ]
                        },
                        {
                            "name": "Y111111",
                            "translateFrame": [
                                {
                                    "duration": 19
                                },
                                {
                                    "duration": 17,
                                    "x": -122.88,
                                    "y": -7.36
                                }
                            ],
                            "scaleFrame": [
                                {
                                    "duration": 18,
                                    "x": 0.01,
                                    "y": 0.01
                                },
                                {
                                    "x": 0.01,
                                    "y": 0.01
                                },
                                {
                                    "duration": 17,
                                    "x": 3.35,
                                    "y": 1.5
                                }
                            ]
                        },
                        {
                            "name": "YW5",
                            "translateFrame": [
                                {
                                    "duration": 36,
                                    "x": 52.39
                                }
                            ]
                        },
                        {
                            "name": "Y21111",
                            "translateFrame": [
                                {
                                    "duration": 21
                                },
                                {
                                    "duration": 15,
                                    "x": -196.21,
                                    "y": 9.79
                                }
                            ],
                            "scaleFrame": [
                                {
                                    "duration": 20,
                                    "x": 0.01,
                                    "y": 0.01
                                },
                                {
                                    "x": 0.01,
                                    "y": 0.01
                                },
                                {
                                    "duration": 15,
                                    "x": 2.5,
                                    "y": 2.5
                                }
                            ]
                        },
                        {
                            "name": "Y121111",
                            "translateFrame": [
                                {
                                    "duration": 23
                                },
                                {
                                    "duration": 13,
                                    "x": -143.84,
                                    "y": -12.12
                                }
                            ],
                            "scaleFrame": [
                                {},
                                {
                                    "duration": 21,
                                    "tweenEasing": 0,
                                    "x": 0.01,
                                    "y": 0.01
                                },
                                {
                                    "x": 0.01,
                                    "y": 0.01
                                },
                                {
                                    "duration": 13,
                                    "x": 2,
                                    "y": 2
                                }
                            ]
                        },
                        {
                            "name": "Y1111111",
                            "translateFrame": [
                                {
                                    "duration": 23
                                },
                                {
                                    "duration": 13,
                                    "x": -128.6,
                                    "y": -7.36
                                }
                            ],
                            "scaleFrame": [
                                {
                                    "duration": 22,
                                    "x": 0.01,
                                    "y": 0.01
                                },
                                {
                                    "x": 0.01,
                                    "y": 0.01
                                },
                                {
                                    "duration": 13,
                                    "x": 3.35,
                                    "y": 1.5
                                }
                            ]
                        },
                        {
                            "name": "Y211111",
                            "translateFrame": [
                                {
                                    "duration": 20
                                },
                                {
                                    "x": 70.97
                                },
                                {
                                    "duration": 15,
                                    "x": -143.82,
                                    "y": 9.79
                                }
                            ],
                            "scaleFrame": [
                                {
                                    "duration": 20,
                                    "x": 0.01,
                                    "y": 0.01
                                },
                                {
                                    "x": 0.01,
                                    "y": 0.01
                                },
                                {
                                    "duration": 15,
                                    "x": 2.5,
                                    "y": 2.5
                                }
                            ]
                        }
                    ],
                    "slot": [
                        {
                            "name": "目",
                            "colorFrame": [
                                {
                                    "duration": 21
                                },
                                {
                                    "duration": 4,
                                    "tweenEasing": 0
                                },
                                {
                                    "duration": 11,
                                    "value": {
                                        "aM": 0
                                    }
                                }
                            ]
                        },
                        {
                            "name": "标",
                            "colorFrame": [
                                {
                                    "duration": 23
                                },
                                {
                                    "duration": 4,
                                    "tweenEasing": 0
                                },
                                {
                                    "duration": 9,
                                    "value": {
                                        "aM": 0
                                    }
                                }
                            ]
                        },
                        {
                            "name": "有",
                            "colorFrame": [
                                {
                                    "duration": 19
                                },
                                {
                                    "duration": 4,
                                    "tweenEasing": 0
                                },
                                {
                                    "duration": 13,
                                    "value": {
                                        "aM": 0
                                    }
                                }
                            ]
                        },
                        {
                            "name": "所",
                            "colorFrame": [
                                {
                                    "duration": 15
                                },
                                {
                                    "duration": 4,
                                    "tweenEasing": 0
                                },
                                {
                                    "duration": 17,
                                    "value": {
                                        "aM": 0
                                    }
                                }
                            ]
                        },
                        {
                            "name": "成",
                            "colorFrame": [
                                {
                                    "duration": 11
                                },
                                {
                                    "duration": 4,
                                    "tweenEasing": 0
                                },
                                {
                                    "duration": 21,
                                    "value": {
                                        "aM": 0
                                    }
                                }
                            ]
                        },
                        {
                            "name": "已",
                            "colorFrame": [
                                {
                                    "duration": 2
                                },
                                {
                                    "duration": 4,
                                    "tweenEasing": 0
                                },
                                {
                                    "duration": 30,
                                    "value": {
                                        "aM": 0
                                    }
                                }
                            ]
                        },
                        {
                            "name": "完",
                            "colorFrame": [
                                {
                                    "duration": 7
                                },
                                {
                                    "duration": 4,
                                    "tweenEasing": 0
                                },
                                {
                                    "duration": 25,
                                    "value": {
                                        "aM": 0
                                    }
                                }
                            ]
                        },
                        {
                            "name": "fire_00",
                            "colorFrame": [
                                {
                                    "duration": 2,
                                    "value": {
                                        "aM": 0
                                    }
                                },
                                {
                                    "value": {
                                        "aM": 0
                                    }
                                },
                                {
                                    "duration": 10,
                                    "tweenEasing": 0
                                },
                                {
                                    "duration": 23,
                                    "value": {
                                        "aM": 0
                                    }
                                }
                            ]
                        },
                        {
                            "name": "fire_001",
                            "colorFrame": [
                                {
                                    "duration": 2,
                                    "value": {
                                        "aM": 0
                                    }
                                },
                                {
                                    "value": {
                                        "aM": 0
                                    }
                                },
                                {
                                    "duration": 10,
                                    "tweenEasing": 0
                                },
                                {
                                    "duration": 23,
                                    "value": {
                                        "aM": 0
                                    }
                                }
                            ]
                        },
                        {
                            "name": "fire_0011",
                            "colorFrame": [
                                {
                                    "duration": 2,
                                    "value": {
                                        "aM": 0
                                    }
                                },
                                {
                                    "value": {
                                        "aM": 0
                                    }
                                },
                                {
                                    "duration": 10,
                                    "tweenEasing": 0
                                },
                                {
                                    "duration": 23,
                                    "value": {
                                        "aM": 0
                                    }
                                }
                            ]
                        },
                        {
                            "name": "fire_002",
                            "colorFrame": [
                                {
                                    "duration": 5,
                                    "value": {
                                        "aM": 0
                                    }
                                },
                                {
                                    "value": {
                                        "aM": 0
                                    }
                                },
                                {
                                    "duration": 11,
                                    "tweenEasing": 0
                                },
                                {
                                    "duration": 19,
                                    "value": {
                                        "aM": 0
                                    }
                                }
                            ]
                        },
                        {
                            "name": "fire_0012",
                            "colorFrame": [
                                {
                                    "duration": 6,
                                    "value": {
                                        "aM": 0
                                    }
                                },
                                {
                                    "value": {
                                        "aM": 0
                                    }
                                },
                                {
                                    "duration": 13,
                                    "tweenEasing": 0
                                },
                                {
                                    "duration": 16,
                                    "value": {
                                        "aM": 0
                                    }
                                }
                            ]
                        },
                        {
                            "name": "fire_00111",
                            "colorFrame": [
                                {
                                    "duration": 6,
                                    "value": {
                                        "aM": 0
                                    }
                                },
                                {
                                    "value": {
                                        "aM": 0
                                    }
                                },
                                {
                                    "duration": 10,
                                    "tweenEasing": 0
                                },
                                {
                                    "duration": 19,
                                    "value": {
                                        "aM": 0
                                    }
                                }
                            ]
                        },
                        {
                            "name": "fire_0021",
                            "colorFrame": [
                                {
                                    "duration": 5,
                                    "value": {
                                        "aM": 0
                                    }
                                },
                                {
                                    "value": {
                                        "aM": 0
                                    }
                                },
                                {
                                    "duration": 11,
                                    "tweenEasing": 0
                                },
                                {
                                    "duration": 19,
                                    "value": {
                                        "aM": 0
                                    }
                                }
                            ]
                        },
                        {
                            "name": "fire_00121",
                            "colorFrame": [
                                {
                                    "duration": 10,
                                    "value": {
                                        "aM": 0
                                    }
                                },
                                {
                                    "value": {
                                        "aM": 0
                                    }
                                },
                                {
                                    "duration": 13,
                                    "tweenEasing": 0
                                },
                                {
                                    "duration": 12,
                                    "value": {
                                        "aM": 0
                                    }
                                }
                            ]
                        },
                        {
                            "name": "fire_001111",
                            "colorFrame": [
                                {
                                    "duration": 10,
                                    "value": {
                                        "aM": 0
                                    }
                                },
                                {
                                    "value": {
                                        "aM": 0
                                    }
                                },
                                {
                                    "duration": 10,
                                    "tweenEasing": 0
                                },
                                {
                                    "duration": 15,
                                    "value": {
                                        "aM": 0
                                    }
                                }
                            ]
                        },
                        {
                            "name": "fire_00211",
                            "colorFrame": [
                                {
                                    "duration": 12,
                                    "value": {
                                        "aM": 0
                                    }
                                },
                                {
                                    "value": {
                                        "aM": 0
                                    }
                                },
                                {
                                    "duration": 11,
                                    "tweenEasing": 0
                                },
                                {
                                    "duration": 12,
                                    "value": {
                                        "aM": 0
                                    }
                                }
                            ]
                        },
                        {
                            "name": "fire_001211",
                            "colorFrame": [
                                {
                                    "duration": 14,
                                    "value": {
                                        "aM": 0
                                    }
                                },
                                {
                                    "value": {
                                        "aM": 0
                                    }
                                },
                                {
                                    "duration": 13,
                                    "tweenEasing": 0
                                },
                                {
                                    "duration": 8,
                                    "value": {
                                        "aM": 0
                                    }
                                }
                            ]
                        },
                        {
                            "name": "fire_0011111",
                            "colorFrame": [
                                {
                                    "duration": 14,
                                    "value": {
                                        "aM": 0
                                    }
                                },
                                {
                                    "value": {
                                        "aM": 0
                                    }
                                },
                                {
                                    "duration": 10,
                                    "tweenEasing": 0
                                },
                                {
                                    "duration": 11,
                                    "value": {
                                        "aM": 0
                                    }
                                }
                            ]
                        },
                        {
                            "name": "fire_002111",
                            "colorFrame": [
                                {
                                    "duration": 16,
                                    "value": {
                                        "aM": 0
                                    }
                                },
                                {
                                    "value": {
                                        "aM": 0
                                    }
                                },
                                {
                                    "duration": 11,
                                    "tweenEasing": 0
                                },
                                {
                                    "duration": 8,
                                    "value": {
                                        "aM": 0
                                    }
                                }
                            ]
                        },
                        {
                            "name": "fire_0012111",
                            "colorFrame": [
                                {
                                    "duration": 18,
                                    "value": {
                                        "aM": 0
                                    }
                                },
                                {
                                    "value": {
                                        "aM": 0
                                    }
                                },
                                {
                                    "duration": 13,
                                    "tweenEasing": 0
                                },
                                {
                                    "duration": 4,
                                    "value": {
                                        "aM": 0
                                    }
                                }
                            ]
                        },
                        {
                            "name": "fire_00111111",
                            "colorFrame": [
                                {
                                    "duration": 18,
                                    "value": {
                                        "aM": 0
                                    }
                                },
                                {
                                    "value": {
                                        "aM": 0
                                    }
                                },
                                {
                                    "duration": 10,
                                    "tweenEasing": 0
                                },
                                {
                                    "duration": 7,
                                    "value": {
                                        "aM": 0
                                    }
                                }
                            ]
                        },
                        {
                            "name": "fire_0021111",
                            "colorFrame": [
                                {
                                    "duration": 20,
                                    "value": {
                                        "aM": 0
                                    }
                                },
                                {
                                    "value": {
                                        "aM": 0
                                    }
                                },
                                {
                                    "duration": 11,
                                    "tweenEasing": 0
                                },
                                {
                                    "duration": 4,
                                    "value": {
                                        "aM": 0
                                    }
                                }
                            ]
                        },
                        {
                            "name": "fire_00121111",
                            "colorFrame": [
                                {
                                    "duration": 22,
                                    "value": {
                                        "aM": 0
                                    }
                                },
                                {
                                    "value": {
                                        "aM": 0
                                    }
                                },
                                {
                                    "duration": 13,
                                    "tweenEasing": 0
                                },
                                {
                                    "duration": 0,
                                    "value": {
                                        "aM": 0
                                    }
                                }
                            ]
                        },
                        {
                            "name": "fire_001111111",
                            "colorFrame": [
                                {
                                    "duration": 22,
                                    "value": {
                                        "aM": 0
                                    }
                                },
                                {
                                    "tweenEasing": 0,
                                    "value": {
                                        "aM": 0
                                    }
                                },
                                {
                                    "duration": 10,
                                    "tweenEasing": 0
                                },
                                {
                                    "duration": 3,
                                    "value": {
                                        "aM": 0
                                    }
                                }
                            ]
                        },
                        {
                            "name": "fire_00211111",
                            "colorFrame": [
                                {
                                    "duration": 20,
                                    "value": {
                                        "aM": 0
                                    }
                                },
                                {
                                    "value": {
                                        "aM": 0
                                    }
                                },
                                {
                                    "duration": 11,
                                    "tweenEasing": 0
                                },
                                {
                                    "duration": 4,
                                    "value": {
                                        "aM": 0
                                    }
                                }
                            ]
                        }
                    ]
                }
            ],
            "defaultActions": [
                {
                    "gotoAndPlay": "newAnimation"
                }
            ]
        }
    ]
}