{"frameRate":24,"name":"saodi","version":"5.5","compatibleVersion":"5.5","armature":[{"type":"Armature","frameRate":24,"name":"saodi","aabb":{"x":-93.67,"y":-89.99,"width":135,"height":154},"bone":[{"name":"root"},{"name":"SAOBA","parent":"root","transform":{"x":56.45,"y":-96.2274}},{"name":"HUI","parent":"root"},{"name":"huicheng","parent":"HUI"},{"name":"huicheng111","parent":"HUI"},{"length":29,"name":"SAOBA1","parent":"SAOBA","transform":{"x":-34.0698,"y":0.55,"skX":123.17,"skY":123.17}},{"name":"huicheng12","parent":"HUI"},{"length":30,"name":"SAOBA2","parent":"SAOBA1","transform":{"x":28.9808,"y":0.1895,"skX":-2.1242,"skY":-2.1242}},{"name":"huicheng1","parent":"huicheng"},{"name":"huicheng2","parent":"huicheng"},{"length":29,"name":"SAOBA3","parent":"SAOBA2","transform":{"x":30.1301,"skX":-0.3242,"skY":-0.3242}},{"name":"huicheng11","parent":"huicheng1"},{"length":28,"name":"SAOBA4","parent":"SAOBA3","transform":{"x":29.4992,"y":0.3288}},{"length":21,"name":"SAOBA5","parent":"SAOBA4","transform":{"x":28.369,"y":0.4182,"skX":2.1975,"skY":2.1975}},{"length":26,"name":"SAOBA6","parent":"SAOBA5","transform":{"x":21.2636,"y":0.1828,"skX":-1.605,"skY":-1.605}}],"slot":[{"name":"SAOBA","parent":"SAOBA6"},{"name":"huicheng","parent":"huicheng"},{"name":"huicheng1","parent":"huicheng1"},{"name":"huicheng11","parent":"huicheng11"},{"name":"huicheng2","parent":"huicheng2"},{"name":"huicheng12","parent":"huicheng12"},{"name":"huicheng111","parent":"huicheng111"}],"skin":[{"slot":[{"name":"SAOBA","display":[{"type":"mesh","name":"SAOBA","width":135,"height":154,"vertices":[17.06,54.19,32.41,33.79,24.11,-3.91,65.31,-56.96,65.31,-99.66,23.16,-99.66,-19.29,-33.51,-40.79,-29.31,-69.84,-17.71,-69.69,25.44,-46.04,54.34,8.93,-77.33,-3.35,-58.05,54.13,-42.57,38.41,-22.33,-0.25,22.63,-20.35,38.83,-18.4,54.27,-30.7,-14.52,-48,1.13,-69.69,10.63,-58.35,16.48,-44.95,35.18,-31.25,44.13],"uvs":[0.64259,0.99903,0.7563,0.86656,0.69481,0.62175,1,0.27727,1,0,0.68778,0,0.37556,0.42955,0.21407,0.45682,0,0.53669,0,0.81234,0.17519,1,0.58239,0.14499,0.4914,0.27017,0.91721,0.37072,0.80078,0.50215,0.51435,0.79407,0.36546,0.89927,0.37993,0.99957,0.2888,0.55284,0.16065,0.65446,0,0.71615,0.08398,0.75414,0.18324,0.87557,0.28472,0.93369],"triangles":[11,13,3,5,11,3,4,5,3,12,14,13,11,12,13,2,15,1,6,2,14,12,6,14,15,0,1,18,15,2,6,18,2,15,16,0,16,17,0,19,16,15,18,19,15,22,23,16,19,22,16,7,18,6,16,23,17,23,10,17,19,21,22,7,19,18,22,10,23,8,19,7,9,10,22,21,9,22,20,21,19,8,20,19,20,9,21],"weights":[3,14,0.46,13,0.42,12,0.12,3,12,0.34,13,0.36,14,0.3,3,12,0.42,10,0.4,7,0.18,1,5,1,4,5,0.905398,7,0.064361,10,0.02032,12,0.009921,1,5,1,2,12,0.54,10,0.46,3,12,0.39,13,0.36,14,0.25,3,14,0.45,13,0.43,12,0.12,4,14,0.585371,13,0.240094,12,0.117061,10,0.057473,4,14,0.752441,13,0.14676,12,0.067816,10,0.032983,2,5,0.48,7,0.52,2,7,0.6,10,0.4,2,7,0.74,10,0.26,4,5,0.127305,10,0.333374,7,0.301068,12,0.238254,4,13,0.326443,12,0.285453,14,0.283723,10,0.104381,4,14,0.499576,13,0.325992,12,0.126568,10,0.047864,4,14,0.489761,13,0.286373,12,0.151303,10,0.072562,4,13,0.366964,12,0.35181,14,0.167949,10,0.113277,4,14,0.379934,13,0.37239,12,0.183982,10,0.063694,4,14,0.435216,13,0.311942,12,0.169262,10,0.08358,4,14,0.53254,13,0.297136,12,0.120116,10,0.050209,4,14,0.996845,13,0.002193,12,0.000688,10,0.000274,4,14,0.717152,13,0.184876,12,0.069321,10,0.028651],"slotPose":[1,0,0,1,0,0],"bonePose":[5,-0.631559,0.775328,-0.775328,-0.631559,55.9,-95.67736,7,-0.602387,0.798204,-0.798204,-0.602387,37.45,-73.32736,10,-0.59786,0.8016,-0.8016,-0.59786,19.3,-49.27736,12,-0.578408,0.815748,-0.815748,-0.578408,1.4,-25.82736,13,-0.609261,0.79297,-0.79297,-0.609261,-15.35,-2.92736,14,-0.586811,0.809724,-0.809724,-0.586811,-28.45,13.82264],"edges":[0,1,1,2,3,4,4,5,6,7,7,8,9,10,5,11,11,12,12,6,13,3,2,14,14,13,10,17,17,0,8,20,20,9],"userEdges":[]}]},{"name":"huicheng111","display":[{"name":"huicheng"}]},{"name":"huicheng12","display":[{"name":"huicheng"}]},{"name":"huicheng2","display":[{"name":"huicheng"}]},{"name":"huicheng11","display":[{"name":"huicheng"}]},{"name":"huicheng1","display":[{"name":"huicheng"}]},{"name":"huicheng","display":[{"name":"huicheng"}]}]}],"animation":[{"duration":12,"playTimes":0,"name":"newAnimation","bone":[{"name":"SAOBA1","translateFrame":[{"duration":6,"tweenEasing":0},{"duration":6,"tweenEasing":0,"x":-25.16},{"duration":0}],"rotateFrame":[{"duration":6,"tweenEasing":0,"rotate":-8},{"duration":6,"tweenEasing":0,"rotate":-39},{"duration":0,"rotate":-8}]},{"name":"SAOBA2","rotateFrame":[{"duration":6,"tweenEasing":0,"rotate":5},{"duration":6,"tweenEasing":0,"rotate":-12},{"duration":0,"rotate":5}]},{"name":"SAOBA3","rotateFrame":[{"duration":6,"tweenEasing":0,"rotate":8},{"duration":6,"tweenEasing":0,"rotate":-12},{"duration":0,"rotate":8}]},{"name":"SAOBA4","rotateFrame":[{"duration":6,"tweenEasing":0,"rotate":12},{"duration":6,"tweenEasing":0,"rotate":-5},{"duration":0,"rotate":6}]},{"name":"SAOBA5","rotateFrame":[{"duration":6,"tweenEasing":0,"rotate":14},{"duration":6,"tweenEasing":0,"rotate":-15},{"duration":0,"rotate":14}]},{"name":"SAOBA6","rotateFrame":[{"duration":6,"tweenEasing":0,"rotate":10},{"duration":6,"tweenEasing":0,"rotate":-17},{"duration":0,"rotate":10}]},{"name":"huicheng","translateFrame":[{"duration":6},{"duration":6,"tweenEasing":0,"x":67.56,"y":25.54},{"duration":0,"x":81.19,"y":22.26}],"scaleFrame":[{"duration":6},{"duration":6,"tweenEasing":0,"x":2,"y":2},{"duration":0,"x":1.5,"y":1.5}]},{"name":"huicheng1","translateFrame":[{"duration":6},{"duration":6,"tweenEasing":0,"x":-6.09,"y":7.53},{"duration":0,"x":-0.01,"y":17.24}],"rotateFrame":[{"duration":6},{"duration":6,"rotate":69}],"scaleFrame":[{"duration":6},{"duration":6,"tweenEasing":0,"x":0.65,"y":0.55},{"duration":0,"x":1.5,"y":1.5}]},{"name":"huicheng11","translateFrame":[{"duration":6},{"duration":6,"tweenEasing":0,"x":4.69,"y":0.54},{"duration":0,"x":-3.67,"y":21.2}],"rotateFrame":[{"duration":6},{"duration":6,"rotate":69}],"scaleFrame":[{"duration":6},{"duration":6,"tweenEasing":0,"x":0.65,"y":0.55},{"duration":0,"x":0.8,"y":0.8}]},{"name":"huicheng2","translateFrame":[{"duration":6,"tweenEasing":0,"x":-67.34,"y":4.99},{"tweenEasing":0,"x":-79.32,"y":-1.08},{"duration":5,"tweenEasing":0,"x":-67.34,"y":4.99},{"duration":0,"x":-100.2,"y":-9.71}],"scaleFrame":[{"duration":6,"tweenEasing":0,"x":2,"y":2},{"duration":6,"tweenEasing":0,"x":2,"y":2},{"duration":0,"x":1.45,"y":1.55}]},{"name":"huicheng12","translateFrame":[{"duration":6,"tweenEasing":0,"x":-71,"y":31.23},{"duration":6,"tweenEasing":0,"x":-92.13,"y":33.78},{"duration":0,"x":-71,"y":31.23}],"rotateFrame":[{"duration":12,"rotate":69}],"scaleFrame":[{"duration":12,"x":1.5,"y":1.5}]},{"name":"huicheng111","translateFrame":[{"duration":6,"tweenEasing":0,"x":-54.73,"y":43.31},{"tweenEasing":0,"x":-74.22,"y":56.67},{"duration":5,"x":-54.73,"y":43.31}],"rotateFrame":[{"duration":6},{"duration":6,"rotate":69}],"scaleFrame":[{"duration":6,"tweenEasing":0,"x":0.65,"y":0.65},{"duration":6,"tweenEasing":0,"x":0.8,"y":0.8},{"duration":0,"x":0.65,"y":0.65}]}],"slot":[{"name":"huicheng","colorFrame":[{"duration":5,"tweenEasing":0,"value":{"aM":0}},{"tweenEasing":0,"value":{"aM":0}},{"duration":6,"tweenEasing":0},{"duration":0,"value":{"aM":0}}]},{"name":"huicheng1","colorFrame":[{"duration":5,"tweenEasing":0,"value":{"aM":0}},{"tweenEasing":0,"value":{"aM":0}},{"duration":6,"tweenEasing":0},{"duration":0,"value":{"aM":0}}]},{"name":"huicheng11","colorFrame":[{"duration":5,"tweenEasing":0,"value":{"aM":0}},{"tweenEasing":0,"value":{"aM":0}},{"duration":6,"tweenEasing":0},{"duration":0,"value":{"aM":0}}]},{"name":"huicheng2","colorFrame":[{"duration":6,"tweenEasing":0},{"duration":4,"tweenEasing":0,"value":{"aM":0}},{"duration":2,"tweenEasing":0,"value":{"aM":0}},{"duration":0,"value":{"aM":56}}]},{"name":"huicheng12","colorFrame":[{"duration":6,"tweenEasing":0},{"duration":4,"tweenEasing":0,"value":{"aM":0}},{"duration":2,"tweenEasing":0,"value":{"aM":0}},{"duration":0,"value":{"aM":54}}]},{"name":"huicheng111","colorFrame":[{"duration":6,"tweenEasing":0},{"duration":4,"tweenEasing":0,"value":{"aM":0}},{"duration":2,"tweenEasing":0,"value":{"aM":0}},{"duration":0,"value":{"aM":48}}]}]}],"defaultActions":[{"gotoAndPlay":"newAnimation"}]}]}