{"width":1024,"imagePath":"SD_L_tex.png","height":512,"name":"SD_L","SubTexture":[{"width":64,"y":130,"height":128,"name":"shandian_b02","x":910},{"width":61,"y":261,"height":128,"name":"shandian_b03","x":842},{"width":65,"y":1,"height":127,"name":"shandian_b04","x":910},{"width":63,"y":260,"height":128,"name":"shandian_b05","x":908},{"width":66,"y":1,"height":128,"name":"shandian_b00","x":842},{"width":60,"y":263,"height":128,"name":"shandian_b06","x":1},{"width":64,"y":131,"height":128,"name":"shandian_b01","x":842},{"width":122,"y":1,"height":260,"name":"shandian_04","x":258},{"width":117,"y":1,"height":260,"name":"shandian_05","x":503},{"width":129,"y":1,"height":260,"name":"shandian_00","x":1},{"width":111,"y":1,"height":260,"name":"shandian_06","x":622},{"width":124,"y":1,"height":260,"name":"shandian_01","x":132},{"width":119,"y":1,"height":260,"name":"shandian_02","x":382},{"width":105,"y":1,"height":260,"name":"shandian_03","x":735}]}