{"frameRate":30,"name":"SD_L","version":"5.5","compatibleVersion":"5.5","armature":[{"type":"Armature","frameRate":30,"name":"SD_L","aabb":{"x":-55.5,"y":-260.18,"width":111,"height":260},"bone":[{"name":"root"},{"name":"shandianlian","parent":"root"},{"name":"XL","parent":"shandianlian","transform":{"y":-130.18}},{"name":"dy2","parent":"shandianlian","transform":{"y":-130.71,"scX":3,"scY":3}}],"slot":[{"displayIndex":6,"name":"闪电/di2","parent":"dy2","color":{"aM":59}},{"blendMode":"add","displayIndex":6,"name":"xl","parent":"XL"}],"skin":[{"slot":[{"name":"xl","display":[{"name":"shandian_00"},{"name":"shandian_01"},{"name":"shandian_02"},{"name":"shandian_03"},{"name":"shandian_04"},{"name":"shandian_05"},{"name":"shandian_06"}]},{"name":"闪电/di2","display":[{"name":"shandian_b00"},{"name":"shandian_b01"},{"name":"shandian_b02"},{"name":"shandian_b03"},{"name":"shandian_b04"},{"name":"shandian_b05"},{"name":"shandian_b06"}]}]}],"animation":[{"duration":13,"name":"animation","slot":[{"name":"xl","displayFrame":[{"duration":2},{"duration":2,"value":1},{"duration":2,"value":2},{"duration":2,"value":3},{"duration":2,"value":4},{"duration":2,"value":5},{"value":6},{"duration":0,"value":-1}]},{"name":"闪电/di2","displayFrame":[{"duration":2},{"duration":2,"value":1},{"duration":2,"value":2},{"duration":2,"value":3},{"duration":2,"value":4},{"duration":2,"value":5},{"value":6},{"duration":0,"value":-1}],"colorFrame":[{"duration":13}]}]}],"defaultActions":[{"gotoAndPlay":"animation"}]}]}