{"frameRate":30,"name":"sd_mz","version":"5.5","compatibleVersion":"5.5","armature":[{"type":"Armature","frameRate":30,"name":"sd_mz","aabb":{"x":-63,"y":-61,"width":126,"height":122},"bone":[{"name":"root"},{"name":"MZ","parent":"root"},{"name":"XL2","parent":"MZ"},{"name":"gq","parent":"MZ"},{"name":"pian","parent":"MZ"},{"name":"pian2","parent":"MZ"},{"name":"pian3","parent":"MZ"},{"name":"pian4","parent":"MZ"},{"name":"point","parent":"MZ"},{"name":"point2","parent":"MZ"},{"name":"point3","parent":"MZ"},{"name":"point4","parent":"MZ"},{"name":"point5","parent":"MZ"},{"name":"point16","parent":"MZ"},{"name":"point17","parent":"MZ"},{"name":"xl2","parent":"MZ"}],"slot":[{"displayIndex":-1,"name":"xl3","parent":"XL2"},{"displayIndex":3,"name":"xl2","parent":"xl2"},{"blendMode":"add","name":"MZ1/point","parent":"point"},{"blendMode":"add","name":"MZ1/point2","parent":"point2"},{"blendMode":"add","name":"MZ1/point3","parent":"point3"},{"blendMode":"add","name":"MZ1/point16","parent":"point16"},{"blendMode":"add","name":"MZ1/point17","parent":"point17"},{"blendMode":"add","name":"MZ1/point4","parent":"point4"},{"blendMode":"add","name":"MZ1/point5","parent":"point5"},{"blendMode":"add","name":"MZ1/guagnquan","parent":"gq"},{"blendMode":"add","name":"MZ1/SF4_dds_0297_00","parent":"pian"},{"blendMode":"add","name":"MZ1/SF4_dds_0297_0","parent":"pian2"},{"blendMode":"add","name":"MZ1/SF4_dds_0297_1","parent":"pian3"},{"blendMode":"add","name":"MZ1/SF4_dds_0297_2","parent":"pian4"}],"skin":[{"slot":[{"name":"MZ1/guagnquan","display":[{"name":"MZ1/guagnquan"}]},{"name":"MZ1/SF4_dds_0297_00","display":[{"name":"MZ1/SF4_dds_0297_00"}]},{"name":"xl2","display":[{"name":"MZ1/MZ_00"},{"name":"MZ1/MZ_01"},{"name":"MZ1/MZ_04"},{"name":"MZ1/MZ_05"}]},{"name":"MZ1/point2","display":[{"name":"MZ1/point"}]},{"name":"MZ1/point17","display":[{"name":"MZ1/point"}]},{"name":"MZ1/SF4_dds_0297_2","display":[{"name":"MZ1/SF4_dds_0297_00"}]},{"name":"MZ1/SF4_dds_0297_1","display":[{"name":"MZ1/SF4_dds_0297_00"}]},{"name":"MZ1/point3","display":[{"name":"MZ1/point"}]},{"name":"MZ1/point4","display":[{"name":"MZ1/point"}]},{"name":"MZ1/point","display":[{"name":"MZ1/point"}]},{"name":"MZ1/point16","display":[{"name":"MZ1/point"}]},{"name":"xl3","display":[{"name":"MZ1/yan_01"},{"name":"MZ1/yan_02"},{"name":"MZ1/yan_03"},{"name":"MZ1/yan_04"},{"name":"MZ1/yan_05"},{"name":"MZ1/yan_06"}]},{"name":"MZ1/SF4_dds_0297_0","display":[{"name":"MZ1/SF4_dds_0297_00"}]},{"name":"MZ1/point5","display":[{"name":"MZ1/point"}]}]}],"animation":[{"duration":27,"name":"animation","bone":[{"name":"xl2","translateFrame":[{"duration":27,"x":-2,"y":4}],"scaleFrame":[{"duration":3,"tweenEasing":0,"x":2,"y":2},{"duration":3,"tweenEasing":0,"x":1.7,"y":1.7},{"duration":16,"tweenEasing":0,"x":1.5,"y":1.5},{"duration":5}]},{"name":"XL2","scaleFrame":[{"duration":6,"tweenEasing":0},{"duration":14,"tweenEasing":0,"x":0.7,"y":0.7},{"duration":7,"tweenEasing":0,"x":0.7,"y":0.7},{"duration":0,"x":0.6,"y":0.6}]},{"name":"point","translateFrame":[{"duration":5,"tweenEasing":0},{"duration":7,"tweenEasing":0},{"duration":15,"x":19.08,"y":-19.74}],"scaleFrame":[{"duration":5,"tweenEasing":0},{"duration":7,"tweenEasing":0},{"duration":15,"x":0.5,"y":0.5}]},{"name":"point2","translateFrame":[{"duration":5,"tweenEasing":0},{"duration":4,"tweenEasing":0,"y":8.55},{"duration":5,"tweenEasing":0,"x":12.72,"y":23.03},{"duration":13,"x":19.08,"y":30.27}]},{"name":"point3","translateFrame":[{"duration":8,"tweenEasing":0},{"duration":4,"tweenEasing":0,"x":-5.26,"y":8.55},{"duration":5,"tweenEasing":0,"x":-11.62,"y":23.03},{"duration":10,"x":-20.4,"y":30.27}],"scaleFrame":[{"duration":12,"tweenEasing":0},{"duration":5,"tweenEasing":0},{"duration":10,"x":0.6,"y":0.6}]},{"name":"point4","translateFrame":[{"duration":10,"tweenEasing":0},{"duration":11,"tweenEasing":0,"x":-8.55,"y":5.92},{"duration":6,"x":-36.19,"y":-18.42}],"scaleFrame":[{"duration":10,"tweenEasing":0},{"duration":11,"tweenEasing":0},{"duration":6,"x":0.6,"y":0.6}]},{"name":"point5","translateFrame":[{"duration":10,"tweenEasing":0},{"duration":9,"tweenEasing":0,"x":-8.55,"y":5.92},{"duration":8,"x":-9.87,"y":-19.74}],"rotateFrame":[{"duration":10,"tweenEasing":0},{"duration":9,"tweenEasing":0},{"duration":8,"rotate":44.4}]},{"name":"gq","rotateFrame":[{"duration":3,"tweenEasing":0},{"duration":8,"tweenEasing":0},{"duration":16,"rotate":180}],"scaleFrame":[{"duration":3,"tweenEasing":0},{"duration":8,"tweenEasing":0},{"duration":16,"x":2,"y":2}]},{"name":"point16","translateFrame":[{"duration":14,"tweenEasing":0},{"duration":9,"tweenEasing":0,"x":-5.26,"y":8.55},{"duration":4,"x":14.38,"y":-2.27}]},{"name":"point17","translateFrame":[{"duration":12,"tweenEasing":0},{"duration":9,"tweenEasing":0,"x":-5.26,"y":8.55},{"duration":6,"x":-11.42,"y":16.8}],"scaleFrame":[{"duration":12,"tweenEasing":0},{"duration":9,"tweenEasing":0},{"duration":6,"x":0.8,"y":0.8}]},{"name":"pian","translateFrame":[{"duration":8,"tweenEasing":0,"x":2.24,"y":-12.34},{"duration":19,"x":26.93,"y":-39.27}],"rotateFrame":[{"duration":8,"tweenEasing":0},{"duration":19,"rotate":51.6}],"scaleFrame":[{"duration":8,"tweenEasing":0},{"duration":19,"x":0.7,"y":0.7}]},{"name":"pian2","translateFrame":[{"duration":8,"tweenEasing":0,"x":-14.59,"y":15.71},{"duration":19,"x":-40.39,"y":49.37}],"rotateFrame":[{"duration":8,"tweenEasing":0,"rotate":43.2},{"duration":19,"rotate":-109.2}],"scaleFrame":[{"duration":8,"tweenEasing":0},{"duration":19,"x":0.8,"y":0.8}]},{"name":"pian3","translateFrame":[{"duration":2,"tweenEasing":0},{"duration":8,"tweenEasing":0,"x":-14.59,"y":15.71},{"duration":17,"x":33.66,"y":47.12}],"rotateFrame":[{"duration":2,"tweenEasing":0},{"duration":8,"tweenEasing":0,"rotate":43.2},{"duration":17,"rotate":-109.2}],"scaleFrame":[{"duration":2,"tweenEasing":0},{"duration":8,"tweenEasing":0},{"duration":17,"x":0.8,"y":0.8}]},{"name":"pian4","translateFrame":[{"duration":4,"tweenEasing":0},{"duration":8,"tweenEasing":0,"x":-14.59,"y":15.71},{"duration":15,"x":-39.27,"y":-8.98}],"rotateFrame":[{"duration":4,"tweenEasing":0},{"duration":8,"tweenEasing":0,"rotate":43.2},{"duration":15,"rotate":-109.2}]}],"slot":[{"name":"MZ1/SF4_dds_0297_00","colorFrame":[{"duration":3,"tweenEasing":0},{"duration":5,"tweenEasing":0},{"duration":19,"value":{"aM":0}}]},{"name":"MZ1/SF4_dds_0297_0","colorFrame":[{"duration":3,"tweenEasing":0},{"duration":5,"tweenEasing":0},{"duration":19,"value":{"aM":0}}]},{"name":"MZ1/SF4_dds_0297_1","colorFrame":[{"duration":2,"tweenEasing":0,"value":{"aM":0}},{"duration":3},{"duration":5,"tweenEasing":0},{"duration":17,"value":{"aM":0}}]},{"name":"MZ1/SF4_dds_0297_2","colorFrame":[{"duration":4,"tweenEasing":0,"value":{"aM":0}},{"duration":3},{"duration":5,"tweenEasing":0},{"duration":15,"value":{"aM":0}}]},{"name":"MZ1/guagnquan","colorFrame":[{"duration":3,"tweenEasing":0,"value":{"aM":28}},{"duration":8,"tweenEasing":0},{"duration":16,"value":{"aM":0}}]},{"name":"MZ1/point","colorFrame":[{"duration":8,"tweenEasing":0},{"duration":5,"tweenEasing":0},{"duration":14,"value":{"aM":0}}]},{"name":"MZ1/point2","colorFrame":[{"duration":10,"tweenEasing":0},{"duration":5,"tweenEasing":0},{"duration":12,"value":{"aM":0}}]},{"name":"MZ1/point3","colorFrame":[{"duration":13,"tweenEasing":0},{"duration":5,"tweenEasing":0},{"duration":9,"value":{"aM":0}}]},{"name":"MZ1/point4","colorFrame":[{"duration":17,"tweenEasing":0},{"duration":5,"tweenEasing":0},{"duration":5,"value":{"aM":0}}]},{"name":"MZ1/point5","colorFrame":[{"duration":15,"tweenEasing":0},{"duration":5,"tweenEasing":0},{"duration":7,"value":{"aM":0}}]},{"name":"MZ1/point16","colorFrame":[{"duration":19,"tweenEasing":0},{"duration":5,"tweenEasing":0},{"duration":3,"value":{"aM":0}}]},{"name":"MZ1/point17","colorFrame":[{"duration":17,"tweenEasing":0},{"duration":5,"tweenEasing":0},{"duration":5,"value":{"aM":0}}]},{"name":"xl2","displayFrame":[{"duration":3},{"duration":3,"value":1},{"duration":3},{"duration":3,"value":1},{"duration":3},{"duration":3,"value":1},{"duration":4,"value":2},{"duration":2,"value":3},{"duration":3,"value":-1}],"colorFrame":[{"duration":22,"tweenEasing":0},{"duration":2,"tweenEasing":0},{"duration":3,"value":{"aM":0}}]},{"name":"xl3","displayFrame":[{"duration":6,"value":-1},{"duration":2},{"duration":2,"value":4},{"duration":2},{"duration":2,"value":1},{"duration":2},{"duration":2,"value":1},{"duration":2,"value":2},{"duration":2,"value":3},{"duration":2,"value":4},{"duration":3,"value":5},{"duration":0,"value":-1}],"colorFrame":[{"duration":24,"tweenEasing":0},{"duration":3,"tweenEasing":0},{"duration":0,"value":{"aM":0}}]}]}],"defaultActions":[{"gotoAndPlay":"animation"}]}]}