{"width":512,"imagePath":"sd_mz_tex.png","height":512,"name":"sd_mz","SubTexture":[{"width":149,"y":277,"height":136,"name":"MZ1/yan_02","x":1},{"width":149,"y":1,"height":136,"name":"MZ1/yan_05","x":303},{"width":149,"y":139,"height":136,"name":"MZ1/yan_03","x":1},{"width":149,"y":1,"height":136,"name":"MZ1/yan_06","x":1},{"width":149,"y":1,"height":136,"name":"MZ1/yan_04","x":152},{"width":149,"y":139,"height":136,"name":"MZ1/yan_01","x":152},{"width":90,"y":415,"height":72,"name":"MZ1/MZ_00","x":93},{"width":59,"y":139,"height":66,"name":"MZ1/MZ_04","x":431},{"width":90,"y":415,"height":72,"name":"MZ1/MZ_01","x":1},{"width":41,"y":1,"height":42,"name":"MZ1/MZ_05","x":454},{"width":30,"y":95,"height":30,"name":"MZ1/point","x":454},{"width":126,"y":139,"height":122,"name":"MZ1/guagnquan","x":303},{"width":30,"y":45,"height":48,"name":"MZ1/SF4_dds_0297_00","x":454}]}