{"frameRate":30,"name":"sd_sf","version":"5.5","compatibleVersion":"5.5","armature":[{"type":"Armature","frameRate":30,"name":"sd_sf","aabb":{"x":-65,"y":-65,"width":130,"height":130},"bone":[{"name":"root"},{"name":"shifa","parent":"root"},{"name":"GQ","parent":"shifa"},{"name":"GQ2","parent":"shifa"},{"name":"dyun","parent":"shifa"},{"name":"quan","parent":"shifa"},{"name":"xl","parent":"shifa"},{"name":"xuzhuan","parent":"shifa"}],"slot":[{"name":"闪电/MZ3/DY","parent":"dyun"},{"blendMode":"add","displayIndex":5,"name":"XL","parent":"xl"},{"blendMode":"add","name":"QUAN","parent":"GQ"},{"blendMode":"add","name":"QUAN2","parent":"GQ2"},{"name":"MZ3/quan_03","parent":"quan"},{"blendMode":"add","name":"闪电/MZ3/zhuan_00","parent":"xuzhuan"}],"skin":[{"slot":[{"name":"QUAN2","display":[{"name":"MZ3/QUAN"}]},{"name":"MZ3/quan_03","display":[{"name":"MZ3/quan_03"}]},{"name":"闪电/MZ3/zhuan_00","display":[{"name":"闪电/MZ3/zhuan_00"}]},{"name":"闪电/MZ3/DY","display":[{"name":"闪电/MZ3/DY"}]},{"name":"XL","display":[{"name":"MZ3/SD_03"},{"name":"MZ3/SD_04"},{"name":"MZ3/SD_05"},{"name":"MZ3/SD_06"},{"name":"MZ3/SD_07"},{"name":"MZ3/SD_08"}]},{"name":"QUAN","display":[{"name":"MZ3/QUAN"}]}]}],"animation":[{"duration":27,"name":"animation","bone":[{"name":"quan","rotateFrame":[{"duration":6,"tweenEasing":0},{"duration":6,"tweenEasing":0,"rotate":90},{"duration":7,"tweenEasing":0,"rotate":180},{"duration":6,"tweenEasing":0,"rotate":-90},{"duration":2}]},{"name":"dyun","scaleFrame":[{"duration":27,"x":2.5,"y":2.5}]},{"name":"GQ","translateFrame":[{"duration":10,"tweenEasing":0},{"duration":17,"x":0.63}],"scaleFrame":[{"duration":10,"tweenEasing":0},{"duration":17,"x":2,"y":2}]},{"name":"GQ2","scaleFrame":[{"duration":10,"tweenEasing":0},{"duration":10,"tweenEasing":0},{"duration":7,"x":1.8,"y":1.8}]},{"name":"shifa","scaleFrame":[{"duration":27,"x":1.3,"y":1.3}]},{"name":"xuzhuan","rotateFrame":[{"duration":7,"tweenEasing":0,"rotate":1},{"duration":6,"tweenEasing":0,"rotate":90},{"duration":7,"tweenEasing":0,"rotate":180},{"duration":7,"tweenEasing":0,"rotate":-90},{"duration":0}]}],"slot":[{"name":"QUAN","colorFrame":[{"duration":10,"tweenEasing":0},{"duration":17,"value":{"aM":0}}]},{"name":"QUAN2","colorFrame":[{"duration":5,"value":{"aM":0}},{"duration":5,"tweenEasing":0,"value":{"aM":0}},{"duration":10,"tweenEasing":0},{"duration":7,"value":{"aM":0}}]},{"name":"XL","displayFrame":[{"duration":3},{"duration":3,"value":1},{"duration":3,"value":2},{"duration":3,"value":3},{"duration":3},{"duration":3,"value":1},{"duration":3,"value":2},{"duration":6,"value":3}]},{"name":"闪电/MZ3/DY","colorFrame":[{"duration":27,"value":{"aM":48}}]}]}],"defaultActions":[{"gotoAndPlay":"animation"}]}]}