{"width":512,"imagePath":"sd_sf_tex.png","height":256,"name":"sd_sf","SubTexture":[{"width":50,"y":68,"height":50,"name":"闪电/MZ3/DY","x":218},{"width":85,"y":133,"height":93,"name":"MZ3/SD_07","x":401},{"width":75,"y":1,"height":65,"name":"MZ3/SD_08","x":218},{"width":102,"y":133,"height":89,"name":"MZ3/SD_03","x":103},{"width":95,"y":133,"height":85,"name":"MZ3/SD_04","x":304},{"width":95,"y":133,"height":95,"name":"MZ3/SD_05","x":207},{"width":83,"y":1,"height":88,"name":"MZ3/SD_06","x":133},{"width":68,"y":1,"height":68,"name":"MZ3/QUAN","x":295},{"width":100,"y":133,"height":100,"name":"MZ3/quan_03","x":1},{"width":130,"y":1,"height":130,"name":"闪电/MZ3/zhuan_00","x":1}]}