{"width":512,"imagePath":"shaodianxin_tex.png","height":1024,"name":"shaodianxin","SubTexture":[{"frameY":-69,"y":791,"frameWidth":256,"frameX":-74,"frameHeight":256,"width":105,"height":117,"name":"shaodianxin/a_04","x":109},{"frameY":-55,"y":364,"frameWidth":256,"frameX":-58,"frameHeight":256,"width":145,"height":130,"name":"shaodianxin/a_10","x":350},{"frameY":-58,"y":534,"frameWidth":256,"frameX":-50,"frameHeight":256,"width":136,"height":165,"name":"shaodianxin/a_18","x":1},{"frameY":-53,"y":521,"frameWidth":256,"frameX":-51,"frameHeight":256,"width":156,"height":139,"name":"shaodianxin/a_11","x":340},{"frameY":-69,"y":701,"frameWidth":256,"frameX":-73,"frameHeight":256,"width":106,"height":117,"name":"shaodianxin/a_05","x":1},{"frameY":-66,"y":1,"frameWidth":256,"frameX":-73,"frameHeight":256,"width":114,"height":120,"name":"shaodianxin/a_07","x":396},{"frameY":-51,"y":521,"frameWidth":256,"frameX":-45,"frameHeight":256,"width":166,"height":149,"name":"shaodianxin/a_12","x":172},{"frameY":-57,"y":361,"frameWidth":256,"frameX":-46,"frameHeight":256,"width":169,"height":171,"name":"shaodianxin/a_19","x":1},{"frameY":-62,"y":181,"frameWidth":256,"frameX":-70,"frameHeight":256,"width":123,"height":123,"name":"shaodianxin/a_08","x":379},{"frameY":-52,"y":364,"frameWidth":256,"frameX":-39,"frameHeight":256,"width":176,"height":155,"name":"shaodianxin/a_13","x":172},{"frameY":-38,"y":1,"frameWidth":256,"frameX":-25,"frameHeight":256,"width":199,"height":188,"name":"shaodianxin/a_16","x":1},{"frameY":-58,"y":662,"frameWidth":256,"frameX":-64,"frameHeight":256,"width":134,"height":127,"name":"shaodianxin/a_09","x":340},{"frameY":-82,"y":672,"frameWidth":256,"frameX":-84,"frameHeight":256,"width":84,"height":102,"name":"shaodianxin/a_00","x":249},{"frameY":-72,"y":909,"frameWidth":256,"frameX":-82,"frameHeight":256,"width":92,"height":114,"name":"shaodianxin/a_01","x":216},{"frameY":-70,"y":791,"frameWidth":256,"frameX":-82,"frameHeight":256,"width":96,"height":116,"name":"shaodianxin/a_02","x":216},{"frameY":-69,"y":672,"frameWidth":256,"frameX":-73,"frameHeight":256,"width":108,"height":117,"name":"shaodianxin/a_06","x":139},{"frameY":-46,"y":191,"frameWidth":256,"frameX":-34,"frameHeight":256,"width":183,"height":168,"name":"shaodianxin/a_14","x":1},{"frameY":-35,"y":181,"frameWidth":256,"frameX":-51,"frameHeight":256,"width":175,"height":181,"name":"shaodianxin/a_17","x":202},{"frameY":-42,"y":1,"frameWidth":256,"frameX":-29,"frameHeight":256,"width":192,"height":178,"name":"shaodianxin/a_15","x":202},{"frameY":-69,"y":820,"frameWidth":256,"frameX":-76,"frameHeight":256,"width":103,"height":117,"name":"shaodianxin/a_03","x":1}]}