{"frameRate":30,"name":"shaodianxin","version":"5.5","compatibleVersion":"5.5","armature":[{"type":"Armature","frameRate":30,"name":"shaodianxin","aabb":{"x":-128,"y":-128,"width":256,"height":256},"bone":[{"name":"root"},{"name":"shaodianxin","parent":"root","transform":{"scX":1.5,"scY":1.5}}],"slot":[{"displayIndex":19,"name":"shaodianxin","parent":"shaodianxin"}],"skin":[{"slot":[{"name":"shaodianxin","display":[{"name":"shaodianxin/a_00"},{"name":"shaodianxin/a_01"},{"name":"shaodianxin/a_02"},{"name":"shaodianxin/a_03"},{"name":"shaodianxin/a_04"},{"name":"shaodianxin/a_05"},{"name":"shaodianxin/a_06"},{"name":"shaodianxin/a_07"},{"name":"shaodianxin/a_08"},{"name":"shaodianxin/a_09"},{"name":"shaodianxin/a_10"},{"name":"shaodianxin/a_11"},{"name":"shaodianxin/a_12"},{"name":"shaodianxin/a_13"},{"name":"shaodianxin/a_14"},{"name":"shaodianxin/a_15"},{"name":"shaodianxin/a_16"},{"name":"shaodianxin/a_17"},{"name":"shaodianxin/a_18"},{"name":"shaodianxin/a_19"}]}]}],"animation":[{"duration":31,"name":"animation","slot":[{"name":"shaodianxin","displayFrame":[{"value":-1},{"duration":2},{"value":1},{"duration":2,"value":2},{"value":3},{"duration":2,"value":4},{"value":5},{"duration":2,"value":6},{"value":7},{"duration":2,"value":8},{"value":9},{"duration":2,"value":10},{"value":11},{"duration":2,"value":12},{"value":13},{"duration":2,"value":14},{"value":15},{"duration":2,"value":16},{"value":17},{"duration":2,"value":18},{"value":19},{"duration":0,"value":-1}]}]}],"defaultActions":[{"gotoAndPlay":"animation"}]}]}