{"frameRate":30,"name":"shengcheng","version":"5.5","compatibleVersion":"5.5","armature":[{"type":"Armature","frameRate":30,"name":"shengcheng","bone":[{"name":"root"},{"name":"glow","parent":"root"},{"name":"xian","parent":"root"}],"slot":[{"blendMode":"add","displayIndex":-1,"name":"glow","parent":"glow"},{"blendMode":"add","displayIndex":-1,"name":"xian","parent":"xian"}],"skin":[{"slot":[{"name":"xian","display":[{"name":"xian/xian_01"},{"name":"xian/xian_02"},{"name":"xian/xian_03"},{"name":"xian/xian_04"},{"name":"xian/xian_05"},{"name":"xian/xian_06"},{"name":"xian/xian_07"}]},{"name":"glow","display":[{"name":"glow"}]}]}],"animation":[{"duration":10,"name":"shengcheng","bone":[{"name":"glow","scaleFrame":[{"duration":5,"tweenEasing":0,"x":0.2,"y":0.2},{"duration":5,"tweenEasing":0,"x":1.2,"y":1.2},{"duration":0}]},{"name":"xian","translateFrame":[{},{"x":-23.7,"y":-17.45},{"x":-21.82,"y":-5.74},{"x":-19.47,"y":-4.92},{"x":-16.52,"y":-4.98},{"x":-12.65,"y":-4.63},{"x":-10.22,"y":-3.97},{"duration":3,"x":-7.22,"y":-4.05}]}],"slot":[{"name":"glow","displayFrame":[{"duration":10}],"colorFrame":[{"duration":5,"tweenEasing":0},{"duration":5,"tweenEasing":0},{"duration":0,"value":{"aM":0}}]},{"name":"xian","displayFrame":[{"value":-1},{},{"value":1},{"value":2},{"value":3},{"value":4},{"value":5},{"value":6},{"duration":2,"value":-1}]}]}],"defaultActions":[{"gotoAndPlay":"shengcheng"}]}]}