{"width":512,"SubTexture":[{"width":236,"y":1,"height":237,"name":"glow","x":1},{"width":120,"y":1,"height":126,"name":"xian/xian_05","x":377},{"width":183,"y":240,"height":174,"name":"xian/xian_01","x":1},{"width":168,"y":240,"height":179,"name":"xian/xian_02","x":186},{"width":151,"y":240,"height":162,"name":"xian/xian_03","x":356},{"width":104,"y":129,"height":108,"name":"xian/xian_06","x":377},{"width":136,"y":1,"height":144,"name":"xian/xian_04","x":239},{"width":84,"y":147,"height":86,"name":"xian/xian_07","x":239}],"height":512,"name":"shengcheng","imagePath":"shengcheng_tex.png"}