{"frameRate":30,"name":"shuangbaozha","version":"5.5","compatibleVersion":"5.5","armature":[{"type":"Armature","frameRate":30,"name":"shuangbaozha","bone":[{"name":"root"},{"name":"all","parent":"root","transform":{"scX":2,"scY":2}},{"name":"ci","parent":"all"},{"name":"glow","parent":"all"},{"name":"huan","parent":"all"},{"name":"quan","parent":"all","transform":{"scX":4,"scY":4}},{"name":"yan","parent":"all","transform":{"scX":2,"scY":2}}],"slot":[{"blendMode":"add","displayIndex":-1,"name":"yan","parent":"yan"},{"blendMode":"add","displayIndex":-1,"name":"ci_00","parent":"ci"},{"blendMode":"add","displayIndex":-1,"name":"glow_00","parent":"glow"},{"blendMode":"add","displayIndex":-1,"name":"huan_00","parent":"huan"},{"blendMode":"add","displayIndex":-1,"name":"quan","parent":"quan"}],"skin":[{"slot":[{"name":"quan","display":[{"name":"quan/quan_00"},{"name":"quan/quan_02"}]},{"name":"yan","display":[{"name":"yan/yan_00"},{"name":"yan/yan_01"},{"name":"yan/yan_02"},{"name":"yan/yan_03"},{"name":"yan/yan_04"},{"name":"yan/yan_05"},{"name":"yan/yan_06"},{"name":"yan/yan_07"},{"name":"yan/yan_08"},{"name":"yan/yan_09"},{"name":"yan/yan_10"},{"name":"yan/yan_11"},{"name":"yan/yan_12"},{"name":"yan/yan_13"},{"name":"yan/yan_14"},{"name":"yan/yan_15"}]},{"name":"ci_00","display":[{"name":"ci_00"}]},{"name":"glow_00","display":[{"name":"glow_00"}]},{"name":"huan_00","display":[{"name":"huan_00"}]}]}],"animation":[{"duration":34,"name":"shuangbaozha","bone":[{"name":"huan","scaleFrame":[{"duration":5,"x":0.4,"y":0.4},{"duration":18,"tweenEasing":0,"x":0.4,"y":0.4},{"duration":11,"x":1.15,"y":1.15}]},{"name":"glow","scaleFrame":[{"duration":2,"x":0.2,"y":0.2},{"duration":15,"curve":[0,1,1,1],"x":0.2,"y":0.2},{"duration":17,"x":1.7,"y":1.7}]},{"name":"ci","scaleFrame":[{"duration":2,"tweenEasing":0,"x":0.5,"y":0.5},{"duration":8,"tweenEasing":0},{"duration":24,"x":1.2,"y":1.2}]},{"name":"quan","scaleFrame":[{"duration":5,"x":0.15,"y":0.15},{"duration":20,"tweenEasing":0,"x":0.15,"y":0.15},{"duration":9,"x":0.72,"y":0.72}]}],"slot":[{"name":"ci_00","displayFrame":[{"duration":34}],"colorFrame":[{"duration":4,"tweenEasing":0},{"duration":10,"tweenEasing":0},{"duration":20,"value":{"aM":0}}]},{"name":"glow_00","displayFrame":[{"duration":34}],"colorFrame":[{"duration":2,"value":{"aM":0}},{"duration":5},{"duration":10,"tweenEasing":0},{"duration":17,"value":{"aM":0}}]},{"name":"huan_00","displayFrame":[{"duration":34}],"colorFrame":[{"duration":5,"value":{"aM":0}},{"duration":4},{"duration":14,"tweenEasing":0},{"duration":11,"value":{"aM":0}}]},{"name":"quan","displayFrame":[{"duration":5,"value":-1},{"duration":2},{"duration":2,"value":1},{"duration":2},{"duration":2,"value":1},{"duration":2},{"duration":2,"value":1},{"duration":2},{"duration":2,"value":1},{"duration":2},{"duration":2,"value":1},{"duration":9}],"colorFrame":[{"duration":5,"value":{"aM":0}},{"duration":18,"tweenEasing":0},{"duration":2,"tweenEasing":0},{"duration":9,"value":{"aM":0}}]},{"name":"yan","displayFrame":[{"duration":2,"value":-1},{"duration":2},{"duration":2,"value":1},{"duration":2,"value":2},{"duration":2,"value":3},{"duration":2,"value":4},{"duration":2,"value":5},{"duration":2,"value":6},{"duration":2,"value":7},{"duration":2,"value":8},{"duration":2,"value":9},{"duration":2,"value":10},{"duration":2,"value":11},{"duration":2,"value":12},{"duration":2,"value":13},{"duration":2,"value":14},{"duration":2,"value":15},{"duration":0,"value":-1}]}]}],"defaultActions":[{"gotoAndPlay":"shuangbaozha"}]}]}