{"SubTexture":[{"y":999,"frameX":-9,"frameY":-11,"width":232,"frameWidth":256,"height":228,"name":"yan/yan_09","frameHeight":256,"x":226},{"y":1453,"frameX":-40,"frameY":-37,"width":178,"frameWidth":256,"height":178,"name":"yan/yan_03","frameHeight":256,"x":219},{"y":1161,"frameX":-10,"frameY":-16,"width":228,"frameWidth":256,"height":222,"name":"yan/yan_08","frameHeight":256,"x":460},{"y":1229,"frameX":-14,"frameY":-19,"width":225,"frameWidth":256,"height":222,"name":"yan/yan_07","frameHeight":256,"x":226},{"y":751,"frameX":-6,"frameY":-2,"width":238,"frameWidth":256,"height":246,"name":"yan/yan_13","frameHeight":256,"x":252},{"y":1390,"frameX":-33,"frameY":-26,"width":193,"frameWidth":256,"height":196,"name":"yan/yan_04","frameHeight":256,"x":659},{"y":999,"frameX":-15,"frameY":-1,"width":223,"frameWidth":256,"height":244,"name":"yan/yan_15","frameHeight":256,"x":1},{"y":1385,"frameX":-28,"frameY":-21,"width":204,"frameWidth":256,"height":208,"name":"yan/yan_05","frameHeight":256,"x":453},{"y":1154,"frameX":-95,"frameY":-97,"width":64,"frameWidth":256,"height":62,"name":"yan/yan_00","frameHeight":256,"x":956},{"y":1390,"frameX":-57,"frameY":-53,"width":144,"frameWidth":256,"height":147,"name":"yan/yan_02","frameHeight":256,"x":854},{"y":753,"frameX":-8,"frameY":-3,"width":238,"frameWidth":256,"height":244,"name":"yan/yan_12","frameHeight":256,"x":1},{"y":913,"frameX":-8,"frameY":-1,"width":235,"frameWidth":256,"height":246,"name":"yan/yan_14","frameHeight":256,"x":492},{"y":1245,"frameX":-19,"frameY":-14,"width":216,"frameWidth":256,"height":221,"name":"yan/yan_06","frameHeight":256,"x":1},{"y":913,"frameX":-11,"frameY":-5,"width":232,"frameWidth":256,"height":239,"name":"yan/yan_11","frameHeight":256,"x":729},{"y":1468,"frameX":-79,"frameY":-81,"width":95,"frameWidth":256,"height":89,"name":"yan/yan_01","frameHeight":256,"x":1},{"y":1154,"frameX":-15,"frameY":-8,"width":225,"frameWidth":256,"height":234,"name":"yan/yan_10","frameHeight":256,"x":729},{"y":1,"frameX":0,"frameY":-33,"width":512,"frameWidth":512,"height":453,"name":"ci_00","frameHeight":512,"x":505},{"y":1,"frameX":-5,"frameY":-5,"width":502,"frameWidth":512,"height":502,"name":"glow_00","frameHeight":512,"x":1},{"y":456,"frameX":-29,"frameY":-29,"width":455,"frameWidth":512,"height":455,"name":"huan_00","frameHeight":512,"x":505},{"y":505,"frameX":-5,"frameY":-2,"width":249,"frameWidth":256,"height":244,"name":"quan/quan_00","frameHeight":256,"x":252},{"y":505,"frameX":-5,"frameY":-2,"width":249,"frameWidth":256,"height":246,"name":"quan/quan_02","frameHeight":256,"x":1}],"width":1022,"height":1633,"name":"shuangbaozha","imagePath":"shuangbaozha_tex.png"}