{"frameRate":30,"name":"shuaxin","version":"5.5","compatibleVersion":"5.5","armature":[{"type":"Armature","frameRate":30,"name":"shuaxin","bone":[{"name":"root"},{"name":"dian","parent":"root"},{"name":"huan","parent":"root"},{"name":"xian","parent":"root","transform":{"x":-14.12,"y":-119.33,"scX":2,"scY":3}},{"name":"xian2","parent":"root","transform":{"x":6.07,"y":-75.02,"scX":2,"scY":3}},{"name":"xian3","parent":"root","transform":{"x":15.29,"y":-190.15,"scX":2,"scY":3}},{"name":"xian4","parent":"root","transform":{"x":-5.26,"y":-211.37,"scX":2,"scY":3}},{"name":"zhu","parent":"root","transform":{"scX":2,"scY":2.8}}],"slot":[{"blendMode":"add","displayIndex":-1,"name":"huan","parent":"huan"},{"blendMode":"add","displayIndex":-1,"name":"huan2","parent":"huan"},{"blendMode":"add","displayIndex":-1,"name":"dian","parent":"dian"},{"blendMode":"add","displayIndex":-1,"name":"dian2","parent":"dian"},{"blendMode":"add","displayIndex":-1,"name":"zhu","parent":"zhu"},{"blendMode":"add","displayIndex":-1,"name":"xian","parent":"xian"},{"blendMode":"add","displayIndex":-1,"name":"xian2","parent":"xian2"},{"blendMode":"add","displayIndex":-1,"name":"xian3","parent":"xian3"},{"blendMode":"add","displayIndex":-1,"name":"xian4","parent":"xian4"}],"skin":[{"slot":[{"name":"xian3","display":[{"name":"xian"}]},{"name":"huan","display":[{"name":"guanghuan","transform":{"y":-5}}]},{"name":"huan2","display":[{"name":"guanghuan","transform":{"y":-5}}]},{"name":"dian","display":[{"name":"guangdian"}]},{"name":"dian2","display":[{"name":"guangdian"}]},{"name":"xian4","display":[{"name":"xian"}]},{"name":"zhu","display":[{"name":"guangzhu","transform":{"y":-54}}]},{"name":"xian","display":[{"name":"xian"}]},{"name":"xian2","display":[{"name":"xian"}]}]}],"animation":[{"duration":10,"name":"shuaxin","bone":[{"name":"zhu","translateFrame":[{"duration":2,"tweenEasing":0,"y":-65.07},{"duration":8}],"scaleFrame":[{"duration":2,"tweenEasing":0,"x":0.5,"y":0.54},{"duration":5,"tweenEasing":0,"y":0.89},{"duration":3,"x":1.75}]},{"name":"dian","scaleFrame":[{"duration":2,"x":1.5,"y":1.5},{"duration":5,"tweenEasing":0,"x":1.5,"y":1.5},{"duration":3,"x":3,"y":3}]},{"name":"huan","scaleFrame":[{"duration":2},{"duration":8,"tweenEasing":0},{"duration":0,"x":3,"y":3}]},{"name":"xian4","translateFrame":[{"duration":2},{"duration":5,"tweenEasing":0},{"duration":3,"y":-54.98}]},{"name":"xian3","translateFrame":[{"duration":2},{"duration":3,"tweenEasing":0},{"duration":5,"y":-38.87}]},{"name":"xian","translateFrame":[{"duration":2},{"duration":6,"tweenEasing":0},{"duration":2,"y":-59.72}]},{"name":"xian2","translateFrame":[{"duration":2},{"duration":8,"tweenEasing":0},{"duration":0,"y":-51.19}]}],"slot":[{"name":"dian","displayFrame":[{"duration":10}],"colorFrame":[{"duration":2,"value":{"aM":0}},{"duration":5,"tweenEasing":0},{"duration":3,"value":{"aM":0}}]},{"name":"dian2","displayFrame":[{"duration":10}],"colorFrame":[{"duration":2,"value":{"aM":0}},{"duration":5,"tweenEasing":0},{"duration":3,"value":{"aM":0}}]},{"name":"huan","displayFrame":[{"duration":10}],"colorFrame":[{"duration":2,"value":{"aM":0}},{"duration":8,"tweenEasing":0},{"duration":0,"value":{"aM":0}}]},{"name":"huan2","displayFrame":[{"duration":10}],"colorFrame":[{"duration":2,"value":{"aM":0}},{"duration":8,"tweenEasing":0},{"duration":0,"value":{"aM":0}}]},{"name":"xian","displayFrame":[{"duration":10}],"colorFrame":[{"duration":2,"value":{"aM":0}},{"duration":6,"tweenEasing":0},{"duration":2,"value":{"aM":0}}]},{"name":"xian2","displayFrame":[{"duration":10}],"colorFrame":[{"duration":2,"value":{"aM":0}},{"duration":8,"tweenEasing":0},{"duration":0,"value":{"aM":0}}]},{"name":"xian3","displayFrame":[{"duration":10}],"colorFrame":[{"duration":2,"value":{"aM":0}},{"duration":3,"tweenEasing":0},{"duration":5,"value":{"aM":0}}]},{"name":"xian4","displayFrame":[{"duration":10}],"colorFrame":[{"duration":2,"value":{"aM":0}},{"duration":5,"tweenEasing":0},{"duration":3,"value":{"aM":0}}]},{"name":"zhu","displayFrame":[{"duration":10}],"colorFrame":[{"duration":2,"tweenEasing":0},{"duration":5,"tweenEasing":0},{"duration":3,"value":{"aM":0}}]}]}],"defaultActions":[{"gotoAndPlay":"shuaxin"}]}]}