{"frameRate":30,"name":"tielian","version":"5.5","compatibleVersion":"5.5","armature":[{"type":"Armature","frameRate":30,"name":"tielian","aabb":{"x":-128,"y":-128,"width":256,"height":256},"bone":[{"name":"root"},{"name":"LZ111","parent":"root","transform":{"scX":1.4,"scY":1.4}},{"name":"suofang","parent":"root","transform":{"scX":0.5,"scY":0.5}},{"name":"zhuanquan1","parent":"root"},{"name":"zhuanquan","parent":"root","transform":{"scX":1.2,"scY":1.2}},{"name":"LZ","parent":"root","transform":{"scX":1.5,"scY":1.5}},{"name":"zhuanquan11","parent":"root","transform":{"scX":0.5,"scY":0.5}},{"name":"LZ11","parent":"root","transform":{"scX":1.2,"scY":1.2}},{"name":"LZ1111","parent":"root"},{"name":"LZ1","parent":"root","transform":{"scX":1.3,"scY":1.3}},{"name":"ps06","parent":"suofang","transform":{"x":32.5,"y":55.04}},{"name":"ps04","parent":"suofang","transform":{"x":47,"y":16.54}},{"name":"ps00","parent":"suofang","transform":{"x":-46,"y":-48.96}},{"name":"ps08","parent":"suofang","transform":{"x":-41,"y":34.04}},{"name":"ps03","parent":"suofang","transform":{"x":41,"y":-23.96}},{"name":"ps07","parent":"suofang","transform":{"x":3.5,"y":34.04}},{"name":"ps02","parent":"suofang","transform":{"x":10.5,"y":-36.96}},{"name":"ps09","parent":"suofang","transform":{"x":-47,"y":-5.96}},{"name":"ps05","parent":"suofang","transform":{"x":3,"y":11.54}}],"slot":[{"name":"ps09","parent":"ps09"},{"name":"ps08","parent":"ps08"},{"name":"ps07","parent":"ps07"},{"name":"ps06","parent":"ps06"},{"name":"ps05","parent":"ps05"},{"name":"ps04","parent":"ps04"},{"name":"ps03","parent":"ps03"},{"name":"ps02","parent":"ps02"},{"name":"ps00","parent":"ps00"},{"blendMode":"add","name":"File11","parent":"zhuanquan"},{"blendMode":"add","name":"File111","parent":"zhuanquan1"},{"blendMode":"add","name":"File1111","parent":"zhuanquan11"},{"name":"File 1","parent":"LZ"},{"name":"File 11","parent":"LZ1","color":{"aM":60}},{"name":"File 111","parent":"LZ11"},{"name":"File 1111","parent":"LZ111","color":{"aM":62}},{"name":"File 11111","parent":"LZ1111","color":{"aM":56}},{"blendMode":"add","name":"File 12","parent":"LZ"},{"blendMode":"add","name":"File 112","parent":"LZ1"},{"blendMode":"add","name":"File 1112","parent":"LZ11"},{"blendMode":"add","name":"File 11112","parent":"LZ111"},{"blendMode":"add","name":"File 111111","parent":"LZ1111"}],"skin":[{"slot":[{"name":"ps03","display":[{"name":"ps03"}]},{"name":"ps04","display":[{"name":"ps04","path":"ps09"}]},{"name":"ps06","display":[{"name":"ps06"}]},{"name":"File 1112","display":[{"name":"File 1"}]},{"name":"ps09","display":[{"name":"ps09"}]},{"name":"File111","display":[{"name":"File11","path":"File1-1"}]},{"name":"File 111","display":[{"name":"File 1"}]},{"name":"ps02","display":[{"name":"ps02","path":"ps03"}]},{"name":"File 11112","display":[{"name":"File 1"}]},{"name":"File 1","display":[{"name":"File 1"}]},{"name":"ps08","display":[{"name":"ps08"}]},{"name":"ps07","display":[{"name":"ps07"}]},{"name":"File1111","display":[{"name":"File11","path":"File12"}]},{"name":"File 111111","display":[{"name":"File 1"}]},{"name":"File 11","display":[{"name":"File 1"}]},{"name":"File 12","display":[{"name":"File 1"}]},{"name":"ps05","display":[{"name":"ps05"}]},{"name":"File11","display":[{"name":"File11"}]},{"name":"File 112","display":[{"name":"File 1"}]},{"name":"File 1111","display":[{"name":"File 1"}]},{"name":"File 11111","display":[{"name":"File 1"}]},{"name":"ps00","display":[{"name":"ps00"}]}]}],"animation":[{"duration":76,"name":"animation","bone":[{"name":"ps00","translateFrame":[{"duration":10,"tweenEasing":0},{"duration":12,"curve":[0.5,0,0.5,1],"x":-27.28,"y":-119.6},{"duration":48,"tweenEasing":0,"x":-45.25,"y":-77.02},{"duration":6,"x":-109.14,"y":543.94}],"rotateFrame":[{"duration":10,"tweenEasing":0,"rotate":-112.77},{"duration":12,"tweenEasing":0,"rotate":-5.07},{"duration":48,"tweenEasing":0,"rotate":151.58},{"duration":6,"rotate":78.73}]},{"name":"ps02","translateFrame":[{"duration":2},{"duration":16,"curve":[0.5,0,0.5,1]},{"duration":55,"curve":[0.17317073170731712,-0.01288936627282492,1,1],"x":41.11,"y":-213.24},{"duration":3,"x":75.92,"y":633.59}],"rotateFrame":[{"duration":2},{"duration":16,"tweenEasing":0},{"duration":55,"tweenEasing":0,"rotate":180},{"duration":3,"rotate":60}],"scaleFrame":[{"duration":18},{"duration":55,"tweenEasing":0},{"duration":3,"x":0.5,"y":0.5}]},{"name":"ps03","translateFrame":[{"duration":16,"curve":[0.5,0,0.5,1]},{"duration":38,"curve":[0.5,0,1,1],"x":91.1,"y":-103.97},{"duration":22,"x":210.3,"y":231.47}],"rotateFrame":[{"duration":8,"tweenEasing":0,"rotate":84.89},{"duration":8,"tweenEasing":0,"rotate":-159.03},{"duration":14,"tweenEasing":0,"rotate":6.09},{"duration":11,"tweenEasing":0,"rotate":114.5},{"duration":13,"tweenEasing":0,"rotate":-98.43},{"duration":22,"rotate":-86.29}],"scaleFrame":[{"duration":16,"tweenEasing":0},{"duration":38,"tweenEasing":0},{"duration":22,"x":0.5,"y":0.5}]},{"name":"ps04","translateFrame":[{"duration":16,"curve":[0.5,0,0.5,1]},{"duration":42,"curve":[0.26097560975609757,-0.0032223415682062287,1,1],"x":-46.3,"y":-122.27},{"duration":18,"x":-22.69,"y":205.79}],"rotateFrame":[{"duration":16,"curve":[0.5,0,0.5,1]},{"duration":42,"curve":[0,0.44,0.75,1]},{"duration":18,"rotate":-130}],"scaleFrame":[{"duration":16,"curve":[0.1695,0.005,0.9375,1]},{"duration":42,"curve":[0,0.44,0.75,1]},{"duration":18,"x":0.5,"y":0.5}]},{"name":"ps05","translateFrame":[{"duration":2,"tweenEasing":0},{"duration":14,"curve":[0.5,0,0.5,1],"x":40.54,"y":-24.12},{"duration":40,"curve":[0.25609756097560976,-0.00644468313641246,1,1],"x":133.54,"y":-172.34},{"duration":20,"x":156.48,"y":306.76}],"rotateFrame":[{"duration":16,"tweenEasing":0},{"duration":40,"tweenEasing":0},{"duration":20,"rotate":50}],"scaleFrame":[{"duration":16,"tweenEasing":0},{"duration":40,"tweenEasing":0},{"duration":20,"x":0.6,"y":0.6}]},{"name":"ps09","translateFrame":[{"duration":2,"tweenEasing":0},{"duration":10,"curve":[0.5,0,0.28048780487804875,1.016111707841031]},{"duration":50,"curve":[0.23658536585365852,-0.03544575725026853,1,1],"x":-137.29,"y":-99.23},{"duration":14,"x":-233.66,"y":409.48}],"rotateFrame":[{"duration":12,"tweenEasing":0},{"duration":50,"curve":[0,0.22,0.75,1]},{"duration":14,"rotate":-120}]},{"name":"ps06","translateFrame":[{"duration":4,"tweenEasing":0},{"duration":8,"tweenEasing":0,"x":63.48,"y":54.82},{"duration":64,"x":95.22,"y":82.23}],"rotateFrame":[{"duration":4,"tweenEasing":0},{"duration":8,"tweenEasing":0},{"duration":64,"rotate":180}],"scaleFrame":[{"duration":4,"tweenEasing":0},{"duration":8,"tweenEasing":0},{"duration":64,"x":0.5,"y":0.5}]},{"name":"ps07","translateFrame":[{"duration":4},{"duration":13,"curve":[0.5,0,0.5,1]},{"duration":59,"curve":[0.5,0,1,1],"x":57.71,"y":-184.2},{"duration":0,"x":186.98,"y":557.68}],"rotateFrame":[{"duration":17},{"duration":59,"curve":[0.25,0,0.609,1]},{"duration":0,"rotate":-90}],"scaleFrame":[{"duration":17},{"duration":59,"curve":[0.25,0,0.609,1]},{"duration":0,"x":0.5,"y":0.5}]},{"name":"ps08","translateFrame":[{"duration":18,"curve":[0.5,0,0.5,1]},{"duration":47,"curve":[0.5,0,1,1],"x":-52.43,"y":-300.1},{"duration":11,"x":-69.9,"y":101.93}],"rotateFrame":[{"duration":18,"tweenEasing":0},{"duration":47,"tweenEasing":0},{"duration":11,"rotate":90}],"scaleFrame":[{"duration":18,"tweenEasing":0},{"duration":47,"tweenEasing":0},{"duration":11,"x":0.5,"y":0.5}]},{"name":"zhuanquan","rotateFrame":[{"duration":5,"tweenEasing":0},{"duration":9,"tweenEasing":0,"rotate":-90},{"duration":62,"rotate":180}],"scaleFrame":[{"duration":14,"tweenEasing":0},{"duration":62,"x":2.5,"y":2.5}]},{"name":"zhuanquan1","scaleFrame":[{"duration":4},{"duration":15,"tweenEasing":0},{"duration":57,"x":2.3,"y":2.3}]},{"name":"zhuanquan11","rotateFrame":[{"duration":8},{"duration":12,"tweenEasing":0},{"duration":56,"rotate":56}],"scaleFrame":[{"duration":4,"tweenEasing":0},{"duration":4,"tweenEasing":0,"x":2.6,"y":2.6},{"duration":12,"tweenEasing":0,"x":1.57,"y":1.57},{"duration":56,"x":0.02,"y":0.02}]},{"name":"LZ","translateFrame":[{"duration":10},{"duration":14,"tweenEasing":0,"x":17.9},{"duration":52,"x":48.2,"y":-4.97}],"scaleFrame":[{"duration":10},{"duration":14,"tweenEasing":0,"x":1.2,"y":1.2},{"duration":52,"x":0.01,"y":0.01}]},{"name":"LZ1","translateFrame":[{"duration":9},{"duration":14,"tweenEasing":0,"x":-1.22,"y":14.97},{"duration":53,"x":-2.66,"y":34.83}],"scaleFrame":[{"duration":10},{"duration":13,"tweenEasing":0},{"duration":53,"x":0.01,"y":0.01}]},{"name":"LZ11","translateFrame":[{"duration":10},{"duration":14,"tweenEasing":0,"x":-1.22,"y":-0.07},{"duration":52,"x":-2.66,"y":-28.17}],"scaleFrame":[{"duration":24},{"duration":52,"x":0.01,"y":0.01}]},{"name":"LZ111","translateFrame":[{"duration":9},{"duration":12,"tweenEasing":0,"x":-1.22,"y":3.06},{"duration":55,"x":-18.38,"y":18.09}],"scaleFrame":[{"duration":10},{"duration":11,"tweenEasing":0},{"duration":55,"x":0.01,"y":0.01}]},{"name":"LZ1111","translateFrame":[{"duration":7},{"duration":12,"tweenEasing":0,"x":-10.07,"y":-5.58},{"duration":57,"x":-40.15,"y":-37.5}],"scaleFrame":[{"duration":9,"tweenEasing":0},{"duration":10,"tweenEasing":0,"x":1.3,"y":1.3},{"duration":57,"x":0.01,"y":0.01}]}],"slot":[{"name":"ps00","colorFrame":[{"duration":57,"tweenEasing":0},{"duration":13,"tweenEasing":0},{"duration":6,"value":{"aM":0}}]},{"name":"ps02","colorFrame":[{"duration":2,"tweenEasing":0,"value":{"aM":0}},{"duration":57,"tweenEasing":0},{"duration":14,"tweenEasing":0},{"duration":3,"value":{"aM":0}}]},{"name":"ps03","colorFrame":[{"duration":16,"tweenEasing":0},{"duration":26,"tweenEasing":0},{"duration":34,"value":{"aM":0}}]},{"name":"ps04","colorFrame":[{"duration":16,"tweenEasing":0},{"duration":42,"tweenEasing":0},{"duration":18,"value":{"aM":0}}]},{"name":"ps05","colorFrame":[{"duration":44,"tweenEasing":0},{"duration":12,"tweenEasing":0},{"duration":20,"value":{"aM":0}}]},{"name":"ps06","colorFrame":[{"duration":6,"tweenEasing":0},{"duration":6,"tweenEasing":0},{"duration":64,"value":{"aM":0}}]},{"name":"ps07","colorFrame":[{"duration":4,"tweenEasing":0,"value":{"aM":0}},{"duration":60,"tweenEasing":0},{"duration":12,"tweenEasing":0},{"duration":0,"value":{"aM":0}}]},{"name":"ps08","colorFrame":[{"duration":50,"tweenEasing":0},{"duration":15,"tweenEasing":0},{"duration":11,"value":{"aM":0}}]},{"name":"ps09","colorFrame":[{"duration":46,"tweenEasing":0},{"duration":16,"tweenEasing":0},{"duration":14,"value":{"aM":0}}]},{"name":"File11","colorFrame":[{"duration":14,"tweenEasing":0},{"duration":62,"value":{"aM":0}}]},{"name":"File111","colorFrame":[{"duration":10},{"duration":9,"tweenEasing":0},{"duration":57,"value":{"aM":0}}]},{"name":"File 1","colorFrame":[{"duration":10,"tweenEasing":0,"value":{"aM":0}},{"duration":6,"tweenEasing":0,"value":{"aM":0}},{"duration":8,"tweenEasing":0},{"duration":52,"value":{"aM":0}}]},{"name":"File 11","colorFrame":[{"duration":10,"tweenEasing":0,"value":{"aM":0}},{"duration":5,"tweenEasing":0,"value":{"aM":0}},{"duration":8,"tweenEasing":0},{"duration":53,"value":{"aM":0}}]},{"name":"File 111","colorFrame":[{"duration":6,"tweenEasing":0,"value":{"aM":0}},{"duration":10,"tweenEasing":0,"value":{"aM":0}},{"duration":8,"tweenEasing":0},{"duration":52,"value":{"aM":0}}]},{"name":"File 1111","colorFrame":[{"duration":6,"tweenEasing":0,"value":{"aM":0}},{"duration":9,"tweenEasing":0,"value":{"aM":0}},{"duration":6,"tweenEasing":0},{"duration":55,"value":{"aM":0}}]},{"name":"File 11111","colorFrame":[{"duration":5,"tweenEasing":0,"value":{"aM":0}},{"duration":6,"tweenEasing":0,"value":{"aM":0}},{"duration":8,"tweenEasing":0},{"duration":57,"value":{"aM":0}}]},{"name":"File 12","colorFrame":[{"duration":10,"tweenEasing":0,"value":{"aM":0}},{"duration":6,"tweenEasing":0,"value":{"aM":0}},{"duration":8,"tweenEasing":0},{"duration":52,"value":{"aM":0}}]},{"name":"File 112","colorFrame":[{"duration":10,"tweenEasing":0,"value":{"aM":0}},{"duration":5,"tweenEasing":0,"value":{"aM":0}},{"duration":8,"tweenEasing":0},{"duration":53,"value":{"aM":0}}]},{"name":"File 1112","colorFrame":[{"duration":6,"tweenEasing":0,"value":{"aM":0}},{"duration":10,"tweenEasing":0,"value":{"aM":0}},{"duration":8,"tweenEasing":0},{"duration":52,"value":{"aM":0}}]},{"name":"File 11112","colorFrame":[{"duration":6,"tweenEasing":0,"value":{"aM":0}},{"duration":9,"tweenEasing":0,"value":{"aM":0}},{"duration":6,"tweenEasing":0},{"duration":55,"value":{"aM":0}}]},{"name":"File 111111","colorFrame":[{"duration":5,"tweenEasing":0,"value":{"aM":0}},{"duration":6,"tweenEasing":0,"value":{"aM":0}},{"duration":8,"tweenEasing":0},{"duration":57,"value":{"aM":0}}]}]}],"defaultActions":[{"gotoAndPlay":"animation"}]}]}