{"width":512,"SubTexture":[{"width":33,"y":457,"height":38,"name":"ps09","x":72},{"width":30,"y":322,"height":66,"name":"ps08","x":138},{"width":67,"y":389,"height":66,"name":"ps07","x":1},{"width":3,"y":322,"height":4,"name":"ps06","x":126},{"width":69,"y":457,"height":47,"name":"ps05","x":1},{"width":45,"y":259,"height":61,"name":"ps03","x":126},{"width":28,"y":457,"height":36,"name":"ps00","x":107},{"frameWidth":128,"y":259,"frameHeight":128,"width":123,"frameX":0,"height":128,"name":"File11","frameY":0,"x":1},{"frameWidth":80,"y":389,"frameHeight":80,"width":66,"frameX":-6,"height":66,"name":"File1-1","frameY":-7,"x":70},{"width":256,"y":1,"height":256,"name":"File12","x":1},{"width":24,"y":457,"height":24,"name":"File 1","x":137}],"height":512,"name":"tielian","imagePath":"tielian_tex.png"}