{"width":1024,"imagePath":"tongguan_tex.png","height":1024,"name":"tongguan","SubTexture":[{"width":545,"y":1,"height":533,"name":"glow","x":1},{"width":642,"y":536,"height":267,"name":"tiaofu","x":1},{"width":319,"y":1,"height":351,"name":"L_qiqiu","x":548},{"width":311,"y":354,"height":351,"name":"R_qiqiu","x":645},{"frameY":-1,"y":805,"frameWidth":260,"frameX":-1,"frameHeight":140,"width":258,"height":138,"name":"tongguan","x":1},{"frameY":-1,"y":707,"frameWidth":307,"frameX":-1,"frameHeight":296,"width":305,"height":294,"name":"star","x":645}]}