{"frameRate":30,"name":"xigua","version":"5.5","compatibleVersion":"5.5","armature":[{"type":"Armature","frameRate":30,"name":"xigua","aabb":{"x":-128,"y":-128,"width":256,"height":256},"bone":[{"name":"root"},{"name":"xigua","parent":"root","transform":{"scX":2,"scY":2}}],"slot":[{"displayIndex":15,"name":"xigua","parent":"xigua"}],"skin":[{"slot":[{"name":"xigua","display":[{"name":"xigua/xigua_01"},{"name":"xigua/xigua_02"},{"name":"xigua/xigua_03"},{"name":"xigua/xigua_04"},{"name":"xigua/xigua_05"},{"name":"xigua/xigua_06"},{"name":"xigua/xigua_07"},{"name":"xigua/xigua_08"},{"name":"xigua/xigua_09"},{"name":"xigua/xigua_10"},{"name":"xigua/xigua_11"},{"name":"xigua/xigua_12"},{"name":"xigua/xigua_13"},{"name":"xigua/xigua_14"},{"name":"xigua/xigua_15"},{"name":"xigua/xigua_16"}]}]}],"animation":[{"duration":24,"name":"animation","slot":[{"name":"xigua","displayFrame":[{"duration":2},{"value":1},{"duration":2,"value":2},{"value":3},{"duration":2,"value":4},{"value":5},{"duration":2,"value":6},{"value":7},{"duration":2,"value":8},{"value":9},{"duration":2,"value":10},{"value":11},{"duration":2,"value":12},{"value":13},{"duration":2,"value":14},{"value":15},{"duration":0,"value":-1}]}]}],"defaultActions":[{"gotoAndPlay":"animation"}]}]}