{"width":1024,"imagePath":"xigua_tex.png","height":512,"name":"xigua","SubTexture":[{"frameY":-38,"y":175,"frameWidth":256,"frameX":-34,"frameHeight":256,"width":156,"height":150,"name":"xigua/xigua_06","x":851},{"frameY":-34,"y":1,"frameWidth":256,"frameX":-41,"frameHeight":256,"width":156,"height":161,"name":"xigua/xigua_07","x":374},{"frameY":-43,"y":172,"frameWidth":256,"frameX":-37,"frameHeight":256,"width":156,"height":159,"name":"xigua/xigua_08","x":533},{"frameY":-36,"y":1,"frameWidth":256,"frameX":-35,"frameHeight":256,"width":160,"height":172,"name":"xigua/xigua_09","x":705},{"frameY":-38,"y":169,"frameWidth":256,"frameX":-31,"frameHeight":256,"width":166,"height":175,"name":"xigua/xigua_10","x":365},{"frameY":-35,"y":197,"frameWidth":256,"frameX":-25,"frameHeight":256,"width":177,"height":185,"name":"xigua/xigua_11","x":186},{"frameY":-43,"y":1,"frameWidth":256,"frameX":-42,"frameHeight":256,"width":153,"height":141,"name":"xigua/xigua_01","x":867},{"frameY":-35,"y":197,"frameWidth":256,"frameX":-20,"frameHeight":256,"width":183,"height":193,"name":"xigua/xigua_12","x":1},{"frameY":-38,"y":175,"frameWidth":256,"frameX":-45,"frameHeight":256,"width":158,"height":150,"name":"xigua/xigua_02","x":691},{"frameY":-36,"y":1,"frameWidth":256,"frameX":-16,"frameHeight":256,"width":190,"height":194,"name":"xigua/xigua_13","x":1},{"frameY":-45,"y":333,"frameWidth":256,"frameX":-31,"frameHeight":256,"width":165,"height":144,"name":"xigua/xigua_03","x":533},{"frameY":-39,"y":1,"frameWidth":256,"frameX":-29,"frameHeight":256,"width":179,"height":166,"name":"xigua/xigua_14","x":193},{"frameY":-37,"y":346,"frameWidth":256,"frameX":-42,"frameHeight":256,"width":153,"height":155,"name":"xigua/xigua_04","x":365},{"frameY":-43,"y":1,"frameWidth":256,"frameX":-29,"frameHeight":256,"width":170,"height":169,"name":"xigua/xigua_15","x":533},{"frameY":-52,"y":327,"frameWidth":256,"frameX":-41,"frameHeight":256,"width":156,"height":138,"name":"xigua/xigua_05","x":700},{"frameY":-76,"y":384,"frameWidth":256,"frameX":-38,"frameHeight":256,"width":150,"height":115,"name":"xigua/xigua_16","x":186}]}