{
    "SubTexture": [
        {
            "width": 64,
            "y": 1,
            "height": 64,
            "name": "DIYUN",
            "x": 149
        },
        {
            "frameX": -1,
            "frameHeight": 60,
            "y": 67,
            "frameY": -10,
            "frameWidth": 40,
            "width": 38,
            "height": 41,
            "name": "jb_06",
            "x": 83
        },
        {
            "frameX": -7,
            "frameHeight": 60,
            "y": 83,
            "frameY": -10,
            "frameWidth": 40,
            "width": 26,
            "height": 41,
            "name": "jb_09",
            "x": 1
        },
        {
            "frameX": 0,
            "frameHeight": 60,
            "y": 1,
            "frameY": -10,
            "frameWidth": 40,
            "width": 40,
            "height": 41,
            "name": "jb_05",
            "x": 215
        },
        {
            "frameX": -1,
            "frameHeight": 60,
            "y": 44,
            "frameY": -10,
            "frameWidth": 40,
            "width": 38,
            "height": 41,
            "name": "jb_10",
            "x": 215
        },
        {
            "frameX": -17,
            "frameHeight": 60,
            "y": 83,
            "frameY": -10,
            "frameWidth": 40,
            "width": 7,
            "height": 41,
            "name": "jb_08",
            "x": 57
        },
        {
            "frameX": -7,
            "frameHeight": 60,
            "y": 83,
            "frameY": -10,
            "frameWidth": 40,
            "width": 26,
            "height": 41,
            "name": "jb_07",
            "x": 29
        },
        {
            "width": 80,
            "y": 1,
            "height": 80,
            "name": "xg",
            "x": 1
        },
        {
            "width": 64,
            "y": 1,
            "height": 64,
            "name": "point",
            "x": 83
        }
    ],
    "width": 256,
    "height": 128,
    "name": "yinbifly",
    "imagePath": "yinbifly_tex.png"
}