{
    "frameRate": 24,
    "name": "yinbifly",
    "version": "5.5",
    "compatibleVersion": "5.5",
    "armature": [
        {
            "type": "Armature",
            "frameRate": 24,
            "name": "yinbifly",
            "aabb": {
                "x": -40,
                "y": -40,
                "width": 80,
                "height": 80
            },
            "bone": [
                {
                    "name": "root"
                },
                {
                    "name": "DY",
                    "parent": "root"
                },
                {
                    "name": "xg1",
                    "parent": "root"
                },
                {
                    "name": "jingbi",
                    "parent": "root"
                },
                {
                    "name": "xg",
                    "parent": "root"
                },
                {
                    "name": "j13",
                    "parent": "jingbi"
                },
                {
                    "name": "j11",
                    "parent": "jingbi"
                },
                {
                    "name": "j",
                    "parent": "jingbi"
                },
                {
                    "name": "j1",
                    "parent": "jingbi"
                },
                {
                    "name": "xg01",
                    "parent": "xg"
                },
                {
                    "name": "xg0",
                    "parent": "xg"
                },
                {
                    "name": "j12",
                    "parent": "jingbi"
                },
                {
                    "name": "xg02",
                    "parent": "xg1"
                },
                {
                    "name": "xg012",
                    "parent": "xg1"
                },
                {
                    "name": "xg0111",
                    "parent": "xg1"
                },
                {
                    "name": "xg0121",
                    "parent": "xg1"
                },
                {
                    "name": "xg01111",
                    "parent": "xg1"
                },
                {
                    "name": "xg011",
                    "parent": "xg"
                },
                {
                    "name": "xg1-1",
                    "parent": "xg1"
                }
            ],
            "slot": [
                {
                    "name": "DIYUN",
                    "parent": "DY"
                },
                {
                    "displayIndex": 5,
                    "name": "bone",
                    "parent": "j"
                },
                {
                    "displayIndex": 5,
                    "name": "bone1",
                    "parent": "j1"
                },
                {
                    "displayIndex": 5,
                    "name": "bone11",
                    "parent": "j11"
                },
                {
                    "displayIndex": 5,
                    "name": "bone12",
                    "parent": "j12"
                },
                {
                    "displayIndex": 5,
                    "name": "bone121",
                    "parent": "j13"
                },
                {
                    "blendMode": "add",
                    "name": "xg",
                    "parent": "xg0"
                },
                {
                    "blendMode": "add",
                    "name": "xg1",
                    "parent": "xg01"
                },
                {
                    "blendMode": "add",
                    "name": "xg11",
                    "parent": "xg011"
                },
                {
                    "blendMode": "add",
                    "name": "xg2",
                    "parent": "xg02"
                },
                {
                    "blendMode": "add",
                    "name": "xg12",
                    "parent": "xg012"
                },
                {
                    "blendMode": "add",
                    "name": "xg111",
                    "parent": "xg0111"
                },
                {
                    "blendMode": "add",
                    "name": "xg121",
                    "parent": "xg0121"
                },
                {
                    "blendMode": "add",
                    "name": "xg1111",
                    "parent": "xg01111"
                },
                {
                    "blendMode": "add",
                    "displayIndex": 5,
                    "name": "bone2",
                    "parent": "j",
                    "color": {
                        "aM": 50
                    }
                },
                {
                    "blendMode": "add",
                    "displayIndex": 5,
                    "name": "bone13",
                    "parent": "j1"
                },
                {
                    "blendMode": "add",
                    "name": "xg11111",
                    "parent": "xg1-1"
                }
            ],
            "skin": [
                {
                    "slot": [
                        {
                            "name": "xg11",
                            "display": [
                                {
                                    "name": "xg"
                                }
                            ]
                        },
                        {
                            "name": "xg",
                            "display": [
                                {
                                    "name": "xg"
                                }
                            ]
                        },
                        {
                            "name": "bone12",
                            "display": [
                                {
                                    "name": "jb_09"
                                },
                                {
                                    "name": "jb_08"
                                },
                                {
                                    "name": "jb_07"
                                },
                                {
                                    "name": "jb_05"
                                },
                                {
                                    "name": "jb_06"
                                },
                                {
                                    "name": "jb_10"
                                }
                            ]
                        },
                        {
                            "name": "xg2",
                            "display": [
                                {
                                    "name": "xg",
                                    "path": "point"
                                }
                            ]
                        },
                        {
                            "name": "xg111",
                            "display": [
                                {
                                    "name": "xg",
                                    "path": "point"
                                }
                            ]
                        },
                        {
                            "name": "xg1111",
                            "display": [
                                {
                                    "name": "xg",
                                    "path": "point"
                                }
                            ]
                        },
                        {
                            "name": "bone1",
                            "display": [
                                {
                                    "name": "jb_09"
                                },
                                {
                                    "name": "jb_08"
                                },
                                {
                                    "name": "jb_07"
                                },
                                {
                                    "name": "jb_05"
                                },
                                {
                                    "name": "jb_06"
                                },
                                {
                                    "name": "jb_10"
                                }
                            ]
                        },
                        {
                            "name": "bone",
                            "display": [
                                {
                                    "name": "jb_09"
                                },
                                {
                                    "name": "jb_08"
                                },
                                {
                                    "name": "jb_07"
                                },
                                {
                                    "name": "jb_05"
                                },
                                {
                                    "name": "jb_06"
                                },
                                {
                                    "name": "jb_10"
                                }
                            ]
                        },
                        {
                            "name": "xg1",
                            "display": [
                                {
                                    "name": "xg"
                                }
                            ]
                        },
                        {
                            "name": "DIYUN",
                            "display": [
                                {
                                    "name": "DIYUN"
                                }
                            ]
                        },
                        {
                            "name": "xg11111",
                            "display": [
                                {
                                    "name": "xg",
                                    "path": "point"
                                }
                            ]
                        },
                        {
                            "name": "bone121",
                            "display": [
                                {
                                    "name": "jb_09"
                                },
                                {
                                    "name": "jb_08"
                                },
                                {
                                    "name": "jb_07"
                                },
                                {
                                    "name": "jb_05"
                                },
                                {
                                    "name": "jb_06"
                                },
                                {
                                    "name": "jb_10"
                                }
                            ]
                        },
                        {
                            "name": "bone11",
                            "display": [
                                {
                                    "name": "jb_09"
                                },
                                {
                                    "name": "jb_08"
                                },
                                {
                                    "name": "jb_07"
                                },
                                {
                                    "name": "jb_05"
                                },
                                {
                                    "name": "jb_06"
                                },
                                {
                                    "name": "jb_10"
                                }
                            ]
                        },
                        {
                            "name": "xg121",
                            "display": [
                                {
                                    "name": "xg",
                                    "path": "point"
                                }
                            ]
                        },
                        {
                            "name": "bone13",
                            "display": [
                                {
                                    "name": "jb_09"
                                },
                                {
                                    "name": "jb_08"
                                },
                                {
                                    "name": "jb_07"
                                },
                                {
                                    "name": "jb_05"
                                },
                                {
                                    "name": "jb_06"
                                },
                                {
                                    "name": "jb_10"
                                }
                            ]
                        },
                        {
                            "name": "bone2",
                            "display": [
                                {
                                    "name": "jb_09"
                                },
                                {
                                    "name": "jb_08"
                                },
                                {
                                    "name": "jb_07"
                                },
                                {
                                    "name": "jb_05"
                                },
                                {
                                    "name": "jb_06"
                                },
                                {
                                    "name": "jb_10"
                                }
                            ]
                        },
                        {
                            "name": "xg12",
                            "display": [
                                {
                                    "name": "xg",
                                    "path": "point"
                                }
                            ]
                        }
                    ]
                }
            ],
            "animation": [
                {
                    "duration": 25,
                    "playTimes": 0,
                    "name": "newAnimation",
                    "bone": [
                        {
                            "name": "j",
                            "translateFrame": [
                                {
                                    "duration": 16,
                                    "tweenEasing": 0
                                },
                                {
                                    "duration": 9,
                                    "x": -74.16,
                                    "y": -38.27
                                }
                            ],
                            "rotateFrame": [
                                {
                                    "duration": 16,
                                    "tweenEasing": 0
                                },
                                {
                                    "duration": 9,
                                    "rotate": 114
                                }
                            ],
                            "scaleFrame": [
                                {
                                    "duration": 16,
                                    "tweenEasing": 0,
                                    "x": 1.3,
                                    "y": 1.3
                                },
                                {
                                    "duration": 9,
                                    "x": 0.7,
                                    "y": 0.7
                                }
                            ]
                        },
                        {
                            "name": "j1",
                            "translateFrame": [
                                {
                                    "duration": 2
                                },
                                {
                                    "duration": 13,
                                    "tweenEasing": 0,
                                    "x": -57.97,
                                    "y": 20.46
                                },
                                {
                                    "duration": 10,
                                    "x": -166.11,
                                    "y": 13.57
                                }
                            ],
                            "rotateFrame": [
                                {
                                    "duration": 7
                                },
                                {
                                    "duration": 18,
                                    "rotate": 56
                                }
                            ],
                            "scaleFrame": [
                                {
                                    "tweenEasing": 0,
                                    "x": 0.01,
                                    "y": 0.01
                                },
                                {
                                    "tweenEasing": 0,
                                    "x": 0.01,
                                    "y": 0.01
                                },
                                {
                                    "duration": 13,
                                    "tweenEasing": 0,
                                    "x": 0.8,
                                    "y": 0.8
                                },
                                {
                                    "duration": 10,
                                    "x": 0.5,
                                    "y": 0.5
                                }
                            ]
                        },
                        {
                            "name": "j11",
                            "translateFrame": [
                                {
                                    "duration": 4
                                },
                                {
                                    "duration": 13,
                                    "tweenEasing": 0,
                                    "x": 18.04,
                                    "y": 4.3
                                },
                                {
                                    "duration": 8,
                                    "x": -53.24,
                                    "y": 2.88
                                }
                            ],
                            "rotateFrame": [
                                {
                                    "duration": 9
                                },
                                {
                                    "duration": 16,
                                    "rotate": 56
                                }
                            ],
                            "scaleFrame": [
                                {
                                    "duration": 3,
                                    "tweenEasing": 0,
                                    "x": 0.01,
                                    "y": 0.01
                                },
                                {
                                    "tweenEasing": 0,
                                    "x": 0.01,
                                    "y": 0.01
                                },
                                {
                                    "duration": 13,
                                    "tweenEasing": 0,
                                    "x": 1.1,
                                    "y": 1.1
                                },
                                {
                                    "duration": 8,
                                    "x": 0.8,
                                    "y": 0.8
                                }
                            ]
                        },
                        {
                            "name": "j12",
                            "translateFrame": [
                                {
                                    "duration": 7
                                },
                                {
                                    "duration": 13,
                                    "tweenEasing": 0,
                                    "x": -27.07,
                                    "y": -2.83
                                },
                                {
                                    "duration": 5,
                                    "x": -102.68,
                                    "y": -3.47
                                }
                            ],
                            "rotateFrame": [
                                {
                                    "duration": 12
                                },
                                {
                                    "duration": 13,
                                    "rotate": 56
                                }
                            ],
                            "scaleFrame": [
                                {
                                    "duration": 6,
                                    "tweenEasing": 0,
                                    "x": 0.01,
                                    "y": 0.01
                                },
                                {
                                    "tweenEasing": 0,
                                    "x": 0.01,
                                    "y": 0.01
                                },
                                {
                                    "duration": 13,
                                    "tweenEasing": 0,
                                    "x": 0.6,
                                    "y": 0.6
                                },
                                {
                                    "duration": 5,
                                    "x": 0.4,
                                    "y": 0.4
                                }
                            ]
                        },
                        {
                            "name": "j13",
                            "translateFrame": [
                                {
                                    "duration": 4
                                },
                                {
                                    "duration": 13,
                                    "tweenEasing": 0,
                                    "x": -58.02,
                                    "y": -11.48
                                },
                                {
                                    "duration": 8,
                                    "x": -155.92,
                                    "y": -6.56
                                }
                            ],
                            "rotateFrame": [
                                {
                                    "duration": 9
                                },
                                {
                                    "duration": 16,
                                    "rotate": 56
                                }
                            ],
                            "scaleFrame": [
                                {
                                    "duration": 3,
                                    "tweenEasing": 0,
                                    "x": 0.01,
                                    "y": 0.01
                                },
                                {
                                    "tweenEasing": 0,
                                    "x": 0.01,
                                    "y": 0.01
                                },
                                {
                                    "duration": 13,
                                    "tweenEasing": 0,
                                    "x": 0.8,
                                    "y": 1.2
                                },
                                {
                                    "duration": 8,
                                    "x": 0.3,
                                    "y": 0.4
                                }
                            ]
                        },
                        {
                            "name": "xg0",
                            "translateFrame": [
                                {
                                    "duration": 10,
                                    "tweenEasing": 0
                                },
                                {
                                    "duration": 15,
                                    "x": -8.56,
                                    "y": -7.04
                                }
                            ],
                            "rotateFrame": [
                                {
                                    "duration": 2
                                },
                                {
                                    "duration": 8,
                                    "tweenEasing": 0
                                },
                                {
                                    "duration": 15,
                                    "rotate": -12
                                }
                            ]
                        },
                        {
                            "name": "xg01",
                            "translateFrame": [
                                {
                                    "duration": 7
                                },
                                {
                                    "duration": 10,
                                    "tweenEasing": 0,
                                    "x": -64.17,
                                    "y": 10.96
                                },
                                {
                                    "duration": 8,
                                    "x": -70.8,
                                    "y": 18.09
                                }
                            ],
                            "rotateFrame": [
                                {
                                    "duration": 7
                                },
                                {
                                    "duration": 10,
                                    "tweenEasing": 0,
                                    "rotate": -51
                                },
                                {
                                    "duration": 8,
                                    "rotate": -11
                                }
                            ],
                            "scaleFrame": [
                                {
                                    "tweenEasing": 0,
                                    "x": 0.01,
                                    "y": 0.01
                                },
                                {
                                    "duration": 5,
                                    "tweenEasing": 0,
                                    "x": 0.34,
                                    "y": 0.01
                                },
                                {
                                    "tweenEasing": 0,
                                    "x": 0.01,
                                    "y": 0.01
                                },
                                {
                                    "duration": 10,
                                    "tweenEasing": 0,
                                    "x": 0.7,
                                    "y": 0.7
                                },
                                {
                                    "duration": 8,
                                    "x": 0.3,
                                    "y": 0.3
                                }
                            ]
                        },
                        {
                            "name": "xg011",
                            "translateFrame": [
                                {
                                    "duration": 10
                                },
                                {
                                    "duration": 10,
                                    "tweenEasing": 0,
                                    "x": -112.16,
                                    "y": -0.43
                                },
                                {
                                    "duration": 5,
                                    "x": -121.67,
                                    "y": -0.43
                                }
                            ],
                            "rotateFrame": [
                                {
                                    "duration": 10
                                },
                                {
                                    "duration": 10,
                                    "tweenEasing": 0,
                                    "rotate": -15
                                },
                                {
                                    "duration": 5,
                                    "rotate": 45
                                }
                            ],
                            "scaleFrame": [
                                {
                                    "tweenEasing": 0,
                                    "x": 0.01,
                                    "y": 0.01
                                },
                                {
                                    "duration": 8,
                                    "tweenEasing": 0,
                                    "x": 0.34,
                                    "y": 0.01
                                },
                                {
                                    "tweenEasing": 0,
                                    "x": 0.01,
                                    "y": 0.01
                                },
                                {
                                    "duration": 10,
                                    "tweenEasing": 0,
                                    "x": 0.4,
                                    "y": 0.4
                                },
                                {
                                    "duration": 5,
                                    "x": 0.2,
                                    "y": 0.2
                                }
                            ]
                        },
                        {
                            "name": "xg02",
                            "translateFrame": [
                                {
                                    "duration": 14,
                                    "tweenEasing": 0,
                                    "x": -46,
                                    "y": 17
                                },
                                {
                                    "duration": 11,
                                    "x": -86.56,
                                    "y": 43.96
                                }
                            ],
                            "rotateFrame": [
                                {
                                    "duration": 2
                                },
                                {
                                    "duration": 12,
                                    "tweenEasing": 0
                                },
                                {
                                    "duration": 11,
                                    "rotate": -12
                                }
                            ],
                            "scaleFrame": [
                                {
                                    "duration": 14,
                                    "tweenEasing": 0,
                                    "x": 0.5,
                                    "y": 0.5
                                },
                                {
                                    "duration": 11,
                                    "x": 0.2,
                                    "y": 0.2
                                }
                            ]
                        },
                        {
                            "name": "xg012",
                            "translateFrame": [
                                {
                                    "duration": 7
                                },
                                {
                                    "duration": 15,
                                    "tweenEasing": 0,
                                    "x": -107.17,
                                    "y": 10.96
                                },
                                {
                                    "duration": 3,
                                    "x": -146.8,
                                    "y": 18.09
                                }
                            ],
                            "rotateFrame": [
                                {
                                    "duration": 7
                                },
                                {
                                    "duration": 15,
                                    "tweenEasing": 0,
                                    "rotate": -51
                                },
                                {
                                    "duration": 3,
                                    "rotate": -11
                                }
                            ],
                            "scaleFrame": [
                                {
                                    "tweenEasing": 0,
                                    "x": 0.01,
                                    "y": 0.01
                                },
                                {
                                    "duration": 5,
                                    "tweenEasing": 0,
                                    "x": 0.34,
                                    "y": 0.01
                                },
                                {
                                    "tweenEasing": 0,
                                    "x": 0.01,
                                    "y": 0.01
                                },
                                {
                                    "duration": 15,
                                    "tweenEasing": 0,
                                    "x": 0.7,
                                    "y": 0.7
                                },
                                {
                                    "duration": 3,
                                    "x": 0.3,
                                    "y": 0.3
                                }
                            ]
                        },
                        {
                            "name": "xg0111",
                            "translateFrame": [
                                {
                                    "duration": 10
                                },
                                {
                                    "duration": 15,
                                    "tweenEasing": 0,
                                    "x": -84.16,
                                    "y": -40.43
                                },
                                {
                                    "duration": 0,
                                    "x": -139.67,
                                    "y": -44.43
                                }
                            ],
                            "rotateFrame": [
                                {
                                    "duration": 10
                                },
                                {
                                    "duration": 15,
                                    "tweenEasing": 0,
                                    "rotate": -15
                                },
                                {
                                    "duration": 0,
                                    "rotate": 45
                                }
                            ],
                            "scaleFrame": [
                                {
                                    "duration": 9,
                                    "tweenEasing": 0,
                                    "x": 0.01,
                                    "y": 0.01
                                },
                                {
                                    "tweenEasing": 0,
                                    "x": 0.01,
                                    "y": 0.01
                                },
                                {
                                    "duration": 15,
                                    "tweenEasing": 0,
                                    "x": 0.4,
                                    "y": 0.4
                                },
                                {
                                    "duration": 0,
                                    "x": 0.2,
                                    "y": 0.2
                                }
                            ]
                        },
                        {
                            "name": "xg0121",
                            "translateFrame": [
                                {
                                    "duration": 9
                                },
                                {
                                    "duration": 16,
                                    "tweenEasing": 0,
                                    "x": -88.17,
                                    "y": -9.04
                                },
                                {
                                    "duration": 0,
                                    "x": -174.8,
                                    "y": 7.09
                                }
                            ],
                            "rotateFrame": [
                                {
                                    "duration": 9
                                },
                                {
                                    "duration": 16,
                                    "tweenEasing": 0,
                                    "rotate": -51
                                },
                                {
                                    "duration": 0,
                                    "rotate": -11
                                }
                            ],
                            "scaleFrame": [
                                {
                                    "tweenEasing": 0,
                                    "x": 0.01,
                                    "y": 0.01
                                },
                                {
                                    "duration": 5,
                                    "tweenEasing": 0,
                                    "x": 0.34,
                                    "y": 0.01
                                },
                                {
                                    "duration": 3,
                                    "tweenEasing": 0,
                                    "x": 0.01,
                                    "y": 0.01
                                },
                                {
                                    "duration": 16,
                                    "tweenEasing": 0,
                                    "x": 0.4,
                                    "y": 0.4
                                },
                                {
                                    "duration": 0,
                                    "x": 0.2,
                                    "y": 0.2
                                }
                            ]
                        },
                        {
                            "name": "xg01111",
                            "translateFrame": [
                                {
                                    "duration": 25,
                                    "tweenEasing": 0,
                                    "x": -19.16,
                                    "y": -26.43
                                },
                                {
                                    "duration": 0,
                                    "x": -107.67,
                                    "y": -1.43
                                }
                            ],
                            "scaleFrame": [
                                {
                                    "duration": 10,
                                    "tweenEasing": 0,
                                    "x": 2,
                                    "y": 2
                                },
                                {
                                    "duration": 15,
                                    "tweenEasing": 0,
                                    "x": 3,
                                    "y": 3
                                },
                                {
                                    "duration": 0
                                }
                            ]
                        },
                        {
                            "name": "DY",
                            "translateFrame": [
                                {
                                    "duration": 25,
                                    "tweenEasing": 0,
                                    "x": -27
                                },
                                {
                                    "duration": 0,
                                    "x": -70
                                }
                            ],
                            "scaleFrame": [
                                {
                                    "duration": 25,
                                    "tweenEasing": 0,
                                    "x": 4.1,
                                    "y": 3.4
                                },
                                {
                                    "duration": 0,
                                    "x": 8.15,
                                    "y": 5.6
                                }
                            ]
                        },
                        {
                            "name": "xg1-1",
                            "translateFrame": [
                                {
                                    "duration": 25,
                                    "tweenEasing": 0,
                                    "x": -34.16,
                                    "y": 10.57
                                },
                                {
                                    "duration": 0,
                                    "x": -144.67,
                                    "y": -1.43
                                }
                            ],
                            "scaleFrame": [
                                {
                                    "duration": 10,
                                    "tweenEasing": 0,
                                    "x": 3,
                                    "y": 3
                                },
                                {
                                    "duration": 15,
                                    "tweenEasing": 0,
                                    "x": 4,
                                    "y": 4
                                },
                                {
                                    "duration": 0
                                }
                            ]
                        }
                    ],
                    "slot": [
                        {
                            "name": "bone",
                            "displayFrame": [
                                {
                                    "duration": 3
                                },
                                {
                                    "duration": 3,
                                    "value": 1
                                },
                                {
                                    "duration": 3,
                                    "value": 2
                                },
                                {
                                    "duration": 3,
                                    "value": 3
                                },
                                {
                                    "duration": 3,
                                    "value": 4
                                },
                                {
                                    "duration": 10,
                                    "value": 5
                                }
                            ],
                            "colorFrame": [
                                {
                                    "duration": 13
                                },
                                {
                                    "duration": 3,
                                    "tweenEasing": 0
                                },
                                {
                                    "duration": 9,
                                    "value": {
                                        "aM": 0
                                    }
                                }
                            ]
                        },
                        {
                            "name": "bone1",
                            "displayFrame": [
                                {
                                    "duration": 2,
                                    "value": 5
                                },
                                {
                                    "duration": 3
                                },
                                {
                                    "duration": 3,
                                    "value": 1
                                },
                                {
                                    "duration": 3,
                                    "value": 2
                                },
                                {
                                    "duration": 3,
                                    "value": 3
                                },
                                {
                                    "duration": 11,
                                    "value": 5
                                }
                            ],
                            "colorFrame": [
                                {
                                    "duration": 11
                                },
                                {
                                    "duration": 4,
                                    "tweenEasing": 0
                                },
                                {
                                    "duration": 10,
                                    "value": {
                                        "aM": 0
                                    }
                                }
                            ]
                        },
                        {
                            "name": "bone11",
                            "displayFrame": [
                                {
                                    "duration": 7,
                                    "value": 5
                                },
                                {
                                    "duration": 3,
                                    "value": 4
                                },
                                {
                                    "duration": 3,
                                    "value": 3
                                },
                                {
                                    "duration": 3,
                                    "value": 2
                                },
                                {
                                    "duration": 9,
                                    "value": 1
                                }
                            ],
                            "colorFrame": [
                                {
                                    "duration": 13
                                },
                                {
                                    "duration": 4,
                                    "tweenEasing": 0
                                },
                                {
                                    "duration": 8,
                                    "value": {
                                        "aM": 0
                                    }
                                }
                            ]
                        },
                        {
                            "name": "bone12",
                            "displayFrame": [
                                {
                                    "duration": 7,
                                    "value": 5
                                },
                                {
                                    "duration": 3
                                },
                                {
                                    "duration": 3,
                                    "value": 1
                                },
                                {
                                    "duration": 3,
                                    "value": 2
                                },
                                {
                                    "duration": 3,
                                    "value": 3
                                },
                                {
                                    "duration": 6,
                                    "value": 5
                                }
                            ],
                            "colorFrame": [
                                {
                                    "duration": 16
                                },
                                {
                                    "duration": 4,
                                    "tweenEasing": 0
                                },
                                {
                                    "duration": 5,
                                    "value": {
                                        "aM": 0
                                    }
                                }
                            ]
                        },
                        {
                            "name": "bone121",
                            "displayFrame": [
                                {
                                    "duration": 4,
                                    "value": 5
                                },
                                {
                                    "duration": 3
                                },
                                {
                                    "duration": 3,
                                    "value": 1
                                },
                                {
                                    "duration": 3,
                                    "value": 2
                                },
                                {
                                    "duration": 3,
                                    "value": 3
                                },
                                {
                                    "duration": 9,
                                    "value": 5
                                }
                            ],
                            "colorFrame": [
                                {
                                    "duration": 13
                                },
                                {
                                    "duration": 4,
                                    "tweenEasing": 0
                                },
                                {
                                    "duration": 8,
                                    "value": {
                                        "aM": 0
                                    }
                                }
                            ]
                        },
                        {
                            "name": "xg",
                            "colorFrame": [
                                {
                                    "duration": 10,
                                    "tweenEasing": 0
                                },
                                {
                                    "duration": 15,
                                    "value": {
                                        "aM": 0
                                    }
                                }
                            ]
                        },
                        {
                            "name": "xg1",
                            "colorFrame": [
                                {
                                    "duration": 7
                                },
                                {
                                    "duration": 10,
                                    "tweenEasing": 0
                                },
                                {
                                    "duration": 8,
                                    "value": {
                                        "aM": 0
                                    }
                                }
                            ]
                        },
                        {
                            "name": "xg11",
                            "colorFrame": [
                                {
                                    "duration": 10
                                },
                                {
                                    "duration": 10,
                                    "tweenEasing": 0
                                },
                                {
                                    "duration": 5,
                                    "value": {
                                        "aM": 0
                                    }
                                }
                            ]
                        },
                        {
                            "name": "xg2",
                            "colorFrame": [
                                {
                                    "duration": 14,
                                    "tweenEasing": 0
                                },
                                {
                                    "duration": 11,
                                    "value": {
                                        "aM": 0
                                    }
                                }
                            ]
                        },
                        {
                            "name": "xg12",
                            "colorFrame": [
                                {
                                    "duration": 7
                                },
                                {
                                    "duration": 15,
                                    "tweenEasing": 0
                                },
                                {
                                    "duration": 3,
                                    "value": {
                                        "aM": 0
                                    }
                                }
                            ]
                        },
                        {
                            "name": "xg111",
                            "colorFrame": [
                                {
                                    "duration": 10
                                },
                                {
                                    "duration": 15,
                                    "tweenEasing": 0
                                },
                                {
                                    "duration": 0,
                                    "value": {
                                        "aM": 0
                                    }
                                }
                            ]
                        },
                        {
                            "name": "xg121",
                            "colorFrame": [
                                {
                                    "duration": 9
                                },
                                {
                                    "duration": 16,
                                    "tweenEasing": 0
                                },
                                {
                                    "duration": 0,
                                    "value": {
                                        "aM": 0
                                    }
                                }
                            ]
                        },
                        {
                            "name": "xg1111",
                            "colorFrame": [
                                {
                                    "duration": 10,
                                    "tweenEasing": 0,
                                    "value": {
                                        "aM": 20
                                    }
                                },
                                {
                                    "duration": 15,
                                    "tweenEasing": 0,
                                    "value": {
                                        "aM": 30
                                    }
                                },
                                {
                                    "duration": 0,
                                    "value": {
                                        "aM": 0
                                    }
                                }
                            ]
                        },
                        {
                            "name": "DIYUN",
                            "colorFrame": [
                                {
                                    "duration": 13,
                                    "tweenEasing": 0,
                                    "value": {
                                        "aM": 75
                                    }
                                },
                                {
                                    "duration": 12,
                                    "tweenEasing": 0,
                                    "value": {
                                        "aM": 60
                                    }
                                },
                                {
                                    "duration": 0,
                                    "value": {
                                        "aM": 0
                                    }
                                }
                            ]
                        },
                        {
                            "name": "bone2",
                            "displayFrame": [
                                {
                                    "duration": 3
                                },
                                {
                                    "duration": 3,
                                    "value": 1
                                },
                                {
                                    "duration": 3,
                                    "value": 2
                                },
                                {
                                    "duration": 3,
                                    "value": 3
                                },
                                {
                                    "duration": 3,
                                    "value": 4
                                },
                                {
                                    "duration": 10,
                                    "value": 5
                                }
                            ],
                            "colorFrame": [
                                {
                                    "duration": 16,
                                    "tweenEasing": 0,
                                    "value": {
                                        "aM": 50
                                    }
                                },
                                {
                                    "duration": 9,
                                    "value": {
                                        "aM": 0
                                    }
                                }
                            ]
                        },
                        {
                            "name": "bone13",
                            "displayFrame": [
                                {
                                    "duration": 2,
                                    "value": 5
                                },
                                {
                                    "duration": 3
                                },
                                {
                                    "duration": 3,
                                    "value": 1
                                },
                                {
                                    "duration": 3,
                                    "value": 2
                                },
                                {
                                    "duration": 3,
                                    "value": 3
                                },
                                {
                                    "duration": 11,
                                    "value": 5
                                }
                            ],
                            "colorFrame": [
                                {
                                    "duration": 11,
                                    "tweenEasing": 0,
                                    "value": {
                                        "aM": 50
                                    }
                                },
                                {
                                    "duration": 4,
                                    "tweenEasing": 0,
                                    "value": {
                                        "aM": 50
                                    }
                                },
                                {
                                    "duration": 10,
                                    "value": {
                                        "aM": 0
                                    }
                                }
                            ]
                        },
                        {
                            "name": "xg11111",
                            "colorFrame": [
                                {
                                    "duration": 10,
                                    "tweenEasing": 0,
                                    "value": {
                                        "aM": 20
                                    }
                                },
                                {
                                    "duration": 15,
                                    "tweenEasing": 0,
                                    "value": {
                                        "aM": 30
                                    }
                                },
                                {
                                    "duration": 0,
                                    "value": {
                                        "aM": 0
                                    }
                                }
                            ]
                        }
                    ]
                }
            ],
            "defaultActions": [
                {
                    "gotoAndPlay": "newAnimation"
                }
            ]
        }
    ]
}