{"frameRate":30,"name":"zhadanjh","version":"5.5","compatibleVersion":"5.5","armature":[{"type":"Armature","frameRate":30,"name":"zhadanjh","aabb":{"x":-64,"y":-77.85,"width":128,"height":141.85},"bone":[{"name":"root"},{"name":"sf","parent":"root"},{"name":"lz00","parent":"sf","transform":{"y":-31.9363}},{"name":"lz0","parent":"sf","transform":{"y":-32.6413,"skX":-60,"skY":-60}},{"name":"dy","parent":"sf","transform":{"y":-29.3514}},{"name":"bao","parent":"sf","transform":{"y":-29.3514}},{"name":"zd","parent":"sf"},{"name":"guang","parent":"sf","transform":{"y":-31.2313}},{"name":"LZ3","parent":"lz00"},{"name":"LZ6","parent":"lz0"},{"name":"LZ","parent":"lz00"},{"name":"LZ2","parent":"lz00"},{"name":"LZ5","parent":"lz0"},{"name":"LZ4","parent":"lz0"}],"slot":[{"name":"zd","parent":"zd"},{"blendMode":"add","name":"dy","parent":"dy"},{"blendMode":"add","name":"hhua","parent":"guang"},{"blendMode":"add","name":"hhua2","parent":"LZ"},{"blendMode":"add","name":"hhua5","parent":"LZ4"},{"blendMode":"add","name":"hhua3","parent":"LZ2"},{"blendMode":"add","name":"hhua6","parent":"LZ5"},{"blendMode":"add","name":"hhua4","parent":"LZ3"},{"blendMode":"add","name":"hhua7","parent":"LZ6"},{"blendMode":"add","name":"bao","parent":"bao"}],"skin":[{"slot":[{"name":"hhua4","display":[{"name":"hhua"}]},{"name":"hhua6","display":[{"name":"hhua"}]},{"name":"zd","display":[{"name":"zd","path":"sd0"}]},{"name":"hhua3","display":[{"name":"hhua"}]},{"name":"hhua5","display":[{"name":"hhua"}]},{"name":"dy","display":[{"name":"dy"}]},{"name":"hhua2","display":[{"name":"hhua"}]},{"name":"bao","display":[{"name":"bao"}]},{"name":"hhua","display":[{"name":"hhua"}]},{"name":"hhua7","display":[{"name":"hhua"}]}]}],"animation":[{"duration":11,"name":"animation","bone":[{"name":"bao","scaleFrame":[{"duration":2,"tweenEasing":0},{"duration":2,"tweenEasing":0,"x":1.5,"y":1.5},{"duration":4,"tweenEasing":0},{"duration":3,"x":1.6,"y":1.6}]},{"name":"LZ","translateFrame":[{"duration":6,"tweenEasing":0,"y":-31},{"duration":5,"y":-69.45}],"scaleFrame":[{"duration":6,"tweenEasing":0,"x":1.2,"y":1.5},{"duration":5,"x":0,"y":0}]},{"name":"LZ2","translateFrame":[{"duration":2,"tweenEasing":0},{"duration":6,"tweenEasing":0,"x":-15.48,"y":-14.18},{"duration":3,"x":-50.85,"y":-36.91}],"rotateFrame":[{"duration":2,"tweenEasing":0},{"duration":9,"rotate":-60}],"scaleFrame":[{"duration":2,"tweenEasing":0},{"duration":6,"tweenEasing":0,"x":0.8,"y":1.26},{"duration":3,"x":0,"y":0}]},{"name":"LZ3","translateFrame":[{"duration":4,"tweenEasing":0},{"duration":6,"tweenEasing":0,"x":-2.82,"y":10.88},{"x":-19.2,"y":40.67}],"rotateFrame":[{"duration":4,"tweenEasing":0},{"duration":7,"rotate":-151.2}],"scaleFrame":[{"duration":4,"tweenEasing":0},{"duration":6,"tweenEasing":0,"x":1.1,"y":1.7},{"x":0,"y":0}]},{"name":"LZ4","translateFrame":[{"duration":6,"tweenEasing":0,"y":-31},{"duration":5,"y":-69.45}],"scaleFrame":[{"duration":6,"tweenEasing":0,"x":1.2,"y":1.5},{"duration":5,"x":0,"y":0}]},{"name":"LZ5","translateFrame":[{"duration":2,"tweenEasing":0},{"duration":6,"tweenEasing":0,"x":-15.48,"y":-14.18},{"duration":3,"x":-50.85,"y":-36.91}],"rotateFrame":[{"duration":2,"tweenEasing":0},{"duration":9,"rotate":-60}],"scaleFrame":[{"duration":2,"tweenEasing":0},{"duration":6,"tweenEasing":0,"x":0.8,"y":1.26},{"duration":3,"x":0,"y":0}]},{"name":"LZ6","translateFrame":[{"duration":4,"tweenEasing":0},{"duration":6,"tweenEasing":0,"x":-2.82,"y":10.88},{"x":-19.2,"y":40.67}],"rotateFrame":[{"duration":4,"tweenEasing":0},{"duration":7,"rotate":-151.2}],"scaleFrame":[{"duration":4,"tweenEasing":0},{"duration":6,"tweenEasing":0,"x":1.1,"y":1.7},{"x":0,"y":0}]},{"name":"dy","scaleFrame":[{"duration":11,"x":2,"y":2}]},{"name":"sf","scaleFrame":[{"duration":5,"tweenEasing":0},{"duration":6,"tweenEasing":0,"x":1.2,"y":1.2},{"duration":0}]}],"slot":[{"name":"bao","colorFrame":[{"duration":2,"tweenEasing":0},{"duration":2,"tweenEasing":0,"value":{"aM":0}},{"duration":2,"tweenEasing":0},{"duration":2,"tweenEasing":0,"value":{"aM":0}},{"duration":3,"tweenEasing":0},{"duration":0,"value":{"aM":0}}]},{"name":"dy","colorFrame":[{"duration":3,"tweenEasing":0,"value":{"aM":74}},{"duration":3,"tweenEasing":0,"value":{"aM":0}},{"duration":3,"tweenEasing":0},{"duration":2,"tweenEasing":0,"value":{"aM":0}},{"duration":0,"value":{"aM":74}}]},{"name":"hhua3","displayFrame":[{"duration":2,"value":-1},{"duration":9}]},{"name":"hhua4","displayFrame":[{"duration":4,"value":-1},{"duration":7}]},{"name":"hhua6","displayFrame":[{"duration":2,"value":-1},{"duration":9}]},{"name":"hhua7","displayFrame":[{"duration":4,"value":-1},{"duration":7}]}]}],"defaultActions":[{"gotoAndPlay":"animation"}]}]}