{"frameRate":30,"name":"zhadanbaozha","version":"5.5","compatibleVersion":"5.5","armature":[{"type":"Armature","frameRate":30,"name":"zhadanbaozha","aabb":{"x":-140,"y":-154,"width":280,"height":308},"bone":[{"name":"root"},{"name":"LZ_B","parent":"root"},{"name":"dyun","parent":"root","transform":{"scX":2,"scY":2}},{"name":"quan","parent":"root"},{"name":"diyun3","parent":"root"},{"name":"dyun2","parent":"root","transform":{"scX":1.3,"scY":1.3}},{"name":"lz","parent":"root","transform":{"scX":2,"scY":2}},{"name":"xulie","parent":"root","transform":{"scX":2,"scY":2}},{"name":"zhakaixian","parent":"root"},{"name":"LZ_B4","parent":"LZ_B"},{"name":"lz5","parent":"lz"},{"name":"lz8","parent":"lz"},{"name":"lz6","parent":"lz"},{"name":"lz3","parent":"lz"},{"name":"lz2","parent":"lz"},{"name":"LZ_B3","parent":"LZ_B"},{"name":"LZ_B2","parent":"LZ_B"},{"name":"lz4","parent":"lz"},{"name":"LZ_B1","parent":"LZ_B","transform":{"skX":30,"skY":30,"scX":-1}},{"name":"quan1","parent":"quan"},{"name":"lz7","parent":"lz"},{"name":"lz9","parent":"lz"},{"name":"sx","parent":"zhakaixian","transform":{"scX":0.7,"scY":0.7}},{"name":"LZ_B42","parent":"zhakaixian","transform":{"scX":0.7,"scY":0.7}},{"name":"sx1","parent":"zhakaixian"},{"name":"sx11","parent":"zhakaixian","transform":{"scX":0.6,"scY":0.6}},{"name":"LZ_B421","parent":"zhakaixian","transform":{"scX":0.7,"scY":0.7}},{"name":"LZ_B41","parent":"LZ_B1"},{"name":"LZ_B21","parent":"LZ_B1"},{"name":"LZ_B31","parent":"LZ_B1"}],"slot":[{"name":"yq_00","parent":"diyun3"},{"name":"diyun_00","parent":"dyun","color":{"aM":85}},{"blendMode":"add","name":"dt_00","parent":"dyun2"},{"name":"yuanquan_01","parent":"quan"},{"blendMode":"add","name":"yuanquan_1","parent":"quan"},{"blendMode":"add","name":"xin","parent":"lz2"},{"blendMode":"add","name":"xin7","parent":"lz8"},{"blendMode":"add","name":"xin8","parent":"lz9"},{"blendMode":"add","name":"xin3","parent":"lz4"},{"blendMode":"add","name":"xin5","parent":"lz6"},{"blendMode":"add","name":"xin6","parent":"lz7"},{"blendMode":"add","name":"xin4","parent":"lz5"},{"blendMode":"add","name":"xin2","parent":"lz3"},{"blendMode":"add","displayIndex":4,"name":"xulie","parent":"xulie"},{"blendMode":"add","name":"js","parent":"LZ_B2"},{"blendMode":"add","name":"js2","parent":"LZ_B3"},{"blendMode":"add","name":"js3","parent":"LZ_B4"},{"blendMode":"add","name":"js1","parent":"LZ_B21"},{"blendMode":"add","name":"js21","parent":"LZ_B31"},{"blendMode":"add","name":"js31","parent":"LZ_B41"},{"blendMode":"add","name":"yuanquan_11","parent":"quan1"},{"blendMode":"add","name":"sx","parent":"sx"},{"blendMode":"add","name":"sx1","parent":"sx1"},{"blendMode":"add","name":"js32","parent":"LZ_B42"},{"blendMode":"add","name":"sx11","parent":"sx11"},{"blendMode":"add","name":"js321","parent":"LZ_B421"}],"skin":[{"slot":[{"name":"xin6","display":[{"name":"xin","path":"xin01"}]},{"name":"xin3","display":[{"name":"xin","path":"xin01"}]},{"name":"dt_00","display":[{"name":"dt_00"}]},{"name":"js21","display":[{"name":"js"}]},{"name":"sx11","display":[{"name":"sx"}]},{"name":"sx1","display":[{"name":"sx"}]},{"name":"yuanquan_1","display":[{"name":"yuanquan_01"}]},{"name":"xin","display":[{"name":"xin","path":"xin01"}]},{"name":"js3","display":[{"name":"js"}]},{"name":"xin5","display":[{"name":"xin","path":"xin01"}]},{"name":"xin2","display":[{"name":"xin","path":"xin01"}]},{"name":"yq_00","display":[{"name":"yq_00"}]},{"name":"yuanquan_11","display":[{"name":"yuanquan_01","path":"yuanquan02_00"}]},{"name":"xin7","display":[{"name":"xin","path":"xin01"}]},{"name":"js2","display":[{"name":"js"}]},{"name":"xin4","display":[{"name":"xin","path":"xin01"}]},{"name":"yuanquan_01","display":[{"name":"yuanquan_01"}]},{"name":"diyun_00","display":[{"name":"diyun_00"}]},{"name":"js31","display":[{"name":"js"}]},{"name":"sx","display":[{"name":"sx"}]},{"name":"xin8","display":[{"name":"xin","path":"xin01"}]},{"name":"js","display":[{"name":"js"}]},{"name":"js321","display":[{"name":"js"}]},{"name":"js32","display":[{"name":"js"}]},{"name":"xulie","display":[{"name":"bao_04"},{"name":"bao_03"},{"name":"bao_02"},{"name":"bao_01"},{"name":"bao_00"}]},{"name":"js1","display":[{"name":"js"}]}]}],"animation":[{"duration":33,"name":"animation","bone":[{"name":"xulie","translateFrame":[{"duration":33,"x":9.75,"y":-13.64}]},{"name":"dyun","scaleFrame":[{"duration":33,"x":3,"y":3}]},{"name":"dyun2","scaleFrame":[{"duration":11,"tweenEasing":0,"x":1.3,"y":1.3},{"duration":22,"x":1.7,"y":1.7}]},{"name":"quan","rotateFrame":[{"duration":6,"tweenEasing":0},{"duration":15,"tweenEasing":0},{"duration":12,"rotate":90}],"scaleFrame":[{"duration":6,"tweenEasing":0},{"duration":3,"tweenEasing":0,"x":0.6,"y":0.6},{"duration":2,"tweenEasing":0,"x":1.5,"y":1.5},{"duration":10,"tweenEasing":0,"x":2.8,"y":2.8},{"duration":12,"x":3.7,"y":3.7}]},{"name":"diyun3","rotateFrame":[{"duration":9,"tweenEasing":0},{"duration":11,"tweenEasing":0},{"duration":13,"rotate":-60}],"scaleFrame":[{"duration":9,"tweenEasing":0},{"duration":11,"tweenEasing":0,"x":0.8,"y":0.8},{"duration":13,"x":2,"y":2}]},{"name":"lz2","translateFrame":[{"duration":12,"tweenEasing":0},{"duration":18,"tweenEasing":0,"x":16.75,"y":9.84},{"duration":3,"x":28.83,"y":23.25}],"scaleFrame":[{"duration":12,"tweenEasing":0},{"duration":18,"tweenEasing":0},{"duration":3,"x":0,"y":0}]},{"name":"lz3","translateFrame":[{"duration":10,"tweenEasing":0},{"duration":20,"tweenEasing":0,"x":12.85,"y":-7.26},{"duration":3,"x":47.88,"y":-39.9}],"rotateFrame":[{"duration":10,"tweenEasing":0},{"duration":23,"rotate":-43.2}],"scaleFrame":[{"duration":10,"tweenEasing":0},{"duration":20,"tweenEasing":0,"x":0.8,"y":0.8},{"duration":3,"x":0,"y":0}]},{"name":"lz4","translateFrame":[{"duration":12,"tweenEasing":0},{"duration":14,"tweenEasing":0,"x":-11.17,"y":0.8},{"duration":7,"x":-35.91,"y":-27.13}],"rotateFrame":[{"duration":12,"tweenEasing":0},{"duration":21,"rotate":32.4}],"scaleFrame":[{"duration":12,"tweenEasing":0},{"duration":14,"tweenEasing":0,"x":0.5,"y":0.5},{"duration":7,"x":0,"y":0}]},{"name":"lz5","translateFrame":[{"duration":12,"tweenEasing":0},{"duration":14,"tweenEasing":0,"x":-2.39,"y":22.34},{"duration":7,"x":3.19,"y":45.49}],"rotateFrame":[{"duration":12,"tweenEasing":0},{"duration":21,"rotate":32.4}],"scaleFrame":[{"duration":12,"tweenEasing":0},{"duration":14,"tweenEasing":0,"x":0.5,"y":0.5},{"duration":7,"x":0,"y":0}]},{"name":"lz6","translateFrame":[{"duration":16,"tweenEasing":0},{"duration":14,"tweenEasing":0,"x":-3.99,"y":0.8},{"duration":3,"x":-27.72,"y":-20.75}],"rotateFrame":[{"duration":16,"tweenEasing":0},{"duration":17,"rotate":32.4}],"scaleFrame":[{"duration":16,"tweenEasing":0},{"duration":14,"tweenEasing":0,"x":0.5,"y":0.5},{"duration":3,"x":0,"y":0}]},{"name":"lz7","translateFrame":[{"duration":16,"tweenEasing":0},{"duration":14,"tweenEasing":0,"x":19.1,"y":-1.44},{"duration":3,"x":28.9,"y":12.03}],"rotateFrame":[{"duration":16,"tweenEasing":0},{"duration":17,"rotate":32.4}],"scaleFrame":[{"duration":16,"tweenEasing":0},{"duration":14,"tweenEasing":0,"x":0.5,"y":0.5},{"duration":3,"x":0,"y":0}]},{"name":"lz8","translateFrame":[{"duration":13,"tweenEasing":0},{"duration":18,"tweenEasing":0,"x":-6.97,"y":2.88},{"duration":2,"x":-22.57,"y":17.29}],"scaleFrame":[{"duration":13,"tweenEasing":0},{"duration":18,"tweenEasing":0},{"duration":2,"x":0,"y":0}]},{"name":"lz9","translateFrame":[{"duration":14,"tweenEasing":0},{"duration":18,"tweenEasing":0,"x":-1.76,"y":-12.76},{"x":1.27,"y":-23.69}],"scaleFrame":[{"duration":14,"tweenEasing":0},{"duration":18,"tweenEasing":0,"x":0.7,"y":0.7},{"x":0,"y":0}]},{"name":"LZ_B2","translateFrame":[{"duration":2,"tweenEasing":0,"x":-141.99},{"duration":31,"x":-88.93,"y":7.69}],"rotateFrame":[{"duration":33,"rotate":13.48}],"scaleFrame":[{"duration":2,"tweenEasing":0,"x":2,"y":0.5},{"duration":2,"tweenEasing":0,"x":8.7,"y":0.81},{"duration":29,"x":1.5,"y":0.68}]},{"name":"LZ_B3","translateFrame":[{"duration":2,"tweenEasing":0,"x":-111.42,"y":170.17},{"duration":2,"tweenEasing":0,"x":-49.09,"y":86.36},{"duration":29,"x":-10.51,"y":35.75}],"rotateFrame":[{"duration":33,"rotate":-58}],"scaleFrame":[{"duration":2,"tweenEasing":0,"x":2.65},{"duration":2,"tweenEasing":0,"x":9.53,"y":1.01},{"duration":29,"x":2,"y":0.48}]},{"name":"LZ_B4","translateFrame":[{"duration":2,"tweenEasing":0,"x":104.28,"y":-93.53},{"duration":31,"x":35.82,"y":-22}],"rotateFrame":[{"duration":33,"rotate":133.4}],"scaleFrame":[{"duration":2,"tweenEasing":0,"x":2.2},{"duration":2,"tweenEasing":0,"x":7.4,"y":1.2},{"duration":29,"x":2,"y":0.46}]},{"name":"LZ_B41","translateFrame":[{"duration":3,"tweenEasing":0,"x":104.28,"y":-93.53},{"duration":30,"x":35.82,"y":-22}],"rotateFrame":[{"duration":33,"rotate":133.4}],"scaleFrame":[{"duration":3,"tweenEasing":0,"x":2.2},{"duration":3,"tweenEasing":0,"x":7.4,"y":1.2},{"duration":27,"x":2,"y":0.46}]},{"name":"LZ_B21","translateFrame":[{"duration":3,"tweenEasing":0,"x":-150.47,"y":26.96},{"duration":30,"x":-59.65,"y":13.39}],"rotateFrame":[{"duration":33,"rotate":-16.52}],"scaleFrame":[{"duration":3,"tweenEasing":0,"x":2,"y":0.5},{"duration":2,"tweenEasing":0,"x":8.7,"y":0.81},{"duration":28,"x":1.5,"y":0.68}]},{"name":"LZ_B31","translateFrame":[{"duration":2,"tweenEasing":0,"x":-87.91,"y":129.47},{"duration":3,"tweenEasing":0,"x":-54.98,"y":82.96},{"duration":28,"x":-26.88,"y":34.29}],"rotateFrame":[{"duration":33,"rotate":-58}],"scaleFrame":[{"duration":2,"tweenEasing":0,"x":2.65},{"duration":3,"tweenEasing":0,"x":6,"y":1.01},{"duration":28,"x":2,"y":0.48}]},{"name":"quan1","rotateFrame":[{"duration":4,"tweenEasing":0},{"duration":15,"tweenEasing":0},{"duration":14,"rotate":90}],"scaleFrame":[{"duration":4,"tweenEasing":0},{"duration":15,"tweenEasing":0,"x":0.6,"y":0.6},{"duration":14,"x":1.4,"y":1.4}]},{"name":"sx","translateFrame":[{"duration":10},{"duration":3,"tweenEasing":0,"y":-171.02},{"duration":4,"tweenEasing":0,"y":-206.94},{"duration":16,"y":-206.52}],"rotateFrame":[{"duration":10},{"duration":23,"rotate":179}],"scaleFrame":[{"duration":10},{"duration":2,"tweenEasing":0,"x":2,"y":6.13},{"duration":5,"tweenEasing":0,"x":2,"y":4.98},{"duration":16,"x":2,"y":3.85}]},{"name":"sx1","translateFrame":[{"duration":10},{"duration":2,"tweenEasing":0,"x":-163.65,"y":15.05},{"duration":3,"tweenEasing":0,"x":-192.74,"y":15.05},{"duration":18,"x":-206.06,"y":15.05}],"rotateFrame":[{"duration":10},{"duration":23,"rotate":90}],"scaleFrame":[{"duration":10},{"duration":2,"tweenEasing":0,"x":2,"y":3.85},{"duration":3,"tweenEasing":0,"x":2,"y":4},{"duration":18,"x":2,"y":1.55}]},{"name":"LZ_B42","translateFrame":[{"duration":12},{"duration":3,"tweenEasing":0,"x":35.82,"y":-22},{"duration":3,"tweenEasing":0,"x":104.28,"y":-93.53},{"duration":15,"x":167.92,"y":-163.22}],"rotateFrame":[{"duration":12},{"duration":21,"rotate":-50}],"scaleFrame":[{"duration":12},{"duration":3,"tweenEasing":0,"x":2.2},{"duration":3,"tweenEasing":0,"x":7.4,"y":1.2},{"duration":15,"x":2,"y":0.46}]},{"name":"sx11","translateFrame":[{"duration":14},{"duration":2,"tweenEasing":0,"x":120.02,"y":98.75},{"duration":5,"tweenEasing":0,"x":182.07,"y":145.31},{"duration":12,"x":204.11,"y":164.33}],"rotateFrame":[{"duration":14},{"duration":19,"rotate":-56}],"scaleFrame":[{"duration":14},{"duration":2,"tweenEasing":0,"x":2,"y":4},{"duration":5,"tweenEasing":0,"x":2,"y":5},{"duration":12,"x":2,"y":1.55}]},{"name":"LZ_B421","translateFrame":[{"duration":13},{"tweenEasing":0,"x":-12.39,"y":49.39},{"duration":2,"tweenEasing":0,"x":-37.54,"y":136.37},{"duration":5,"tweenEasing":0,"x":-45.94,"y":154.85},{"duration":12,"x":-66.53,"y":203.66}],"rotateFrame":[{"duration":13},{"duration":20,"rotate":106}],"scaleFrame":[{"duration":12},{"tweenEasing":0,"x":0.01},{"duration":3,"tweenEasing":0,"x":6.15},{"duration":5,"tweenEasing":0,"x":10,"y":1.2},{"duration":12,"x":2,"y":0.46}]}],"slot":[{"name":"diyun_00","colorFrame":[{"duration":15,"tweenEasing":0,"value":{"aM":20}},{"duration":18,"tweenEasing":0,"value":{"aM":20}},{"duration":0,"value":{"aM":0}}]},{"name":"dt_00","colorFrame":[{"duration":8,"tweenEasing":0,"value":{"aM":60}},{"duration":3,"tweenEasing":0,"value":{"aM":60}},{"duration":22,"value":{"aM":0}}]},{"name":"js","colorFrame":[{"duration":4,"tweenEasing":0,"value":{"aM":50}},{"duration":29,"value":{"aM":0}}]},{"name":"js2","displayFrame":[{"duration":22},{"duration":11,"value":-1}],"colorFrame":[{"duration":4,"tweenEasing":0,"value":{"aM":50}},{"duration":29,"value":{"aM":0}}]},{"name":"js3","colorFrame":[{"duration":4,"tweenEasing":0,"value":{"aM":50}},{"duration":29,"value":{"aM":0}}]},{"name":"xin","displayFrame":[{"duration":12,"value":-1},{"duration":21}]},{"name":"xin2","displayFrame":[{"duration":10,"value":-1},{"duration":23}]},{"name":"xin3","displayFrame":[{"duration":12,"value":-1},{"duration":21}]},{"name":"xin4","displayFrame":[{"duration":12,"value":-1},{"duration":21}]},{"name":"xin5","displayFrame":[{"duration":16,"value":-1},{"duration":17}]},{"name":"xin6","displayFrame":[{"duration":16,"value":-1},{"duration":17}]},{"name":"xin7","displayFrame":[{"duration":13,"value":-1},{"duration":20}]},{"name":"xin8","displayFrame":[{"duration":14,"value":-1},{"duration":19}]},{"name":"yq_00","colorFrame":[{"duration":8,"value":{"aM":0}},{"tweenEasing":0,"value":{"aM":0}},{"duration":3},{"duration":8,"tweenEasing":0},{"duration":13,"value":{"aM":0}}]},{"name":"yuanquan_01","displayFrame":[{"duration":6,"value":-1},{"duration":27}],"colorFrame":[{"duration":5,"tweenEasing":0,"value":{"aM":0}},{"tweenEasing":0,"value":{"aM":0}},{"duration":6,"tweenEasing":0,"value":{"aM":56}},{"duration":9,"tweenEasing":0,"value":{"aM":40}},{"duration":12,"value":{"aM":0}}]},{"name":"yuanquan_1","colorFrame":[{"duration":5,"value":{"aM":0}},{"tweenEasing":0,"value":{"aM":0}},{"duration":10,"value":{"aM":40}},{"duration":2,"tweenEasing":0,"value":{"aM":50}},{"duration":3,"tweenEasing":0,"value":{"aM":31}},{"duration":12,"value":{"aM":0}}]},{"name":"js1","colorFrame":[{"duration":5,"tweenEasing":0,"value":{"aM":50}},{"duration":28,"value":{"aM":0}}]},{"name":"js21","displayFrame":[{"duration":22},{"duration":11,"value":-1}],"colorFrame":[{"duration":6,"tweenEasing":0,"value":{"aM":50}},{"duration":27,"value":{"aM":0}}]},{"name":"js31","colorFrame":[{"duration":6,"tweenEasing":0,"value":{"aM":50}},{"duration":27,"value":{"aM":0}}]},{"name":"xulie","displayFrame":[{"duration":6,"value":-1},{"duration":2,"value":4},{"duration":2,"value":3},{"duration":2,"value":2},{"duration":2,"value":1},{"duration":2},{"duration":17,"value":-1}],"colorFrame":[{"duration":6},{"duration":2,"tweenEasing":0,"value":{"aM":60}},{"duration":25,"value":{"aM":40}}]},{"name":"yuanquan_11","colorFrame":[{"duration":5,"value":{"aM":0}},{"tweenEasing":0,"value":{"aM":0}},{"duration":6},{"duration":3,"tweenEasing":0,"value":{"aM":80}},{"duration":5,"tweenEasing":0,"value":{"aM":62}},{"duration":13,"value":{"aM":0}}]},{"name":"sx","colorFrame":[{"duration":9,"tweenEasing":0,"value":{"aM":0}},{"tweenEasing":0,"value":{"aM":0}},{"duration":2,"tweenEasing":0,"value":{"aM":44}},{"duration":5,"tweenEasing":0,"value":{"aM":60}},{"duration":16,"value":{"aM":0}}]},{"name":"sx1","colorFrame":[{"duration":9,"tweenEasing":0,"value":{"aM":0}},{"tweenEasing":0,"value":{"aM":0}},{"duration":5,"tweenEasing":0,"value":{"aM":60}},{"duration":18,"value":{"aM":0}}]},{"name":"js32","colorFrame":[{"duration":12},{"duration":6,"tweenEasing":0},{"duration":15,"value":{"aM":0}}]},{"name":"sx11","colorFrame":[{"duration":13,"tweenEasing":0,"value":{"aM":0}},{"tweenEasing":0,"value":{"aM":0}},{"duration":7,"tweenEasing":0,"value":{"aM":50}},{"duration":12,"value":{"aM":0}}]},{"name":"js321","colorFrame":[{"duration":16},{"duration":5,"tweenEasing":0},{"duration":12,"value":{"aM":0}}]}],"zOrder":{"frame":[{"duration":33}]}}],"defaultActions":[{"gotoAndPlay":"animation"}]}]}