{"imagePath":"zhadanbaozha_tex.png","width":512,"height":512,"name":"zhadanbaozha","SubTexture":[{"width":80,"y":86,"height":79,"name":"yq_00","x":366},{"width":80,"y":1,"height":83,"name":"diyun_00","x":326},{"width":180,"y":1,"height":160,"name":"dt_00","x":1},{"width":138,"y":165,"height":139,"name":"yuanquan_01","x":134},{"width":33,"y":1,"height":28,"name":"xin01","x":408},{"frameY":-81,"y":333,"frameWidth":280,"frameHeight":308,"width":130,"height":169,"name":"bao_01","frameX":-56,"x":1},{"frameY":-85,"y":1,"frameWidth":280,"frameHeight":308,"width":141,"height":162,"name":"bao_00","frameX":-60,"x":183},{"frameY":-81,"y":163,"frameWidth":280,"frameHeight":308,"width":131,"height":168,"name":"bao_02","frameX":-52,"x":1},{"frameY":-92,"y":306,"frameWidth":280,"frameHeight":308,"width":98,"height":129,"name":"bao_04","frameX":-87,"x":265},{"frameY":-83,"y":333,"frameWidth":280,"frameHeight":308,"width":130,"height":159,"name":"bao_03","frameX":-56,"x":133},{"width":27,"y":146,"height":15,"name":"js","x":326},{"frameY":0,"y":165,"frameWidth":90,"frameHeight":90,"width":90,"height":89,"name":"yuanquan02_00","frameX":0,"x":274},{"width":33,"y":86,"height":58,"name":"sx","x":326}]}