{"frameRate":30,"name":"zhaozi","version":"5.5","compatibleVersion":"5.5","armature":[{"type":"Armature","frameRate":30,"name":"zhaozi","aabb":{"x":-64,"y":-64,"width":128,"height":128},"bone":[{"name":"root"},{"name":"bone","parent":"root"},{"name":"guang","parent":"root"},{"name":"suofang","parent":"root","transform":{"scX":0.5,"scY":0.5}},{"name":"ps00","parent":"suofang","transform":{"x":-46,"y":-48.96,"scX":1.5,"scY":1.5}},{"name":"ps01","parent":"suofang","transform":{"x":-16,"y":-48.96}},{"name":"ps06","parent":"suofang","transform":{"x":22.4359,"y":31.4503,"scX":1.6,"scY":1.6}},{"name":"ps07","parent":"suofang","transform":{"x":3.5,"y":34.04,"scX":1.5,"scY":1.5}},{"name":"ps02","parent":"suofang","transform":{"x":10.5,"y":-36.96,"skX":91,"skY":91,"scX":-1.3,"scY":1.3}},{"name":"ps04","parent":"suofang","transform":{"x":47,"y":16.54,"scX":-1.2,"scY":1.2}},{"name":"ps08","parent":"suofang","transform":{"x":-41,"y":34.04}},{"name":"ps09","parent":"suofang","transform":{"x":-47,"y":-5.96}}],"slot":[{"name":"ps09","parent":"ps09"},{"name":"ps08","parent":"ps08"},{"name":"ps07","parent":"ps07"},{"name":"ps06","parent":"ps06"},{"name":"ps04","parent":"ps04"},{"name":"ps02","parent":"ps02"},{"name":"ps01","parent":"ps01"},{"name":"ps00","parent":"ps00"},{"blendMode":"add","displayIndex":-1,"name":"bone","parent":"bone"},{"blendMode":"add","name":"File 000431_1-1","parent":"guang","color":{"aM":27}}],"skin":[{"slot":[{"name":"bone","display":[{"name":"xz_05"},{"name":"xz_04"},{"name":"xz_03"},{"name":"xz_02"}]},{"name":"ps00","display":[{"name":"ps00","path":"shuidi02"}]},{"name":"ps04","display":[{"name":"ps04","path":"shuidi02"}]},{"name":"ps08","display":[{"name":"ps08","path":"shuidi02"}]},{"name":"File 000431_1-1","display":[{"name":"File 000431_1-1","path":"File 1_11"}]},{"name":"ps09","display":[{"name":"ps09","path":"shuidi02"}]},{"name":"ps01","display":[{"name":"ps01","path":"shuidi02"}]},{"name":"ps02","display":[{"name":"ps02","path":"shuidi02"}]},{"name":"ps07","display":[{"name":"ps07","path":"shuidi02"}]},{"name":"ps06","display":[{"name":"ps06","path":"shuidi02"}]}]}],"animation":[{"duration":25,"name":"animation","bone":[{"name":"ps00","translateFrame":[{"duration":3},{"duration":5,"tweenEasing":0,"x":-10.75,"y":-12.7},{"duration":10,"tweenEasing":0,"x":-45.03,"y":-24.72},{"duration":7,"x":-75.17,"y":-31.68}],"rotateFrame":[{"duration":3},{"duration":22,"rotate":68}],"scaleFrame":[{"duration":2,"tweenEasing":0,"x":0.01,"y":0.01},{"tweenEasing":0,"x":0.01,"y":0.01},{"duration":22}]},{"name":"ps01","translateFrame":[{"duration":3},{"duration":5,"tweenEasing":0,"x":-12.24,"y":-20.32},{"duration":11,"tweenEasing":0,"x":-39.64,"y":-57.29},{"duration":6,"x":-68.4,"y":-107.94}],"rotateFrame":[{"duration":3},{"duration":22,"rotate":70}],"scaleFrame":[{"duration":8},{"duration":2,"tweenEasing":0},{"duration":9,"tweenEasing":0,"x":0.6,"y":0.6},{"duration":6,"x":0.5,"y":0.5}]},{"name":"ps02","translateFrame":[{"duration":3},{"duration":4,"tweenEasing":0},{"duration":11,"tweenEasing":0,"x":17.21,"y":-38.13},{"duration":7,"x":23.66,"y":-49.62}],"rotateFrame":[{"duration":3},{"duration":22,"rotate":-153}],"scaleFrame":[{"duration":7},{"duration":11,"tweenEasing":0},{"duration":7,"x":0.5,"y":0.5}]},{"name":"ps04","translateFrame":[{"duration":3},{"duration":6,"curve":[0.1695,0.005,0.9375,1],"x":41.73,"y":5.01},{"duration":9,"curve":[0,0.44,0.75,1],"x":70.63,"y":3.08},{"duration":7,"tweenEasing":0,"x":97.69,"y":7.33},{"duration":0,"x":103.49,"y":8.24}],"rotateFrame":[{"duration":3},{"duration":22,"rotate":10}],"scaleFrame":[{"duration":9},{"duration":16,"curve":[0,0.44,0.75,1]},{"duration":0,"x":0.5,"y":0.5}]},{"name":"ps09","translateFrame":[{"duration":3},{"duration":2,"tweenEasing":0,"x":-25.59,"y":-6.4},{"duration":5,"curve":[0.0625,0,0.9375,1]},{"duration":13,"curve":[0,0.22,0.75,1],"x":-41.11,"y":4.04},{"duration":2,"x":-91.34,"y":-6.13}],"rotateFrame":[{"duration":3},{"duration":22,"rotate":36}],"scaleFrame":[{"duration":10},{"duration":13,"curve":[0,0.22,0.75,1]},{"duration":2,"x":0.5,"y":0.5}]},{"name":"ps06","translateFrame":[{"duration":3},{"duration":4,"tweenEasing":0,"x":43.5,"y":28.14},{"duration":11,"tweenEasing":0,"x":63.48,"y":54.82},{"duration":7,"x":95.22,"y":82.23}],"rotateFrame":[{"duration":3},{"duration":22,"rotate":-111}],"scaleFrame":[{"duration":7},{"duration":11,"tweenEasing":0},{"duration":7,"x":0.5,"y":0.5}]},{"name":"ps07","translateFrame":[{"duration":3},{"duration":4,"curve":[0.0625,0,0.9375,1],"y":23.45},{"duration":14,"curve":[0.25,0,0.609,1],"x":17.06,"y":67.11},{"duration":4,"x":20.88,"y":79.96}],"rotateFrame":[{"duration":3},{"duration":22,"rotate":-91}],"scaleFrame":[{"duration":7},{"duration":14,"curve":[0.25,0,0.609,1]},{"duration":4,"x":0.5,"y":0.5}]},{"name":"ps08","translateFrame":[{"duration":3},{"duration":5,"tweenEasing":0,"x":-30.34,"y":30},{"duration":13,"tweenEasing":0,"x":-52.43,"y":76.44},{"duration":4,"x":-63.06,"y":89.23}],"rotateFrame":[{"duration":8},{"duration":13,"tweenEasing":0},{"duration":4,"rotate":90}],"scaleFrame":[{"duration":8},{"duration":13,"tweenEasing":0},{"duration":4,"x":0.5,"y":0.5}]},{"name":"bone","scaleFrame":[{},{"duration":19,"tweenEasing":0,"x":0.9,"y":0.9},{"duration":5,"x":1.3,"y":1.3}]},{"name":"guang","rotateFrame":[{"duration":15,"tweenEasing":0},{"duration":10,"rotate":-60}],"scaleFrame":[{"duration":25,"x":1.5,"y":1.5}]}],"slot":[{"name":"ps00","colorFrame":[{"duration":13},{"duration":5,"tweenEasing":0},{"duration":7,"value":{"aM":0}}]},{"name":"ps01","colorFrame":[{"duration":3,"tweenEasing":0,"value":{"aM":0}},{"duration":11,"tweenEasing":0},{"duration":5,"tweenEasing":0},{"duration":6,"value":{"aM":0}}]},{"name":"ps02","colorFrame":[{"duration":3,"tweenEasing":0,"value":{"aM":0}},{"duration":10,"tweenEasing":0},{"duration":5,"tweenEasing":0},{"duration":7,"value":{"aM":0}}]},{"name":"ps04","colorFrame":[{"duration":3,"tweenEasing":0,"value":{"aM":0}},{"duration":17,"tweenEasing":0},{"duration":5,"tweenEasing":0},{"duration":0,"value":{"aM":0}}]},{"name":"ps06","colorFrame":[{"duration":3,"tweenEasing":0,"value":{"aM":0}},{"duration":11,"tweenEasing":0},{"duration":4,"tweenEasing":0},{"duration":7,"value":{"aM":0}}]},{"name":"ps07","colorFrame":[{"duration":2,"tweenEasing":0,"value":{"aM":0}},{"tweenEasing":0,"value":{"aM":0}},{"duration":13,"tweenEasing":0},{"duration":5,"tweenEasing":0},{"duration":4,"value":{"aM":0}}]},{"name":"ps08","colorFrame":[{"duration":2,"tweenEasing":0,"value":{"aM":0}},{"tweenEasing":0,"value":{"aM":0}},{"duration":13,"tweenEasing":0},{"duration":5,"tweenEasing":0},{"duration":4,"value":{"aM":0}}]},{"name":"ps09","colorFrame":[{"duration":3,"tweenEasing":0,"value":{"aM":0}},{"duration":15,"tweenEasing":0},{"duration":5,"tweenEasing":0},{"duration":2,"value":{"aM":0}}]},{"name":"bone","displayFrame":[{"value":-1},{"duration":11,"value":2},{"duration":8,"value":1},{"duration":5,"value":-1}],"colorFrame":[{"duration":9},{"duration":3,"tweenEasing":0},{"duration":8,"tweenEasing":0,"value":{"aM":56}},{"duration":5,"value":{"aM":0}}]},{"name":"File 000431_1-1","colorFrame":[{"duration":4},{"tweenEasing":0},{"duration":10,"tweenEasing":0,"value":{"aM":33}},{"duration":10,"value":{"aM":0}}]}]}],"defaultActions":[{"gotoAndPlay":"animation"}]}]}