{"width":512,"SubTexture":[{"width":36,"y":137,"height":23,"name":"shuidi02","x":414},{"frameWidth":150,"y":1,"frameHeight":148,"width":136,"frameX":-6,"height":134,"name":"xz_05","frameY":-6,"x":278},{"frameWidth":150,"y":1,"frameHeight":148,"width":137,"frameX":-6,"height":135,"name":"xz_04","frameY":-7,"x":1},{"frameWidth":150,"y":137,"frameHeight":148,"width":134,"frameX":-9,"height":131,"name":"xz_02","frameY":-9,"x":278},{"frameWidth":150,"y":1,"frameHeight":148,"width":136,"frameX":-7,"height":135,"name":"xz_03","frameY":-7,"x":140},{"frameWidth":128,"y":138,"frameHeight":128,"width":128,"frameX":0,"height":121,"name":"File 1_11","frameY":-6,"x":1}],"height":512,"name":"zhaozi","imagePath":"zhaozi_tex.png"}