{"resource/assets/db/2Tcanliu_tex.png":12,"resource/assets/db/2Tguochen_tex.png":12,"resource/assets/db/2Tjh_tex.png":12,"resource/assets/db/2Tqishi_tex.png":12,"resource/assets/db/NewProject_tex.png":11,"resource/assets/db/SD_L_tex.png":13,"resource/assets/db/baiguang_tex.png":12,"resource/assets/db/baozha_tex.png":12,"resource/assets/db/bing_tex.png":13,"resource/assets/db/bomb_tex.png":13,"resource/assets/db/bulian_tex.png":11,"resource/assets/db/caihonghe_tex.png":13,"resource/assets/db/change_glow_tex.png":12,"resource/assets/db/change_tex.png":12,"resource/assets/db/choice_tex.png":12,"resource/assets/db/chuanglian_tex.png":11,"resource/assets/db/chuansong_tex.png":13,"resource/assets/db/dianji_tex.png":11,"resource/assets/db/dianzi_tex.png":12,"resource/assets/db/ditan_tex.png":11,"resource/assets/db/effect_01_tex.png":12,"resource/assets/db/effect_02_tex.png":12,"resource/assets/db/effect_03_tex.png":12,"resource/assets/db/effect_04_tex.png":12,"resource/assets/db/effect_glow01_tex.png":11,"resource/assets/db/ertijiao_4_tex.png":12,"resource/assets/db/ertijiao_bz_tex.png":12,"resource/assets/db/feng_tex.png":14,"resource/assets/db/girl_01_tex.png":11,"resource/assets/db/girl_02_tex.png":11,"resource/assets/db/girl_03_tex.png":11,"resource/assets/db/girl_04_tex.png":11,"resource/assets/db/girl_05_tex.png":11,"resource/assets/db/girl_06_tex.png":12,"resource/assets/db/girl_07_tex.png":11,"resource/assets/db/girl_08_tex.png":11,"resource/assets/db/girl_09_tex.png":11,"resource/assets/db/gril_tex.png":13,"resource/assets/db/honeyAdd_tex.png":11,"resource/assets/db/honeyBoom_tex.png":11,"resource/assets/db/huojian02_tex.png":13,"resource/assets/db/huojian1_tex.png":12,"resource/assets/db/huojian_tex.png":13,"resource/assets/db/iceCoagulation_tex.png":11,"resource/assets/db/icePieceBoom_tex.png":11,"resource/assets/db/lihe_tex.png":11,"resource/assets/db/liuyou_tex.png":11,"resource/assets/db/paomo_tex.png":11,"resource/assets/db/posui_tex.png":13,"resource/assets/db/qizixiaochu_tex.png":12,"resource/assets/db/sd_mz_tex.png":12,"resource/assets/db/sd_sf_tex.png":12,"resource/assets/db/shaodianxin_tex.png":11,"resource/assets/db/shengcheng_tex.png":12,"resource/assets/db/shuangbaozha_tex.png":13,"resource/assets/db/shuaxin_tex.png":12,"resource/assets/db/tielian_tex.png":12,"resource/assets/db/tongguan_tex.png":12,"resource/assets/db/xiaochu_tex.png":15,"resource/assets/db/xigua_tex.png":11,"resource/assets/db/zhadanbaozha_tex.png":14,"resource/assets/db/zhadanjh_tex.png":11,"resource/assets/db/zhaozi_tex.png":12,"resource/assets/db/zhixiang_tex.png":12,"resource/assets/effect/dianjidimian.png":11,"resource/assets/loading/bg_loading.jpg":13,"resource/assets/loading/bg_loading.png":13,"resource/assets/loading/bg_loadingtop.png":12,"resource/assets/loading/bg_xuanfu.jpg":15,"resource/assets/loading/loading.png":12,"resource/assets/loading/loadingbg.png":12,"resource/assets/loading/loadingcursor.png":11,"resource/assets/map/1011/t-0.jpg":12,"resource/assets/map/1011/t-1.jpg":12,"resource/assets/map/1011/t-10.jpg":12,"resource/assets/map/1011/t-100.jpg":12,"resource/assets/map/1011/t-101.jpg":12,"resource/assets/map/1011/t-102.jpg":12,"resource/assets/map/1011/t-103.jpg":12,"resource/assets/map/1011/t-104.jpg":12,"resource/assets/map/1011/t-105.jpg":12,"resource/assets/map/1011/t-106.jpg":12,"resource/assets/map/1011/t-107.jpg":12,"resource/assets/map/1011/t-108.jpg":12,"resource/assets/map/1011/t-109.jpg":12,"resource/assets/map/1011/t-11.jpg":12,"resource/assets/map/1011/t-110.jpg":12,"resource/assets/map/1011/t-111.jpg":12,"resource/assets/map/1011/t-112.jpg":12,"resource/assets/map/1011/t-113.jpg":12,"resource/assets/map/1011/t-114.jpg":12,"resource/assets/map/1011/t-115.jpg":12,"resource/assets/map/1011/t-116.jpg":12,"resource/assets/map/1011/t-117.jpg":12,"resource/assets/map/1011/t-118.jpg":12,"resource/assets/map/1011/t-119.jpg":12,"resource/assets/map/1011/t-12.jpg":12,"resource/assets/map/1011/t-13.jpg":12,"resource/assets/map/1011/t-14.jpg":12,"resource/assets/map/1011/t-15.jpg":12,"resource/assets/map/1011/t-16.jpg":12,"resource/assets/map/1011/t-17.jpg":12,"resource/assets/map/1011/t-18.jpg":12,"resource/assets/map/1011/t-19.jpg":12,"resource/assets/map/1011/t-2.jpg":12,"resource/assets/map/1011/t-20.jpg":12,"resource/assets/map/1011/t-21.jpg":12,"resource/assets/map/1011/t-22.jpg":12,"resource/assets/map/1011/t-23.jpg":12,"resource/assets/map/1011/t-24.jpg":12,"resource/assets/map/1011/t-25.jpg":12,"resource/assets/map/1011/t-26.jpg":12,"resource/assets/map/1011/t-27.jpg":12,"resource/assets/map/1011/t-28.jpg":12,"resource/assets/map/1011/t-29.jpg":12,"resource/assets/map/1011/t-3.jpg":12,"resource/assets/map/1011/t-30.jpg":12,"resource/assets/map/1011/t-31.jpg":12,"resource/assets/map/1011/t-32.jpg":12,"resource/assets/map/1011/t-33.jpg":12,"resource/assets/map/1011/t-34.jpg":12,"resource/assets/map/1011/t-35.jpg":12,"resource/assets/map/1011/t-36.jpg":12,"resource/assets/map/1011/t-37.jpg":12,"resource/assets/map/1011/t-38.jpg":12,"resource/assets/map/1011/t-39.jpg":12,"resource/assets/map/1011/t-4.jpg":12,"resource/assets/map/1011/t-40.jpg":12,"resource/assets/map/1011/t-41.jpg":12,"resource/assets/map/1011/t-42.jpg":12,"resource/assets/map/1011/t-43.jpg":12,"resource/assets/map/1011/t-44.jpg":12,"resource/assets/map/1011/t-45.jpg":12,"resource/assets/map/1011/t-46.jpg":12,"resource/assets/map/1011/t-47.jpg":12,"resource/assets/map/1011/t-48.jpg":12,"resource/assets/map/1011/t-49.jpg":12,"resource/assets/map/1011/t-5.jpg":12,"resource/assets/map/1011/t-50.jpg":12,"resource/assets/map/1011/t-51.jpg":12,"resource/assets/map/1011/t-52.jpg":12,"resource/assets/map/1011/t-53.jpg":12,"resource/assets/map/1011/t-54.jpg":12,"resource/assets/map/1011/t-55.jpg":12,"resource/assets/map/1011/t-56.jpg":12,"resource/assets/map/1011/t-57.jpg":12,"resource/assets/map/1011/t-58.jpg":12,"resource/assets/map/1011/t-59.jpg":12,"resource/assets/map/1011/t-6.jpg":12,"resource/assets/map/1011/t-60.jpg":12,"resource/assets/map/1011/t-61.jpg":12,"resource/assets/map/1011/t-62.jpg":12,"resource/assets/map/1011/t-63.jpg":12,"resource/assets/map/1011/t-64.jpg":12,"resource/assets/map/1011/t-65.jpg":12,"resource/assets/map/1011/t-66.jpg":12,"resource/assets/map/1011/t-67.jpg":12,"resource/assets/map/1011/t-68.jpg":12,"resource/assets/map/1011/t-69.jpg":12,"resource/assets/map/1011/t-7.jpg":12,"resource/assets/map/1011/t-70.jpg":12,"resource/assets/map/1011/t-71.jpg":12,"resource/assets/map/1011/t-72.jpg":12,"resource/assets/map/1011/t-73.jpg":12,"resource/assets/map/1011/t-74.jpg":12,"resource/assets/map/1011/t-75.jpg":12,"resource/assets/map/1011/t-76.jpg":12,"resource/assets/map/1011/t-77.jpg":12,"resource/assets/map/1011/t-78.jpg":12,"resource/assets/map/1011/t-79.jpg":12,"resource/assets/map/1011/t-8.jpg":12,"resource/assets/map/1011/t-80.jpg":12,"resource/assets/map/1011/t-81.jpg":12,"resource/assets/map/1011/t-82.jpg":12,"resource/assets/map/1011/t-83.jpg":12,"resource/assets/map/1011/t-84.jpg":12,"resource/assets/map/1011/t-85.jpg":12,"resource/assets/map/1011/t-86.jpg":12,"resource/assets/map/1011/t-87.jpg":12,"resource/assets/map/1011/t-88.jpg":12,"resource/assets/map/1011/t-89.jpg":12,"resource/assets/map/1011/t-9.jpg":12,"resource/assets/map/1011/t-90.jpg":12,"resource/assets/map/1011/t-91.jpg":12,"resource/assets/map/1011/t-92.jpg":12,"resource/assets/map/1011/t-93.jpg":12,"resource/assets/map/1011/t-94.jpg":12,"resource/assets/map/1011/t-95.jpg":12,"resource/assets/map/1011/t-96.jpg":12,"resource/assets/map/1011/t-97.jpg":12,"resource/assets/map/1011/t-98.jpg":12,"resource/assets/map/1011/t-99.jpg":12,"resource/assets/map/1011/thumbnail.jpg":12,"resource/assets/map/111/t-0.jpg":14,"resource/assets/map/111/t-1.jpg":14,"resource/assets/map/111/t-10.jpg":14,"resource/assets/map/111/t-100.jpg":14,"resource/assets/map/111/t-101.jpg":14,"resource/assets/map/111/t-102.jpg":13,"resource/assets/map/111/t-103.jpg":13,"resource/assets/map/111/t-11.jpg":14,"resource/assets/map/111/t-12.jpg":14,"resource/assets/map/111/t-13.jpg":14,"resource/assets/map/111/t-14.jpg":14,"resource/assets/map/111/t-15.jpg":14,"resource/assets/map/111/t-16.jpg":14,"resource/assets/map/111/t-17.jpg":14,"resource/assets/map/111/t-18.jpg":15,"resource/assets/map/111/t-19.jpg":15,"resource/assets/map/111/t-2.jpg":14,"resource/assets/map/111/t-20.jpg":15,"resource/assets/map/111/t-21.jpg":15,"resource/assets/map/111/t-22.jpg":15,"resource/assets/map/111/t-23.jpg":15,"resource/assets/map/111/t-24.jpg":15,"resource/assets/map/111/t-25.jpg":14,"resource/assets/map/111/t-26.jpg":14,"resource/assets/map/111/t-27.jpg":14,"resource/assets/map/111/t-28.jpg":14,"resource/assets/map/111/t-29.jpg":15,"resource/assets/map/111/t-3.jpg":14,"resource/assets/map/111/t-30.jpg":15,"resource/assets/map/111/t-31.jpg":15,"resource/assets/map/111/t-32.jpg":15,"resource/assets/map/111/t-33.jpg":15,"resource/assets/map/111/t-34.jpg":15,"resource/assets/map/111/t-35.jpg":15,"resource/assets/map/111/t-36.jpg":15,"resource/assets/map/111/t-37.jpg":15,"resource/assets/map/111/t-38.jpg":15,"resource/assets/map/111/t-39.jpg":14,"resource/assets/map/111/t-4.jpg":14,"resource/assets/map/111/t-40.jpg":15,"resource/assets/map/111/t-41.jpg":15,"resource/assets/map/111/t-42.jpg":15,"resource/assets/map/111/t-43.jpg":15,"resource/assets/map/111/t-44.jpg":15,"resource/assets/map/111/t-45.jpg":15,"resource/assets/map/111/t-46.jpg":15,"resource/assets/map/111/t-47.jpg":15,"resource/assets/map/111/t-48.jpg":15,"resource/assets/map/111/t-49.jpg":15,"resource/assets/map/111/t-5.jpg":14,"resource/assets/map/111/t-50.jpg":15,"resource/assets/map/111/t-51.jpg":15,"resource/assets/map/111/t-52.jpg":15,"resource/assets/map/111/t-53.jpg":15,"resource/assets/map/111/t-54.jpg":15,"resource/assets/map/111/t-55.jpg":15,"resource/assets/map/111/t-56.jpg":15,"resource/assets/map/111/t-57.jpg":15,"resource/assets/map/111/t-58.jpg":15,"resource/assets/map/111/t-59.jpg":15,"resource/assets/map/111/t-6.jpg":14,"resource/assets/map/111/t-60.jpg":15,"resource/assets/map/111/t-61.jpg":15,"resource/assets/map/111/t-62.jpg":15,"resource/assets/map/111/t-63.jpg":15,"resource/assets/map/111/t-64.jpg":15,"resource/assets/map/111/t-65.jpg":15,"resource/assets/map/111/t-66.jpg":15,"resource/assets/map/111/t-67.jpg":15,"resource/assets/map/111/t-68.jpg":15,"resource/assets/map/111/t-69.jpg":15,"resource/assets/map/111/t-7.jpg":15,"resource/assets/map/111/t-70.jpg":15,"resource/assets/map/111/t-71.jpg":15,"resource/assets/map/111/t-72.jpg":15,"resource/assets/map/111/t-73.jpg":15,"resource/assets/map/111/t-74.jpg":15,"resource/assets/map/111/t-75.jpg":15,"resource/assets/map/111/t-76.jpg":15,"resource/assets/map/111/t-77.jpg":15,"resource/assets/map/111/t-78.jpg":15,"resource/assets/map/111/t-79.jpg":15,"resource/assets/map/111/t-8.jpg":15,"resource/assets/map/111/t-80.jpg":15,"resource/assets/map/111/t-81.jpg":15,"resource/assets/map/111/t-82.jpg":15,"resource/assets/map/111/t-83.jpg":15,"resource/assets/map/111/t-84.jpg":15,"resource/assets/map/111/t-85.jpg":15,"resource/assets/map/111/t-86.jpg":15,"resource/assets/map/111/t-87.jpg":15,"resource/assets/map/111/t-88.jpg":15,"resource/assets/map/111/t-89.jpg":15,"resource/assets/map/111/t-9.jpg":15,"resource/assets/map/111/t-90.jpg":14,"resource/assets/map/111/t-91.jpg":14,"resource/assets/map/111/t-92.jpg":14,"resource/assets/map/111/t-93.jpg":14,"resource/assets/map/111/t-94.jpg":14,"resource/assets/map/111/t-95.jpg":14,"resource/assets/map/111/t-96.jpg":14,"resource/assets/map/111/t-97.jpg":14,"resource/assets/map/111/t-98.jpg":14,"resource/assets/map/111/t-99.jpg":14,"resource/assets/map/111/thumbnail.jpg":15,"resource/assets/map/112/t-0.jpg":14,"resource/assets/map/112/t-1.jpg":14,"resource/assets/map/112/t-10.jpg":14,"resource/assets/map/112/t-100.jpg":14,"resource/assets/map/112/t-101.jpg":14,"resource/assets/map/112/t-102.jpg":14,"resource/assets/map/112/t-103.jpg":14,"resource/assets/map/112/t-104.jpg":14,"resource/assets/map/112/t-105.jpg":14,"resource/assets/map/112/t-106.jpg":14,"resource/assets/map/112/t-107.jpg":14,"resource/assets/map/112/t-108.jpg":14,"resource/assets/map/112/t-109.jpg":14,"resource/assets/map/112/t-11.jpg":14,"resource/assets/map/112/t-110.jpg":14,"resource/assets/map/112/t-111.jpg":14,"resource/assets/map/112/t-112.jpg":14,"resource/assets/map/112/t-113.jpg":14,"resource/assets/map/112/t-114.jpg":14,"resource/assets/map/112/t-115.jpg":14,"resource/assets/map/112/t-116.jpg":14,"resource/assets/map/112/t-117.jpg":14,"resource/assets/map/112/t-118.jpg":14,"resource/assets/map/112/t-119.jpg":14,"resource/assets/map/112/t-12.jpg":14,"resource/assets/map/112/t-120.jpg":14,"resource/assets/map/112/t-121.jpg":14,"resource/assets/map/112/t-122.jpg":14,"resource/assets/map/112/t-123.jpg":14,"resource/assets/map/112/t-124.jpg":14,"resource/assets/map/112/t-125.jpg":14,"resource/assets/map/112/t-126.jpg":14,"resource/assets/map/112/t-127.jpg":14,"resource/assets/map/112/t-128.jpg":14,"resource/assets/map/112/t-129.jpg":14,"resource/assets/map/112/t-13.jpg":14,"resource/assets/map/112/t-130.jpg":14,"resource/assets/map/112/t-131.jpg":14,"resource/assets/map/112/t-132.jpg":14,"resource/assets/map/112/t-133.jpg":14,"resource/assets/map/112/t-134.jpg":14,"resource/assets/map/112/t-135.jpg":14,"resource/assets/map/112/t-136.jpg":14,"resource/assets/map/112/t-137.jpg":14,"resource/assets/map/112/t-138.jpg":14,"resource/assets/map/112/t-139.jpg":14,"resource/assets/map/112/t-14.jpg":14,"resource/assets/map/112/t-15.jpg":14,"resource/assets/map/112/t-16.jpg":14,"resource/assets/map/112/t-17.jpg":14,"resource/assets/map/112/t-18.jpg":14,"resource/assets/map/112/t-19.jpg":14,"resource/assets/map/112/t-2.jpg":14,"resource/assets/map/112/t-20.jpg":14,"resource/assets/map/112/t-21.jpg":13,"resource/assets/map/112/t-22.jpg":14,"resource/assets/map/112/t-23.jpg":14,"resource/assets/map/112/t-24.jpg":14,"resource/assets/map/112/t-25.jpg":14,"resource/assets/map/112/t-26.jpg":14,"resource/assets/map/112/t-27.jpg":14,"resource/assets/map/112/t-28.jpg":14,"resource/assets/map/112/t-29.jpg":14,"resource/assets/map/112/t-3.jpg":14,"resource/assets/map/112/t-30.jpg":14,"resource/assets/map/112/t-31.jpg":14,"resource/assets/map/112/t-32.jpg":14,"resource/assets/map/112/t-33.jpg":14,"resource/assets/map/112/t-34.jpg":14,"resource/assets/map/112/t-35.jpg":13,"resource/assets/map/112/t-36.jpg":14,"resource/assets/map/112/t-37.jpg":14,"resource/assets/map/112/t-38.jpg":14,"resource/assets/map/112/t-39.jpg":14,"resource/assets/map/112/t-4.jpg":14,"resource/assets/map/112/t-40.jpg":14,"resource/assets/map/112/t-41.jpg":14,"resource/assets/map/112/t-42.jpg":14,"resource/assets/map/112/t-43.jpg":14,"resource/assets/map/112/t-44.jpg":14,"resource/assets/map/112/t-45.jpg":14,"resource/assets/map/112/t-46.jpg":14,"resource/assets/map/112/t-47.jpg":14,"resource/assets/map/112/t-48.jpg":14,"resource/assets/map/112/t-49.jpg":14,"resource/assets/map/112/t-5.jpg":14,"resource/assets/map/112/t-50.jpg":14,"resource/assets/map/112/t-51.jpg":14,"resource/assets/map/112/t-52.jpg":14,"resource/assets/map/112/t-53.jpg":14,"resource/assets/map/112/t-54.jpg":14,"resource/assets/map/112/t-55.jpg":14,"resource/assets/map/112/t-56.jpg":14,"resource/assets/map/112/t-57.jpg":14,"resource/assets/map/112/t-58.jpg":14,"resource/assets/map/112/t-59.jpg":14,"resource/assets/map/112/t-6.jpg":14,"resource/assets/map/112/t-60.jpg":14,"resource/assets/map/112/t-61.jpg":14,"resource/assets/map/112/t-62.jpg":14,"resource/assets/map/112/t-63.jpg":14,"resource/assets/map/112/t-64.jpg":14,"resource/assets/map/112/t-65.jpg":14,"resource/assets/map/112/t-66.jpg":14,"resource/assets/map/112/t-67.jpg":14,"resource/assets/map/112/t-68.jpg":14,"resource/assets/map/112/t-69.jpg":14,"resource/assets/map/112/t-7.jpg":14,"resource/assets/map/112/t-70.jpg":14,"resource/assets/map/112/t-71.jpg":14,"resource/assets/map/112/t-72.jpg":14,"resource/assets/map/112/t-73.jpg":14,"resource/assets/map/112/t-74.jpg":14,"resource/assets/map/112/t-75.jpg":14,"resource/assets/map/112/t-76.jpg":14,"resource/assets/map/112/t-77.jpg":14,"resource/assets/map/112/t-78.jpg":14,"resource/assets/map/112/t-79.jpg":14,"resource/assets/map/112/t-8.jpg":14,"resource/assets/map/112/t-80.jpg":14,"resource/assets/map/112/t-81.jpg":14,"resource/assets/map/112/t-82.jpg":14,"resource/assets/map/112/t-83.jpg":14,"resource/assets/map/112/t-84.jpg":14,"resource/assets/map/112/t-85.jpg":14,"resource/assets/map/112/t-86.jpg":14,"resource/assets/map/112/t-87.jpg":14,"resource/assets/map/112/t-88.jpg":14,"resource/assets/map/112/t-89.jpg":14,"resource/assets/map/112/t-9.jpg":14,"resource/assets/map/112/t-90.jpg":14,"resource/assets/map/112/t-91.jpg":14,"resource/assets/map/112/t-92.jpg":14,"resource/assets/map/112/t-93.jpg":14,"resource/assets/map/112/t-94.jpg":14,"resource/assets/map/112/t-95.jpg":14,"resource/assets/map/112/t-96.jpg":14,"resource/assets/map/112/t-97.jpg":14,"resource/assets/map/112/t-98.jpg":14,"resource/assets/map/112/t-99.jpg":14,"resource/assets/map/112/thumbnail.jpg":14,"resource/assets/model/1ting1tianshi01/0_1.png":12,"resource/assets/model/1ting1tianshi02/0_1.png":11,"resource/assets/model/1ting1tianshi03/0_1.png":11,"resource/assets/model/1ting1tianshi04/0_1.png":11,"resource/assets/model/1ting1tianshi05/0_1.png":11,"resource/assets/model/1ting1tianshi06/0_1.png":11,"resource/assets/model/1ting1tianshi07/0_1.png":11,"resource/assets/model/1ting1tianshi08/0_1.png":11,"resource/assets/model/1ting1tianshi09/0_1.png":11,"resource/assets/model/1ting1tianshi10/0_1.png":11,"resource/assets/model/1ting1tianshi10_1/0_1.png":11,"resource/assets/model/1ting1tianshi10_2/0_1.png":11,"resource/assets/model/1ting2shafa01/0_1.png":11,"resource/assets/model/1ting2shafa02/0_1.png":11,"resource/assets/model/1ting2shafa03/0_1.png":11,"resource/assets/model/1ting2shafa04/0_1.png":11,"resource/assets/model/1ting2shafa05/0_1.png":11,"resource/assets/model/1ting2shafa06/0_1.png":11,"resource/assets/model/1ting2shafa07/0_1.png":12,"resource/assets/model/1ting2shafa08/0_1.png":11,"resource/assets/model/1ting2shafa09/0_1.png":11,"resource/assets/model/1ting2shafa10/0_1.png":11,"resource/assets/model/1ting2shafa10_1/0_1.png":11,"resource/assets/model/1ting2shafa10_2/0_1.png":11,"resource/assets/model/1ting3gangqing01/0_1.png":11,"resource/assets/model/1ting3gangqing02/0_1.png":11,"resource/assets/model/1ting3gangqing03/0_1.png":11,"resource/assets/model/1ting3gangqing04/0_1.png":11,"resource/assets/model/1ting3gangqing05/0_1.png":11,"resource/assets/model/1ting3gangqing06/0_1.png":11,"resource/assets/model/1ting3gangqing07/0_1.png":11,"resource/assets/model/1ting3gangqing08/0_1.png":11,"resource/assets/model/1ting3gangqing09/0_1.png":11,"resource/assets/model/1ting3gangqing10/0_1.png":11,"resource/assets/model/1ting3gangqing11/0_1.png":11,"resource/assets/model/1ting3gangqing11_1/0_1.png":11,"resource/assets/model/1ting3gangqing11_2/0_1.png":11,"resource/assets/model/1ting4jiuba01/0_1.png":13,"resource/assets/model/1ting4jiuba02/0_1.png":13,"resource/assets/model/1ting4jiuba03/0_1.png":12,"resource/assets/model/1ting4jiuba04/0_1.png":12,"resource/assets/model/1ting4jiuba05/0_1.png":12,"resource/assets/model/1ting4jiuba06/0_1.png":13,"resource/assets/model/1ting4jiuba07/0_1.png":13,"resource/assets/model/1ting4jiuba08/0_1.png":13,"resource/assets/model/1ting4jiuba09/0_1.png":13,"resource/assets/model/1ting4jiuba10/0_1.png":13,"resource/assets/model/1ting4jiuba11/0_1.png":13,"resource/assets/model/1ting4jiuba12/0_1.png":13,"resource/assets/model/1ting4jiuba13/0_1.png":13,"resource/assets/model/1ting4jiuba14/0_1.png":13,"resource/assets/model/1ting4jiuba15/0_1.png":12,"resource/assets/model/1ting4jiuba15_1/0_1.png":11,"resource/assets/model/1ting4jiuba15_2/0_1.png":11,"resource/assets/model/1ting5xiezi01/0_1.png":12,"resource/assets/model/1ting5xiezi02/0_1.png":12,"resource/assets/model/1ting5xiezi03/0_1.png":12,"resource/assets/model/1ting5xiezi04/0_1.png":11,"resource/assets/model/1ting5xiezi05/0_1.png":11,"resource/assets/model/1ting5xiezi06/0_1.png":11,"resource/assets/model/1ting5xiezi07/0_1.png":11,"resource/assets/model/1ting5xiezi08/0_1.png":11,"resource/assets/model/1ting5xiezi09/0_1.png":11,"resource/assets/model/1ting5xiezi10/0_1.png":11,"resource/assets/model/1ting5xiezi11/0_1.png":11,"resource/assets/model/1ting5xiezi12/0_1.png":11,"resource/assets/model/1ting5xiezi13/0_1.png":11,"resource/assets/model/1ting5xiezi13_1/0_1.png":11,"resource/assets/model/1ting5xiezi13_2/0_1.png":11,"resource/assets/model/1ting6kongtiao01/0_1.png":11,"resource/assets/model/1ting6kongtiao02/0_1.png":12,"resource/assets/model/1ting6kongtiao03/0_1.png":11,"resource/assets/model/1ting6kongtiao04/0_1.png":11,"resource/assets/model/1ting6kongtiao05/0_1.png":11,"resource/assets/model/1ting6kongtiao06/0_1.png":11,"resource/assets/model/1ting6kongtiao06_1/0_1.png":11,"resource/assets/model/2yuan1men01/0_1.png":12,"resource/assets/model/2yuan1men02/0_1.png":12,"resource/assets/model/2yuan1men03/0_1.png":12,"resource/assets/model/2yuan1men04/0_1.png":12,"resource/assets/model/2yuan1men05/0_1.png":12,"resource/assets/model/2yuan1men06/0_1.png":12,"resource/assets/model/2yuan1men07/0_1.png":12,"resource/assets/model/2yuan1men08/0_1.png":12,"resource/assets/model/2yuan1men08_1/0_1.png":11,"resource/assets/model/2yuan2lishang01/0_1.png":11,"resource/assets/model/2yuan2lishang02/0_1.png":11,"resource/assets/model/2yuan2lishang03/0_1.png":11,"resource/assets/model/2yuan2lishang04/0_1.png":11,"resource/assets/model/2yuan2lishang05/0_1.png":11,"resource/assets/model/2yuan2lishang06/0_1.png":11,"resource/assets/model/2yuan2lishang07/0_1.png":11,"resource/assets/model/2yuan2lishang08/0_1.png":11,"resource/assets/model/2yuan2lishang09/0_1.png":11,"resource/assets/model/2yuan3lixia01/0_1.png":11,"resource/assets/model/2yuan3lixia02/0_1.png":11,"resource/assets/model/2yuan3lixia03/0_1.png":11,"resource/assets/model/2yuan4liyou01/0_1.png":11,"resource/assets/model/2yuan4liyou02/0_1.png":11,"resource/assets/model/2yuan4liyou03/0_1.png":11,"resource/assets/model/2yuan4liyou04/0_1.png":11,"resource/assets/model/2yuan4liyou05/0_1.png":11,"resource/assets/model/2yuan4liyou06/0_1.png":11,"resource/assets/model/2yuan4liyou07/0_1.png":11,"resource/assets/model/2yuan4liyou08/0_1.png":11,"resource/assets/model/2yuan5zhongqu01/0_1.png":11,"resource/assets/model/2yuan5zhongqu02/0_1.png":11,"resource/assets/model/2yuan5zhongqu03/0_1.png":11,"resource/assets/model/2yuan5zhongqu04/0_1.png":11,"resource/assets/model/2yuan5zhongqu05/0_1.png":11,"resource/assets/model/2yuan5zhongqu06/0_1.png":12,"resource/assets/model/2yuan5zhongqu07/0_1.png":12,"resource/assets/model/2yuan5zhongqu08/0_1.png":12,"resource/assets/model/2yuan5zhongqu09/0_1.png":12,"resource/assets/model/2yuan5zhongqu10/0_1.png":12,"resource/assets/model/2yuan6pengquan01/0_1.png":12,"resource/assets/model/2yuan6pengquan02/0_1.png":12,"resource/assets/model/2yuan6pengquan03/0_1.png":11,"resource/assets/model/2yuan6pengquan04/0_1.png":11,"resource/assets/model/2yuan7yongchi01/0_1.png":11,"resource/assets/model/2yuan7yongchi02/0_1.png":11,"resource/assets/model/2yuan7yongchi03/0_1.png":11,"resource/assets/model/2yuan7yongchi04/0_1.png":11,"resource/assets/model/2yuan7yongchi05/0_1.png":11,"resource/assets/model/2yuan7yongchi06/0_1.png":11,"resource/assets/model/2yuan7yongchi07/0_1.png":11,"resource/assets/model/2yuan7yongchi08/0_1.png":11,"resource/assets/model/2yuan7yongchi09/0_1.png":11,"resource/assets/model/2yuan7yongchi10/0_1.png":11,"resource/assets/model/2yuan7yongchi11/0_1.png":11,"resource/assets/model/2yuan7yongchi12/0_1.png":11,"resource/assets/model/2yuan8shaokao01/0_1.png":12,"resource/assets/model/2yuan8shaokao02/0_1.png":12,"resource/assets/model/2yuan8shaokao03/0_1.png":11,"resource/assets/model/2yuan8shaokao04/0_1.png":11,"resource/assets/model/2yuan8shaokao05/0_1.png":11,"resource/assets/model/2yuan8shaokao06/0_1.png":11,"resource/assets/model/2yuan8shaokao07/0_1.png":11,"resource/assets/model/2yuan8shaokao08/0_1.png":11,"resource/assets/model/3can1zhongjian01/0_1.png":12,"resource/assets/model/3can1zhongjian02/0_1.png":11,"resource/assets/model/3can1zhongjian03/0_1.png":11,"resource/assets/model/3can1zhongjian04/0_1.png":11,"resource/assets/model/3can1zhongjian05/0_1.png":11,"resource/assets/model/3can1zhongjian06/0_1.png":11,"resource/assets/model/3can1zhongjian07/0_1.png":11,"resource/assets/model/3can1zhongjian08/0_1.png":11,"resource/assets/model/3can1zhongjian09/0_1.png":11,"resource/assets/model/3can1zhongjian10/0_1.png":11,"resource/assets/model/3can1zhongjian11/0_1.png":11,"resource/assets/model/3can1zhongjian12/0_1.png":11,"resource/assets/model/3can1zhongjian13/0_1.png":11,"resource/assets/model/3can1zhongjian14/0_1.png":11,"resource/assets/model/3can1zhongjian15/0_1.png":11,"resource/assets/model/3can1zhongjian16/0_1.png":11,"resource/assets/model/3can2luzao01/0_1.png":11,"resource/assets/model/3can2luzao02/0_1.png":11,"resource/assets/model/3can2luzao03/0_1.png":11,"resource/assets/model/3can2luzao04/0_1.png":11,"resource/assets/model/3can2luzao05/0_1.png":11,"resource/assets/model/3can2luzao06/0_1.png":11,"resource/assets/model/3can3bingxiang01/0_1.png":11,"resource/assets/model/3can3bingxiang02/0_1.png":11,"resource/assets/model/3can3bingxiang03/0_1.png":11,"resource/assets/model/3can3bingxiang04/0_1.png":11,"resource/assets/model/3can3bingxiang05/0_1.png":11,"resource/assets/model/4wo1chuang01/0_1.png":11,"resource/assets/model/4wo1chuang02/0_1.png":11,"resource/assets/model/4wo1chuang03/0_1.png":11,"resource/assets/model/4wo1chuang04/0_1.png":11,"resource/assets/model/4wo1chuang05/0_1.png":11,"resource/assets/model/4wo2gengyi01/0_1.png":11,"resource/assets/model/4wo2gengyi02/0_1.png":11,"resource/assets/model/4wo2gengyi03/0_1.png":11,"resource/assets/model/4wo2gengyi04/0_1.png":11,"resource/assets/model/4wo2gengyi05/0_1.png":11,"resource/assets/model/4wo2gengyi06/0_1.png":11,"resource/assets/model/4wo2gengyi07/0_1.png":11,"resource/assets/model/4wo2gengyi08/0_1.png":11,"resource/assets/model/4wo2gengyi09/0_1.png":11,"resource/assets/model/4wo2gengyi10/0_1.png":11,"resource/assets/model/4wo3diannao01/0_1.png":11,"resource/assets/model/4wo3diannao02/0_1.png":11,"resource/assets/model/4wo3diannao03/0_1.png":11,"resource/assets/model/4wo4worukou01/0_1.png":11,"resource/assets/model/4wo4worukou02/0_1.png":11,"resource/assets/model/4wo4worukou03/0_1.png":11,"resource/assets/model/4wo4worukou04/0_1.png":11,"resource/assets/model/4wo5shafa01/0_1.png":11,"resource/assets/model/4wo5shafa02/0_1.png":11,"resource/assets/model/4wo5shafa03/0_1.png":11,"resource/assets/model/4wo5shafa04/0_1.png":11,"resource/assets/model/4wo5shafa05/0_1.png":11,"resource/assets/model/4wo6yangtai01/0_1.png":11,"resource/assets/model/4wo6yangtai02/0_1.png":11,"resource/assets/model/4wo6yangtai03/0_1.png":11,"resource/assets/model/4wo6yangtai04/0_1.png":11,"resource/assets/model/c1000_0/0_0.png":13,"resource/assets/model/c1000_0/0_1.png":13,"resource/assets/model/c1000_0/0_2.png":13,"resource/assets/model/c1000_0/0_3.png":13,"resource/assets/model/c1000_0/0_7.png":13,"resource/assets/model/c1000_0/1_0.png":13,"resource/assets/model/c1000_0/1_1.png":13,"resource/assets/model/c1000_0/1_2.png":13,"resource/assets/model/c1000_0/1_3.png":13,"resource/assets/model/c1000_0/1_7.png":13,"resource/assets/model/c1000_1/0_0.png":14,"resource/assets/model/c1000_1/0_1.png":14,"resource/assets/model/c1000_1/0_2.png":14,"resource/assets/model/c1000_1/0_3.png":14,"resource/assets/model/c1000_1/0_7.png":14,"resource/assets/model/c1000_1/1_0.png":14,"resource/assets/model/c1000_1/1_1.png":14,"resource/assets/model/c1000_1/1_2.png":14,"resource/assets/model/c1000_1/1_3.png":14,"resource/assets/model/c1000_1/1_7.png":14,"resource/assets/model/c1001_0/0_0.png":13,"resource/assets/model/c1001_0/0_1.png":13,"resource/assets/model/c1001_0/0_2.png":13,"resource/assets/model/c1001_0/0_3.png":13,"resource/assets/model/c1001_0/0_7.png":13,"resource/assets/model/c1001_0/1_0.png":13,"resource/assets/model/c1001_0/1_1.png":13,"resource/assets/model/c1001_0/1_2.png":13,"resource/assets/model/c1001_0/1_3.png":13,"resource/assets/model/c1001_0/1_7.png":13,"resource/assets/model/c101/0_0.png":12,"resource/assets/model/c101/0_1.png":12,"resource/assets/model/c101/0_2.png":12,"resource/assets/model/c101/0_3.png":12,"resource/assets/model/c101/0_7.png":12,"resource/assets/model/c101/1_0.png":12,"resource/assets/model/c101/1_1.png":12,"resource/assets/model/c101/1_2.png":12,"resource/assets/model/c101/1_3.png":12,"resource/assets/model/c101/1_7.png":12,"resource/assets/model/c102/0_0.png":11,"resource/assets/model/c102/0_1.png":11,"resource/assets/model/c102/0_2.png":11,"resource/assets/model/c102/0_3.png":11,"resource/assets/model/c102/0_7.png":11,"resource/assets/model/c102/1_0.png":11,"resource/assets/model/c102/1_1.png":11,"resource/assets/model/c102/1_2.png":11,"resource/assets/model/c102/1_3.png":11,"resource/assets/model/c102/1_7.png":11,"resource/assets/model/c103/0_0.png":11,"resource/assets/model/c103/0_1.png":11,"resource/assets/model/c103/0_2.png":11,"resource/assets/model/c103/0_3.png":11,"resource/assets/model/c103/0_7.png":11,"resource/assets/model/c103/1_0.png":11,"resource/assets/model/c103/1_1.png":11,"resource/assets/model/c103/1_2.png":11,"resource/assets/model/c103/1_3.png":11,"resource/assets/model/c103/1_7.png":11,"resource/assets/model/c104/0_0.png":11,"resource/assets/model/c104/0_1.png":11,"resource/assets/model/c104/0_2.png":11,"resource/assets/model/c104/0_3.png":11,"resource/assets/model/c104/0_7.png":11,"resource/assets/model/c104/1_0.png":11,"resource/assets/model/c104/1_1.png":11,"resource/assets/model/c104/1_2.png":11,"resource/assets/model/c104/1_3.png":11,"resource/assets/model/c104/1_7.png":11,"resource/assets/model/c105/0_0.png":11,"resource/assets/model/c105/0_1.png":11,"resource/assets/model/c105/0_2.png":11,"resource/assets/model/c105/0_3.png":11,"resource/assets/model/c105/0_7.png":11,"resource/assets/model/c105/1_0.png":11,"resource/assets/model/c105/1_1.png":11,"resource/assets/model/c105/1_2.png":11,"resource/assets/model/c105/1_3.png":11,"resource/assets/model/c105/1_7.png":11,"resource/assets/model/c106/0_0.png":11,"resource/assets/model/c106/0_1.png":11,"resource/assets/model/c106/0_2.png":11,"resource/assets/model/c106/0_3.png":11,"resource/assets/model/c106/0_7.png":11,"resource/assets/model/c106/1_0.png":11,"resource/assets/model/c106/1_1.png":11,"resource/assets/model/c106/1_2.png":11,"resource/assets/model/c106/1_3.png":11,"resource/assets/model/c106/1_7.png":11,"resource/assets/model/c107/0_0.png":11,"resource/assets/model/c107/0_1.png":11,"resource/assets/model/c107/0_2.png":11,"resource/assets/model/c107/0_3.png":11,"resource/assets/model/c107/0_7.png":11,"resource/assets/model/c107/1_0.png":11,"resource/assets/model/c107/1_1.png":11,"resource/assets/model/c107/1_2.png":11,"resource/assets/model/c107/1_3.png":11,"resource/assets/model/c107/1_7.png":11,"resource/assets/model/c108/0_0.png":11,"resource/assets/model/c108/0_1.png":11,"resource/assets/model/c108/0_2.png":11,"resource/assets/model/c108/0_3.png":11,"resource/assets/model/c108/0_7.png":11,"resource/assets/model/c108/1_0.png":11,"resource/assets/model/c108/1_1.png":11,"resource/assets/model/c108/1_2.png":11,"resource/assets/model/c108/1_3.png":11,"resource/assets/model/c108/1_7.png":11,"resource/assets/model/c109/0_0.png":11,"resource/assets/model/c109/0_1.png":11,"resource/assets/model/c109/0_2.png":11,"resource/assets/model/c109/0_3.png":11,"resource/assets/model/c109/0_7.png":11,"resource/assets/model/c109/1_0.png":11,"resource/assets/model/c109/1_1.png":11,"resource/assets/model/c109/1_2.png":11,"resource/assets/model/c109/1_3.png":11,"resource/assets/model/c109/1_7.png":11,"resource/assets/model/c110/0_0.png":11,"resource/assets/model/c110/0_1.png":11,"resource/assets/model/c110/0_2.png":11,"resource/assets/model/c110/0_3.png":11,"resource/assets/model/c110/0_7.png":11,"resource/assets/model/c110/1_0.png":11,"resource/assets/model/c110/1_1.png":11,"resource/assets/model/c110/1_2.png":11,"resource/assets/model/c110/1_3.png":11,"resource/assets/model/c110/1_7.png":11,"resource/assets/ui/bg/Wardrobe.png":11,"resource/assets/ui/bg/bg.png":17,"resource/assets/ui/bg/bg_addlife.png":11,"resource/assets/ui/bg/bg_boxreward_light.png":11,"resource/assets/ui/bg/bg_chushixin.png":11,"resource/assets/ui/bg/bg_daoluan.png":11,"resource/assets/ui/bg/bg_dazhuanpandi.png":11,"resource/assets/ui/bg/bg_dazhuanpandi_2.png":11,"resource/assets/ui/bg/bg_ditu.png":11,"resource/assets/ui/bg/bg_duihua.png":12,"resource/assets/ui/bg/bg_duihuakuang.png":11,"resource/assets/ui/bg/bg_fangwen.png":11,"resource/assets/ui/bg/bg_fashionbg.png":11,"resource/assets/ui/bg/bg_fashionbox.png":11,"resource/assets/ui/bg/bg_guangjie.png":11,"resource/assets/ui/bg/bg_guanka.png":14,"resource/assets/ui/bg/bg_huodongdating.png":11,"resource/assets/ui/bg/bg_jiesuan.png":13,"resource/assets/ui/bg/bg_kuaisugoumai.png":11,"resource/assets/ui/bg/bg_lixiantixing.png":11,"resource/assets/ui/bg/bg_mingpianbeijing.png":11,"resource/assets/ui/bg/bg_neiaodi.png":11,"resource/assets/ui/bg/bg_openbox.png":11,"resource/assets/ui/bg/bg_qimingmianban.png":11,"resource/assets/ui/bg/bg_qipaopao.png":11,"resource/assets/ui/bg/bg_renwu.png":15,"resource/assets/ui/bg/bg_rewnudadi.png":11,"resource/assets/ui/bg/bg_shouchong1.png":14,"resource/assets/ui/bg/bg_shouchong2.png":14,"resource/assets/ui/bg/bg_shouchong3.png":14,"resource/assets/ui/bg/bg_shouchongbg.png":11,"resource/assets/ui/bg/bg_tishi.png":11,"resource/assets/ui/bg/bg_uishade.png":11,"resource/assets/ui/bg/bg_yaoqinghaoyouxiaotiao.png":11,"resource/assets/ui/bg/board_bg.png":12,"resource/assets/ui/bg/bt_shangchengbeijng.png":11,"resource/assets/ui/bg/door.png":11,"resource/assets/ui/bg/img_shengming.png":11,"resource/assets/ui/bg/img_zhognshengka.png":11,"resource/assets/ui/bg/img_zhouka.png":11,"resource/assets/ui/bg/mapbg.png":13,"resource/assets/ui/bg/previewmap.jpg":14,"resource/assets/ui/chongzhi/anniu_guankanshiping.png":11,"resource/assets/ui/floor/2.png":11,"resource/assets/ui/number/lianxiao.fnt":11,"resource/assets/ui/number/lianxiao.png":11,"resource/assets/ui/number/num1.fnt":13,"resource/assets/ui/number/num1.png":13,"resource/assets/ui/uigrid9/bg_3.png":11,"resource/assets/ui/uigrid9/bg_5.png":11,"resource/assets/ui/uigrid9/bg_baidi.png":11,"resource/assets/ui/uigrid9/bg_chongzhinengliangtiao.png":11,"resource/assets/ui/uigrid9/bg_frienditem.png":11,"resource/assets/ui/uigrid9/bg_mingpianshuxingtiao.png":11,"resource/assets/ui/uigrid9/bg_nametiao.png":11,"resource/assets/ui/uigrid9/bg_paomadengditu.png":12,"resource/assets/ui/uigrid9/bg_stripe.png":11,"resource/assets/ui/uigrid9/bg_tips.png":11,"resource/assets/ui/uigrid9/bg_title.png":11,"resource/assets/ui/uigrid9/bg_title_hui.png":11,"resource/assets/ui/uigrid9/bg_title_hui_png.png":11,"resource/assets/ui/uigrid9/bg_top_qianse.png":11,"resource/assets/ui/uigrid9/grid9_1.png":12,"resource/assets/ui/uigrid9/grid9_bg1.png":11,"resource/assets/ui/uigrid9/grid9_bg2.png":11,"resource/assets/ui/uigrid9/grid9_bugdi.png":11,"resource/assets/ui/uigrid9/grid9_di.png":11,"resource/assets/ui/uigrid9/grid9_ditiao.png":11,"resource/assets/ui/uigrid9/grid9_input_bg.png":11,"resource/assets/ui/uigrid9/grid9_shuziditu.png":11,"resource/assets/ui/uigrid9/img_fengexian.png":11,"resource/assets/ui/uigrid9/img_meilizhidi.png":11,"resource/assets/ui/uigrid9/img_mignpiantiao.png":11,"resource/assets/ui/uigrid9/img_yindaodikuang.png":12,"resource/assets/ui/uigrid9/img_yuekafenge.png":11,"resource/assets/ui/uigrid9/img_yuekaxiaodian.png":11,"resource/assets/ui/uigrid9/jdt1bg.png":11,"resource/assets/ui/uigrid9/jdt1icon.png":11,"resource/assets/ui/uigrid9/jdt2bg.png":11,"resource/assets/ui/uigrid9/jdt2icon.png":11,"resource/assets/ui/uigrid9/yun.png":11,"resource/assets/ui/uiimage/bg_mubiaojiangli.png":11,"resource/assets/ui/uiimage/bg_shijian01.png":11,"resource/assets/ui/uiimage/bg_shijian02.png":11,"resource/assets/ui/uiimage/bg_shijian03.png":11,"resource/assets/ui/uiimage/bg_shijian04.png":11,"resource/assets/ui/uiimage/bg_shijian05.png":11,"resource/assets/ui/uiimage/bg_shijian06.png":11,"resource/assets/ui/uiimage/bg_shijian07.png":11,"resource/assets/ui/uiimage/bg_shijian08.png":11,"resource/assets/ui/uiimage/bg_shijian09.png":11,"resource/assets/ui/uiimage/bg_shijian10.png":11,"resource/assets/ui/uiimage/bg_shijian11.png":11,"resource/assets/ui/uiimage/bg_shijian12.png":11,"resource/assets/ui/uiimage/bg_shijian13.png":11,"resource/assets/ui/uiimage/bg_shijian14.png":11,"resource/assets/ui/uiimage/bg_shijian15.png":11,"resource/assets/ui/uiimage/bg_shijian16.png":11,"resource/assets/ui/uiimage/bg_xingongneng.png":11,"resource/assets/ui/uiimage/chukoubing.png":11,"resource/assets/ui/uiimage/head_1.png":11,"resource/assets/ui/uiimage/head_10.png":11,"resource/assets/ui/uiimage/head_2.png":11,"resource/assets/ui/uiimage/head_3.png":11,"resource/assets/ui/uiimage/head_4.png":11,"resource/assets/ui/uiimage/head_5.png":11,"resource/assets/ui/uiimage/head_6.png":11,"resource/assets/ui/uiimage/head_7.png":11,"resource/assets/ui/uiimage/head_8.png":11,"resource/assets/ui/uiimage/head_9.png":11,"resource/assets/ui/uiimage/icon_0.png":12,"resource/assets/ui/uiimage/icon_0001.png":14,"resource/assets/ui/uiimage/icon_0002.png":13,"resource/assets/ui/uiimage/icon_0003.png":11,"resource/assets/ui/uiimage/icon_0004.png":11,"resource/assets/ui/uiimage/icon_0005.png":11,"resource/assets/ui/uiimage/icon_0006.png":11,"resource/assets/ui/uiimage/icon_0007.png":11,"resource/assets/ui/uiimage/icon_0008.png":11,"resource/assets/ui/uiimage/icon_0009.png":11,"resource/assets/ui/uiimage/icon_0010.png":11,"resource/assets/ui/uiimage/icon_0011.png":11,"resource/assets/ui/uiimage/icon_0012.png":11,"resource/assets/ui/uiimage/icon_0013.png":11,"resource/assets/ui/uiimage/icon_0014.png":11,"resource/assets/ui/uiimage/icon_0015.png":11,"resource/assets/ui/uiimage/icon_0016.png":11,"resource/assets/ui/uiimage/icon_0017.png":11,"resource/assets/ui/uiimage/icon_0018.png":11,"resource/assets/ui/uiimage/icon_0019.png":11,"resource/assets/ui/uiimage/icon_0020.png":11,"resource/assets/ui/uiimage/icon_0021.png":11,"resource/assets/ui/uiimage/icon_0022.png":11,"resource/assets/ui/uiimage/icon_0023.png":11,"resource/assets/ui/uiimage/icon_0024.png":11,"resource/assets/ui/uiimage/icon_0025.png":11,"resource/assets/ui/uiimage/icon_0026.png":11,"resource/assets/ui/uiimage/icon_0027.png":11,"resource/assets/ui/uiimage/icon_0028.png":11,"resource/assets/ui/uiimage/icon_0029.png":11,"resource/assets/ui/uiimage/icon_0030.png":11,"resource/assets/ui/uiimage/icon_0031.png":11,"resource/assets/ui/uiimage/icon_0032.png":11,"resource/assets/ui/uiimage/icon_0033.png":11,"resource/assets/ui/uiimage/icon_0034.png":11,"resource/assets/ui/uiimage/icon_0035.png":11,"resource/assets/ui/uiimage/icon_0036.png":11,"resource/assets/ui/uiimage/icon_0037.png":11,"resource/assets/ui/uiimage/icon_0038.png":11,"resource/assets/ui/uiimage/icon_0039.png":11,"resource/assets/ui/uiimage/icon_0040.png":11,"resource/assets/ui/uiimage/icon_0041.png":11,"resource/assets/ui/uiimage/icon_0042.png":11,"resource/assets/ui/uiimage/icon_0043.png":11,"resource/assets/ui/uiimage/icon_1.png":11,"resource/assets/ui/uiimage/icon_100005.png":12,"resource/assets/ui/uiimage/icon_clothes1001.png":12,"resource/assets/ui/uiimage/icon_clothes1002.png":12,"resource/assets/ui/uiimage/icon_clothes1003.png":12,"resource/assets/ui/uiimage/icon_clothes1004.png":12,"resource/assets/ui/uiimage/icon_clothes1005.png":12,"resource/assets/ui/uiimage/icon_clothes1006.png":12,"resource/assets/ui/uiimage/icon_clothes1007.png":11,"resource/assets/ui/uiimage/icon_clothes1008.png":11,"resource/assets/ui/uiimage/icon_clothes1009.png":11,"resource/assets/ui/uiimage/icon_clothes1010.png":11,"resource/assets/ui/uiimage/icon_mubiao00.png":11,"resource/assets/ui/uiimage/icon_mubiao01.png":12,"resource/assets/ui/uiimage/icon_mubiao02.png":12,"resource/assets/ui/uiimage/icon_mubiao03.png":11,"resource/assets/ui/uiimage/icon_mubiao04.png":11,"resource/assets/ui/uiimage/icon_mubiao05.png":11,"resource/assets/ui/uiimage/icon_mubiao06.png":11,"resource/assets/ui/uiimage/icon_mubiao07.png":11,"resource/assets/ui/uiimage/icon_mubiao08.png":11,"resource/assets/ui/uiimage/icon_mubiao09.png":11,"resource/assets/ui/uiimage/icon_mubiao10.png":11,"resource/assets/ui/uiimage/icon_mubiao11.png":11,"resource/assets/ui/uiimage/icon_mubiao12.png":11,"resource/assets/ui/uiimage/icon_shafa1.png":11,"resource/assets/ui/uiimage/img_clothse1001.png":12,"resource/assets/ui/uiimage/img_clothse1002.png":12,"resource/assets/ui/uiimage/img_clothse1003.png":12,"resource/assets/ui/uiimage/img_clothse1004.png":12,"resource/assets/ui/uiimage/img_clothse1005.png":12,"resource/assets/ui/uiimage/img_dakuannan.png":13,"resource/assets/ui/uiimage/img_huainv1.png":13,"resource/assets/ui/uiimage/img_huainv2.png":14,"resource/assets/ui/uiimage/img_huainv3.png":12,"resource/assets/ui/uiimage/img_lingju.png":13,"resource/assets/ui/uiimage/img_loading1.png":11,"resource/assets/ui/uiimage/img_loading10.png":11,"resource/assets/ui/uiimage/img_loading11.png":11,"resource/assets/ui/uiimage/img_loading12.png":11,"resource/assets/ui/uiimage/img_loading2.png":11,"resource/assets/ui/uiimage/img_loading3.png":11,"resource/assets/ui/uiimage/img_loading4.png":11,"resource/assets/ui/uiimage/img_loading5.png":11,"resource/assets/ui/uiimage/img_loading6.png":11,"resource/assets/ui/uiimage/img_loading7.png":11,"resource/assets/ui/uiimage/img_loading8.png":11,"resource/assets/ui/uiimage/img_loading9.png":11,"resource/assets/ui/uiimage/img_shangdainnv.png":13,"resource/assets/ui/uiimage/img_shouhuoyuan.png":13,"resource/assets/ui/uiimage/img_zhichangnan.png":12,"resource/assets/ui/uiimage/img_zuanshitu01.png":11,"resource/assets/ui/uiimage/jiaju_10101.png":11,"resource/assets/ui/uiimage/jiaju_10102.png":11,"resource/assets/ui/uiimage/jiaju_10103.png":11,"resource/assets/ui/uiimage/jiaju_10104.png":11,"resource/assets/ui/uiimage/jiaju_10105.png":11,"resource/assets/ui/uiimage/jiaju_10106.png":11,"resource/assets/ui/uiimage/jiaju_10107.png":11,"resource/assets/ui/uiimage/jiaju_10108.png":11,"resource/assets/ui/uiimage/jiaju_10109.png":11,"resource/assets/ui/uiimage/jiaju_10110.png":11,"resource/assets/ui/uiimage/jiaju_10110_1.png":11,"resource/assets/ui/uiimage/jiaju_10110_2.png":11,"resource/assets/ui/uiimage/jiaju_10201.png":11,"resource/assets/ui/uiimage/jiaju_10202.png":11,"resource/assets/ui/uiimage/jiaju_10203.png":11,"resource/assets/ui/uiimage/jiaju_10204.png":11,"resource/assets/ui/uiimage/jiaju_10205.png":11,"resource/assets/ui/uiimage/jiaju_10206.png":11,"resource/assets/ui/uiimage/jiaju_10207.png":11,"resource/assets/ui/uiimage/jiaju_10208.png":11,"resource/assets/ui/uiimage/jiaju_10209.png":11,"resource/assets/ui/uiimage/jiaju_10210.png":11,"resource/assets/ui/uiimage/jiaju_10210_1.png":11,"resource/assets/ui/uiimage/jiaju_10210_2.png":11,"resource/assets/ui/uiimage/jiaju_10301.png":11,"resource/assets/ui/uiimage/jiaju_10302.png":11,"resource/assets/ui/uiimage/jiaju_10303.png":11,"resource/assets/ui/uiimage/jiaju_10304.png":11,"resource/assets/ui/uiimage/jiaju_10305.png":11,"resource/assets/ui/uiimage/jiaju_10306.png":11,"resource/assets/ui/uiimage/jiaju_10307.png":11,"resource/assets/ui/uiimage/jiaju_10308.png":11,"resource/assets/ui/uiimage/jiaju_10309.png":11,"resource/assets/ui/uiimage/jiaju_10310.png":11,"resource/assets/ui/uiimage/jiaju_10311.png":11,"resource/assets/ui/uiimage/jiaju_10311_1.png":11,"resource/assets/ui/uiimage/jiaju_10311_2.png":11,"resource/assets/ui/uiimage/jiaju_10401.png":11,"resource/assets/ui/uiimage/jiaju_10402.png":11,"resource/assets/ui/uiimage/jiaju_10403.png":11,"resource/assets/ui/uiimage/jiaju_10404.png":11,"resource/assets/ui/uiimage/jiaju_10405.png":11,"resource/assets/ui/uiimage/jiaju_10406.png":11,"resource/assets/ui/uiimage/jiaju_10407.png":11,"resource/assets/ui/uiimage/jiaju_10408.png":11,"resource/assets/ui/uiimage/jiaju_10409.png":11,"resource/assets/ui/uiimage/jiaju_10410.png":11,"resource/assets/ui/uiimage/jiaju_10411.png":11,"resource/assets/ui/uiimage/jiaju_10412.png":11,"resource/assets/ui/uiimage/jiaju_10413.png":11,"resource/assets/ui/uiimage/jiaju_10414.png":11,"resource/assets/ui/uiimage/jiaju_10415.png":11,"resource/assets/ui/uiimage/jiaju_10415_1.png":11,"resource/assets/ui/uiimage/jiaju_10415_2.png":11,"resource/assets/ui/uiimage/jiaju_10501.png":11,"resource/assets/ui/uiimage/jiaju_10502.png":11,"resource/assets/ui/uiimage/jiaju_10503.png":11,"resource/assets/ui/uiimage/jiaju_10504.png":11,"resource/assets/ui/uiimage/jiaju_10505.png":11,"resource/assets/ui/uiimage/jiaju_10506.png":11,"resource/assets/ui/uiimage/jiaju_10507.png":11,"resource/assets/ui/uiimage/jiaju_10508.png":11,"resource/assets/ui/uiimage/jiaju_10509.png":11,"resource/assets/ui/uiimage/jiaju_10510.png":11,"resource/assets/ui/uiimage/jiaju_10511.png":11,"resource/assets/ui/uiimage/jiaju_10512.png":11,"resource/assets/ui/uiimage/jiaju_10513.png":11,"resource/assets/ui/uiimage/jiaju_10513_1.png":11,"resource/assets/ui/uiimage/jiaju_10513_2.png":11,"resource/assets/ui/uiimage/jiaju_10601.png":11,"resource/assets/ui/uiimage/jiaju_10602.png":11,"resource/assets/ui/uiimage/jiaju_10603.png":11,"resource/assets/ui/uiimage/jiaju_10604.png":11,"resource/assets/ui/uiimage/jiaju_10605.png":11,"resource/assets/ui/uiimage/jiaju_10606.png":11,"resource/assets/ui/uiimage/jiaju_10606_1.png":11,"resource/assets/ui/uiimage/jiaju_10701.png":11,"resource/assets/ui/uiimage/jiaju_10702.png":11,"resource/assets/ui/uiimage/jiaju_10703.png":11,"resource/assets/ui/uiimage/jiaju_10704.png":11,"resource/assets/ui/uiimage/jiaju_10705.png":11,"resource/assets/ui/uiimage/jiaju_10706.png":11,"resource/assets/ui/uiimage/jiaju_10707.png":11,"resource/assets/ui/uiimage/jiaju_10708.png":11,"resource/assets/ui/uiimage/jiaju_10708_1.png":11,"resource/assets/ui/uiimage/jiaju_10801.png":11,"resource/assets/ui/uiimage/jiaju_10802.png":11,"resource/assets/ui/uiimage/jiaju_10803.png":11,"resource/assets/ui/uiimage/jiaju_10804.png":11,"resource/assets/ui/uiimage/jiaju_10805.png":11,"resource/assets/ui/uiimage/jiaju_10806.png":11,"resource/assets/ui/uiimage/jiaju_10807.png":11,"resource/assets/ui/uiimage/jiaju_10808.png":11,"resource/assets/ui/uiimage/jiaju_10809.png":11,"resource/assets/ui/uiimage/jiaju_10901.png":11,"resource/assets/ui/uiimage/jiaju_10902.png":11,"resource/assets/ui/uiimage/jiaju_10903.png":11,"resource/assets/ui/uiimage/jiaju_11001.png":11,"resource/assets/ui/uiimage/jiaju_11002.png":11,"resource/assets/ui/uiimage/jiaju_11003.png":11,"resource/assets/ui/uiimage/jiaju_11004.png":11,"resource/assets/ui/uiimage/jiaju_11005.png":11,"resource/assets/ui/uiimage/jiaju_11006.png":11,"resource/assets/ui/uiimage/jiaju_11007.png":11,"resource/assets/ui/uiimage/jiaju_11008.png":11,"resource/assets/ui/uiimage/jiaju_1104.png":11,"resource/assets/ui/uiimage/jiaju_11101.png":11,"resource/assets/ui/uiimage/jiaju_11102.png":11,"resource/assets/ui/uiimage/jiaju_11103.png":11,"resource/assets/ui/uiimage/jiaju_11105.png":11,"resource/assets/ui/uiimage/jiaju_11106.png":11,"resource/assets/ui/uiimage/jiaju_11107.png":11,"resource/assets/ui/uiimage/jiaju_11108.png":11,"resource/assets/ui/uiimage/jiaju_11109.png":11,"resource/assets/ui/uiimage/jiaju_11110.png":11,"resource/assets/ui/uiimage/jiaju_11201.png":11,"resource/assets/ui/uiimage/jiaju_11202.png":11,"resource/assets/ui/uiimage/jiaju_11203.png":11,"resource/assets/ui/uiimage/jiaju_11204.png":11,"resource/assets/ui/uiimage/jiaju_11301.png":11,"resource/assets/ui/uiimage/jiaju_11302.png":11,"resource/assets/ui/uiimage/jiaju_11303.png":11,"resource/assets/ui/uiimage/jiaju_11304.png":11,"resource/assets/ui/uiimage/jiaju_11305.png":11,"resource/assets/ui/uiimage/jiaju_11306.png":11,"resource/assets/ui/uiimage/jiaju_11307.png":11,"resource/assets/ui/uiimage/jiaju_11308.png":11,"resource/assets/ui/uiimage/jiaju_11309.png":11,"resource/assets/ui/uiimage/jiaju_11310.png":11,"resource/assets/ui/uiimage/jiaju_11311.png":11,"resource/assets/ui/uiimage/jiaju_11312.png":11,"resource/assets/ui/uiimage/jiaju_11401.png":11,"resource/assets/ui/uiimage/jiaju_11402.png":11,"resource/assets/ui/uiimage/jiaju_11403.png":11,"resource/assets/ui/uiimage/jiaju_11404.png":11,"resource/assets/ui/uiimage/jiaju_11405.png":11,"resource/assets/ui/uiimage/jiaju_11406.png":11,"resource/assets/ui/uiimage/jiaju_11407.png":11,"resource/assets/ui/uiimage/jiaju_11408.png":11,"resource/assets/ui/uiimage/npc_icon_001.png":12,"resource/assets/ui/uiimage/obj_0.png":12,"resource/assets/ui/uiimage/obj_1.png":17,"resource/assets/ui/uiimage/obj_100001.png":12,"resource/assets/ui/uiimage/obj_100002.png":12,"resource/assets/ui/uiimage/obj_100003.png":12,"resource/assets/ui/uiimage/obj_100004.png":12,"resource/assets/ui/uiimage/obj_100005.png":12,"resource/assets/ui/uiimage/obj_100101.png":11,"resource/assets/ui/uiimage/obj_100102.png":11,"resource/assets/ui/uiimage/obj_100103.png":11,"resource/assets/ui/uiimage/obj_1001101.png":12,"resource/assets/ui/uiimage/obj_1001102.png":12,"resource/assets/ui/uiimage/obj_1001103.png":12,"resource/assets/ui/uiimage/obj_1001104.png":12,"resource/assets/ui/uiimage/obj_1001301.png":12,"resource/assets/ui/uiimage/obj_1001302.png":12,"resource/assets/ui/uiimage/obj_1001303.png":12,"resource/assets/ui/uiimage/obj_1001304.png":12,"resource/assets/ui/uiimage/obj_1001305.png":12,"resource/assets/ui/uiimage/obj_1001306.png":12,"resource/assets/ui/uiimage/obj_1001307.png":12,"resource/assets/ui/uiimage/obj_1001308.png":12,"resource/assets/ui/uiimage/obj_1001309.png":12,"resource/assets/ui/uiimage/obj_1002101.png":12,"resource/assets/ui/uiimage/obj_1002102.png":12,"resource/assets/ui/uiimage/obj_1002103.png":12,"resource/assets/ui/uiimage/obj_1002104.png":12,"resource/assets/ui/uiimage/obj_1002301.png":12,"resource/assets/ui/uiimage/obj_1002302.png":12,"resource/assets/ui/uiimage/obj_1002303.png":12,"resource/assets/ui/uiimage/obj_1002304.png":12,"resource/assets/ui/uiimage/obj_1002305.png":12,"resource/assets/ui/uiimage/obj_1002306.png":12,"resource/assets/ui/uiimage/obj_1002307.png":12,"resource/assets/ui/uiimage/obj_1002308.png":12,"resource/assets/ui/uiimage/obj_1002309.png":12,"resource/assets/ui/uiimage/obj_1003101.png":12,"resource/assets/ui/uiimage/obj_1003102.png":12,"resource/assets/ui/uiimage/obj_1003103.png":12,"resource/assets/ui/uiimage/obj_1003104.png":12,"resource/assets/ui/uiimage/obj_1003301.png":12,"resource/assets/ui/uiimage/obj_1003302.png":12,"resource/assets/ui/uiimage/obj_1003303.png":12,"resource/assets/ui/uiimage/obj_1003304.png":12,"resource/assets/ui/uiimage/obj_1003305.png":12,"resource/assets/ui/uiimage/obj_1003306.png":12,"resource/assets/ui/uiimage/obj_1003307.png":12,"resource/assets/ui/uiimage/obj_1003308.png":12,"resource/assets/ui/uiimage/obj_1003309.png":12,"resource/assets/ui/uiimage/obj_1004101.png":12,"resource/assets/ui/uiimage/obj_1004102.png":12,"resource/assets/ui/uiimage/obj_1004103.png":12,"resource/assets/ui/uiimage/obj_1004104.png":12,"resource/assets/ui/uiimage/obj_1004301.png":12,"resource/assets/ui/uiimage/obj_1004302.png":12,"resource/assets/ui/uiimage/obj_1004303.png":12,"resource/assets/ui/uiimage/obj_1004304.png":12,"resource/assets/ui/uiimage/obj_1004305.png":12,"resource/assets/ui/uiimage/obj_1004306.png":12,"resource/assets/ui/uiimage/obj_1004307.png":12,"resource/assets/ui/uiimage/obj_1004308.png":12,"resource/assets/ui/uiimage/obj_1004309.png":12,"resource/assets/ui/uiimage/obj_1005101.png":12,"resource/assets/ui/uiimage/obj_1005102.png":12,"resource/assets/ui/uiimage/obj_1005103.png":12,"resource/assets/ui/uiimage/obj_1005104.png":12,"resource/assets/ui/uiimage/obj_1005301.png":12,"resource/assets/ui/uiimage/obj_1005302.png":12,"resource/assets/ui/uiimage/obj_1005303.png":12,"resource/assets/ui/uiimage/obj_1005304.png":12,"resource/assets/ui/uiimage/obj_1005305.png":12,"resource/assets/ui/uiimage/obj_1005306.png":12,"resource/assets/ui/uiimage/obj_1005307.png":12,"resource/assets/ui/uiimage/obj_1005308.png":12,"resource/assets/ui/uiimage/obj_1005309.png":12,"resource/assets/ui/uiimage/obj_1006101.png":12,"resource/assets/ui/uiimage/obj_1006102.png":12,"resource/assets/ui/uiimage/obj_1006103.png":12,"resource/assets/ui/uiimage/obj_1006104.png":12,"resource/assets/ui/uiimage/obj_1006301.png":12,"resource/assets/ui/uiimage/obj_1006302.png":12,"resource/assets/ui/uiimage/obj_1006303.png":12,"resource/assets/ui/uiimage/obj_1006304.png":12,"resource/assets/ui/uiimage/obj_1006305.png":12,"resource/assets/ui/uiimage/obj_1006306.png":12,"resource/assets/ui/uiimage/obj_1006307.png":12,"resource/assets/ui/uiimage/obj_1006308.png":12,"resource/assets/ui/uiimage/obj_1006309.png":12,"resource/assets/ui/uiimage/obj_1007101.png":11,"resource/assets/ui/uiimage/obj_1007102.png":11,"resource/assets/ui/uiimage/obj_1007103.png":11,"resource/assets/ui/uiimage/obj_1007104.png":11,"resource/assets/ui/uiimage/obj_1007301.png":11,"resource/assets/ui/uiimage/obj_1007302.png":11,"resource/assets/ui/uiimage/obj_1007303.png":11,"resource/assets/ui/uiimage/obj_1007304.png":11,"resource/assets/ui/uiimage/obj_1007305.png":11,"resource/assets/ui/uiimage/obj_1007306.png":11,"resource/assets/ui/uiimage/obj_1007307.png":11,"resource/assets/ui/uiimage/obj_1007308.png":11,"resource/assets/ui/uiimage/obj_1007309.png":11,"resource/assets/ui/uiimage/obj_1008101.png":11,"resource/assets/ui/uiimage/obj_1008102.png":11,"resource/assets/ui/uiimage/obj_1008103.png":11,"resource/assets/ui/uiimage/obj_1008104.png":11,"resource/assets/ui/uiimage/obj_1008301.png":11,"resource/assets/ui/uiimage/obj_1008302.png":11,"resource/assets/ui/uiimage/obj_1008303.png":11,"resource/assets/ui/uiimage/obj_1008304.png":11,"resource/assets/ui/uiimage/obj_1008305.png":11,"resource/assets/ui/uiimage/obj_1008306.png":11,"resource/assets/ui/uiimage/obj_1008307.png":11,"resource/assets/ui/uiimage/obj_1008308.png":11,"resource/assets/ui/uiimage/obj_1008309.png":11,"resource/assets/ui/uiimage/obj_1009101.png":11,"resource/assets/ui/uiimage/obj_1009102.png":11,"resource/assets/ui/uiimage/obj_1009103.png":11,"resource/assets/ui/uiimage/obj_1009104.png":11,"resource/assets/ui/uiimage/obj_1009301.png":11,"resource/assets/ui/uiimage/obj_1009302.png":11,"resource/assets/ui/uiimage/obj_1009303.png":11,"resource/assets/ui/uiimage/obj_1009304.png":11,"resource/assets/ui/uiimage/obj_1009305.png":11,"resource/assets/ui/uiimage/obj_1009306.png":11,"resource/assets/ui/uiimage/obj_1009307.png":11,"resource/assets/ui/uiimage/obj_1009308.png":11,"resource/assets/ui/uiimage/obj_1009309.png":11,"resource/assets/ui/uiimage/obj_1010101.png":11,"resource/assets/ui/uiimage/obj_1010102.png":11,"resource/assets/ui/uiimage/obj_1010103.png":11,"resource/assets/ui/uiimage/obj_1010104.png":11,"resource/assets/ui/uiimage/obj_1010301.png":11,"resource/assets/ui/uiimage/obj_1010302.png":11,"resource/assets/ui/uiimage/obj_1010303.png":11,"resource/assets/ui/uiimage/obj_1010304.png":11,"resource/assets/ui/uiimage/obj_1010305.png":11,"resource/assets/ui/uiimage/obj_1010306.png":11,"resource/assets/ui/uiimage/obj_1010307.png":11,"resource/assets/ui/uiimage/obj_1010308.png":11,"resource/assets/ui/uiimage/obj_1010309.png":11,"resource/assets/ui/uiimage/obj_11.png":12,"resource/assets/ui/uiimage/obj_12.png":12,"resource/assets/ui/uiimage/obj_13.png":12,"resource/assets/ui/uiimage/obj_14.png":12,"resource/assets/ui/uiimage/obj_15.png":11,"resource/assets/ui/uiimage/obj_5.png":13,"resource/assets/ui/uiimage/obj_6.png":11,"resource/assets/ui/uiimage/obj_clothes1001.png":11,"resource/assets/ui/uiimage/obj_clothes1002.png":11,"resource/assets/ui/uiimage/obj_clothes1003.png":11,"resource/assets/ui/uiimage/obj_clothes1004.png":11,"resource/assets/ui/uiimage/obj_clothes1005.png":11,"resource/assets/ui/uiimage/obj_clothes1007.png":11,"resource/assets/ui/uiimage/obj_clothes1008.png":11,"resource/assets/ui/uiimage/obj_clothes1009.png":11,"resource/assets/ui/uiimage/obj_clothes1010.png":11,"resource/assets/ui/uiimage/obj_jacket_0001.png":11,"resource/assets/ui/uiimage/questbg_1.png":13,"resource/assets/ui/uiimage/rukou_bing.png":11,"resource/assets/ui/uiimage/rukou_binglei.png":11,"resource/assets/ui/uiimage/rukou_caihongqiu.png":11,"resource/assets/ui/uiimage/rukou_dianzi.png":11,"resource/assets/ui/uiimage/rukou_feiji.png":11,"resource/assets/ui/uiimage/rukou_huojian.png":11,"resource/assets/ui/uiimage/rukou_qiuqiu.png":11,"resource/assets/ui/uiimage/rukou_xigua.png":11,"resource/assets/ui/uiimage/rukou_zhadan.png":11,"resource/assets/ui/uiimage/shadow.png":12,"resource/assets/ui/uiimage/sitijiao.png":13,"resource/assets/ui/uiimage/texiao01.png":12,"resource/assets/ui/uiimage/texiao02.png":12,"resource/assets/ui/uiimage/texiao03.png":11,"resource/assets/ui/uiimage/xingongneng_01.png":11,"resource/assets/ui/uiimage/xingongneng_02.png":11,"resource/assets/ui/uiimage/xingongneng_03.png":11,"resource/assets/ui/uiimage/xingongneng_04.png":11,"resource/assets/ui/uiimage/xingongneng_05.png":11,"resource/assets/ui/uiimage/xingongneng_06.png":11,"resource/assets/ui/uiimage/xingongneng_07.png":11,"resource/assets/ui/uiimage/xingongneng_08.png":11,"resource/assets/ui/uiimage/xingongneng_09.png":11,"resource/assets/ui/uipacks/checkbox.json":14,"resource/assets/ui/uipacks/checkbox.png":14,"resource/assets/ui/uipacks/chongzhi.json":40,"resource/assets/ui/uipacks/chongzhi.png":52,"resource/assets/ui/uipacks/common.json":96,"resource/assets/ui/uipacks/common.png":116,"resource/assets/ui/uipacks/cover.json":40,"resource/assets/ui/uipacks/cover.png":55,"resource/assets/ui/uipacks/createhero.json":27,"resource/assets/ui/uipacks/createhero.png":35,"resource/assets/ui/uipacks/fashion.json":16,"resource/assets/ui/uipacks/fashion.png":32,"resource/assets/ui/uipacks/floor.json":22,"resource/assets/ui/uipacks/floor.png":37,"resource/assets/ui/uipacks/friend.json":15,"resource/assets/ui/uipacks/friend.png":15,"resource/assets/ui/uipacks/funbtn.json":23,"resource/assets/ui/uipacks/funbtn.png":38,"resource/assets/ui/uipacks/furniture.json":13,"resource/assets/ui/uipacks/furniture.png":13,"resource/assets/ui/uipacks/gridbg.json":14,"resource/assets/ui/uipacks/gridbg.png":14,"resource/assets/ui/uipacks/jiesuan.json":15,"resource/assets/ui/uipacks/jiesuan.png":31,"resource/assets/ui/uipacks/loading.json":14,"resource/assets/ui/uipacks/loading.png":15,"resource/assets/ui/uipacks/m3bottom.json":15,"resource/assets/ui/uipacks/m3bottom.png":31,"resource/assets/ui/uipacks/m3top.json":18,"resource/assets/ui/uipacks/m3top.png":35,"resource/assets/ui/uipacks/piece.json":24,"resource/assets/ui/uipacks/piece.png":38,"resource/assets/ui/uipacks/prop.json":19,"resource/assets/ui/uipacks/prop.png":35,"resource/assets/ui/uipacks/qiandao.json":14,"resource/assets/ui/uipacks/qiandao.png":30,"resource/assets/ui/uipacks/quest.json":17,"resource/assets/ui/uipacks/quest.png":33,"resource/assets/ui/uipacks/radiobutton.json":11,"resource/assets/ui/uipacks/radiobutton.png":13,"resource/assets/ui/uipacks/rank.json":12,"resource/assets/ui/uipacks/rank.png":13,"resource/assets/ui/uipacks/wardrobe.json":12,"resource/assets/ui/uipacks/wardrobe.png":28,"resource/assets/ui/uipacks/warpgate.json":14,"resource/assets/ui/uipacks/warpgate.png":15,"resource/assets/ui/uipacks/zhuanpan.json":17,"resource/assets/ui/uipacks/zhuanpan.png":32,"resource/config/db.zip":33,"resource/config/effect.zip":73,"resource/config/model.zip":80,"resource/config/pass.zip":96,"resource/config/stop.zip":32,"resource/config/table.zip":466,"resource/config/xml.zip":477,"resource/default.res.json":155,"resource/resource.zip":181,"resource/sound/addLife.mp3":11,"resource/sound/airplane.mp3":11,"resource/sound/bomb.mp3":11,"resource/sound/clickBtn.mp3":11,"resource/sound/composeProp.mp3":11,"resource/sound/coverBox.mp3":11,"resource/sound/coverCherry.mp3":11,"resource/sound/coverCooky.mp3":11,"resource/sound/coverDangban.mp3":11,"resource/sound/coverDiaoXiang.mp3":11,"resource/sound/coverFragment.mp3":12,"resource/sound/coverFruitDisc.mp3":11,"resource/sound/coverHeTao.mp3":11,"resource/sound/coverIceBombClean.mp3":11,"resource/sound/coverIceBombburst.mp3":11,"resource/sound/coverJelly.mp3":11,"resource/sound/coverPaomo.mp3":11,"resource/sound/coverTTQ.mp3":11,"resource/sound/coverVBubble.mp3":11,"resource/sound/evaluate1_good.mp3":11,"resource/sound/evaluate2_great.mp3":11,"resource/sound/evaluate3_perfect.mp3":11,"resource/sound/evaluate4_amazing.mp3":11,"resource/sound/evaluate5_unbelievable.mp3":11,"resource/sound/evaluate_lianxiao.mp3":11,"resource/sound/floorGrassland.mp3":11,"resource/sound/floorOli.mp3":11,"resource/sound/furnitureLevelup.mp3":12,"resource/sound/mainbg.mp3":16,"resource/sound/match3bg.mp3":11,"resource/sound/money.mp3":11,"resource/sound/passComplete.mp3":11,"resource/sound/pieceClear.mp3":12,"resource/sound/pieceMoveFail.mp3":11,"resource/sound/pieceMoveSuccess.mp3":11,"resource/sound/rainbowball.mp3":11,"resource/sound/rocket.mp3":11,"resource/sound/taskComplete.mp3":11,"resource/sound/windblows.mp3":11,"resource/sound/zhuanpan.mp3":11}