{"frames":[{"frame":{"h":339,"w":537,"x":1105,"y":696},"rotated":false,"sx":5,"sy":21},{"frame":{"h":345,"w":550,"x":1105,"y":349},"rotated":false,"sx":0,"sy":21},{"frame":{"h":346,"w":550,"x":1105,"y":1},"rotated":false,"sx":0,"sy":20},{"frame":{"h":366,"w":550,"x":1,"y":1},"rotated":false,"sx":0,"sy":0},{"frame":{"h":352,"w":550,"x":553,"y":1},"rotated":false,"sx":0,"sy":14},{"frame":{"h":352,"w":550,"x":553,"y":355},"rotated":false,"sx":0,"sy":14},{"frame":{"h":352,"w":550,"x":1,"y":369},"rotated":false,"sx":0,"sy":14},{"frame":{"h":352,"w":550,"x":553,"y":709},"rotated":false,"sx":0,"sy":14},{"frame":{"h":350,"w":549,"x":1,"y":723},"rotated":false,"sx":0,"sy":15},{"frame":{"h":338,"w":538,"x":1105,"y":1037},"rotated":false,"sx":4,"sy":19},{"frame":{"h":302,"w":482,"x":552,"y":1063},"rotated":false,"sx":23,"sy":57},{"frame":{"h":284,"w":435,"x":1,"y":1075},"rotated":false,"sx":42,"sy":73}],"sh":400,"sw":550}