{"frames":[{"frame":{"h":76,"w":78,"x":1,"y":242},"rotated":false,"sx":0,"sy":2},{"frame":{"h":76,"w":78,"x":160,"y":161},"rotated":false,"sx":0,"sy":2},{"frame":{"h":77,"w":77,"x":161,"y":239},"rotated":false,"sx":1,"sy":2},{"frame":{"h":78,"w":76,"x":162,"y":1},"rotated":false,"sx":2,"sy":2},{"frame":{"h":79,"w":78,"x":82,"y":1},"rotated":false,"sx":1,"sy":1},{"frame":{"h":79,"w":78,"x":1,"y":81},"rotated":false,"sx":2,"sy":1},{"frame":{"h":77,"w":78,"x":81,"y":82},"rotated":false,"sx":2,"sy":1},{"frame":{"h":77,"w":78,"x":80,"y":162},"rotated":false,"sx":2,"sy":1},{"frame":{"h":78,"w":79,"x":1,"y":1},"rotated":false,"sx":1,"sy":0},{"frame":{"h":78,"w":76,"x":162,"y":81},"rotated":false,"sx":2,"sy":0},{"frame":{"h":78,"w":77,"x":1,"y":162},"rotated":false,"sx":1,"sy":0},{"frame":{"h":77,"w":78,"x":81,"y":241},"rotated":false,"sx":0,"sy":1}],"sh":80,"sw":80}