{"frames":[{"frame":{"h":73,"w":100,"x":81,"y":68},"rotated":false,"sx":11,"sy":11},{"frame":{"h":93,"w":121,"x":347,"y":162},"rotated":false,"sx":0,"sy":1},{"frame":{"h":92,"w":119,"x":226,"y":159},"rotated":false,"sx":1,"sy":2},{"frame":{"h":83,"w":108,"x":279,"y":74},"rotated":false,"sx":5,"sy":6},{"frame":{"h":78,"w":94,"x":183,"y":71},"rotated":false,"sx":11,"sy":13},{"frame":{"h":74,"w":81,"x":402,"y":1},"rotated":false,"sx":17,"sy":20},{"frame":{"h":71,"w":76,"x":324,"y":1},"rotated":false,"sx":20,"sy":21},{"frame":{"h":61,"w":50,"x":97,"y":1},"rotated":false,"sx":36,"sy":27},{"frame":{"h":68,"w":64,"x":258,"y":1},"rotated":false,"sx":29,"sy":24},{"frame":{"h":74,"w":78,"x":1,"y":60},"rotated":false,"sx":22,"sy":22},{"frame":{"h":83,"w":91,"x":389,"y":77},"rotated":false,"sx":16,"sy":17},{"frame":{"h":87,"w":104,"x":1,"y":143},"rotated":false,"sx":9,"sy":17},{"frame":{"h":88,"w":117,"x":107,"y":151},"rotated":false,"sx":3,"sy":19},{"frame":{"h":57,"w":94,"x":1,"y":1},"rotated":false,"sx":14,"sy":44},{"frame":{"h":65,"w":107,"x":149,"y":1},"rotated":false,"sx":8,"sy":40}],"sh":109,"sw":121}