{"frames":[{"frame":{"h":54,"w":65,"x":425,"y":1},"rotated":false,"sx":4,"sy":15},{"frame":{"h":54,"w":68,"x":145,"y":1},"rotated":false,"sx":2,"sy":15},{"frame":{"h":54,"w":68,"x":215,"y":1},"rotated":false,"sx":2,"sy":15},{"frame":{"h":54,"w":65,"x":492,"y":1},"rotated":false,"sx":4,"sy":15},{"frame":{"h":54,"w":70,"x":1,"y":1},"rotated":false,"sx":1,"sy":15},{"frame":{"h":54,"w":65,"x":559,"y":1},"rotated":false,"sx":4,"sy":15},{"frame":{"h":54,"w":68,"x":285,"y":1},"rotated":false,"sx":2,"sy":15},{"frame":{"h":54,"w":68,"x":355,"y":1},"rotated":false,"sx":2,"sy":15},{"frame":{"h":54,"w":65,"x":626,"y":1},"rotated":false,"sx":4,"sy":15},{"frame":{"h":54,"w":70,"x":73,"y":1},"rotated":false,"sx":1,"sy":15}],"sh":72,"sw":72}