{"frames":[{"frame":{"h":95,"w":95,"x":1208,"y":1},"rotated":false,"sx":55,"sy":55},{"frame":{"h":164,"w":168,"x":1038,"y":1},"rotated":false,"sx":18,"sy":20},{"frame":{"h":171,"w":175,"x":350,"y":1},"rotated":false,"sx":16,"sy":17},{"frame":{"h":173,"w":172,"x":176,"y":1},"rotated":false,"sx":19,"sy":17},{"frame":{"h":174,"w":173,"x":1,"y":1},"rotated":false,"sx":19,"sy":17},{"frame":{"h":170,"w":171,"x":527,"y":1},"rotated":false,"sx":20,"sy":21},{"frame":{"h":168,"w":171,"x":700,"y":1},"rotated":false,"sx":20,"sy":23},{"frame":{"h":166,"w":163,"x":873,"y":1},"rotated":false,"sx":20,"sy":25}],"sh":206,"sw":206}