{"frames":[{"frame":{"h":106,"w":105,"x":1190,"y":1},"rotated":false,"sx":33,"sy":28},{"frame":{"h":161,"w":157,"x":1031,"y":1},"rotated":false,"sx":8,"sy":1},{"frame":{"h":172,"w":172,"x":1,"y":1},"rotated":false,"sx":0,"sy":0},{"frame":{"h":172,"w":172,"x":175,"y":1},"rotated":false,"sx":0,"sy":0},{"frame":{"h":172,"w":172,"x":349,"y":1},"rotated":false,"sx":0,"sy":0},{"frame":{"h":172,"w":170,"x":523,"y":1},"rotated":false,"sx":1,"sy":0},{"frame":{"h":171,"w":167,"x":695,"y":1},"rotated":false,"sx":2,"sy":0},{"frame":{"h":166,"w":165,"x":864,"y":1},"rotated":false,"sx":4,"sy":6}],"sh":172,"sw":172}