{"frames":[{"frame":{"h":135,"w":138,"x":1195,"y":1},"rotated":false,"sx":19,"sy":14},{"frame":{"h":167,"w":165,"x":864,"y":1},"rotated":false,"sx":4,"sy":1},{"frame":{"h":172,"w":170,"x":350,"y":1},"rotated":false,"sx":3,"sy":0},{"frame":{"h":173,"w":172,"x":176,"y":1},"rotated":false,"sx":1,"sy":0},{"frame":{"h":173,"w":173,"x":1,"y":1},"rotated":false,"sx":1,"sy":1},{"frame":{"h":171,"w":171,"x":522,"y":1},"rotated":false,"sx":2,"sy":3},{"frame":{"h":168,"w":167,"x":695,"y":1},"rotated":false,"sx":6,"sy":6},{"frame":{"h":164,"w":162,"x":1031,"y":1},"rotated":false,"sx":9,"sy":10}],"sh":174,"sw":174}