{
	"skins": {
		"eui.Button": "resource/eui_skins/ButtonSkin.exml",
		"eui.CheckBox": "resource/eui_skins/CheckBoxSkin.exml",
		"eui.HScrollBar": "resource/eui_skins/HScrollBarSkin.exml",
		"eui.HSlider": "resource/eui_skins/HSliderSkin.exml",
		"eui.Panel": "resource/eui_skins/PanelSkin.exml",
		"eui.TextInput": "resource/eui_skins/TextInputSkin.exml",
		"eui.ProgressBar": "resource/eui_skins/ProgressBarSkin.exml",
		"eui.RadioButton": "resource/eui_skins/RadioButtonSkin.exml",
		"eui.Scroller": "resource/eui_skins/ScrollerSkin.exml",
		"eui.ToggleSwitch": "resource/eui_skins/ToggleSwitchSkin.exml",
		"eui.VScrollBar": "resource/eui_skins/VScrollBarSkin.exml",
		"eui.VSlider": "resource/eui_skins/VSliderSkin.exml",
		"eui.ItemRenderer": "resource/eui_skins/ItemRendererSkin.exml"
	},
	"autoGenerateExmlsList": true,
	"exmls": [
		"resource/eui_skins/ButtonSkin.exml",
		"resource/eui_skins/CheckBoxSkin.exml",
		"resource/eui_skins/HScrollBarSkin.exml",
		"resource/eui_skins/HSliderSkin.exml",
		"resource/eui_skins/ItemRendererSkin.exml",
		"resource/eui_skins/PanelSkin.exml",
		"resource/eui_skins/ProgressBarSkin.exml",
		"resource/eui_skins/RadioButtonSkin.exml",
		"resource/eui_skins/ScrollerSkin.exml",
		"resource/eui_skins/TextInputSkin.exml",
		"resource/eui_skins/ToggleSwitchSkin.exml",
		"resource/eui_skins/VScrollBarSkin.exml",
		"resource/eui_skins/VSliderSkin.exml",
		"resource/skins/common/ButtonUnderlineSkin.exml",
		"resource/skins/common/CircleTimerSkin.exml",
		"resource/skins/common/MapPreviweBtnSkin.exml",
		"resource/skins/common/StarsPanelSkin.exml",
		"resource/skins/ExamInfoSkin.exml",
		"resource/skins/ExamSkin.exml",
		"resource/skins/FuncBtnSkin.exml",
		"resource/skins/FunctionIconsBottomSkin.exml",
		"resource/skins/FunctionIconsTopSkin.exml",
		"resource/skins/GetObjSkin.exml",
		"resource/skins/GmLogMessageSkin.exml",
		"resource/skins/GmSkin.exml",
		"resource/skins/GuideArrowDescSkin.exml",
		"resource/skins/GuideArrowSkin.exml",
		"resource/skins/GuideDescSkin.exml",
		"resource/skins/GuideFingerSkin.exml",
		"resource/skins/LobbySkin.exml",
		"resource/skins/LoginInnerSkin.exml",
		"resource/skins/LoginOutnetPlayerSkin.exml",
		"resource/skins/LoginWXAuthorizeSkin.exml",
		"resource/skins/NetConnectCloseSkin.exml",
		"resource/skins/ObjItemSkin.exml",
		"resource/skins/objTipsSkin.exml",
		"resource/skins/RankSkin.exml",
		"resource/skins/SettingsItemSkin.exml",
		"resource/skins/SettingsSkin.exml",
		"resource/skins/StudySkin.exml",
		"resource/skins/SysDialogPromptSkin.exml"
	],
	"path": "resource/default.thm.json"
}