{
	"preload":{
		"StarsPanelSkin" : "resource/skins/common/StarsPanelSkin.exml"
	},

	"others" :{
		"skins.ButtonSkin" : "resource/eui_skins/ButtonSkin.exml",
		"skins.CheckBoxSkin" : "resource/eui_skins/CheckBoxSkin.exml",
		"skins.HScrollBarSkin" : "resource/eui_skins/HScrollBarSkin.exml",
		"skins.HSliderSkin" : "resource/eui_skins/HSliderSkin.exml",
		"skins.ItemRendererSkin" : "resource/eui_skins/ItemRendererSkin.exml",
		"skins.PanelSkin" : "resource/eui_skins/PanelSkin.exml",
		"skins.ProgressBarSkin" : "resource/eui_skins/ProgressBarSkin.exml",
		"skins.RadioButtonSkin" : "resource/eui_skins/RadioButtonSkin.exml",
		"skins.ScrollerSkin" : "resource/eui_skins/ScrollerSkin.exml",
		"skins.TextInputSkin" : "resource/eui_skins/TextInputSkin.exml",
		"skins.ToggleSwitchSkin" : "resource/eui_skins/ToggleSwitchSkin.exml",
		"skins.VScrollBarSkin" : "resource/eui_skins/VScrollBarSkin.exml",
		"skins.VSliderSkin" : "resource/eui_skins/VSliderSkin.exml",
		"LoginInnerSkin" : "resource/skins/LoginInnerSkin.exml",
		"GmSkin" : "resource/skins/GmSkin.exml"
	}
}
